7.096000000000000085e-01 7.096000000000000085e-01 7.096000000000000085e-01 7.096000000000000085e-01 7.096000000000000085e-01 7.096000000000000085e-01 7.096000000000000085e-01 7.096000000000000085e-01 7.096000000000000085e-01 7.096000000000000085e-01 7.096000000000000085e-01 7.096000000000000085e-01 7.096000000000000085e-01 7.096000000000000085e-01 7.096000000000000085e-01 7.096000000000000085e-01 7.096000000000000085e-01 7.096000000000000085e-01 7.096000000000000085e-01 2.426000000000000101e-01 2.426000000000000101e-01 2.426000000000000101e-01 2.426000000000000101e-01 2.426000000000000101e-01 2.426000000000000101e-01 2.426000000000000101e-01 2.426000000000000101e-01 2.426000000000000101e-01 2.426000000000000101e-01 2.426000000000000101e-01 2.426000000000000101e-01 2.426000000000000101e-01 2.426000000000000101e-01 2.426000000000000101e-01 2.426000000000000101e-01 2.426000000000000101e-01 2.426000000000000101e-01 2.426000000000000101e-01 
6.121999999999999664e-01 6.121999999999999664e-01 6.121999999999999664e-01 6.121999999999999664e-01 6.121999999999999664e-01 6.121999999999999664e-01 6.121999999999999664e-01 6.121999999999999664e-01 6.121999999999999664e-01 6.121999999999999664e-01 6.121999999999999664e-01 6.121999999999999664e-01 6.121999999999999664e-01 6.121999999999999664e-01 6.121999999999999664e-01 6.121999999999999664e-01 6.121999999999999664e-01 6.121999999999999664e-01 6.121999999999999664e-01 3.487999999999999989e-01 3.487999999999999989e-01 3.487999999999999989e-01 3.487999999999999989e-01 3.487999999999999989e-01 3.487999999999999989e-01 3.487999999999999989e-01 3.487999999999999989e-01 3.487999999999999989e-01 3.487999999999999989e-01 3.487999999999999989e-01 3.487999999999999989e-01 3.487999999999999989e-01 3.487999999999999989e-01 3.487999999999999989e-01 3.487999999999999989e-01 3.487999999999999989e-01 3.487999999999999989e-01 3.487999999999999989e-01 
4.969999999999999973e-01 4.969999999999999973e-01 4.969999999999999973e-01 4.969999999999999973e-01 4.969999999999999973e-01 4.969999999999999973e-01 4.969999999999999973e-01 4.969999999999999973e-01 4.969999999999999973e-01 4.969999999999999973e-01 4.969999999999999973e-01 4.969999999999999973e-01 4.969999999999999973e-01 4.969999999999999973e-01 4.969999999999999973e-01 4.969999999999999973e-01 4.969999999999999973e-01 4.969999999999999973e-01 4.969999999999999973e-01 4.643999999999999795e-01 4.643999999999999795e-01 4.643999999999999795e-01 4.643999999999999795e-01 4.643999999999999795e-01 4.643999999999999795e-01 4.643999999999999795e-01 4.643999999999999795e-01 4.643999999999999795e-01 4.643999999999999795e-01 4.643999999999999795e-01 4.643999999999999795e-01 4.643999999999999795e-01 4.643999999999999795e-01 4.643999999999999795e-01 4.643999999999999795e-01 4.643999999999999795e-01 4.643999999999999795e-01 4.643999999999999795e-01 
4.425999999999999934e-01 4.425999999999999934e-01 4.425999999999999934e-01 4.425999999999999934e-01 4.425999999999999934e-01 4.425999999999999934e-01 4.425999999999999934e-01 4.425999999999999934e-01 4.425999999999999934e-01 4.425999999999999934e-01 4.425999999999999934e-01 4.425999999999999934e-01 4.425999999999999934e-01 4.425999999999999934e-01 4.425999999999999934e-01 4.425999999999999934e-01 4.425999999999999934e-01 4.425999999999999934e-01 4.425999999999999934e-01 5.397999999999999465e-01 5.397999999999999465e-01 5.397999999999999465e-01 5.397999999999999465e-01 5.397999999999999465e-01 5.397999999999999465e-01 5.397999999999999465e-01 5.397999999999999465e-01 5.397999999999999465e-01 5.397999999999999465e-01 5.397999999999999465e-01 5.397999999999999465e-01 5.397999999999999465e-01 5.397999999999999465e-01 5.397999999999999465e-01 5.397999999999999465e-01 5.397999999999999465e-01 5.397999999999999465e-01 5.397999999999999465e-01 
4.325999999999999845e-01 4.325999999999999845e-01 4.325999999999999845e-01 4.325999999999999845e-01 4.325999999999999845e-01 4.325999999999999845e-01 4.325999999999999845e-01 4.325999999999999845e-01 4.325999999999999845e-01 4.325999999999999845e-01 4.325999999999999845e-01 4.325999999999999845e-01 4.325999999999999845e-01 4.325999999999999845e-01 4.325999999999999845e-01 4.325999999999999845e-01 4.325999999999999845e-01 4.325999999999999845e-01 4.325999999999999845e-01 5.557999999999999607e-01 5.557999999999999607e-01 5.557999999999999607e-01 5.557999999999999607e-01 5.557999999999999607e-01 5.557999999999999607e-01 5.557999999999999607e-01 5.557999999999999607e-01 5.557999999999999607e-01 5.557999999999999607e-01 5.557999999999999607e-01 5.557999999999999607e-01 5.557999999999999607e-01 5.557999999999999607e-01 5.557999999999999607e-01 5.557999999999999607e-01 5.557999999999999607e-01 5.557999999999999607e-01 5.557999999999999607e-01 
4.607999999999999874e-01 4.607999999999999874e-01 4.607999999999999874e-01 4.607999999999999874e-01 4.607999999999999874e-01 4.607999999999999874e-01 4.607999999999999874e-01 4.607999999999999874e-01 4.607999999999999874e-01 4.607999999999999874e-01 4.607999999999999874e-01 4.607999999999999874e-01 4.607999999999999874e-01 4.607999999999999874e-01 4.607999999999999874e-01 4.607999999999999874e-01 4.607999999999999874e-01 4.607999999999999874e-01 4.607999999999999874e-01 5.298000000000000487e-01 5.298000000000000487e-01 5.298000000000000487e-01 5.298000000000000487e-01 5.298000000000000487e-01 5.298000000000000487e-01 5.298000000000000487e-01 5.298000000000000487e-01 5.298000000000000487e-01 5.298000000000000487e-01 5.298000000000000487e-01 5.298000000000000487e-01 5.298000000000000487e-01 5.298000000000000487e-01 5.298000000000000487e-01 5.298000000000000487e-01 5.298000000000000487e-01 5.298000000000000487e-01 5.298000000000000487e-01 
5.071999999999999842e-01 5.071999999999999842e-01 5.071999999999999842e-01 5.071999999999999842e-01 5.071999999999999842e-01 5.071999999999999842e-01 5.071999999999999842e-01 5.071999999999999842e-01 5.071999999999999842e-01 5.071999999999999842e-01 5.071999999999999842e-01 5.071999999999999842e-01 5.071999999999999842e-01 5.071999999999999842e-01 5.071999999999999842e-01 5.071999999999999842e-01 5.071999999999999842e-01 5.071999999999999842e-01 5.071999999999999842e-01 4.822000000000000175e-01 4.822000000000000175e-01 4.822000000000000175e-01 4.822000000000000175e-01 4.822000000000000175e-01 4.822000000000000175e-01 4.822000000000000175e-01 4.822000000000000175e-01 4.822000000000000175e-01 4.822000000000000175e-01 4.822000000000000175e-01 4.822000000000000175e-01 4.822000000000000175e-01 4.822000000000000175e-01 4.822000000000000175e-01 4.822000000000000175e-01 4.822000000000000175e-01 4.822000000000000175e-01 4.822000000000000175e-01 
5.812000000000000499e-01 5.812000000000000499e-01 5.812000000000000499e-01 5.812000000000000499e-01 5.812000000000000499e-01 5.812000000000000499e-01 5.812000000000000499e-01 5.812000000000000499e-01 5.812000000000000499e-01 5.812000000000000499e-01 5.812000000000000499e-01 5.812000000000000499e-01 5.812000000000000499e-01 5.812000000000000499e-01 5.812000000000000499e-01 5.812000000000000499e-01 5.812000000000000499e-01 5.812000000000000499e-01 5.812000000000000499e-01 4.026000000000000134e-01 4.026000000000000134e-01 4.026000000000000134e-01 4.026000000000000134e-01 4.026000000000000134e-01 4.026000000000000134e-01 4.026000000000000134e-01 4.026000000000000134e-01 4.026000000000000134e-01 4.026000000000000134e-01 4.026000000000000134e-01 4.026000000000000134e-01 4.026000000000000134e-01 4.026000000000000134e-01 4.026000000000000134e-01 4.026000000000000134e-01 4.026000000000000134e-01 4.026000000000000134e-01 4.026000000000000134e-01 
6.078000000000000069e-01 6.078000000000000069e-01 6.078000000000000069e-01 6.078000000000000069e-01 6.078000000000000069e-01 6.078000000000000069e-01 6.078000000000000069e-01 6.078000000000000069e-01 6.078000000000000069e-01 6.078000000000000069e-01 6.078000000000000069e-01 6.078000000000000069e-01 6.078000000000000069e-01 6.078000000000000069e-01 6.078000000000000069e-01 6.078000000000000069e-01 6.078000000000000069e-01 6.078000000000000069e-01 6.078000000000000069e-01 3.791999999999999815e-01 3.791999999999999815e-01 3.791999999999999815e-01 3.791999999999999815e-01 3.791999999999999815e-01 3.791999999999999815e-01 3.791999999999999815e-01 3.791999999999999815e-01 3.791999999999999815e-01 3.791999999999999815e-01 3.791999999999999815e-01 3.791999999999999815e-01 3.791999999999999815e-01 3.791999999999999815e-01 3.791999999999999815e-01 3.791999999999999815e-01 3.791999999999999815e-01 3.791999999999999815e-01 3.791999999999999815e-01 
5.834000000000000297e-01 5.834000000000000297e-01 5.834000000000000297e-01 5.834000000000000297e-01 5.834000000000000297e-01 5.834000000000000297e-01 5.834000000000000297e-01 5.834000000000000297e-01 5.834000000000000297e-01 5.834000000000000297e-01 5.834000000000000297e-01 5.834000000000000297e-01 5.834000000000000297e-01 5.834000000000000297e-01 5.834000000000000297e-01 5.834000000000000297e-01 5.834000000000000297e-01 5.834000000000000297e-01 5.834000000000000297e-01 4.077999999999999958e-01 4.077999999999999958e-01 4.077999999999999958e-01 4.077999999999999958e-01 4.077999999999999958e-01 4.077999999999999958e-01 4.077999999999999958e-01 4.077999999999999958e-01 4.077999999999999958e-01 4.077999999999999958e-01 4.077999999999999958e-01 4.077999999999999958e-01 4.077999999999999958e-01 4.077999999999999958e-01 4.077999999999999958e-01 4.077999999999999958e-01 4.077999999999999958e-01 4.077999999999999958e-01 4.077999999999999958e-01 
5.427999999999999492e-01 5.427999999999999492e-01 5.427999999999999492e-01 5.427999999999999492e-01 5.427999999999999492e-01 5.427999999999999492e-01 5.427999999999999492e-01 5.427999999999999492e-01 5.427999999999999492e-01 5.427999999999999492e-01 5.427999999999999492e-01 5.427999999999999492e-01 5.427999999999999492e-01 5.427999999999999492e-01 5.427999999999999492e-01 5.427999999999999492e-01 5.427999999999999492e-01 5.427999999999999492e-01 5.427999999999999492e-01 4.490000000000000102e-01 4.490000000000000102e-01 4.490000000000000102e-01 4.490000000000000102e-01 4.490000000000000102e-01 4.490000000000000102e-01 4.490000000000000102e-01 4.490000000000000102e-01 4.490000000000000102e-01 4.490000000000000102e-01 4.490000000000000102e-01 4.490000000000000102e-01 4.490000000000000102e-01 4.490000000000000102e-01 4.490000000000000102e-01 4.490000000000000102e-01 4.490000000000000102e-01 4.490000000000000102e-01 4.490000000000000102e-01 
4.902000000000000246e-01 4.902000000000000246e-01 4.902000000000000246e-01 4.902000000000000246e-01 4.902000000000000246e-01 4.902000000000000246e-01 4.902000000000000246e-01 4.902000000000000246e-01 4.902000000000000246e-01 4.902000000000000246e-01 4.902000000000000246e-01 4.902000000000000246e-01 4.902000000000000246e-01 4.902000000000000246e-01 4.902000000000000246e-01 4.902000000000000246e-01 4.902000000000000246e-01 4.902000000000000246e-01 4.902000000000000246e-01 5.068000000000000282e-01 5.068000000000000282e-01 5.068000000000000282e-01 5.068000000000000282e-01 5.068000000000000282e-01 5.068000000000000282e-01 5.068000000000000282e-01 5.068000000000000282e-01 5.068000000000000282e-01 5.068000000000000282e-01 5.068000000000000282e-01 5.068000000000000282e-01 5.068000000000000282e-01 5.068000000000000282e-01 5.068000000000000282e-01 5.068000000000000282e-01 5.068000000000000282e-01 5.068000000000000282e-01 5.068000000000000282e-01 
4.743999999999999884e-01 4.743999999999999884e-01 4.743999999999999884e-01 4.743999999999999884e-01 4.743999999999999884e-01 4.743999999999999884e-01 4.743999999999999884e-01 4.743999999999999884e-01 4.743999999999999884e-01 4.743999999999999884e-01 4.743999999999999884e-01 4.743999999999999884e-01 4.743999999999999884e-01 4.743999999999999884e-01 4.743999999999999884e-01 4.743999999999999884e-01 4.743999999999999884e-01 4.743999999999999884e-01 4.743999999999999884e-01 5.295999999999999597e-01 5.295999999999999597e-01 5.295999999999999597e-01 5.295999999999999597e-01 5.295999999999999597e-01 5.295999999999999597e-01 5.295999999999999597e-01 5.295999999999999597e-01 5.295999999999999597e-01 5.295999999999999597e-01 5.295999999999999597e-01 5.295999999999999597e-01 5.295999999999999597e-01 5.295999999999999597e-01 5.295999999999999597e-01 5.295999999999999597e-01 5.295999999999999597e-01 5.295999999999999597e-01 5.295999999999999597e-01 
4.862000000000000210e-01 4.862000000000000210e-01 4.862000000000000210e-01 4.862000000000000210e-01 4.862000000000000210e-01 4.862000000000000210e-01 4.862000000000000210e-01 4.862000000000000210e-01 4.862000000000000210e-01 4.862000000000000210e-01 4.862000000000000210e-01 4.862000000000000210e-01 4.862000000000000210e-01 4.862000000000000210e-01 4.862000000000000210e-01 4.862000000000000210e-01 4.862000000000000210e-01 4.862000000000000210e-01 4.862000000000000210e-01 5.138000000000000345e-01 5.138000000000000345e-01 5.138000000000000345e-01 5.138000000000000345e-01 5.138000000000000345e-01 5.138000000000000345e-01 5.138000000000000345e-01 5.138000000000000345e-01 5.138000000000000345e-01 5.138000000000000345e-01 5.138000000000000345e-01 5.138000000000000345e-01 5.138000000000000345e-01 5.138000000000000345e-01 5.138000000000000345e-01 5.138000000000000345e-01 5.138000000000000345e-01 5.138000000000000345e-01 5.138000000000000345e-01 
4.984000000000000097e-01 4.984000000000000097e-01 4.984000000000000097e-01 4.984000000000000097e-01 4.984000000000000097e-01 4.984000000000000097e-01 4.984000000000000097e-01 4.984000000000000097e-01 4.984000000000000097e-01 4.984000000000000097e-01 4.984000000000000097e-01 4.984000000000000097e-01 4.984000000000000097e-01 4.984000000000000097e-01 4.984000000000000097e-01 4.984000000000000097e-01 4.984000000000000097e-01 4.984000000000000097e-01 4.984000000000000097e-01 5.050000000000000044e-01 5.050000000000000044e-01 5.050000000000000044e-01 5.050000000000000044e-01 5.050000000000000044e-01 5.050000000000000044e-01 5.050000000000000044e-01 5.050000000000000044e-01 5.050000000000000044e-01 5.050000000000000044e-01 5.050000000000000044e-01 5.050000000000000044e-01 5.050000000000000044e-01 5.050000000000000044e-01 5.050000000000000044e-01 5.050000000000000044e-01 5.050000000000000044e-01 5.050000000000000044e-01 5.050000000000000044e-01 
5.051999999999999824e-01 5.051999999999999824e-01 5.051999999999999824e-01 5.051999999999999824e-01 5.051999999999999824e-01 5.051999999999999824e-01 5.051999999999999824e-01 5.051999999999999824e-01 5.051999999999999824e-01 5.051999999999999824e-01 5.051999999999999824e-01 5.051999999999999824e-01 5.051999999999999824e-01 5.051999999999999824e-01 5.051999999999999824e-01 5.051999999999999824e-01 5.051999999999999824e-01 5.051999999999999824e-01 5.051999999999999824e-01 4.991999999999999771e-01 4.991999999999999771e-01 4.991999999999999771e-01 4.991999999999999771e-01 4.991999999999999771e-01 4.991999999999999771e-01 4.991999999999999771e-01 4.991999999999999771e-01 4.991999999999999771e-01 4.991999999999999771e-01 4.991999999999999771e-01 4.991999999999999771e-01 4.991999999999999771e-01 4.991999999999999771e-01 4.991999999999999771e-01 4.991999999999999771e-01 4.991999999999999771e-01 4.991999999999999771e-01 4.991999999999999771e-01 
5.423999999999999932e-01 5.423999999999999932e-01 5.423999999999999932e-01 5.423999999999999932e-01 5.423999999999999932e-01 5.423999999999999932e-01 5.423999999999999932e-01 5.423999999999999932e-01 5.423999999999999932e-01 5.423999999999999932e-01 5.423999999999999932e-01 5.423999999999999932e-01 5.423999999999999932e-01 5.423999999999999932e-01 5.423999999999999932e-01 5.423999999999999932e-01 5.423999999999999932e-01 5.423999999999999932e-01 5.423999999999999932e-01 4.617999999999999883e-01 4.617999999999999883e-01 4.617999999999999883e-01 4.617999999999999883e-01 4.617999999999999883e-01 4.617999999999999883e-01 4.617999999999999883e-01 4.617999999999999883e-01 4.617999999999999883e-01 4.617999999999999883e-01 4.617999999999999883e-01 4.617999999999999883e-01 4.617999999999999883e-01 4.617999999999999883e-01 4.617999999999999883e-01 4.617999999999999883e-01 4.617999999999999883e-01 4.617999999999999883e-01 4.617999999999999883e-01 
5.572000000000000286e-01 5.572000000000000286e-01 5.572000000000000286e-01 5.572000000000000286e-01 5.572000000000000286e-01 5.572000000000000286e-01 5.572000000000000286e-01 5.572000000000000286e-01 5.572000000000000286e-01 5.572000000000000286e-01 5.572000000000000286e-01 5.572000000000000286e-01 5.572000000000000286e-01 5.572000000000000286e-01 5.572000000000000286e-01 5.572000000000000286e-01 5.572000000000000286e-01 5.572000000000000286e-01 5.572000000000000286e-01 4.540000000000000147e-01 4.540000000000000147e-01 4.540000000000000147e-01 4.540000000000000147e-01 4.540000000000000147e-01 4.540000000000000147e-01 4.540000000000000147e-01 4.540000000000000147e-01 4.540000000000000147e-01 4.540000000000000147e-01 4.540000000000000147e-01 4.540000000000000147e-01 4.540000000000000147e-01 4.540000000000000147e-01 4.540000000000000147e-01 4.540000000000000147e-01 4.540000000000000147e-01 4.540000000000000147e-01 4.540000000000000147e-01 
4.948000000000000176e-01 4.948000000000000176e-01 4.948000000000000176e-01 4.948000000000000176e-01 4.948000000000000176e-01 4.948000000000000176e-01 4.948000000000000176e-01 4.948000000000000176e-01 4.948000000000000176e-01 4.948000000000000176e-01 4.948000000000000176e-01 4.948000000000000176e-01 4.948000000000000176e-01 4.948000000000000176e-01 4.948000000000000176e-01 4.948000000000000176e-01 4.948000000000000176e-01 4.948000000000000176e-01 4.948000000000000176e-01 5.143999999999999684e-01 5.143999999999999684e-01 5.143999999999999684e-01 5.143999999999999684e-01 5.143999999999999684e-01 5.143999999999999684e-01 5.143999999999999684e-01 5.143999999999999684e-01 5.143999999999999684e-01 5.143999999999999684e-01 5.143999999999999684e-01 5.143999999999999684e-01 5.143999999999999684e-01 5.143999999999999684e-01 5.143999999999999684e-01 5.143999999999999684e-01 5.143999999999999684e-01 5.143999999999999684e-01 5.143999999999999684e-01 
5.233999999999999764e-01 5.233999999999999764e-01 5.233999999999999764e-01 5.233999999999999764e-01 5.233999999999999764e-01 5.233999999999999764e-01 5.233999999999999764e-01 5.233999999999999764e-01 5.233999999999999764e-01 5.233999999999999764e-01 5.233999999999999764e-01 5.233999999999999764e-01 5.233999999999999764e-01 5.233999999999999764e-01 5.233999999999999764e-01 5.233999999999999764e-01 5.233999999999999764e-01 5.233999999999999764e-01 5.233999999999999764e-01 4.873999999999999999e-01 4.873999999999999999e-01 4.873999999999999999e-01 4.873999999999999999e-01 4.873999999999999999e-01 4.873999999999999999e-01 4.873999999999999999e-01 4.873999999999999999e-01 4.873999999999999999e-01 4.873999999999999999e-01 4.873999999999999999e-01 4.873999999999999999e-01 4.873999999999999999e-01 4.873999999999999999e-01 4.873999999999999999e-01 4.873999999999999999e-01 4.873999999999999999e-01 4.873999999999999999e-01 4.873999999999999999e-01 
5.230000000000000204e-01 5.230000000000000204e-01 5.230000000000000204e-01 5.230000000000000204e-01 5.230000000000000204e-01 5.230000000000000204e-01 5.230000000000000204e-01 5.230000000000000204e-01 5.230000000000000204e-01 5.230000000000000204e-01 5.230000000000000204e-01 5.230000000000000204e-01 5.230000000000000204e-01 5.230000000000000204e-01 5.230000000000000204e-01 5.230000000000000204e-01 5.230000000000000204e-01 5.230000000000000204e-01 5.230000000000000204e-01 4.924000000000000044e-01 4.924000000000000044e-01 4.924000000000000044e-01 4.924000000000000044e-01 4.924000000000000044e-01 4.924000000000000044e-01 4.924000000000000044e-01 4.924000000000000044e-01 4.924000000000000044e-01 4.924000000000000044e-01 4.924000000000000044e-01 4.924000000000000044e-01 4.924000000000000044e-01 4.924000000000000044e-01 4.924000000000000044e-01 4.924000000000000044e-01 4.924000000000000044e-01 4.924000000000000044e-01 4.924000000000000044e-01 
4.672000000000000042e-01 4.672000000000000042e-01 4.672000000000000042e-01 4.672000000000000042e-01 4.672000000000000042e-01 4.672000000000000042e-01 4.672000000000000042e-01 4.672000000000000042e-01 4.672000000000000042e-01 4.672000000000000042e-01 4.672000000000000042e-01 4.672000000000000042e-01 4.672000000000000042e-01 4.672000000000000042e-01 4.672000000000000042e-01 4.672000000000000042e-01 4.672000000000000042e-01 4.672000000000000042e-01 4.672000000000000042e-01 5.453999999999999959e-01 5.453999999999999959e-01 5.453999999999999959e-01 5.453999999999999959e-01 5.453999999999999959e-01 5.453999999999999959e-01 5.453999999999999959e-01 5.453999999999999959e-01 5.453999999999999959e-01 5.453999999999999959e-01 5.453999999999999959e-01 5.453999999999999959e-01 5.453999999999999959e-01 5.453999999999999959e-01 5.453999999999999959e-01 5.453999999999999959e-01 5.453999999999999959e-01 5.453999999999999959e-01 5.453999999999999959e-01 
5.248000000000000442e-01 5.248000000000000442e-01 5.248000000000000442e-01 5.248000000000000442e-01 5.248000000000000442e-01 5.248000000000000442e-01 5.248000000000000442e-01 5.248000000000000442e-01 5.248000000000000442e-01 5.248000000000000442e-01 5.248000000000000442e-01 5.248000000000000442e-01 5.248000000000000442e-01 5.248000000000000442e-01 5.248000000000000442e-01 5.248000000000000442e-01 5.248000000000000442e-01 5.248000000000000442e-01 5.248000000000000442e-01 4.988000000000000211e-01 4.988000000000000211e-01 4.988000000000000211e-01 4.988000000000000211e-01 4.988000000000000211e-01 4.988000000000000211e-01 4.988000000000000211e-01 4.988000000000000211e-01 4.988000000000000211e-01 4.988000000000000211e-01 4.988000000000000211e-01 4.988000000000000211e-01 4.988000000000000211e-01 4.988000000000000211e-01 4.988000000000000211e-01 4.988000000000000211e-01 4.988000000000000211e-01 4.988000000000000211e-01 4.988000000000000211e-01 
5.435999999999999721e-01 5.435999999999999721e-01 5.435999999999999721e-01 5.435999999999999721e-01 5.435999999999999721e-01 5.435999999999999721e-01 5.435999999999999721e-01 5.435999999999999721e-01 5.435999999999999721e-01 5.435999999999999721e-01 5.435999999999999721e-01 5.435999999999999721e-01 5.435999999999999721e-01 5.435999999999999721e-01 5.435999999999999721e-01 5.435999999999999721e-01 5.435999999999999721e-01 5.435999999999999721e-01 5.435999999999999721e-01 4.828000000000000069e-01 4.828000000000000069e-01 4.828000000000000069e-01 4.828000000000000069e-01 4.828000000000000069e-01 4.828000000000000069e-01 4.828000000000000069e-01 4.828000000000000069e-01 4.828000000000000069e-01 4.828000000000000069e-01 4.828000000000000069e-01 4.828000000000000069e-01 4.828000000000000069e-01 4.828000000000000069e-01 4.828000000000000069e-01 4.828000000000000069e-01 4.828000000000000069e-01 4.828000000000000069e-01 4.828000000000000069e-01 
5.211999999999999966e-01 5.211999999999999966e-01 5.211999999999999966e-01 5.211999999999999966e-01 5.211999999999999966e-01 5.211999999999999966e-01 5.211999999999999966e-01 5.211999999999999966e-01 5.211999999999999966e-01 5.211999999999999966e-01 5.211999999999999966e-01 5.211999999999999966e-01 5.211999999999999966e-01 5.211999999999999966e-01 5.211999999999999966e-01 5.211999999999999966e-01 5.211999999999999966e-01 5.211999999999999966e-01 5.211999999999999966e-01 5.068000000000000282e-01 5.068000000000000282e-01 5.068000000000000282e-01 5.068000000000000282e-01 5.068000000000000282e-01 5.068000000000000282e-01 5.068000000000000282e-01 5.068000000000000282e-01 5.068000000000000282e-01 5.068000000000000282e-01 5.068000000000000282e-01 5.068000000000000282e-01 5.068000000000000282e-01 5.068000000000000282e-01 5.068000000000000282e-01 5.068000000000000282e-01 5.068000000000000282e-01 5.068000000000000282e-01 5.068000000000000282e-01 
4.955999999999999850e-01 4.955999999999999850e-01 4.955999999999999850e-01 4.955999999999999850e-01 4.955999999999999850e-01 4.955999999999999850e-01 4.955999999999999850e-01 4.955999999999999850e-01 4.955999999999999850e-01 4.955999999999999850e-01 4.955999999999999850e-01 4.955999999999999850e-01 4.955999999999999850e-01 4.955999999999999850e-01 4.955999999999999850e-01 4.955999999999999850e-01 4.955999999999999850e-01 4.955999999999999850e-01 4.955999999999999850e-01 5.300000000000000266e-01 5.300000000000000266e-01 5.300000000000000266e-01 5.300000000000000266e-01 5.300000000000000266e-01 5.300000000000000266e-01 5.300000000000000266e-01 5.300000000000000266e-01 5.300000000000000266e-01 5.300000000000000266e-01 5.300000000000000266e-01 5.300000000000000266e-01 5.300000000000000266e-01 5.300000000000000266e-01 5.300000000000000266e-01 5.300000000000000266e-01 5.300000000000000266e-01 5.300000000000000266e-01 5.300000000000000266e-01 
5.280000000000000249e-01 5.280000000000000249e-01 5.280000000000000249e-01 5.280000000000000249e-01 5.280000000000000249e-01 5.280000000000000249e-01 5.280000000000000249e-01 5.280000000000000249e-01 5.280000000000000249e-01 5.280000000000000249e-01 5.280000000000000249e-01 5.280000000000000249e-01 5.280000000000000249e-01 5.280000000000000249e-01 5.280000000000000249e-01 5.280000000000000249e-01 5.280000000000000249e-01 5.280000000000000249e-01 5.280000000000000249e-01 5.041999999999999815e-01 5.041999999999999815e-01 5.041999999999999815e-01 5.041999999999999815e-01 5.041999999999999815e-01 5.041999999999999815e-01 5.041999999999999815e-01 5.041999999999999815e-01 5.041999999999999815e-01 5.041999999999999815e-01 5.041999999999999815e-01 5.041999999999999815e-01 5.041999999999999815e-01 5.041999999999999815e-01 5.041999999999999815e-01 5.041999999999999815e-01 5.041999999999999815e-01 5.041999999999999815e-01 5.041999999999999815e-01 
4.554000000000000270e-01 4.554000000000000270e-01 4.554000000000000270e-01 4.554000000000000270e-01 4.554000000000000270e-01 4.554000000000000270e-01 4.554000000000000270e-01 4.554000000000000270e-01 4.554000000000000270e-01 4.554000000000000270e-01 4.554000000000000270e-01 4.554000000000000270e-01 4.554000000000000270e-01 4.554000000000000270e-01 4.554000000000000270e-01 4.554000000000000270e-01 4.554000000000000270e-01 4.554000000000000270e-01 4.554000000000000270e-01 5.807999999999999829e-01 5.807999999999999829e-01 5.807999999999999829e-01 5.807999999999999829e-01 5.807999999999999829e-01 5.807999999999999829e-01 5.807999999999999829e-01 5.807999999999999829e-01 5.807999999999999829e-01 5.807999999999999829e-01 5.807999999999999829e-01 5.807999999999999829e-01 5.807999999999999829e-01 5.807999999999999829e-01 5.807999999999999829e-01 5.807999999999999829e-01 5.807999999999999829e-01 5.807999999999999829e-01 5.807999999999999829e-01 
5.213999999999999746e-01 5.213999999999999746e-01 5.213999999999999746e-01 5.213999999999999746e-01 5.213999999999999746e-01 5.213999999999999746e-01 5.213999999999999746e-01 5.213999999999999746e-01 5.213999999999999746e-01 5.213999999999999746e-01 5.213999999999999746e-01 5.213999999999999746e-01 5.213999999999999746e-01 5.213999999999999746e-01 5.213999999999999746e-01 5.213999999999999746e-01 5.213999999999999746e-01 5.213999999999999746e-01 5.213999999999999746e-01 5.160000000000000142e-01 5.160000000000000142e-01 5.160000000000000142e-01 5.160000000000000142e-01 5.160000000000000142e-01 5.160000000000000142e-01 5.160000000000000142e-01 5.160000000000000142e-01 5.160000000000000142e-01 5.160000000000000142e-01 5.160000000000000142e-01 5.160000000000000142e-01 5.160000000000000142e-01 5.160000000000000142e-01 5.160000000000000142e-01 5.160000000000000142e-01 5.160000000000000142e-01 5.160000000000000142e-01 5.160000000000000142e-01 
4.948000000000000176e-01 4.948000000000000176e-01 4.948000000000000176e-01 4.948000000000000176e-01 4.948000000000000176e-01 4.948000000000000176e-01 4.948000000000000176e-01 4.948000000000000176e-01 4.948000000000000176e-01 4.948000000000000176e-01 4.948000000000000176e-01 4.948000000000000176e-01 4.948000000000000176e-01 4.948000000000000176e-01 4.948000000000000176e-01 4.948000000000000176e-01 4.948000000000000176e-01 4.948000000000000176e-01 4.948000000000000176e-01 5.462000000000000188e-01 5.462000000000000188e-01 5.462000000000000188e-01 5.462000000000000188e-01 5.462000000000000188e-01 5.462000000000000188e-01 5.462000000000000188e-01 5.462000000000000188e-01 5.462000000000000188e-01 5.462000000000000188e-01 5.462000000000000188e-01 5.462000000000000188e-01 5.462000000000000188e-01 5.462000000000000188e-01 5.462000000000000188e-01 5.462000000000000188e-01 5.462000000000000188e-01 5.462000000000000188e-01 5.462000000000000188e-01 
5.482000000000000206e-01 5.482000000000000206e-01 5.482000000000000206e-01 5.482000000000000206e-01 5.482000000000000206e-01 5.482000000000000206e-01 5.482000000000000206e-01 5.482000000000000206e-01 5.482000000000000206e-01 5.482000000000000206e-01 5.482000000000000206e-01 5.482000000000000206e-01 5.482000000000000206e-01 5.482000000000000206e-01 5.482000000000000206e-01 5.482000000000000206e-01 5.482000000000000206e-01 5.482000000000000206e-01 5.482000000000000206e-01 4.934000000000000052e-01 4.934000000000000052e-01 4.934000000000000052e-01 4.934000000000000052e-01 4.934000000000000052e-01 4.934000000000000052e-01 4.934000000000000052e-01 4.934000000000000052e-01 4.934000000000000052e-01 4.934000000000000052e-01 4.934000000000000052e-01 4.934000000000000052e-01 4.934000000000000052e-01 4.934000000000000052e-01 4.934000000000000052e-01 4.934000000000000052e-01 4.934000000000000052e-01 4.934000000000000052e-01 4.934000000000000052e-01 
5.587999999999999634e-01 5.587999999999999634e-01 5.587999999999999634e-01 5.587999999999999634e-01 5.587999999999999634e-01 5.587999999999999634e-01 5.587999999999999634e-01 5.587999999999999634e-01 5.587999999999999634e-01 5.587999999999999634e-01 5.587999999999999634e-01 5.587999999999999634e-01 5.587999999999999634e-01 5.587999999999999634e-01 5.587999999999999634e-01 5.587999999999999634e-01 5.587999999999999634e-01 5.587999999999999634e-01 5.587999999999999634e-01 4.825999999999999734e-01 4.825999999999999734e-01 4.825999999999999734e-01 4.825999999999999734e-01 4.825999999999999734e-01 4.825999999999999734e-01 4.825999999999999734e-01 4.825999999999999734e-01 4.825999999999999734e-01 4.825999999999999734e-01 4.825999999999999734e-01 4.825999999999999734e-01 4.825999999999999734e-01 4.825999999999999734e-01 4.825999999999999734e-01 4.825999999999999734e-01 4.825999999999999734e-01 4.825999999999999734e-01 4.825999999999999734e-01 
5.143999999999999684e-01 5.143999999999999684e-01 5.143999999999999684e-01 5.143999999999999684e-01 5.143999999999999684e-01 5.143999999999999684e-01 5.143999999999999684e-01 5.143999999999999684e-01 5.143999999999999684e-01 5.143999999999999684e-01 5.143999999999999684e-01 5.143999999999999684e-01 5.143999999999999684e-01 5.143999999999999684e-01 5.143999999999999684e-01 5.143999999999999684e-01 5.143999999999999684e-01 5.143999999999999684e-01 5.143999999999999684e-01 5.377999999999999448e-01 5.377999999999999448e-01 5.377999999999999448e-01 5.377999999999999448e-01 5.377999999999999448e-01 5.377999999999999448e-01 5.377999999999999448e-01 5.377999999999999448e-01 5.377999999999999448e-01 5.377999999999999448e-01 5.377999999999999448e-01 5.377999999999999448e-01 5.377999999999999448e-01 5.377999999999999448e-01 5.377999999999999448e-01 5.377999999999999448e-01 5.377999999999999448e-01 5.377999999999999448e-01 5.377999999999999448e-01 
4.915999999999999814e-01 4.915999999999999814e-01 4.915999999999999814e-01 4.915999999999999814e-01 4.915999999999999814e-01 4.915999999999999814e-01 4.915999999999999814e-01 4.915999999999999814e-01 4.915999999999999814e-01 4.915999999999999814e-01 4.915999999999999814e-01 4.915999999999999814e-01 4.915999999999999814e-01 4.915999999999999814e-01 4.915999999999999814e-01 4.915999999999999814e-01 4.915999999999999814e-01 4.915999999999999814e-01 4.915999999999999814e-01 5.649999999999999467e-01 5.649999999999999467e-01 5.649999999999999467e-01 5.649999999999999467e-01 5.649999999999999467e-01 5.649999999999999467e-01 5.649999999999999467e-01 5.649999999999999467e-01 5.649999999999999467e-01 5.649999999999999467e-01 5.649999999999999467e-01 5.649999999999999467e-01 5.649999999999999467e-01 5.649999999999999467e-01 5.649999999999999467e-01 5.649999999999999467e-01 5.649999999999999467e-01 5.649999999999999467e-01 5.649999999999999467e-01 
4.971999999999999753e-01 4.971999999999999753e-01 4.971999999999999753e-01 4.971999999999999753e-01 4.971999999999999753e-01 4.971999999999999753e-01 4.971999999999999753e-01 4.971999999999999753e-01 4.971999999999999753e-01 4.971999999999999753e-01 4.971999999999999753e-01 4.971999999999999753e-01 4.971999999999999753e-01 4.971999999999999753e-01 4.971999999999999753e-01 4.971999999999999753e-01 4.971999999999999753e-01 4.971999999999999753e-01 4.971999999999999753e-01 5.632000000000000339e-01 5.632000000000000339e-01 5.632000000000000339e-01 5.632000000000000339e-01 5.632000000000000339e-01 5.632000000000000339e-01 5.632000000000000339e-01 5.632000000000000339e-01 5.632000000000000339e-01 5.632000000000000339e-01 5.632000000000000339e-01 5.632000000000000339e-01 5.632000000000000339e-01 5.632000000000000339e-01 5.632000000000000339e-01 5.632000000000000339e-01 5.632000000000000339e-01 5.632000000000000339e-01 5.632000000000000339e-01 
5.605999999999999872e-01 5.605999999999999872e-01 5.605999999999999872e-01 5.605999999999999872e-01 5.605999999999999872e-01 5.605999999999999872e-01 5.605999999999999872e-01 5.605999999999999872e-01 5.605999999999999872e-01 5.605999999999999872e-01 5.605999999999999872e-01 5.605999999999999872e-01 5.605999999999999872e-01 5.605999999999999872e-01 5.605999999999999872e-01 5.605999999999999872e-01 5.605999999999999872e-01 5.605999999999999872e-01 5.605999999999999872e-01 5.023999999999999577e-01 5.023999999999999577e-01 5.023999999999999577e-01 5.023999999999999577e-01 5.023999999999999577e-01 5.023999999999999577e-01 5.023999999999999577e-01 5.023999999999999577e-01 5.023999999999999577e-01 5.023999999999999577e-01 5.023999999999999577e-01 5.023999999999999577e-01 5.023999999999999577e-01 5.023999999999999577e-01 5.023999999999999577e-01 5.023999999999999577e-01 5.023999999999999577e-01 5.023999999999999577e-01 5.023999999999999577e-01 
5.443999999999999950e-01 5.443999999999999950e-01 5.443999999999999950e-01 5.443999999999999950e-01 5.443999999999999950e-01 5.443999999999999950e-01 5.443999999999999950e-01 5.443999999999999950e-01 5.443999999999999950e-01 5.443999999999999950e-01 5.443999999999999950e-01 5.443999999999999950e-01 5.443999999999999950e-01 5.443999999999999950e-01 5.443999999999999950e-01 5.443999999999999950e-01 5.443999999999999950e-01 5.443999999999999950e-01 5.443999999999999950e-01 5.263999999999999790e-01 5.263999999999999790e-01 5.263999999999999790e-01 5.263999999999999790e-01 5.263999999999999790e-01 5.263999999999999790e-01 5.263999999999999790e-01 5.263999999999999790e-01 5.263999999999999790e-01 5.263999999999999790e-01 5.263999999999999790e-01 5.263999999999999790e-01 5.263999999999999790e-01 5.263999999999999790e-01 5.263999999999999790e-01 5.263999999999999790e-01 5.263999999999999790e-01 5.263999999999999790e-01 5.263999999999999790e-01 
5.392000000000000126e-01 5.392000000000000126e-01 5.392000000000000126e-01 5.392000000000000126e-01 5.392000000000000126e-01 5.392000000000000126e-01 5.392000000000000126e-01 5.392000000000000126e-01 5.392000000000000126e-01 5.392000000000000126e-01 5.392000000000000126e-01 5.392000000000000126e-01 5.392000000000000126e-01 5.392000000000000126e-01 5.392000000000000126e-01 5.392000000000000126e-01 5.392000000000000126e-01 5.392000000000000126e-01 5.392000000000000126e-01 5.382000000000000117e-01 5.382000000000000117e-01 5.382000000000000117e-01 5.382000000000000117e-01 5.382000000000000117e-01 5.382000000000000117e-01 5.382000000000000117e-01 5.382000000000000117e-01 5.382000000000000117e-01 5.382000000000000117e-01 5.382000000000000117e-01 5.382000000000000117e-01 5.382000000000000117e-01 5.382000000000000117e-01 5.382000000000000117e-01 5.382000000000000117e-01 5.382000000000000117e-01 5.382000000000000117e-01 5.382000000000000117e-01 
5.275999999999999579e-01 5.275999999999999579e-01 5.275999999999999579e-01 5.275999999999999579e-01 5.275999999999999579e-01 5.275999999999999579e-01 5.275999999999999579e-01 5.275999999999999579e-01 5.275999999999999579e-01 5.275999999999999579e-01 5.275999999999999579e-01 5.275999999999999579e-01 5.275999999999999579e-01 5.275999999999999579e-01 5.275999999999999579e-01 5.275999999999999579e-01 5.275999999999999579e-01 5.275999999999999579e-01 5.275999999999999579e-01 5.587999999999999634e-01 5.587999999999999634e-01 5.587999999999999634e-01 5.587999999999999634e-01 5.587999999999999634e-01 5.587999999999999634e-01 5.587999999999999634e-01 5.587999999999999634e-01 5.587999999999999634e-01 5.587999999999999634e-01 5.587999999999999634e-01 5.587999999999999634e-01 5.587999999999999634e-01 5.587999999999999634e-01 5.587999999999999634e-01 5.587999999999999634e-01 5.587999999999999634e-01 5.587999999999999634e-01 5.587999999999999634e-01 
5.128000000000000336e-01 5.128000000000000336e-01 5.128000000000000336e-01 5.128000000000000336e-01 5.128000000000000336e-01 5.128000000000000336e-01 5.128000000000000336e-01 5.128000000000000336e-01 5.128000000000000336e-01 5.128000000000000336e-01 5.128000000000000336e-01 5.128000000000000336e-01 5.128000000000000336e-01 5.128000000000000336e-01 5.128000000000000336e-01 5.128000000000000336e-01 5.128000000000000336e-01 5.128000000000000336e-01 5.128000000000000336e-01 5.874000000000000332e-01 5.874000000000000332e-01 5.874000000000000332e-01 5.874000000000000332e-01 5.874000000000000332e-01 5.874000000000000332e-01 5.874000000000000332e-01 5.874000000000000332e-01 5.874000000000000332e-01 5.874000000000000332e-01 5.874000000000000332e-01 5.874000000000000332e-01 5.874000000000000332e-01 5.874000000000000332e-01 5.874000000000000332e-01 5.874000000000000332e-01 5.874000000000000332e-01 5.874000000000000332e-01 5.874000000000000332e-01 
6.001999999999999558e-01 6.001999999999999558e-01 6.001999999999999558e-01 6.001999999999999558e-01 6.001999999999999558e-01 6.001999999999999558e-01 6.001999999999999558e-01 6.001999999999999558e-01 6.001999999999999558e-01 6.001999999999999558e-01 6.001999999999999558e-01 6.001999999999999558e-01 6.001999999999999558e-01 6.001999999999999558e-01 6.001999999999999558e-01 6.001999999999999558e-01 6.001999999999999558e-01 6.001999999999999558e-01 6.001999999999999558e-01 5.058000000000000274e-01 5.058000000000000274e-01 5.058000000000000274e-01 5.058000000000000274e-01 5.058000000000000274e-01 5.058000000000000274e-01 5.058000000000000274e-01 5.058000000000000274e-01 5.058000000000000274e-01 5.058000000000000274e-01 5.058000000000000274e-01 5.058000000000000274e-01 5.058000000000000274e-01 5.058000000000000274e-01 5.058000000000000274e-01 5.058000000000000274e-01 5.058000000000000274e-01 5.058000000000000274e-01 5.058000000000000274e-01 
6.293999999999999595e-01 6.293999999999999595e-01 6.293999999999999595e-01 6.293999999999999595e-01 6.293999999999999595e-01 6.293999999999999595e-01 6.293999999999999595e-01 6.293999999999999595e-01 6.293999999999999595e-01 6.293999999999999595e-01 6.293999999999999595e-01 6.293999999999999595e-01 6.293999999999999595e-01 6.293999999999999595e-01 6.293999999999999595e-01 6.293999999999999595e-01 6.293999999999999595e-01 6.293999999999999595e-01 6.293999999999999595e-01 4.819999999999999840e-01 4.819999999999999840e-01 4.819999999999999840e-01 4.819999999999999840e-01 4.819999999999999840e-01 4.819999999999999840e-01 4.819999999999999840e-01 4.819999999999999840e-01 4.819999999999999840e-01 4.819999999999999840e-01 4.819999999999999840e-01 4.819999999999999840e-01 4.819999999999999840e-01 4.819999999999999840e-01 4.819999999999999840e-01 4.819999999999999840e-01 4.819999999999999840e-01 4.819999999999999840e-01 4.819999999999999840e-01 
5.747999999999999776e-01 5.747999999999999776e-01 5.747999999999999776e-01 5.747999999999999776e-01 5.747999999999999776e-01 5.747999999999999776e-01 5.747999999999999776e-01 5.747999999999999776e-01 5.747999999999999776e-01 5.747999999999999776e-01 5.747999999999999776e-01 5.747999999999999776e-01 5.747999999999999776e-01 5.747999999999999776e-01 5.747999999999999776e-01 5.747999999999999776e-01 5.747999999999999776e-01 5.747999999999999776e-01 5.747999999999999776e-01 5.547999999999999599e-01 5.547999999999999599e-01 5.547999999999999599e-01 5.547999999999999599e-01 5.547999999999999599e-01 5.547999999999999599e-01 5.547999999999999599e-01 5.547999999999999599e-01 5.547999999999999599e-01 5.547999999999999599e-01 5.547999999999999599e-01 5.547999999999999599e-01 5.547999999999999599e-01 5.547999999999999599e-01 5.547999999999999599e-01 5.547999999999999599e-01 5.547999999999999599e-01 5.547999999999999599e-01 5.547999999999999599e-01 
5.704000000000000181e-01 5.704000000000000181e-01 5.704000000000000181e-01 5.704000000000000181e-01 5.704000000000000181e-01 5.704000000000000181e-01 5.704000000000000181e-01 5.704000000000000181e-01 5.704000000000000181e-01 5.704000000000000181e-01 5.704000000000000181e-01 5.704000000000000181e-01 5.704000000000000181e-01 5.704000000000000181e-01 5.704000000000000181e-01 5.704000000000000181e-01 5.704000000000000181e-01 5.704000000000000181e-01 5.704000000000000181e-01 5.664000000000000146e-01 5.664000000000000146e-01 5.664000000000000146e-01 5.664000000000000146e-01 5.664000000000000146e-01 5.664000000000000146e-01 5.664000000000000146e-01 5.664000000000000146e-01 5.664000000000000146e-01 5.664000000000000146e-01 5.664000000000000146e-01 5.664000000000000146e-01 5.664000000000000146e-01 5.664000000000000146e-01 5.664000000000000146e-01 5.664000000000000146e-01 5.664000000000000146e-01 5.664000000000000146e-01 5.664000000000000146e-01 
6.133999999999999453e-01 6.133999999999999453e-01 6.133999999999999453e-01 6.133999999999999453e-01 6.133999999999999453e-01 6.133999999999999453e-01 6.133999999999999453e-01 6.133999999999999453e-01 6.133999999999999453e-01 6.133999999999999453e-01 6.133999999999999453e-01 6.133999999999999453e-01 6.133999999999999453e-01 6.133999999999999453e-01 6.133999999999999453e-01 6.133999999999999453e-01 6.133999999999999453e-01 6.133999999999999453e-01 6.133999999999999453e-01 5.465999999999999748e-01 5.465999999999999748e-01 5.465999999999999748e-01 5.465999999999999748e-01 5.465999999999999748e-01 5.465999999999999748e-01 5.465999999999999748e-01 5.465999999999999748e-01 5.465999999999999748e-01 5.465999999999999748e-01 5.465999999999999748e-01 5.465999999999999748e-01 5.465999999999999748e-01 5.465999999999999748e-01 5.465999999999999748e-01 5.465999999999999748e-01 5.465999999999999748e-01 5.465999999999999748e-01 5.465999999999999748e-01 
6.151999999999999691e-01 6.151999999999999691e-01 6.151999999999999691e-01 6.151999999999999691e-01 6.151999999999999691e-01 6.151999999999999691e-01 6.151999999999999691e-01 6.151999999999999691e-01 6.151999999999999691e-01 6.151999999999999691e-01 6.151999999999999691e-01 6.151999999999999691e-01 6.151999999999999691e-01 6.151999999999999691e-01 6.151999999999999691e-01 6.151999999999999691e-01 6.151999999999999691e-01 6.151999999999999691e-01 6.151999999999999691e-01 5.642000000000000348e-01 5.642000000000000348e-01 5.642000000000000348e-01 5.642000000000000348e-01 5.642000000000000348e-01 5.642000000000000348e-01 5.642000000000000348e-01 5.642000000000000348e-01 5.642000000000000348e-01 5.642000000000000348e-01 5.642000000000000348e-01 5.642000000000000348e-01 5.642000000000000348e-01 5.642000000000000348e-01 5.642000000000000348e-01 5.642000000000000348e-01 5.642000000000000348e-01 5.642000000000000348e-01 5.642000000000000348e-01 
6.250000000000000000e-01 6.250000000000000000e-01 6.250000000000000000e-01 6.250000000000000000e-01 6.250000000000000000e-01 6.250000000000000000e-01 6.250000000000000000e-01 6.250000000000000000e-01 6.250000000000000000e-01 6.250000000000000000e-01 6.250000000000000000e-01 6.250000000000000000e-01 6.250000000000000000e-01 6.250000000000000000e-01 6.250000000000000000e-01 6.250000000000000000e-01 6.250000000000000000e-01 6.250000000000000000e-01 6.250000000000000000e-01 5.714000000000000190e-01 5.714000000000000190e-01 5.714000000000000190e-01 5.714000000000000190e-01 5.714000000000000190e-01 5.714000000000000190e-01 5.714000000000000190e-01 5.714000000000000190e-01 5.714000000000000190e-01 5.714000000000000190e-01 5.714000000000000190e-01 5.714000000000000190e-01 5.714000000000000190e-01 5.714000000000000190e-01 5.714000000000000190e-01 5.714000000000000190e-01 5.714000000000000190e-01 5.714000000000000190e-01 5.714000000000000190e-01 
6.385999999999999455e-01 6.385999999999999455e-01 6.385999999999999455e-01 6.385999999999999455e-01 6.385999999999999455e-01 6.385999999999999455e-01 6.385999999999999455e-01 6.385999999999999455e-01 6.385999999999999455e-01 6.385999999999999455e-01 6.385999999999999455e-01 6.385999999999999455e-01 6.385999999999999455e-01 6.385999999999999455e-01 6.385999999999999455e-01 6.385999999999999455e-01 6.385999999999999455e-01 6.385999999999999455e-01 6.385999999999999455e-01 5.799999999999999600e-01 5.799999999999999600e-01 5.799999999999999600e-01 5.799999999999999600e-01 5.799999999999999600e-01 5.799999999999999600e-01 5.799999999999999600e-01 5.799999999999999600e-01 5.799999999999999600e-01 5.799999999999999600e-01 5.799999999999999600e-01 5.799999999999999600e-01 5.799999999999999600e-01 5.799999999999999600e-01 5.799999999999999600e-01 5.799999999999999600e-01 5.799999999999999600e-01 5.799999999999999600e-01 5.799999999999999600e-01 
6.383999999999999675e-01 6.383999999999999675e-01 6.383999999999999675e-01 6.383999999999999675e-01 6.383999999999999675e-01 6.383999999999999675e-01 6.383999999999999675e-01 6.383999999999999675e-01 6.383999999999999675e-01 6.383999999999999675e-01 6.383999999999999675e-01 6.383999999999999675e-01 6.383999999999999675e-01 6.383999999999999675e-01 6.383999999999999675e-01 6.383999999999999675e-01 6.383999999999999675e-01 6.383999999999999675e-01 6.383999999999999675e-01 6.049999999999999822e-01 6.049999999999999822e-01 6.049999999999999822e-01 6.049999999999999822e-01 6.049999999999999822e-01 6.049999999999999822e-01 6.049999999999999822e-01 6.049999999999999822e-01 6.049999999999999822e-01 6.049999999999999822e-01 6.049999999999999822e-01 6.049999999999999822e-01 6.049999999999999822e-01 6.049999999999999822e-01 6.049999999999999822e-01 6.049999999999999822e-01 6.049999999999999822e-01 6.049999999999999822e-01 6.049999999999999822e-01 
6.917999999999999705e-01 6.917999999999999705e-01 6.917999999999999705e-01 6.917999999999999705e-01 6.917999999999999705e-01 6.917999999999999705e-01 6.917999999999999705e-01 6.917999999999999705e-01 6.917999999999999705e-01 6.917999999999999705e-01 6.917999999999999705e-01 6.917999999999999705e-01 6.917999999999999705e-01 6.917999999999999705e-01 6.917999999999999705e-01 6.917999999999999705e-01 6.917999999999999705e-01 6.917999999999999705e-01 6.917999999999999705e-01 5.757999999999999785e-01 5.757999999999999785e-01 5.757999999999999785e-01 5.757999999999999785e-01 5.757999999999999785e-01 5.757999999999999785e-01 5.757999999999999785e-01 5.757999999999999785e-01 5.757999999999999785e-01 5.757999999999999785e-01 5.757999999999999785e-01 5.757999999999999785e-01 5.757999999999999785e-01 5.757999999999999785e-01 5.757999999999999785e-01 5.757999999999999785e-01 5.757999999999999785e-01 5.757999999999999785e-01 5.757999999999999785e-01 
6.962000000000000410e-01 6.962000000000000410e-01 6.962000000000000410e-01 6.962000000000000410e-01 6.962000000000000410e-01 6.962000000000000410e-01 6.962000000000000410e-01 6.962000000000000410e-01 6.962000000000000410e-01 6.962000000000000410e-01 6.962000000000000410e-01 6.962000000000000410e-01 6.962000000000000410e-01 6.962000000000000410e-01 6.962000000000000410e-01 6.962000000000000410e-01 6.962000000000000410e-01 6.962000000000000410e-01 6.962000000000000410e-01 5.906000000000000139e-01 5.906000000000000139e-01 5.906000000000000139e-01 5.906000000000000139e-01 5.906000000000000139e-01 5.906000000000000139e-01 5.906000000000000139e-01 5.906000000000000139e-01 5.906000000000000139e-01 5.906000000000000139e-01 5.906000000000000139e-01 5.906000000000000139e-01 5.906000000000000139e-01 5.906000000000000139e-01 5.906000000000000139e-01 5.906000000000000139e-01 5.906000000000000139e-01 5.906000000000000139e-01 5.906000000000000139e-01 
6.999999999999999556e-01 6.999999999999999556e-01 6.999999999999999556e-01 6.999999999999999556e-01 6.999999999999999556e-01 6.999999999999999556e-01 6.999999999999999556e-01 6.999999999999999556e-01 6.999999999999999556e-01 6.999999999999999556e-01 6.999999999999999556e-01 6.999999999999999556e-01 6.999999999999999556e-01 6.999999999999999556e-01 6.999999999999999556e-01 6.999999999999999556e-01 6.999999999999999556e-01 6.999999999999999556e-01 6.999999999999999556e-01 6.151999999999999691e-01 6.151999999999999691e-01 6.151999999999999691e-01 6.151999999999999691e-01 6.151999999999999691e-01 6.151999999999999691e-01 6.151999999999999691e-01 6.151999999999999691e-01 6.151999999999999691e-01 6.151999999999999691e-01 6.151999999999999691e-01 6.151999999999999691e-01 6.151999999999999691e-01 6.151999999999999691e-01 6.151999999999999691e-01 6.151999999999999691e-01 6.151999999999999691e-01 6.151999999999999691e-01 6.151999999999999691e-01 
7.299999999999999822e-01 7.299999999999999822e-01 7.299999999999999822e-01 7.299999999999999822e-01 7.299999999999999822e-01 7.299999999999999822e-01 7.299999999999999822e-01 7.299999999999999822e-01 7.299999999999999822e-01 7.299999999999999822e-01 7.299999999999999822e-01 7.299999999999999822e-01 7.299999999999999822e-01 7.299999999999999822e-01 7.299999999999999822e-01 7.299999999999999822e-01 7.299999999999999822e-01 7.299999999999999822e-01 7.299999999999999822e-01 6.086000000000000298e-01 6.086000000000000298e-01 6.086000000000000298e-01 6.086000000000000298e-01 6.086000000000000298e-01 6.086000000000000298e-01 6.086000000000000298e-01 6.086000000000000298e-01 6.086000000000000298e-01 6.086000000000000298e-01 6.086000000000000298e-01 6.086000000000000298e-01 6.086000000000000298e-01 6.086000000000000298e-01 6.086000000000000298e-01 6.086000000000000298e-01 6.086000000000000298e-01 6.086000000000000298e-01 6.086000000000000298e-01 
7.368000000000000105e-01 7.368000000000000105e-01 7.368000000000000105e-01 7.368000000000000105e-01 7.368000000000000105e-01 7.368000000000000105e-01 7.368000000000000105e-01 7.368000000000000105e-01 7.368000000000000105e-01 7.368000000000000105e-01 7.368000000000000105e-01 7.368000000000000105e-01 7.368000000000000105e-01 7.368000000000000105e-01 7.368000000000000105e-01 7.368000000000000105e-01 7.368000000000000105e-01 7.368000000000000105e-01 7.368000000000000105e-01 6.263999999999999568e-01 6.263999999999999568e-01 6.263999999999999568e-01 6.263999999999999568e-01 6.263999999999999568e-01 6.263999999999999568e-01 6.263999999999999568e-01 6.263999999999999568e-01 6.263999999999999568e-01 6.263999999999999568e-01 6.263999999999999568e-01 6.263999999999999568e-01 6.263999999999999568e-01 6.263999999999999568e-01 6.263999999999999568e-01 6.263999999999999568e-01 6.263999999999999568e-01 6.263999999999999568e-01 6.263999999999999568e-01 
7.413999999999999480e-01 7.413999999999999480e-01 7.413999999999999480e-01 7.413999999999999480e-01 7.413999999999999480e-01 7.413999999999999480e-01 7.413999999999999480e-01 7.413999999999999480e-01 7.413999999999999480e-01 7.413999999999999480e-01 7.413999999999999480e-01 7.413999999999999480e-01 7.413999999999999480e-01 7.413999999999999480e-01 7.413999999999999480e-01 7.413999999999999480e-01 7.413999999999999480e-01 7.413999999999999480e-01 7.413999999999999480e-01 6.582000000000000073e-01 6.582000000000000073e-01 6.582000000000000073e-01 6.582000000000000073e-01 6.582000000000000073e-01 6.582000000000000073e-01 6.582000000000000073e-01 6.582000000000000073e-01 6.582000000000000073e-01 6.582000000000000073e-01 6.582000000000000073e-01 6.582000000000000073e-01 6.582000000000000073e-01 6.582000000000000073e-01 6.582000000000000073e-01 6.582000000000000073e-01 6.582000000000000073e-01 6.582000000000000073e-01 6.582000000000000073e-01 
7.628000000000000336e-01 7.628000000000000336e-01 7.628000000000000336e-01 7.628000000000000336e-01 7.628000000000000336e-01 7.628000000000000336e-01 7.628000000000000336e-01 7.628000000000000336e-01 7.628000000000000336e-01 7.628000000000000336e-01 7.628000000000000336e-01 7.628000000000000336e-01 7.628000000000000336e-01 7.628000000000000336e-01 7.628000000000000336e-01 7.628000000000000336e-01 7.628000000000000336e-01 7.628000000000000336e-01 7.628000000000000336e-01 6.817999999999999616e-01 6.817999999999999616e-01 6.817999999999999616e-01 6.817999999999999616e-01 6.817999999999999616e-01 6.817999999999999616e-01 6.817999999999999616e-01 6.817999999999999616e-01 6.817999999999999616e-01 6.817999999999999616e-01 6.817999999999999616e-01 6.817999999999999616e-01 6.817999999999999616e-01 6.817999999999999616e-01 6.817999999999999616e-01 6.817999999999999616e-01 6.817999999999999616e-01 6.817999999999999616e-01 6.817999999999999616e-01 
7.815999999999999615e-01 7.815999999999999615e-01 7.815999999999999615e-01 7.815999999999999615e-01 7.815999999999999615e-01 7.815999999999999615e-01 7.815999999999999615e-01 7.815999999999999615e-01 7.815999999999999615e-01 7.815999999999999615e-01 7.815999999999999615e-01 7.815999999999999615e-01 7.815999999999999615e-01 7.815999999999999615e-01 7.815999999999999615e-01 7.815999999999999615e-01 7.815999999999999615e-01 7.815999999999999615e-01 7.815999999999999615e-01 6.944000000000000172e-01 6.944000000000000172e-01 6.944000000000000172e-01 6.944000000000000172e-01 6.944000000000000172e-01 6.944000000000000172e-01 6.944000000000000172e-01 6.944000000000000172e-01 6.944000000000000172e-01 6.944000000000000172e-01 6.944000000000000172e-01 6.944000000000000172e-01 6.944000000000000172e-01 6.944000000000000172e-01 6.944000000000000172e-01 6.944000000000000172e-01 6.944000000000000172e-01 6.944000000000000172e-01 6.944000000000000172e-01 
7.840000000000000302e-01 7.840000000000000302e-01 7.840000000000000302e-01 7.840000000000000302e-01 7.840000000000000302e-01 7.840000000000000302e-01 7.840000000000000302e-01 7.840000000000000302e-01 7.840000000000000302e-01 7.840000000000000302e-01 7.840000000000000302e-01 7.840000000000000302e-01 7.840000000000000302e-01 7.840000000000000302e-01 7.840000000000000302e-01 7.840000000000000302e-01 7.840000000000000302e-01 7.840000000000000302e-01 7.840000000000000302e-01 7.364000000000000545e-01 7.364000000000000545e-01 7.364000000000000545e-01 7.364000000000000545e-01 7.364000000000000545e-01 7.364000000000000545e-01 7.364000000000000545e-01 7.364000000000000545e-01 7.364000000000000545e-01 7.364000000000000545e-01 7.364000000000000545e-01 7.364000000000000545e-01 7.364000000000000545e-01 7.364000000000000545e-01 7.364000000000000545e-01 7.364000000000000545e-01 7.364000000000000545e-01 7.364000000000000545e-01 7.364000000000000545e-01 
8.060000000000000497e-01 8.060000000000000497e-01 8.060000000000000497e-01 8.060000000000000497e-01 8.060000000000000497e-01 8.060000000000000497e-01 8.060000000000000497e-01 8.060000000000000497e-01 8.060000000000000497e-01 8.060000000000000497e-01 8.060000000000000497e-01 8.060000000000000497e-01 8.060000000000000497e-01 8.060000000000000497e-01 8.060000000000000497e-01 8.060000000000000497e-01 8.060000000000000497e-01 8.060000000000000497e-01 8.060000000000000497e-01 7.479999999999999982e-01 7.479999999999999982e-01 7.479999999999999982e-01 7.479999999999999982e-01 7.479999999999999982e-01 7.479999999999999982e-01 7.479999999999999982e-01 7.479999999999999982e-01 7.479999999999999982e-01 7.479999999999999982e-01 7.479999999999999982e-01 7.479999999999999982e-01 7.479999999999999982e-01 7.479999999999999982e-01 7.479999999999999982e-01 7.479999999999999982e-01 7.479999999999999982e-01 7.479999999999999982e-01 7.479999999999999982e-01 
8.124000000000000110e-01 8.124000000000000110e-01 8.124000000000000110e-01 8.124000000000000110e-01 8.124000000000000110e-01 8.124000000000000110e-01 8.124000000000000110e-01 8.124000000000000110e-01 8.124000000000000110e-01 8.124000000000000110e-01 8.124000000000000110e-01 8.124000000000000110e-01 8.124000000000000110e-01 8.124000000000000110e-01 8.124000000000000110e-01 8.124000000000000110e-01 8.124000000000000110e-01 8.124000000000000110e-01 8.124000000000000110e-01 7.721999999999999975e-01 7.721999999999999975e-01 7.721999999999999975e-01 7.721999999999999975e-01 7.721999999999999975e-01 7.721999999999999975e-01 7.721999999999999975e-01 7.721999999999999975e-01 7.721999999999999975e-01 7.721999999999999975e-01 7.721999999999999975e-01 7.721999999999999975e-01 7.721999999999999975e-01 7.721999999999999975e-01 7.721999999999999975e-01 7.721999999999999975e-01 7.721999999999999975e-01 7.721999999999999975e-01 7.721999999999999975e-01 
8.354000000000000314e-01 8.354000000000000314e-01 8.354000000000000314e-01 8.354000000000000314e-01 8.354000000000000314e-01 8.354000000000000314e-01 8.354000000000000314e-01 8.354000000000000314e-01 8.354000000000000314e-01 8.354000000000000314e-01 8.354000000000000314e-01 8.354000000000000314e-01 8.354000000000000314e-01 8.354000000000000314e-01 8.354000000000000314e-01 8.354000000000000314e-01 8.354000000000000314e-01 8.354000000000000314e-01 8.354000000000000314e-01 7.828000000000000513e-01 7.828000000000000513e-01 7.828000000000000513e-01 7.828000000000000513e-01 7.828000000000000513e-01 7.828000000000000513e-01 7.828000000000000513e-01 7.828000000000000513e-01 7.828000000000000513e-01 7.828000000000000513e-01 7.828000000000000513e-01 7.828000000000000513e-01 7.828000000000000513e-01 7.828000000000000513e-01 7.828000000000000513e-01 7.828000000000000513e-01 7.828000000000000513e-01 7.828000000000000513e-01 7.828000000000000513e-01 
8.302000000000000490e-01 8.302000000000000490e-01 8.302000000000000490e-01 8.302000000000000490e-01 8.302000000000000490e-01 8.302000000000000490e-01 8.302000000000000490e-01 8.302000000000000490e-01 8.302000000000000490e-01 8.302000000000000490e-01 8.302000000000000490e-01 8.302000000000000490e-01 8.302000000000000490e-01 8.302000000000000490e-01 8.302000000000000490e-01 8.302000000000000490e-01 8.302000000000000490e-01 8.302000000000000490e-01 8.302000000000000490e-01 8.172000000000000375e-01 8.172000000000000375e-01 8.172000000000000375e-01 8.172000000000000375e-01 8.172000000000000375e-01 8.172000000000000375e-01 8.172000000000000375e-01 8.172000000000000375e-01 8.172000000000000375e-01 8.172000000000000375e-01 8.172000000000000375e-01 8.172000000000000375e-01 8.172000000000000375e-01 8.172000000000000375e-01 8.172000000000000375e-01 8.172000000000000375e-01 8.172000000000000375e-01 8.172000000000000375e-01 8.172000000000000375e-01 
8.633999999999999453e-01 8.633999999999999453e-01 8.633999999999999453e-01 8.633999999999999453e-01 8.633999999999999453e-01 8.633999999999999453e-01 8.633999999999999453e-01 8.633999999999999453e-01 8.633999999999999453e-01 8.633999999999999453e-01 8.633999999999999453e-01 8.633999999999999453e-01 8.633999999999999453e-01 8.633999999999999453e-01 8.633999999999999453e-01 8.633999999999999453e-01 8.633999999999999453e-01 8.633999999999999453e-01 8.633999999999999453e-01 8.080000000000000515e-01 8.080000000000000515e-01 8.080000000000000515e-01 8.080000000000000515e-01 8.080000000000000515e-01 8.080000000000000515e-01 8.080000000000000515e-01 8.080000000000000515e-01 8.080000000000000515e-01 8.080000000000000515e-01 8.080000000000000515e-01 8.080000000000000515e-01 8.080000000000000515e-01 8.080000000000000515e-01 8.080000000000000515e-01 8.080000000000000515e-01 8.080000000000000515e-01 8.080000000000000515e-01 8.080000000000000515e-01 
8.497999999999999998e-01 8.497999999999999998e-01 8.497999999999999998e-01 8.497999999999999998e-01 8.497999999999999998e-01 8.497999999999999998e-01 8.497999999999999998e-01 8.497999999999999998e-01 8.497999999999999998e-01 8.497999999999999998e-01 8.497999999999999998e-01 8.497999999999999998e-01 8.497999999999999998e-01 8.497999999999999998e-01 8.497999999999999998e-01 8.497999999999999998e-01 8.497999999999999998e-01 8.497999999999999998e-01 8.497999999999999998e-01 8.466000000000000192e-01 8.466000000000000192e-01 8.466000000000000192e-01 8.466000000000000192e-01 8.466000000000000192e-01 8.466000000000000192e-01 8.466000000000000192e-01 8.466000000000000192e-01 8.466000000000000192e-01 8.466000000000000192e-01 8.466000000000000192e-01 8.466000000000000192e-01 8.466000000000000192e-01 8.466000000000000192e-01 8.466000000000000192e-01 8.466000000000000192e-01 8.466000000000000192e-01 8.466000000000000192e-01 8.466000000000000192e-01 
8.719999999999999973e-01 8.719999999999999973e-01 8.719999999999999973e-01 8.719999999999999973e-01 8.719999999999999973e-01 8.719999999999999973e-01 8.719999999999999973e-01 8.719999999999999973e-01 8.719999999999999973e-01 8.719999999999999973e-01 8.719999999999999973e-01 8.719999999999999973e-01 8.719999999999999973e-01 8.719999999999999973e-01 8.719999999999999973e-01 8.719999999999999973e-01 8.719999999999999973e-01 8.719999999999999973e-01 8.719999999999999973e-01 8.504000000000000448e-01 8.504000000000000448e-01 8.504000000000000448e-01 8.504000000000000448e-01 8.504000000000000448e-01 8.504000000000000448e-01 8.504000000000000448e-01 8.504000000000000448e-01 8.504000000000000448e-01 8.504000000000000448e-01 8.504000000000000448e-01 8.504000000000000448e-01 8.504000000000000448e-01 8.504000000000000448e-01 8.504000000000000448e-01 8.504000000000000448e-01 8.504000000000000448e-01 8.504000000000000448e-01 8.504000000000000448e-01 
8.723999999999999533e-01 8.723999999999999533e-01 8.723999999999999533e-01 8.723999999999999533e-01 8.723999999999999533e-01 8.723999999999999533e-01 8.723999999999999533e-01 8.723999999999999533e-01 8.723999999999999533e-01 8.723999999999999533e-01 8.723999999999999533e-01 8.723999999999999533e-01 8.723999999999999533e-01 8.723999999999999533e-01 8.723999999999999533e-01 8.723999999999999533e-01 8.723999999999999533e-01 8.723999999999999533e-01 8.723999999999999533e-01 8.703999999999999515e-01 8.703999999999999515e-01 8.703999999999999515e-01 8.703999999999999515e-01 8.703999999999999515e-01 8.703999999999999515e-01 8.703999999999999515e-01 8.703999999999999515e-01 8.703999999999999515e-01 8.703999999999999515e-01 8.703999999999999515e-01 8.703999999999999515e-01 8.703999999999999515e-01 8.703999999999999515e-01 8.703999999999999515e-01 8.703999999999999515e-01 8.703999999999999515e-01 8.703999999999999515e-01 8.703999999999999515e-01 
8.768000000000000238e-01 8.768000000000000238e-01 8.768000000000000238e-01 8.768000000000000238e-01 8.768000000000000238e-01 8.768000000000000238e-01 8.768000000000000238e-01 8.768000000000000238e-01 8.768000000000000238e-01 8.768000000000000238e-01 8.768000000000000238e-01 8.768000000000000238e-01 8.768000000000000238e-01 8.768000000000000238e-01 8.768000000000000238e-01 8.768000000000000238e-01 8.768000000000000238e-01 8.768000000000000238e-01 8.768000000000000238e-01 8.861999999999999877e-01 8.861999999999999877e-01 8.861999999999999877e-01 8.861999999999999877e-01 8.861999999999999877e-01 8.861999999999999877e-01 8.861999999999999877e-01 8.861999999999999877e-01 8.861999999999999877e-01 8.861999999999999877e-01 8.861999999999999877e-01 8.861999999999999877e-01 8.861999999999999877e-01 8.861999999999999877e-01 8.861999999999999877e-01 8.861999999999999877e-01 8.861999999999999877e-01 8.861999999999999877e-01 8.861999999999999877e-01 
9.033999999999999808e-01 9.033999999999999808e-01 9.033999999999999808e-01 9.033999999999999808e-01 9.033999999999999808e-01 9.033999999999999808e-01 9.033999999999999808e-01 9.033999999999999808e-01 9.033999999999999808e-01 9.033999999999999808e-01 9.033999999999999808e-01 9.033999999999999808e-01 9.033999999999999808e-01 9.033999999999999808e-01 9.033999999999999808e-01 9.033999999999999808e-01 9.033999999999999808e-01 9.033999999999999808e-01 9.033999999999999808e-01 8.816000000000000503e-01 8.816000000000000503e-01 8.816000000000000503e-01 8.816000000000000503e-01 8.816000000000000503e-01 8.816000000000000503e-01 8.816000000000000503e-01 8.816000000000000503e-01 8.816000000000000503e-01 8.816000000000000503e-01 8.816000000000000503e-01 8.816000000000000503e-01 8.816000000000000503e-01 8.816000000000000503e-01 8.816000000000000503e-01 8.816000000000000503e-01 8.816000000000000503e-01 8.816000000000000503e-01 8.816000000000000503e-01 
9.020000000000000240e-01 9.020000000000000240e-01 9.020000000000000240e-01 9.020000000000000240e-01 9.020000000000000240e-01 9.020000000000000240e-01 9.020000000000000240e-01 9.020000000000000240e-01 9.020000000000000240e-01 9.020000000000000240e-01 9.020000000000000240e-01 9.020000000000000240e-01 9.020000000000000240e-01 9.020000000000000240e-01 9.020000000000000240e-01 9.020000000000000240e-01 9.020000000000000240e-01 9.020000000000000240e-01 9.020000000000000240e-01 8.981999999999999984e-01 8.981999999999999984e-01 8.981999999999999984e-01 8.981999999999999984e-01 8.981999999999999984e-01 8.981999999999999984e-01 8.981999999999999984e-01 8.981999999999999984e-01 8.981999999999999984e-01 8.981999999999999984e-01 8.981999999999999984e-01 8.981999999999999984e-01 8.981999999999999984e-01 8.981999999999999984e-01 8.981999999999999984e-01 8.981999999999999984e-01 8.981999999999999984e-01 8.981999999999999984e-01 8.981999999999999984e-01 
9.147999999999999465e-01 9.147999999999999465e-01 9.147999999999999465e-01 9.147999999999999465e-01 9.147999999999999465e-01 9.147999999999999465e-01 9.147999999999999465e-01 9.147999999999999465e-01 9.147999999999999465e-01 9.147999999999999465e-01 9.147999999999999465e-01 9.147999999999999465e-01 9.147999999999999465e-01 9.147999999999999465e-01 9.147999999999999465e-01 9.147999999999999465e-01 9.147999999999999465e-01 9.147999999999999465e-01 9.147999999999999465e-01 9.033999999999999808e-01 9.033999999999999808e-01 9.033999999999999808e-01 9.033999999999999808e-01 9.033999999999999808e-01 9.033999999999999808e-01 9.033999999999999808e-01 9.033999999999999808e-01 9.033999999999999808e-01 9.033999999999999808e-01 9.033999999999999808e-01 9.033999999999999808e-01 9.033999999999999808e-01 9.033999999999999808e-01 9.033999999999999808e-01 9.033999999999999808e-01 9.033999999999999808e-01 9.033999999999999808e-01 9.033999999999999808e-01 
9.090000000000000302e-01 9.090000000000000302e-01 9.090000000000000302e-01 9.090000000000000302e-01 9.090000000000000302e-01 9.090000000000000302e-01 9.090000000000000302e-01 9.090000000000000302e-01 9.090000000000000302e-01 9.090000000000000302e-01 9.090000000000000302e-01 9.090000000000000302e-01 9.090000000000000302e-01 9.090000000000000302e-01 9.090000000000000302e-01 9.090000000000000302e-01 9.090000000000000302e-01 9.090000000000000302e-01 9.090000000000000302e-01 9.270000000000000462e-01 9.270000000000000462e-01 9.270000000000000462e-01 9.270000000000000462e-01 9.270000000000000462e-01 9.270000000000000462e-01 9.270000000000000462e-01 9.270000000000000462e-01 9.270000000000000462e-01 9.270000000000000462e-01 9.270000000000000462e-01 9.270000000000000462e-01 9.270000000000000462e-01 9.270000000000000462e-01 9.270000000000000462e-01 9.270000000000000462e-01 9.270000000000000462e-01 9.270000000000000462e-01 9.270000000000000462e-01 
9.280000000000000471e-01 9.280000000000000471e-01 9.280000000000000471e-01 9.280000000000000471e-01 9.280000000000000471e-01 9.280000000000000471e-01 9.280000000000000471e-01 9.280000000000000471e-01 9.280000000000000471e-01 9.280000000000000471e-01 9.280000000000000471e-01 9.280000000000000471e-01 9.280000000000000471e-01 9.280000000000000471e-01 9.280000000000000471e-01 9.280000000000000471e-01 9.280000000000000471e-01 9.280000000000000471e-01 9.280000000000000471e-01 9.232000000000000206e-01 9.232000000000000206e-01 9.232000000000000206e-01 9.232000000000000206e-01 9.232000000000000206e-01 9.232000000000000206e-01 9.232000000000000206e-01 9.232000000000000206e-01 9.232000000000000206e-01 9.232000000000000206e-01 9.232000000000000206e-01 9.232000000000000206e-01 9.232000000000000206e-01 9.232000000000000206e-01 9.232000000000000206e-01 9.232000000000000206e-01 9.232000000000000206e-01 9.232000000000000206e-01 9.232000000000000206e-01 
9.325999999999999845e-01 9.325999999999999845e-01 9.325999999999999845e-01 9.325999999999999845e-01 9.325999999999999845e-01 9.325999999999999845e-01 9.325999999999999845e-01 9.325999999999999845e-01 9.325999999999999845e-01 9.325999999999999845e-01 9.325999999999999845e-01 9.325999999999999845e-01 9.325999999999999845e-01 9.325999999999999845e-01 9.325999999999999845e-01 9.325999999999999845e-01 9.325999999999999845e-01 9.325999999999999845e-01 9.325999999999999845e-01 9.295999999999999819e-01 9.295999999999999819e-01 9.295999999999999819e-01 9.295999999999999819e-01 9.295999999999999819e-01 9.295999999999999819e-01 9.295999999999999819e-01 9.295999999999999819e-01 9.295999999999999819e-01 9.295999999999999819e-01 9.295999999999999819e-01 9.295999999999999819e-01 9.295999999999999819e-01 9.295999999999999819e-01 9.295999999999999819e-01 9.295999999999999819e-01 9.295999999999999819e-01 9.295999999999999819e-01 9.295999999999999819e-01 
9.384000000000000119e-01 9.384000000000000119e-01 9.384000000000000119e-01 9.384000000000000119e-01 9.384000000000000119e-01 9.384000000000000119e-01 9.384000000000000119e-01 9.384000000000000119e-01 9.384000000000000119e-01 9.384000000000000119e-01 9.384000000000000119e-01 9.384000000000000119e-01 9.384000000000000119e-01 9.384000000000000119e-01 9.384000000000000119e-01 9.384000000000000119e-01 9.384000000000000119e-01 9.384000000000000119e-01 9.384000000000000119e-01 9.372000000000000330e-01 9.372000000000000330e-01 9.372000000000000330e-01 9.372000000000000330e-01 9.372000000000000330e-01 9.372000000000000330e-01 9.372000000000000330e-01 9.372000000000000330e-01 9.372000000000000330e-01 9.372000000000000330e-01 9.372000000000000330e-01 9.372000000000000330e-01 9.372000000000000330e-01 9.372000000000000330e-01 9.372000000000000330e-01 9.372000000000000330e-01 9.372000000000000330e-01 9.372000000000000330e-01 9.372000000000000330e-01 
9.459999999999999520e-01 9.459999999999999520e-01 9.459999999999999520e-01 9.459999999999999520e-01 9.459999999999999520e-01 9.459999999999999520e-01 9.459999999999999520e-01 9.459999999999999520e-01 9.459999999999999520e-01 9.459999999999999520e-01 9.459999999999999520e-01 9.459999999999999520e-01 9.459999999999999520e-01 9.459999999999999520e-01 9.459999999999999520e-01 9.459999999999999520e-01 9.459999999999999520e-01 9.459999999999999520e-01 9.459999999999999520e-01 9.382000000000000339e-01 9.382000000000000339e-01 9.382000000000000339e-01 9.382000000000000339e-01 9.382000000000000339e-01 9.382000000000000339e-01 9.382000000000000339e-01 9.382000000000000339e-01 9.382000000000000339e-01 9.382000000000000339e-01 9.382000000000000339e-01 9.382000000000000339e-01 9.382000000000000339e-01 9.382000000000000339e-01 9.382000000000000339e-01 9.382000000000000339e-01 9.382000000000000339e-01 9.382000000000000339e-01 9.382000000000000339e-01 
9.462000000000000410e-01 9.462000000000000410e-01 9.462000000000000410e-01 9.462000000000000410e-01 9.462000000000000410e-01 9.462000000000000410e-01 9.462000000000000410e-01 9.462000000000000410e-01 9.462000000000000410e-01 9.462000000000000410e-01 9.462000000000000410e-01 9.462000000000000410e-01 9.462000000000000410e-01 9.462000000000000410e-01 9.462000000000000410e-01 9.462000000000000410e-01 9.462000000000000410e-01 9.462000000000000410e-01 9.462000000000000410e-01 9.477999999999999758e-01 9.477999999999999758e-01 9.477999999999999758e-01 9.477999999999999758e-01 9.477999999999999758e-01 9.477999999999999758e-01 9.477999999999999758e-01 9.477999999999999758e-01 9.477999999999999758e-01 9.477999999999999758e-01 9.477999999999999758e-01 9.477999999999999758e-01 9.477999999999999758e-01 9.477999999999999758e-01 9.477999999999999758e-01 9.477999999999999758e-01 9.477999999999999758e-01 9.477999999999999758e-01 9.477999999999999758e-01 
9.494000000000000217e-01 9.494000000000000217e-01 9.494000000000000217e-01 9.494000000000000217e-01 9.494000000000000217e-01 9.494000000000000217e-01 9.494000000000000217e-01 9.494000000000000217e-01 9.494000000000000217e-01 9.494000000000000217e-01 9.494000000000000217e-01 9.494000000000000217e-01 9.494000000000000217e-01 9.494000000000000217e-01 9.494000000000000217e-01 9.494000000000000217e-01 9.494000000000000217e-01 9.494000000000000217e-01 9.494000000000000217e-01 9.509999999999999565e-01 9.509999999999999565e-01 9.509999999999999565e-01 9.509999999999999565e-01 9.509999999999999565e-01 9.509999999999999565e-01 9.509999999999999565e-01 9.509999999999999565e-01 9.509999999999999565e-01 9.509999999999999565e-01 9.509999999999999565e-01 9.509999999999999565e-01 9.509999999999999565e-01 9.509999999999999565e-01 9.509999999999999565e-01 9.509999999999999565e-01 9.509999999999999565e-01 9.509999999999999565e-01 9.509999999999999565e-01 
9.544000000000000261e-01 9.544000000000000261e-01 9.544000000000000261e-01 9.544000000000000261e-01 9.544000000000000261e-01 9.544000000000000261e-01 9.544000000000000261e-01 9.544000000000000261e-01 9.544000000000000261e-01 9.544000000000000261e-01 9.544000000000000261e-01 9.544000000000000261e-01 9.544000000000000261e-01 9.544000000000000261e-01 9.544000000000000261e-01 9.544000000000000261e-01 9.544000000000000261e-01 9.544000000000000261e-01 9.544000000000000261e-01 9.539999999999999591e-01 9.539999999999999591e-01 9.539999999999999591e-01 9.539999999999999591e-01 9.539999999999999591e-01 9.539999999999999591e-01 9.539999999999999591e-01 9.539999999999999591e-01 9.539999999999999591e-01 9.539999999999999591e-01 9.539999999999999591e-01 9.539999999999999591e-01 9.539999999999999591e-01 9.539999999999999591e-01 9.539999999999999591e-01 9.539999999999999591e-01 9.539999999999999591e-01 9.539999999999999591e-01 9.539999999999999591e-01 
9.614000000000000323e-01 9.614000000000000323e-01 9.614000000000000323e-01 9.614000000000000323e-01 9.614000000000000323e-01 9.614000000000000323e-01 9.614000000000000323e-01 9.614000000000000323e-01 9.614000000000000323e-01 9.614000000000000323e-01 9.614000000000000323e-01 9.614000000000000323e-01 9.614000000000000323e-01 9.614000000000000323e-01 9.614000000000000323e-01 9.614000000000000323e-01 9.614000000000000323e-01 9.614000000000000323e-01 9.614000000000000323e-01 9.539999999999999591e-01 9.539999999999999591e-01 9.539999999999999591e-01 9.539999999999999591e-01 9.539999999999999591e-01 9.539999999999999591e-01 9.539999999999999591e-01 9.539999999999999591e-01 9.539999999999999591e-01 9.539999999999999591e-01 9.539999999999999591e-01 9.539999999999999591e-01 9.539999999999999591e-01 9.539999999999999591e-01 9.539999999999999591e-01 9.539999999999999591e-01 9.539999999999999591e-01 9.539999999999999591e-01 9.539999999999999591e-01 
9.579999999999999627e-01 9.579999999999999627e-01 9.579999999999999627e-01 9.579999999999999627e-01 9.579999999999999627e-01 9.579999999999999627e-01 9.579999999999999627e-01 9.579999999999999627e-01 9.579999999999999627e-01 9.579999999999999627e-01 9.579999999999999627e-01 9.579999999999999627e-01 9.579999999999999627e-01 9.579999999999999627e-01 9.579999999999999627e-01 9.579999999999999627e-01 9.579999999999999627e-01 9.579999999999999627e-01 9.579999999999999627e-01 9.636000000000000121e-01 9.636000000000000121e-01 9.636000000000000121e-01 9.636000000000000121e-01 9.636000000000000121e-01 9.636000000000000121e-01 9.636000000000000121e-01 9.636000000000000121e-01 9.636000000000000121e-01 9.636000000000000121e-01 9.636000000000000121e-01 9.636000000000000121e-01 9.636000000000000121e-01 9.636000000000000121e-01 9.636000000000000121e-01 9.636000000000000121e-01 9.636000000000000121e-01 9.636000000000000121e-01 9.636000000000000121e-01 
9.626000000000000112e-01 9.626000000000000112e-01 9.626000000000000112e-01 9.626000000000000112e-01 9.626000000000000112e-01 9.626000000000000112e-01 9.626000000000000112e-01 9.626000000000000112e-01 9.626000000000000112e-01 9.626000000000000112e-01 9.626000000000000112e-01 9.626000000000000112e-01 9.626000000000000112e-01 9.626000000000000112e-01 9.626000000000000112e-01 9.626000000000000112e-01 9.626000000000000112e-01 9.626000000000000112e-01 9.626000000000000112e-01 9.636000000000000121e-01 9.636000000000000121e-01 9.636000000000000121e-01 9.636000000000000121e-01 9.636000000000000121e-01 9.636000000000000121e-01 9.636000000000000121e-01 9.636000000000000121e-01 9.636000000000000121e-01 9.636000000000000121e-01 9.636000000000000121e-01 9.636000000000000121e-01 9.636000000000000121e-01 9.636000000000000121e-01 9.636000000000000121e-01 9.636000000000000121e-01 9.636000000000000121e-01 9.636000000000000121e-01 9.636000000000000121e-01 
9.651999999999999469e-01 9.651999999999999469e-01 9.651999999999999469e-01 9.651999999999999469e-01 9.651999999999999469e-01 9.651999999999999469e-01 9.651999999999999469e-01 9.651999999999999469e-01 9.651999999999999469e-01 9.651999999999999469e-01 9.651999999999999469e-01 9.651999999999999469e-01 9.651999999999999469e-01 9.651999999999999469e-01 9.651999999999999469e-01 9.651999999999999469e-01 9.651999999999999469e-01 9.651999999999999469e-01 9.651999999999999469e-01 9.649999999999999689e-01 9.649999999999999689e-01 9.649999999999999689e-01 9.649999999999999689e-01 9.649999999999999689e-01 9.649999999999999689e-01 9.649999999999999689e-01 9.649999999999999689e-01 9.649999999999999689e-01 9.649999999999999689e-01 9.649999999999999689e-01 9.649999999999999689e-01 9.649999999999999689e-01 9.649999999999999689e-01 9.649999999999999689e-01 9.649999999999999689e-01 9.649999999999999689e-01 9.649999999999999689e-01 9.649999999999999689e-01 
9.649999999999999689e-01 9.649999999999999689e-01 9.649999999999999689e-01 9.649999999999999689e-01 9.649999999999999689e-01 9.649999999999999689e-01 9.649999999999999689e-01 9.649999999999999689e-01 9.649999999999999689e-01 9.649999999999999689e-01 9.649999999999999689e-01 9.649999999999999689e-01 9.649999999999999689e-01 9.649999999999999689e-01 9.649999999999999689e-01 9.649999999999999689e-01 9.649999999999999689e-01 9.649999999999999689e-01 9.649999999999999689e-01 9.691999999999999504e-01 9.691999999999999504e-01 9.691999999999999504e-01 9.691999999999999504e-01 9.691999999999999504e-01 9.691999999999999504e-01 9.691999999999999504e-01 9.691999999999999504e-01 9.691999999999999504e-01 9.691999999999999504e-01 9.691999999999999504e-01 9.691999999999999504e-01 9.691999999999999504e-01 9.691999999999999504e-01 9.691999999999999504e-01 9.691999999999999504e-01 9.691999999999999504e-01 9.691999999999999504e-01 9.691999999999999504e-01 
9.696000000000000174e-01 9.696000000000000174e-01 9.696000000000000174e-01 9.696000000000000174e-01 9.696000000000000174e-01 9.696000000000000174e-01 9.696000000000000174e-01 9.696000000000000174e-01 9.696000000000000174e-01 9.696000000000000174e-01 9.696000000000000174e-01 9.696000000000000174e-01 9.696000000000000174e-01 9.696000000000000174e-01 9.696000000000000174e-01 9.696000000000000174e-01 9.696000000000000174e-01 9.696000000000000174e-01 9.696000000000000174e-01 9.679999999999999716e-01 9.679999999999999716e-01 9.679999999999999716e-01 9.679999999999999716e-01 9.679999999999999716e-01 9.679999999999999716e-01 9.679999999999999716e-01 9.679999999999999716e-01 9.679999999999999716e-01 9.679999999999999716e-01 9.679999999999999716e-01 9.679999999999999716e-01 9.679999999999999716e-01 9.679999999999999716e-01 9.679999999999999716e-01 9.679999999999999716e-01 9.679999999999999716e-01 9.679999999999999716e-01 9.679999999999999716e-01 
9.727999999999999980e-01 9.727999999999999980e-01 9.727999999999999980e-01 9.727999999999999980e-01 9.727999999999999980e-01 9.727999999999999980e-01 9.727999999999999980e-01 9.727999999999999980e-01 9.727999999999999980e-01 9.727999999999999980e-01 9.727999999999999980e-01 9.727999999999999980e-01 9.727999999999999980e-01 9.727999999999999980e-01 9.727999999999999980e-01 9.727999999999999980e-01 9.727999999999999980e-01 9.727999999999999980e-01 9.727999999999999980e-01 9.687999999999999945e-01 9.687999999999999945e-01 9.687999999999999945e-01 9.687999999999999945e-01 9.687999999999999945e-01 9.687999999999999945e-01 9.687999999999999945e-01 9.687999999999999945e-01 9.687999999999999945e-01 9.687999999999999945e-01 9.687999999999999945e-01 9.687999999999999945e-01 9.687999999999999945e-01 9.687999999999999945e-01 9.687999999999999945e-01 9.687999999999999945e-01 9.687999999999999945e-01 9.687999999999999945e-01 9.687999999999999945e-01 
9.657999999999999918e-01 9.657999999999999918e-01 9.657999999999999918e-01 9.657999999999999918e-01 9.657999999999999918e-01 9.657999999999999918e-01 9.657999999999999918e-01 9.657999999999999918e-01 9.657999999999999918e-01 9.657999999999999918e-01 9.657999999999999918e-01 9.657999999999999918e-01 9.657999999999999918e-01 9.657999999999999918e-01 9.657999999999999918e-01 9.657999999999999918e-01 9.657999999999999918e-01 9.657999999999999918e-01 9.657999999999999918e-01 9.776000000000000245e-01 9.776000000000000245e-01 9.776000000000000245e-01 9.776000000000000245e-01 9.776000000000000245e-01 9.776000000000000245e-01 9.776000000000000245e-01 9.776000000000000245e-01 9.776000000000000245e-01 9.776000000000000245e-01 9.776000000000000245e-01 9.776000000000000245e-01 9.776000000000000245e-01 9.776000000000000245e-01 9.776000000000000245e-01 9.776000000000000245e-01 9.776000000000000245e-01 9.776000000000000245e-01 9.776000000000000245e-01 
9.774000000000000465e-01 9.774000000000000465e-01 9.774000000000000465e-01 9.774000000000000465e-01 9.774000000000000465e-01 9.774000000000000465e-01 9.774000000000000465e-01 9.774000000000000465e-01 9.774000000000000465e-01 9.774000000000000465e-01 9.774000000000000465e-01 9.774000000000000465e-01 9.774000000000000465e-01 9.774000000000000465e-01 9.774000000000000465e-01 9.774000000000000465e-01 9.774000000000000465e-01 9.774000000000000465e-01 9.774000000000000465e-01 9.709999999999999742e-01 9.709999999999999742e-01 9.709999999999999742e-01 9.709999999999999742e-01 9.709999999999999742e-01 9.709999999999999742e-01 9.709999999999999742e-01 9.709999999999999742e-01 9.709999999999999742e-01 9.709999999999999742e-01 9.709999999999999742e-01 9.709999999999999742e-01 9.709999999999999742e-01 9.709999999999999742e-01 9.709999999999999742e-01 9.709999999999999742e-01 9.709999999999999742e-01 9.709999999999999742e-01 9.709999999999999742e-01 
9.779999999999999805e-01 9.779999999999999805e-01 9.779999999999999805e-01 9.779999999999999805e-01 9.779999999999999805e-01 9.779999999999999805e-01 9.779999999999999805e-01 9.779999999999999805e-01 9.779999999999999805e-01 9.779999999999999805e-01 9.779999999999999805e-01 9.779999999999999805e-01 9.779999999999999805e-01 9.779999999999999805e-01 9.779999999999999805e-01 9.779999999999999805e-01 9.779999999999999805e-01 9.779999999999999805e-01 9.779999999999999805e-01 9.736000000000000210e-01 9.736000000000000210e-01 9.736000000000000210e-01 9.736000000000000210e-01 9.736000000000000210e-01 9.736000000000000210e-01 9.736000000000000210e-01 9.736000000000000210e-01 9.736000000000000210e-01 9.736000000000000210e-01 9.736000000000000210e-01 9.736000000000000210e-01 9.736000000000000210e-01 9.736000000000000210e-01 9.736000000000000210e-01 9.736000000000000210e-01 9.736000000000000210e-01 9.736000000000000210e-01 9.736000000000000210e-01 
9.726000000000000201e-01 9.726000000000000201e-01 9.726000000000000201e-01 9.726000000000000201e-01 9.726000000000000201e-01 9.726000000000000201e-01 9.726000000000000201e-01 9.726000000000000201e-01 9.726000000000000201e-01 9.726000000000000201e-01 9.726000000000000201e-01 9.726000000000000201e-01 9.726000000000000201e-01 9.726000000000000201e-01 9.726000000000000201e-01 9.726000000000000201e-01 9.726000000000000201e-01 9.726000000000000201e-01 9.726000000000000201e-01 9.798000000000000043e-01 9.798000000000000043e-01 9.798000000000000043e-01 9.798000000000000043e-01 9.798000000000000043e-01 9.798000000000000043e-01 9.798000000000000043e-01 9.798000000000000043e-01 9.798000000000000043e-01 9.798000000000000043e-01 9.798000000000000043e-01 9.798000000000000043e-01 9.798000000000000043e-01 9.798000000000000043e-01 9.798000000000000043e-01 9.798000000000000043e-01 9.798000000000000043e-01 9.798000000000000043e-01 9.798000000000000043e-01 
9.829999999999999849e-01 9.829999999999999849e-01 9.829999999999999849e-01 9.829999999999999849e-01 9.829999999999999849e-01 9.829999999999999849e-01 9.829999999999999849e-01 9.829999999999999849e-01 9.829999999999999849e-01 9.829999999999999849e-01 9.829999999999999849e-01 9.829999999999999849e-01 9.829999999999999849e-01 9.829999999999999849e-01 9.829999999999999849e-01 9.829999999999999849e-01 9.829999999999999849e-01 9.829999999999999849e-01 9.829999999999999849e-01 9.727999999999999980e-01 9.727999999999999980e-01 9.727999999999999980e-01 9.727999999999999980e-01 9.727999999999999980e-01 9.727999999999999980e-01 9.727999999999999980e-01 9.727999999999999980e-01 9.727999999999999980e-01 9.727999999999999980e-01 9.727999999999999980e-01 9.727999999999999980e-01 9.727999999999999980e-01 9.727999999999999980e-01 9.727999999999999980e-01 9.727999999999999980e-01 9.727999999999999980e-01 9.727999999999999980e-01 9.727999999999999980e-01 
9.766000000000000236e-01 9.766000000000000236e-01 9.766000000000000236e-01 9.766000000000000236e-01 9.766000000000000236e-01 9.766000000000000236e-01 9.766000000000000236e-01 9.766000000000000236e-01 9.766000000000000236e-01 9.766000000000000236e-01 9.766000000000000236e-01 9.766000000000000236e-01 9.766000000000000236e-01 9.766000000000000236e-01 9.766000000000000236e-01 9.766000000000000236e-01 9.766000000000000236e-01 9.766000000000000236e-01 9.766000000000000236e-01 9.821999999999999620e-01 9.821999999999999620e-01 9.821999999999999620e-01 9.821999999999999620e-01 9.821999999999999620e-01 9.821999999999999620e-01 9.821999999999999620e-01 9.821999999999999620e-01 9.821999999999999620e-01 9.821999999999999620e-01 9.821999999999999620e-01 9.821999999999999620e-01 9.821999999999999620e-01 9.821999999999999620e-01 9.821999999999999620e-01 9.821999999999999620e-01 9.821999999999999620e-01 9.821999999999999620e-01 9.821999999999999620e-01 
9.824000000000000510e-01 9.824000000000000510e-01 9.824000000000000510e-01 9.824000000000000510e-01 9.824000000000000510e-01 9.824000000000000510e-01 9.824000000000000510e-01 9.824000000000000510e-01 9.824000000000000510e-01 9.824000000000000510e-01 9.824000000000000510e-01 9.824000000000000510e-01 9.824000000000000510e-01 9.824000000000000510e-01 9.824000000000000510e-01 9.824000000000000510e-01 9.824000000000000510e-01 9.824000000000000510e-01 9.824000000000000510e-01 9.779999999999999805e-01 9.779999999999999805e-01 9.779999999999999805e-01 9.779999999999999805e-01 9.779999999999999805e-01 9.779999999999999805e-01 9.779999999999999805e-01 9.779999999999999805e-01 9.779999999999999805e-01 9.779999999999999805e-01 9.779999999999999805e-01 9.779999999999999805e-01 9.779999999999999805e-01 9.779999999999999805e-01 9.779999999999999805e-01 9.779999999999999805e-01 9.779999999999999805e-01 9.779999999999999805e-01 9.779999999999999805e-01 
9.821999999999999620e-01 9.821999999999999620e-01 9.821999999999999620e-01 9.821999999999999620e-01 9.821999999999999620e-01 9.821999999999999620e-01 9.821999999999999620e-01 9.821999999999999620e-01 9.821999999999999620e-01 9.821999999999999620e-01 9.821999999999999620e-01 9.821999999999999620e-01 9.821999999999999620e-01 9.821999999999999620e-01 9.821999999999999620e-01 9.821999999999999620e-01 9.821999999999999620e-01 9.821999999999999620e-01 9.821999999999999620e-01 9.794000000000000483e-01 9.794000000000000483e-01 9.794000000000000483e-01 9.794000000000000483e-01 9.794000000000000483e-01 9.794000000000000483e-01 9.794000000000000483e-01 9.794000000000000483e-01 9.794000000000000483e-01 9.794000000000000483e-01 9.794000000000000483e-01 9.794000000000000483e-01 9.794000000000000483e-01 9.794000000000000483e-01 9.794000000000000483e-01 9.794000000000000483e-01 9.794000000000000483e-01 9.794000000000000483e-01 9.794000000000000483e-01 
9.824000000000000510e-01 9.824000000000000510e-01 9.824000000000000510e-01 9.824000000000000510e-01 9.824000000000000510e-01 9.824000000000000510e-01 9.824000000000000510e-01 9.824000000000000510e-01 9.824000000000000510e-01 9.824000000000000510e-01 9.824000000000000510e-01 9.824000000000000510e-01 9.824000000000000510e-01 9.824000000000000510e-01 9.824000000000000510e-01 9.824000000000000510e-01 9.824000000000000510e-01 9.824000000000000510e-01 9.824000000000000510e-01 9.816000000000000281e-01 9.816000000000000281e-01 9.816000000000000281e-01 9.816000000000000281e-01 9.816000000000000281e-01 9.816000000000000281e-01 9.816000000000000281e-01 9.816000000000000281e-01 9.816000000000000281e-01 9.816000000000000281e-01 9.816000000000000281e-01 9.816000000000000281e-01 9.816000000000000281e-01 9.816000000000000281e-01 9.816000000000000281e-01 9.816000000000000281e-01 9.816000000000000281e-01 9.816000000000000281e-01 9.816000000000000281e-01 
9.834000000000000519e-01 9.834000000000000519e-01 9.834000000000000519e-01 9.834000000000000519e-01 9.834000000000000519e-01 9.834000000000000519e-01 9.834000000000000519e-01 9.834000000000000519e-01 9.834000000000000519e-01 9.834000000000000519e-01 9.834000000000000519e-01 9.834000000000000519e-01 9.834000000000000519e-01 9.834000000000000519e-01 9.834000000000000519e-01 9.834000000000000519e-01 9.834000000000000519e-01 9.834000000000000519e-01 9.834000000000000519e-01 9.826000000000000290e-01 9.826000000000000290e-01 9.826000000000000290e-01 9.826000000000000290e-01 9.826000000000000290e-01 9.826000000000000290e-01 9.826000000000000290e-01 9.826000000000000290e-01 9.826000000000000290e-01 9.826000000000000290e-01 9.826000000000000290e-01 9.826000000000000290e-01 9.826000000000000290e-01 9.826000000000000290e-01 9.826000000000000290e-01 9.826000000000000290e-01 9.826000000000000290e-01 9.826000000000000290e-01 9.826000000000000290e-01 
9.854000000000000536e-01 9.854000000000000536e-01 9.854000000000000536e-01 9.854000000000000536e-01 9.854000000000000536e-01 9.854000000000000536e-01 9.854000000000000536e-01 9.854000000000000536e-01 9.854000000000000536e-01 9.854000000000000536e-01 9.854000000000000536e-01 9.854000000000000536e-01 9.854000000000000536e-01 9.854000000000000536e-01 9.854000000000000536e-01 9.854000000000000536e-01 9.854000000000000536e-01 9.854000000000000536e-01 9.854000000000000536e-01 9.811999999999999611e-01 9.811999999999999611e-01 9.811999999999999611e-01 9.811999999999999611e-01 9.811999999999999611e-01 9.811999999999999611e-01 9.811999999999999611e-01 9.811999999999999611e-01 9.811999999999999611e-01 9.811999999999999611e-01 9.811999999999999611e-01 9.811999999999999611e-01 9.811999999999999611e-01 9.811999999999999611e-01 9.811999999999999611e-01 9.811999999999999611e-01 9.811999999999999611e-01 9.811999999999999611e-01 9.811999999999999611e-01 
9.839999999999999858e-01 9.839999999999999858e-01 9.839999999999999858e-01 9.839999999999999858e-01 9.839999999999999858e-01 9.839999999999999858e-01 9.839999999999999858e-01 9.839999999999999858e-01 9.839999999999999858e-01 9.839999999999999858e-01 9.839999999999999858e-01 9.839999999999999858e-01 9.839999999999999858e-01 9.839999999999999858e-01 9.839999999999999858e-01 9.839999999999999858e-01 9.839999999999999858e-01 9.839999999999999858e-01 9.839999999999999858e-01 9.851999999999999647e-01 9.851999999999999647e-01 9.851999999999999647e-01 9.851999999999999647e-01 9.851999999999999647e-01 9.851999999999999647e-01 9.851999999999999647e-01 9.851999999999999647e-01 9.851999999999999647e-01 9.851999999999999647e-01 9.851999999999999647e-01 9.851999999999999647e-01 9.851999999999999647e-01 9.851999999999999647e-01 9.851999999999999647e-01 9.851999999999999647e-01 9.851999999999999647e-01 9.851999999999999647e-01 9.851999999999999647e-01 
9.866000000000000325e-01 9.866000000000000325e-01 9.866000000000000325e-01 9.866000000000000325e-01 9.866000000000000325e-01 9.866000000000000325e-01 9.866000000000000325e-01 9.866000000000000325e-01 9.866000000000000325e-01 9.866000000000000325e-01 9.866000000000000325e-01 9.866000000000000325e-01 9.866000000000000325e-01 9.866000000000000325e-01 9.866000000000000325e-01 9.866000000000000325e-01 9.866000000000000325e-01 9.866000000000000325e-01 9.866000000000000325e-01 9.831999999999999629e-01 9.831999999999999629e-01 9.831999999999999629e-01 9.831999999999999629e-01 9.831999999999999629e-01 9.831999999999999629e-01 9.831999999999999629e-01 9.831999999999999629e-01 9.831999999999999629e-01 9.831999999999999629e-01 9.831999999999999629e-01 9.831999999999999629e-01 9.831999999999999629e-01 9.831999999999999629e-01 9.831999999999999629e-01 9.831999999999999629e-01 9.831999999999999629e-01 9.831999999999999629e-01 9.831999999999999629e-01 
9.851999999999999647e-01 9.851999999999999647e-01 9.851999999999999647e-01 9.851999999999999647e-01 9.851999999999999647e-01 9.851999999999999647e-01 9.851999999999999647e-01 9.851999999999999647e-01 9.851999999999999647e-01 9.851999999999999647e-01 9.851999999999999647e-01 9.851999999999999647e-01 9.851999999999999647e-01 9.851999999999999647e-01 9.851999999999999647e-01 9.851999999999999647e-01 9.851999999999999647e-01 9.851999999999999647e-01 9.851999999999999647e-01 9.866000000000000325e-01 9.866000000000000325e-01 9.866000000000000325e-01 9.866000000000000325e-01 9.866000000000000325e-01 9.866000000000000325e-01 9.866000000000000325e-01 9.866000000000000325e-01 9.866000000000000325e-01 9.866000000000000325e-01 9.866000000000000325e-01 9.866000000000000325e-01 9.866000000000000325e-01 9.866000000000000325e-01 9.866000000000000325e-01 9.866000000000000325e-01 9.866000000000000325e-01 9.866000000000000325e-01 9.866000000000000325e-01 
9.879999999999999893e-01 9.879999999999999893e-01 9.879999999999999893e-01 9.879999999999999893e-01 9.879999999999999893e-01 9.879999999999999893e-01 9.879999999999999893e-01 9.879999999999999893e-01 9.879999999999999893e-01 9.879999999999999893e-01 9.879999999999999893e-01 9.879999999999999893e-01 9.879999999999999893e-01 9.879999999999999893e-01 9.879999999999999893e-01 9.879999999999999893e-01 9.879999999999999893e-01 9.879999999999999893e-01 9.879999999999999893e-01 9.844000000000000528e-01 9.844000000000000528e-01 9.844000000000000528e-01 9.844000000000000528e-01 9.844000000000000528e-01 9.844000000000000528e-01 9.844000000000000528e-01 9.844000000000000528e-01 9.844000000000000528e-01 9.844000000000000528e-01 9.844000000000000528e-01 9.844000000000000528e-01 9.844000000000000528e-01 9.844000000000000528e-01 9.844000000000000528e-01 9.844000000000000528e-01 9.844000000000000528e-01 9.844000000000000528e-01 9.844000000000000528e-01 
9.861999999999999655e-01 9.861999999999999655e-01 9.861999999999999655e-01 9.861999999999999655e-01 9.861999999999999655e-01 9.861999999999999655e-01 9.861999999999999655e-01 9.861999999999999655e-01 9.861999999999999655e-01 9.861999999999999655e-01 9.861999999999999655e-01 9.861999999999999655e-01 9.861999999999999655e-01 9.861999999999999655e-01 9.861999999999999655e-01 9.861999999999999655e-01 9.861999999999999655e-01 9.861999999999999655e-01 9.861999999999999655e-01 9.883999999999999453e-01 9.883999999999999453e-01 9.883999999999999453e-01 9.883999999999999453e-01 9.883999999999999453e-01 9.883999999999999453e-01 9.883999999999999453e-01 9.883999999999999453e-01 9.883999999999999453e-01 9.883999999999999453e-01 9.883999999999999453e-01 9.883999999999999453e-01 9.883999999999999453e-01 9.883999999999999453e-01 9.883999999999999453e-01 9.883999999999999453e-01 9.883999999999999453e-01 9.883999999999999453e-01 9.883999999999999453e-01 
9.876000000000000334e-01 9.876000000000000334e-01 9.876000000000000334e-01 9.876000000000000334e-01 9.876000000000000334e-01 9.876000000000000334e-01 9.876000000000000334e-01 9.876000000000000334e-01 9.876000000000000334e-01 9.876000000000000334e-01 9.876000000000000334e-01 9.876000000000000334e-01 9.876000000000000334e-01 9.876000000000000334e-01 9.876000000000000334e-01 9.876000000000000334e-01 9.876000000000000334e-01 9.876000000000000334e-01 9.876000000000000334e-01 9.874000000000000554e-01 9.874000000000000554e-01 9.874000000000000554e-01 9.874000000000000554e-01 9.874000000000000554e-01 9.874000000000000554e-01 9.874000000000000554e-01 9.874000000000000554e-01 9.874000000000000554e-01 9.874000000000000554e-01 9.874000000000000554e-01 9.874000000000000554e-01 9.874000000000000554e-01 9.874000000000000554e-01 9.874000000000000554e-01 9.874000000000000554e-01 9.874000000000000554e-01 9.874000000000000554e-01 9.874000000000000554e-01 
9.889999999999999902e-01 9.889999999999999902e-01 9.889999999999999902e-01 9.889999999999999902e-01 9.889999999999999902e-01 9.889999999999999902e-01 9.889999999999999902e-01 9.889999999999999902e-01 9.889999999999999902e-01 9.889999999999999902e-01 9.889999999999999902e-01 9.889999999999999902e-01 9.889999999999999902e-01 9.889999999999999902e-01 9.889999999999999902e-01 9.889999999999999902e-01 9.889999999999999902e-01 9.889999999999999902e-01 9.889999999999999902e-01 9.876000000000000334e-01 9.876000000000000334e-01 9.876000000000000334e-01 9.876000000000000334e-01 9.876000000000000334e-01 9.876000000000000334e-01 9.876000000000000334e-01 9.876000000000000334e-01 9.876000000000000334e-01 9.876000000000000334e-01 9.876000000000000334e-01 9.876000000000000334e-01 9.876000000000000334e-01 9.876000000000000334e-01 9.876000000000000334e-01 9.876000000000000334e-01 9.876000000000000334e-01 9.876000000000000334e-01 9.876000000000000334e-01 
9.889999999999999902e-01 9.889999999999999902e-01 9.889999999999999902e-01 9.889999999999999902e-01 9.889999999999999902e-01 9.889999999999999902e-01 9.889999999999999902e-01 9.889999999999999902e-01 9.889999999999999902e-01 9.889999999999999902e-01 9.889999999999999902e-01 9.889999999999999902e-01 9.889999999999999902e-01 9.889999999999999902e-01 9.889999999999999902e-01 9.889999999999999902e-01 9.889999999999999902e-01 9.889999999999999902e-01 9.889999999999999902e-01 9.893999999999999462e-01 9.893999999999999462e-01 9.893999999999999462e-01 9.893999999999999462e-01 9.893999999999999462e-01 9.893999999999999462e-01 9.893999999999999462e-01 9.893999999999999462e-01 9.893999999999999462e-01 9.893999999999999462e-01 9.893999999999999462e-01 9.893999999999999462e-01 9.893999999999999462e-01 9.893999999999999462e-01 9.893999999999999462e-01 9.893999999999999462e-01 9.893999999999999462e-01 9.893999999999999462e-01 9.893999999999999462e-01 
9.891999999999999682e-01 9.891999999999999682e-01 9.891999999999999682e-01 9.891999999999999682e-01 9.891999999999999682e-01 9.891999999999999682e-01 9.891999999999999682e-01 9.891999999999999682e-01 9.891999999999999682e-01 9.891999999999999682e-01 9.891999999999999682e-01 9.891999999999999682e-01 9.891999999999999682e-01 9.891999999999999682e-01 9.891999999999999682e-01 9.891999999999999682e-01 9.891999999999999682e-01 9.891999999999999682e-01 9.891999999999999682e-01 9.893999999999999462e-01 9.893999999999999462e-01 9.893999999999999462e-01 9.893999999999999462e-01 9.893999999999999462e-01 9.893999999999999462e-01 9.893999999999999462e-01 9.893999999999999462e-01 9.893999999999999462e-01 9.893999999999999462e-01 9.893999999999999462e-01 9.893999999999999462e-01 9.893999999999999462e-01 9.893999999999999462e-01 9.893999999999999462e-01 9.893999999999999462e-01 9.893999999999999462e-01 9.893999999999999462e-01 9.893999999999999462e-01 
9.898000000000000131e-01 9.898000000000000131e-01 9.898000000000000131e-01 9.898000000000000131e-01 9.898000000000000131e-01 9.898000000000000131e-01 9.898000000000000131e-01 9.898000000000000131e-01 9.898000000000000131e-01 9.898000000000000131e-01 9.898000000000000131e-01 9.898000000000000131e-01 9.898000000000000131e-01 9.898000000000000131e-01 9.898000000000000131e-01 9.898000000000000131e-01 9.898000000000000131e-01 9.898000000000000131e-01 9.898000000000000131e-01 9.888000000000000123e-01 9.888000000000000123e-01 9.888000000000000123e-01 9.888000000000000123e-01 9.888000000000000123e-01 9.888000000000000123e-01 9.888000000000000123e-01 9.888000000000000123e-01 9.888000000000000123e-01 9.888000000000000123e-01 9.888000000000000123e-01 9.888000000000000123e-01 9.888000000000000123e-01 9.888000000000000123e-01 9.888000000000000123e-01 9.888000000000000123e-01 9.888000000000000123e-01 9.888000000000000123e-01 9.888000000000000123e-01 
9.893999999999999462e-01 9.893999999999999462e-01 9.893999999999999462e-01 9.893999999999999462e-01 9.893999999999999462e-01 9.893999999999999462e-01 9.893999999999999462e-01 9.893999999999999462e-01 9.893999999999999462e-01 9.893999999999999462e-01 9.893999999999999462e-01 9.893999999999999462e-01 9.893999999999999462e-01 9.893999999999999462e-01 9.893999999999999462e-01 9.893999999999999462e-01 9.893999999999999462e-01 9.893999999999999462e-01 9.893999999999999462e-01 9.899999999999999911e-01 9.899999999999999911e-01 9.899999999999999911e-01 9.899999999999999911e-01 9.899999999999999911e-01 9.899999999999999911e-01 9.899999999999999911e-01 9.899999999999999911e-01 9.899999999999999911e-01 9.899999999999999911e-01 9.899999999999999911e-01 9.899999999999999911e-01 9.899999999999999911e-01 9.899999999999999911e-01 9.899999999999999911e-01 9.899999999999999911e-01 9.899999999999999911e-01 9.899999999999999911e-01 9.899999999999999911e-01 
9.913999999999999480e-01 9.913999999999999480e-01 9.913999999999999480e-01 9.913999999999999480e-01 9.913999999999999480e-01 9.913999999999999480e-01 9.913999999999999480e-01 9.913999999999999480e-01 9.913999999999999480e-01 9.913999999999999480e-01 9.913999999999999480e-01 9.913999999999999480e-01 9.913999999999999480e-01 9.913999999999999480e-01 9.913999999999999480e-01 9.913999999999999480e-01 9.913999999999999480e-01 9.913999999999999480e-01 9.913999999999999480e-01 9.888000000000000123e-01 9.888000000000000123e-01 9.888000000000000123e-01 9.888000000000000123e-01 9.888000000000000123e-01 9.888000000000000123e-01 9.888000000000000123e-01 9.888000000000000123e-01 9.888000000000000123e-01 9.888000000000000123e-01 9.888000000000000123e-01 9.888000000000000123e-01 9.888000000000000123e-01 9.888000000000000123e-01 9.888000000000000123e-01 9.888000000000000123e-01 9.888000000000000123e-01 9.888000000000000123e-01 9.888000000000000123e-01 
9.889999999999999902e-01 9.889999999999999902e-01 9.889999999999999902e-01 9.889999999999999902e-01 9.889999999999999902e-01 9.889999999999999902e-01 9.889999999999999902e-01 9.889999999999999902e-01 9.889999999999999902e-01 9.889999999999999902e-01 9.889999999999999902e-01 9.889999999999999902e-01 9.889999999999999902e-01 9.889999999999999902e-01 9.889999999999999902e-01 9.889999999999999902e-01 9.889999999999999902e-01 9.889999999999999902e-01 9.889999999999999902e-01 9.916000000000000369e-01 9.916000000000000369e-01 9.916000000000000369e-01 9.916000000000000369e-01 9.916000000000000369e-01 9.916000000000000369e-01 9.916000000000000369e-01 9.916000000000000369e-01 9.916000000000000369e-01 9.916000000000000369e-01 9.916000000000000369e-01 9.916000000000000369e-01 9.916000000000000369e-01 9.916000000000000369e-01 9.916000000000000369e-01 9.916000000000000369e-01 9.916000000000000369e-01 9.916000000000000369e-01 9.916000000000000369e-01 
9.919999999999999929e-01 9.919999999999999929e-01 9.919999999999999929e-01 9.919999999999999929e-01 9.919999999999999929e-01 9.919999999999999929e-01 9.919999999999999929e-01 9.919999999999999929e-01 9.919999999999999929e-01 9.919999999999999929e-01 9.919999999999999929e-01 9.919999999999999929e-01 9.919999999999999929e-01 9.919999999999999929e-01 9.919999999999999929e-01 9.919999999999999929e-01 9.919999999999999929e-01 9.919999999999999929e-01 9.919999999999999929e-01 9.891999999999999682e-01 9.891999999999999682e-01 9.891999999999999682e-01 9.891999999999999682e-01 9.891999999999999682e-01 9.891999999999999682e-01 9.891999999999999682e-01 9.891999999999999682e-01 9.891999999999999682e-01 9.891999999999999682e-01 9.891999999999999682e-01 9.891999999999999682e-01 9.891999999999999682e-01 9.891999999999999682e-01 9.891999999999999682e-01 9.891999999999999682e-01 9.891999999999999682e-01 9.891999999999999682e-01 9.891999999999999682e-01 
9.903999999999999471e-01 9.903999999999999471e-01 9.903999999999999471e-01 9.903999999999999471e-01 9.903999999999999471e-01 9.903999999999999471e-01 9.903999999999999471e-01 9.903999999999999471e-01 9.903999999999999471e-01 9.903999999999999471e-01 9.903999999999999471e-01 9.903999999999999471e-01 9.903999999999999471e-01 9.903999999999999471e-01 9.903999999999999471e-01 9.903999999999999471e-01 9.903999999999999471e-01 9.903999999999999471e-01 9.903999999999999471e-01 9.913999999999999480e-01 9.913999999999999480e-01 9.913999999999999480e-01 9.913999999999999480e-01 9.913999999999999480e-01 9.913999999999999480e-01 9.913999999999999480e-01 9.913999999999999480e-01 9.913999999999999480e-01 9.913999999999999480e-01 9.913999999999999480e-01 9.913999999999999480e-01 9.913999999999999480e-01 9.913999999999999480e-01 9.913999999999999480e-01 9.913999999999999480e-01 9.913999999999999480e-01 9.913999999999999480e-01 9.913999999999999480e-01 
9.921999999999999709e-01 9.921999999999999709e-01 9.921999999999999709e-01 9.921999999999999709e-01 9.921999999999999709e-01 9.921999999999999709e-01 9.921999999999999709e-01 9.921999999999999709e-01 9.921999999999999709e-01 9.921999999999999709e-01 9.921999999999999709e-01 9.921999999999999709e-01 9.921999999999999709e-01 9.921999999999999709e-01 9.921999999999999709e-01 9.921999999999999709e-01 9.921999999999999709e-01 9.921999999999999709e-01 9.921999999999999709e-01 9.903999999999999471e-01 9.903999999999999471e-01 9.903999999999999471e-01 9.903999999999999471e-01 9.903999999999999471e-01 9.903999999999999471e-01 9.903999999999999471e-01 9.903999999999999471e-01 9.903999999999999471e-01 9.903999999999999471e-01 9.903999999999999471e-01 9.903999999999999471e-01 9.903999999999999471e-01 9.903999999999999471e-01 9.903999999999999471e-01 9.903999999999999471e-01 9.903999999999999471e-01 9.903999999999999471e-01 9.903999999999999471e-01 
9.911999999999999700e-01 9.911999999999999700e-01 9.911999999999999700e-01 9.911999999999999700e-01 9.911999999999999700e-01 9.911999999999999700e-01 9.911999999999999700e-01 9.911999999999999700e-01 9.911999999999999700e-01 9.911999999999999700e-01 9.911999999999999700e-01 9.911999999999999700e-01 9.911999999999999700e-01 9.911999999999999700e-01 9.911999999999999700e-01 9.911999999999999700e-01 9.911999999999999700e-01 9.911999999999999700e-01 9.911999999999999700e-01 9.916000000000000369e-01 9.916000000000000369e-01 9.916000000000000369e-01 9.916000000000000369e-01 9.916000000000000369e-01 9.916000000000000369e-01 9.916000000000000369e-01 9.916000000000000369e-01 9.916000000000000369e-01 9.916000000000000369e-01 9.916000000000000369e-01 9.916000000000000369e-01 9.916000000000000369e-01 9.916000000000000369e-01 9.916000000000000369e-01 9.916000000000000369e-01 9.916000000000000369e-01 9.916000000000000369e-01 9.916000000000000369e-01 
9.926000000000000378e-01 9.926000000000000378e-01 9.926000000000000378e-01 9.926000000000000378e-01 9.926000000000000378e-01 9.926000000000000378e-01 9.926000000000000378e-01 9.926000000000000378e-01 9.926000000000000378e-01 9.926000000000000378e-01 9.926000000000000378e-01 9.926000000000000378e-01 9.926000000000000378e-01 9.926000000000000378e-01 9.926000000000000378e-01 9.926000000000000378e-01 9.926000000000000378e-01 9.926000000000000378e-01 9.926000000000000378e-01 9.911999999999999700e-01 9.911999999999999700e-01 9.911999999999999700e-01 9.911999999999999700e-01 9.911999999999999700e-01 9.911999999999999700e-01 9.911999999999999700e-01 9.911999999999999700e-01 9.911999999999999700e-01 9.911999999999999700e-01 9.911999999999999700e-01 9.911999999999999700e-01 9.911999999999999700e-01 9.911999999999999700e-01 9.911999999999999700e-01 9.911999999999999700e-01 9.911999999999999700e-01 9.911999999999999700e-01 9.911999999999999700e-01 
9.929999999999999938e-01 9.929999999999999938e-01 9.929999999999999938e-01 9.929999999999999938e-01 9.929999999999999938e-01 9.929999999999999938e-01 9.929999999999999938e-01 9.929999999999999938e-01 9.929999999999999938e-01 9.929999999999999938e-01 9.929999999999999938e-01 9.929999999999999938e-01 9.929999999999999938e-01 9.929999999999999938e-01 9.929999999999999938e-01 9.929999999999999938e-01 9.929999999999999938e-01 9.929999999999999938e-01 9.929999999999999938e-01 9.916000000000000369e-01 9.916000000000000369e-01 9.916000000000000369e-01 9.916000000000000369e-01 9.916000000000000369e-01 9.916000000000000369e-01 9.916000000000000369e-01 9.916000000000000369e-01 9.916000000000000369e-01 9.916000000000000369e-01 9.916000000000000369e-01 9.916000000000000369e-01 9.916000000000000369e-01 9.916000000000000369e-01 9.916000000000000369e-01 9.916000000000000369e-01 9.916000000000000369e-01 9.916000000000000369e-01 9.916000000000000369e-01 
9.928000000000000158e-01 9.928000000000000158e-01 9.928000000000000158e-01 9.928000000000000158e-01 9.928000000000000158e-01 9.928000000000000158e-01 9.928000000000000158e-01 9.928000000000000158e-01 9.928000000000000158e-01 9.928000000000000158e-01 9.928000000000000158e-01 9.928000000000000158e-01 9.928000000000000158e-01 9.928000000000000158e-01 9.928000000000000158e-01 9.928000000000000158e-01 9.928000000000000158e-01 9.928000000000000158e-01 9.928000000000000158e-01 9.921999999999999709e-01 9.921999999999999709e-01 9.921999999999999709e-01 9.921999999999999709e-01 9.921999999999999709e-01 9.921999999999999709e-01 9.921999999999999709e-01 9.921999999999999709e-01 9.921999999999999709e-01 9.921999999999999709e-01 9.921999999999999709e-01 9.921999999999999709e-01 9.921999999999999709e-01 9.921999999999999709e-01 9.921999999999999709e-01 9.921999999999999709e-01 9.921999999999999709e-01 9.921999999999999709e-01 9.921999999999999709e-01 
9.936000000000000387e-01 9.936000000000000387e-01 9.936000000000000387e-01 9.936000000000000387e-01 9.936000000000000387e-01 9.936000000000000387e-01 9.936000000000000387e-01 9.936000000000000387e-01 9.936000000000000387e-01 9.936000000000000387e-01 9.936000000000000387e-01 9.936000000000000387e-01 9.936000000000000387e-01 9.936000000000000387e-01 9.936000000000000387e-01 9.936000000000000387e-01 9.936000000000000387e-01 9.936000000000000387e-01 9.936000000000000387e-01 9.926000000000000378e-01 9.926000000000000378e-01 9.926000000000000378e-01 9.926000000000000378e-01 9.926000000000000378e-01 9.926000000000000378e-01 9.926000000000000378e-01 9.926000000000000378e-01 9.926000000000000378e-01 9.926000000000000378e-01 9.926000000000000378e-01 9.926000000000000378e-01 9.926000000000000378e-01 9.926000000000000378e-01 9.926000000000000378e-01 9.926000000000000378e-01 9.926000000000000378e-01 9.926000000000000378e-01 9.926000000000000378e-01 
9.926000000000000378e-01 9.926000000000000378e-01 9.926000000000000378e-01 9.926000000000000378e-01 9.926000000000000378e-01 9.926000000000000378e-01 9.926000000000000378e-01 9.926000000000000378e-01 9.926000000000000378e-01 9.926000000000000378e-01 9.926000000000000378e-01 9.926000000000000378e-01 9.926000000000000378e-01 9.926000000000000378e-01 9.926000000000000378e-01 9.926000000000000378e-01 9.926000000000000378e-01 9.926000000000000378e-01 9.926000000000000378e-01 9.936000000000000387e-01 9.936000000000000387e-01 9.936000000000000387e-01 9.936000000000000387e-01 9.936000000000000387e-01 9.936000000000000387e-01 9.936000000000000387e-01 9.936000000000000387e-01 9.936000000000000387e-01 9.936000000000000387e-01 9.936000000000000387e-01 9.936000000000000387e-01 9.936000000000000387e-01 9.936000000000000387e-01 9.936000000000000387e-01 9.936000000000000387e-01 9.936000000000000387e-01 9.936000000000000387e-01 9.936000000000000387e-01 
9.941999999999999726e-01 9.941999999999999726e-01 9.941999999999999726e-01 9.941999999999999726e-01 9.941999999999999726e-01 9.941999999999999726e-01 9.941999999999999726e-01 9.941999999999999726e-01 9.941999999999999726e-01 9.941999999999999726e-01 9.941999999999999726e-01 9.941999999999999726e-01 9.941999999999999726e-01 9.941999999999999726e-01 9.941999999999999726e-01 9.941999999999999726e-01 9.941999999999999726e-01 9.941999999999999726e-01 9.941999999999999726e-01 9.926000000000000378e-01 9.926000000000000378e-01 9.926000000000000378e-01 9.926000000000000378e-01 9.926000000000000378e-01 9.926000000000000378e-01 9.926000000000000378e-01 9.926000000000000378e-01 9.926000000000000378e-01 9.926000000000000378e-01 9.926000000000000378e-01 9.926000000000000378e-01 9.926000000000000378e-01 9.926000000000000378e-01 9.926000000000000378e-01 9.926000000000000378e-01 9.926000000000000378e-01 9.926000000000000378e-01 9.926000000000000378e-01 
9.933999999999999497e-01 9.933999999999999497e-01 9.933999999999999497e-01 9.933999999999999497e-01 9.933999999999999497e-01 9.933999999999999497e-01 9.933999999999999497e-01 9.933999999999999497e-01 9.933999999999999497e-01 9.933999999999999497e-01 9.933999999999999497e-01 9.933999999999999497e-01 9.933999999999999497e-01 9.933999999999999497e-01 9.933999999999999497e-01 9.933999999999999497e-01 9.933999999999999497e-01 9.933999999999999497e-01 9.933999999999999497e-01 9.931999999999999718e-01 9.931999999999999718e-01 9.931999999999999718e-01 9.931999999999999718e-01 9.931999999999999718e-01 9.931999999999999718e-01 9.931999999999999718e-01 9.931999999999999718e-01 9.931999999999999718e-01 9.931999999999999718e-01 9.931999999999999718e-01 9.931999999999999718e-01 9.931999999999999718e-01 9.931999999999999718e-01 9.931999999999999718e-01 9.931999999999999718e-01 9.931999999999999718e-01 9.931999999999999718e-01 9.931999999999999718e-01 
9.939999999999999947e-01 9.939999999999999947e-01 9.939999999999999947e-01 9.939999999999999947e-01 9.939999999999999947e-01 9.939999999999999947e-01 9.939999999999999947e-01 9.939999999999999947e-01 9.939999999999999947e-01 9.939999999999999947e-01 9.939999999999999947e-01 9.939999999999999947e-01 9.939999999999999947e-01 9.939999999999999947e-01 9.939999999999999947e-01 9.939999999999999947e-01 9.939999999999999947e-01 9.939999999999999947e-01 9.939999999999999947e-01 9.931999999999999718e-01 9.931999999999999718e-01 9.931999999999999718e-01 9.931999999999999718e-01 9.931999999999999718e-01 9.931999999999999718e-01 9.931999999999999718e-01 9.931999999999999718e-01 9.931999999999999718e-01 9.931999999999999718e-01 9.931999999999999718e-01 9.931999999999999718e-01 9.931999999999999718e-01 9.931999999999999718e-01 9.931999999999999718e-01 9.931999999999999718e-01 9.931999999999999718e-01 9.931999999999999718e-01 9.931999999999999718e-01 
9.941999999999999726e-01 9.941999999999999726e-01 9.941999999999999726e-01 9.941999999999999726e-01 9.941999999999999726e-01 9.941999999999999726e-01 9.941999999999999726e-01 9.941999999999999726e-01 9.941999999999999726e-01 9.941999999999999726e-01 9.941999999999999726e-01 9.941999999999999726e-01 9.941999999999999726e-01 9.941999999999999726e-01 9.941999999999999726e-01 9.941999999999999726e-01 9.941999999999999726e-01 9.941999999999999726e-01 9.941999999999999726e-01 9.931999999999999718e-01 9.931999999999999718e-01 9.931999999999999718e-01 9.931999999999999718e-01 9.931999999999999718e-01 9.931999999999999718e-01 9.931999999999999718e-01 9.931999999999999718e-01 9.931999999999999718e-01 9.931999999999999718e-01 9.931999999999999718e-01 9.931999999999999718e-01 9.931999999999999718e-01 9.931999999999999718e-01 9.931999999999999718e-01 9.931999999999999718e-01 9.931999999999999718e-01 9.931999999999999718e-01 9.931999999999999718e-01 
9.941999999999999726e-01 9.941999999999999726e-01 9.941999999999999726e-01 9.941999999999999726e-01 9.941999999999999726e-01 9.941999999999999726e-01 9.941999999999999726e-01 9.941999999999999726e-01 9.941999999999999726e-01 9.941999999999999726e-01 9.941999999999999726e-01 9.941999999999999726e-01 9.941999999999999726e-01 9.941999999999999726e-01 9.941999999999999726e-01 9.941999999999999726e-01 9.941999999999999726e-01 9.941999999999999726e-01 9.941999999999999726e-01 9.933999999999999497e-01 9.933999999999999497e-01 9.933999999999999497e-01 9.933999999999999497e-01 9.933999999999999497e-01 9.933999999999999497e-01 9.933999999999999497e-01 9.933999999999999497e-01 9.933999999999999497e-01 9.933999999999999497e-01 9.933999999999999497e-01 9.933999999999999497e-01 9.933999999999999497e-01 9.933999999999999497e-01 9.933999999999999497e-01 9.933999999999999497e-01 9.933999999999999497e-01 9.933999999999999497e-01 9.933999999999999497e-01 
9.939999999999999947e-01 9.939999999999999947e-01 9.939999999999999947e-01 9.939999999999999947e-01 9.939999999999999947e-01 9.939999999999999947e-01 9.939999999999999947e-01 9.939999999999999947e-01 9.939999999999999947e-01 9.939999999999999947e-01 9.939999999999999947e-01 9.939999999999999947e-01 9.939999999999999947e-01 9.939999999999999947e-01 9.939999999999999947e-01 9.939999999999999947e-01 9.939999999999999947e-01 9.939999999999999947e-01 9.939999999999999947e-01 9.943999999999999506e-01 9.943999999999999506e-01 9.943999999999999506e-01 9.943999999999999506e-01 9.943999999999999506e-01 9.943999999999999506e-01 9.943999999999999506e-01 9.943999999999999506e-01 9.943999999999999506e-01 9.943999999999999506e-01 9.943999999999999506e-01 9.943999999999999506e-01 9.943999999999999506e-01 9.943999999999999506e-01 9.943999999999999506e-01 9.943999999999999506e-01 9.943999999999999506e-01 9.943999999999999506e-01 9.943999999999999506e-01 
9.949999999999999956e-01 9.949999999999999956e-01 9.949999999999999956e-01 9.949999999999999956e-01 9.949999999999999956e-01 9.949999999999999956e-01 9.949999999999999956e-01 9.949999999999999956e-01 9.949999999999999956e-01 9.949999999999999956e-01 9.949999999999999956e-01 9.949999999999999956e-01 9.949999999999999956e-01 9.949999999999999956e-01 9.949999999999999956e-01 9.949999999999999956e-01 9.949999999999999956e-01 9.949999999999999956e-01 9.949999999999999956e-01 9.933999999999999497e-01 9.933999999999999497e-01 9.933999999999999497e-01 9.933999999999999497e-01 9.933999999999999497e-01 9.933999999999999497e-01 9.933999999999999497e-01 9.933999999999999497e-01 9.933999999999999497e-01 9.933999999999999497e-01 9.933999999999999497e-01 9.933999999999999497e-01 9.933999999999999497e-01 9.933999999999999497e-01 9.933999999999999497e-01 9.933999999999999497e-01 9.933999999999999497e-01 9.933999999999999497e-01 9.933999999999999497e-01 
9.949999999999999956e-01 9.949999999999999956e-01 9.949999999999999956e-01 9.949999999999999956e-01 9.949999999999999956e-01 9.949999999999999956e-01 9.949999999999999956e-01 9.949999999999999956e-01 9.949999999999999956e-01 9.949999999999999956e-01 9.949999999999999956e-01 9.949999999999999956e-01 9.949999999999999956e-01 9.949999999999999956e-01 9.949999999999999956e-01 9.949999999999999956e-01 9.949999999999999956e-01 9.949999999999999956e-01 9.949999999999999956e-01 9.936000000000000387e-01 9.936000000000000387e-01 9.936000000000000387e-01 9.936000000000000387e-01 9.936000000000000387e-01 9.936000000000000387e-01 9.936000000000000387e-01 9.936000000000000387e-01 9.936000000000000387e-01 9.936000000000000387e-01 9.936000000000000387e-01 9.936000000000000387e-01 9.936000000000000387e-01 9.936000000000000387e-01 9.936000000000000387e-01 9.936000000000000387e-01 9.936000000000000387e-01 9.936000000000000387e-01 9.936000000000000387e-01 
9.949999999999999956e-01 9.949999999999999956e-01 9.949999999999999956e-01 9.949999999999999956e-01 9.949999999999999956e-01 9.949999999999999956e-01 9.949999999999999956e-01 9.949999999999999956e-01 9.949999999999999956e-01 9.949999999999999956e-01 9.949999999999999956e-01 9.949999999999999956e-01 9.949999999999999956e-01 9.949999999999999956e-01 9.949999999999999956e-01 9.949999999999999956e-01 9.949999999999999956e-01 9.949999999999999956e-01 9.949999999999999956e-01 9.946000000000000396e-01 9.946000000000000396e-01 9.946000000000000396e-01 9.946000000000000396e-01 9.946000000000000396e-01 9.946000000000000396e-01 9.946000000000000396e-01 9.946000000000000396e-01 9.946000000000000396e-01 9.946000000000000396e-01 9.946000000000000396e-01 9.946000000000000396e-01 9.946000000000000396e-01 9.946000000000000396e-01 9.946000000000000396e-01 9.946000000000000396e-01 9.946000000000000396e-01 9.946000000000000396e-01 9.946000000000000396e-01 
9.953999999999999515e-01 9.953999999999999515e-01 9.953999999999999515e-01 9.953999999999999515e-01 9.953999999999999515e-01 9.953999999999999515e-01 9.953999999999999515e-01 9.953999999999999515e-01 9.953999999999999515e-01 9.953999999999999515e-01 9.953999999999999515e-01 9.953999999999999515e-01 9.953999999999999515e-01 9.953999999999999515e-01 9.953999999999999515e-01 9.953999999999999515e-01 9.953999999999999515e-01 9.953999999999999515e-01 9.953999999999999515e-01 9.936000000000000387e-01 9.936000000000000387e-01 9.936000000000000387e-01 9.936000000000000387e-01 9.936000000000000387e-01 9.936000000000000387e-01 9.936000000000000387e-01 9.936000000000000387e-01 9.936000000000000387e-01 9.936000000000000387e-01 9.936000000000000387e-01 9.936000000000000387e-01 9.936000000000000387e-01 9.936000000000000387e-01 9.936000000000000387e-01 9.936000000000000387e-01 9.936000000000000387e-01 9.936000000000000387e-01 9.936000000000000387e-01 
9.949999999999999956e-01 9.949999999999999956e-01 9.949999999999999956e-01 9.949999999999999956e-01 9.949999999999999956e-01 9.949999999999999956e-01 9.949999999999999956e-01 9.949999999999999956e-01 9.949999999999999956e-01 9.949999999999999956e-01 9.949999999999999956e-01 9.949999999999999956e-01 9.949999999999999956e-01 9.949999999999999956e-01 9.949999999999999956e-01 9.949999999999999956e-01 9.949999999999999956e-01 9.949999999999999956e-01 9.949999999999999956e-01 9.953999999999999515e-01 9.953999999999999515e-01 9.953999999999999515e-01 9.953999999999999515e-01 9.953999999999999515e-01 9.953999999999999515e-01 9.953999999999999515e-01 9.953999999999999515e-01 9.953999999999999515e-01 9.953999999999999515e-01 9.953999999999999515e-01 9.953999999999999515e-01 9.953999999999999515e-01 9.953999999999999515e-01 9.953999999999999515e-01 9.953999999999999515e-01 9.953999999999999515e-01 9.953999999999999515e-01 9.953999999999999515e-01 
9.949999999999999956e-01 9.949999999999999956e-01 9.949999999999999956e-01 9.949999999999999956e-01 9.949999999999999956e-01 9.949999999999999956e-01 9.949999999999999956e-01 9.949999999999999956e-01 9.949999999999999956e-01 9.949999999999999956e-01 9.949999999999999956e-01 9.949999999999999956e-01 9.949999999999999956e-01 9.949999999999999956e-01 9.949999999999999956e-01 9.949999999999999956e-01 9.949999999999999956e-01 9.949999999999999956e-01 9.949999999999999956e-01 9.956000000000000405e-01 9.956000000000000405e-01 9.956000000000000405e-01 9.956000000000000405e-01 9.956000000000000405e-01 9.956000000000000405e-01 9.956000000000000405e-01 9.956000000000000405e-01 9.956000000000000405e-01 9.956000000000000405e-01 9.956000000000000405e-01 9.956000000000000405e-01 9.956000000000000405e-01 9.956000000000000405e-01 9.956000000000000405e-01 9.956000000000000405e-01 9.956000000000000405e-01 9.956000000000000405e-01 9.956000000000000405e-01 
9.951999999999999735e-01 9.951999999999999735e-01 9.951999999999999735e-01 9.951999999999999735e-01 9.951999999999999735e-01 9.951999999999999735e-01 9.951999999999999735e-01 9.951999999999999735e-01 9.951999999999999735e-01 9.951999999999999735e-01 9.951999999999999735e-01 9.951999999999999735e-01 9.951999999999999735e-01 9.951999999999999735e-01 9.951999999999999735e-01 9.951999999999999735e-01 9.951999999999999735e-01 9.951999999999999735e-01 9.951999999999999735e-01 9.956000000000000405e-01 9.956000000000000405e-01 9.956000000000000405e-01 9.956000000000000405e-01 9.956000000000000405e-01 9.956000000000000405e-01 9.956000000000000405e-01 9.956000000000000405e-01 9.956000000000000405e-01 9.956000000000000405e-01 9.956000000000000405e-01 9.956000000000000405e-01 9.956000000000000405e-01 9.956000000000000405e-01 9.956000000000000405e-01 9.956000000000000405e-01 9.956000000000000405e-01 9.956000000000000405e-01 9.956000000000000405e-01 
9.951999999999999735e-01 9.951999999999999735e-01 9.951999999999999735e-01 9.951999999999999735e-01 9.951999999999999735e-01 9.951999999999999735e-01 9.951999999999999735e-01 9.951999999999999735e-01 9.951999999999999735e-01 9.951999999999999735e-01 9.951999999999999735e-01 9.951999999999999735e-01 9.951999999999999735e-01 9.951999999999999735e-01 9.951999999999999735e-01 9.951999999999999735e-01 9.951999999999999735e-01 9.951999999999999735e-01 9.951999999999999735e-01 9.956000000000000405e-01 9.956000000000000405e-01 9.956000000000000405e-01 9.956000000000000405e-01 9.956000000000000405e-01 9.956000000000000405e-01 9.956000000000000405e-01 9.956000000000000405e-01 9.956000000000000405e-01 9.956000000000000405e-01 9.956000000000000405e-01 9.956000000000000405e-01 9.956000000000000405e-01 9.956000000000000405e-01 9.956000000000000405e-01 9.956000000000000405e-01 9.956000000000000405e-01 9.956000000000000405e-01 9.956000000000000405e-01 
9.953999999999999515e-01 9.953999999999999515e-01 9.953999999999999515e-01 9.953999999999999515e-01 9.953999999999999515e-01 9.953999999999999515e-01 9.953999999999999515e-01 9.953999999999999515e-01 9.953999999999999515e-01 9.953999999999999515e-01 9.953999999999999515e-01 9.953999999999999515e-01 9.953999999999999515e-01 9.953999999999999515e-01 9.953999999999999515e-01 9.953999999999999515e-01 9.953999999999999515e-01 9.953999999999999515e-01 9.953999999999999515e-01 9.958000000000000185e-01 9.958000000000000185e-01 9.958000000000000185e-01 9.958000000000000185e-01 9.958000000000000185e-01 9.958000000000000185e-01 9.958000000000000185e-01 9.958000000000000185e-01 9.958000000000000185e-01 9.958000000000000185e-01 9.958000000000000185e-01 9.958000000000000185e-01 9.958000000000000185e-01 9.958000000000000185e-01 9.958000000000000185e-01 9.958000000000000185e-01 9.958000000000000185e-01 9.958000000000000185e-01 9.958000000000000185e-01 
9.958000000000000185e-01 9.958000000000000185e-01 9.958000000000000185e-01 9.958000000000000185e-01 9.958000000000000185e-01 9.958000000000000185e-01 9.958000000000000185e-01 9.958000000000000185e-01 9.958000000000000185e-01 9.958000000000000185e-01 9.958000000000000185e-01 9.958000000000000185e-01 9.958000000000000185e-01 9.958000000000000185e-01 9.958000000000000185e-01 9.958000000000000185e-01 9.958000000000000185e-01 9.958000000000000185e-01 9.958000000000000185e-01 9.961999999999999744e-01 9.961999999999999744e-01 9.961999999999999744e-01 9.961999999999999744e-01 9.961999999999999744e-01 9.961999999999999744e-01 9.961999999999999744e-01 9.961999999999999744e-01 9.961999999999999744e-01 9.961999999999999744e-01 9.961999999999999744e-01 9.961999999999999744e-01 9.961999999999999744e-01 9.961999999999999744e-01 9.961999999999999744e-01 9.961999999999999744e-01 9.961999999999999744e-01 9.961999999999999744e-01 9.961999999999999744e-01 
9.958000000000000185e-01 9.958000000000000185e-01 9.958000000000000185e-01 9.958000000000000185e-01 9.958000000000000185e-01 9.958000000000000185e-01 9.958000000000000185e-01 9.958000000000000185e-01 9.958000000000000185e-01 9.958000000000000185e-01 9.958000000000000185e-01 9.958000000000000185e-01 9.958000000000000185e-01 9.958000000000000185e-01 9.958000000000000185e-01 9.958000000000000185e-01 9.958000000000000185e-01 9.958000000000000185e-01 9.958000000000000185e-01 9.963999999999999524e-01 9.963999999999999524e-01 9.963999999999999524e-01 9.963999999999999524e-01 9.963999999999999524e-01 9.963999999999999524e-01 9.963999999999999524e-01 9.963999999999999524e-01 9.963999999999999524e-01 9.963999999999999524e-01 9.963999999999999524e-01 9.963999999999999524e-01 9.963999999999999524e-01 9.963999999999999524e-01 9.963999999999999524e-01 9.963999999999999524e-01 9.963999999999999524e-01 9.963999999999999524e-01 9.963999999999999524e-01 
9.961999999999999744e-01 9.961999999999999744e-01 9.961999999999999744e-01 9.961999999999999744e-01 9.961999999999999744e-01 9.961999999999999744e-01 9.961999999999999744e-01 9.961999999999999744e-01 9.961999999999999744e-01 9.961999999999999744e-01 9.961999999999999744e-01 9.961999999999999744e-01 9.961999999999999744e-01 9.961999999999999744e-01 9.961999999999999744e-01 9.961999999999999744e-01 9.961999999999999744e-01 9.961999999999999744e-01 9.961999999999999744e-01 9.953999999999999515e-01 9.953999999999999515e-01 9.953999999999999515e-01 9.953999999999999515e-01 9.953999999999999515e-01 9.953999999999999515e-01 9.953999999999999515e-01 9.953999999999999515e-01 9.953999999999999515e-01 9.953999999999999515e-01 9.953999999999999515e-01 9.953999999999999515e-01 9.953999999999999515e-01 9.953999999999999515e-01 9.953999999999999515e-01 9.953999999999999515e-01 9.953999999999999515e-01 9.953999999999999515e-01 9.953999999999999515e-01 
9.958000000000000185e-01 9.958000000000000185e-01 9.958000000000000185e-01 9.958000000000000185e-01 9.958000000000000185e-01 9.958000000000000185e-01 9.958000000000000185e-01 9.958000000000000185e-01 9.958000000000000185e-01 9.958000000000000185e-01 9.958000000000000185e-01 9.958000000000000185e-01 9.958000000000000185e-01 9.958000000000000185e-01 9.958000000000000185e-01 9.958000000000000185e-01 9.958000000000000185e-01 9.958000000000000185e-01 9.958000000000000185e-01 9.968000000000000194e-01 9.968000000000000194e-01 9.968000000000000194e-01 9.968000000000000194e-01 9.968000000000000194e-01 9.968000000000000194e-01 9.968000000000000194e-01 9.968000000000000194e-01 9.968000000000000194e-01 9.968000000000000194e-01 9.968000000000000194e-01 9.968000000000000194e-01 9.968000000000000194e-01 9.968000000000000194e-01 9.968000000000000194e-01 9.968000000000000194e-01 9.968000000000000194e-01 9.968000000000000194e-01 9.968000000000000194e-01 
9.968000000000000194e-01 9.968000000000000194e-01 9.968000000000000194e-01 9.968000000000000194e-01 9.968000000000000194e-01 9.968000000000000194e-01 9.968000000000000194e-01 9.968000000000000194e-01 9.968000000000000194e-01 9.968000000000000194e-01 9.968000000000000194e-01 9.968000000000000194e-01 9.968000000000000194e-01 9.968000000000000194e-01 9.968000000000000194e-01 9.968000000000000194e-01 9.968000000000000194e-01 9.968000000000000194e-01 9.968000000000000194e-01 9.949999999999999956e-01 9.949999999999999956e-01 9.949999999999999956e-01 9.949999999999999956e-01 9.949999999999999956e-01 9.949999999999999956e-01 9.949999999999999956e-01 9.949999999999999956e-01 9.949999999999999956e-01 9.949999999999999956e-01 9.949999999999999956e-01 9.949999999999999956e-01 9.949999999999999956e-01 9.949999999999999956e-01 9.949999999999999956e-01 9.949999999999999956e-01 9.949999999999999956e-01 9.949999999999999956e-01 9.949999999999999956e-01 
9.958000000000000185e-01 9.958000000000000185e-01 9.958000000000000185e-01 9.958000000000000185e-01 9.958000000000000185e-01 9.958000000000000185e-01 9.958000000000000185e-01 9.958000000000000185e-01 9.958000000000000185e-01 9.958000000000000185e-01 9.958000000000000185e-01 9.958000000000000185e-01 9.958000000000000185e-01 9.958000000000000185e-01 9.958000000000000185e-01 9.958000000000000185e-01 9.958000000000000185e-01 9.958000000000000185e-01 9.958000000000000185e-01 9.969999999999999973e-01 9.969999999999999973e-01 9.969999999999999973e-01 9.969999999999999973e-01 9.969999999999999973e-01 9.969999999999999973e-01 9.969999999999999973e-01 9.969999999999999973e-01 9.969999999999999973e-01 9.969999999999999973e-01 9.969999999999999973e-01 9.969999999999999973e-01 9.969999999999999973e-01 9.969999999999999973e-01 9.969999999999999973e-01 9.969999999999999973e-01 9.969999999999999973e-01 9.969999999999999973e-01 9.969999999999999973e-01 
9.959999999999999964e-01 9.959999999999999964e-01 9.959999999999999964e-01 9.959999999999999964e-01 9.959999999999999964e-01 9.959999999999999964e-01 9.959999999999999964e-01 9.959999999999999964e-01 9.959999999999999964e-01 9.959999999999999964e-01 9.959999999999999964e-01 9.959999999999999964e-01 9.959999999999999964e-01 9.959999999999999964e-01 9.959999999999999964e-01 9.959999999999999964e-01 9.959999999999999964e-01 9.959999999999999964e-01 9.959999999999999964e-01 9.969999999999999973e-01 9.969999999999999973e-01 9.969999999999999973e-01 9.969999999999999973e-01 9.969999999999999973e-01 9.969999999999999973e-01 9.969999999999999973e-01 9.969999999999999973e-01 9.969999999999999973e-01 9.969999999999999973e-01 9.969999999999999973e-01 9.969999999999999973e-01 9.969999999999999973e-01 9.969999999999999973e-01 9.969999999999999973e-01 9.969999999999999973e-01 9.969999999999999973e-01 9.969999999999999973e-01 9.969999999999999973e-01 
9.966000000000000414e-01 9.966000000000000414e-01 9.966000000000000414e-01 9.966000000000000414e-01 9.966000000000000414e-01 9.966000000000000414e-01 9.966000000000000414e-01 9.966000000000000414e-01 9.966000000000000414e-01 9.966000000000000414e-01 9.966000000000000414e-01 9.966000000000000414e-01 9.966000000000000414e-01 9.966000000000000414e-01 9.966000000000000414e-01 9.966000000000000414e-01 9.966000000000000414e-01 9.966000000000000414e-01 9.966000000000000414e-01 9.966000000000000414e-01 9.966000000000000414e-01 9.966000000000000414e-01 9.966000000000000414e-01 9.966000000000000414e-01 9.966000000000000414e-01 9.966000000000000414e-01 9.966000000000000414e-01 9.966000000000000414e-01 9.966000000000000414e-01 9.966000000000000414e-01 9.966000000000000414e-01 9.966000000000000414e-01 9.966000000000000414e-01 9.966000000000000414e-01 9.966000000000000414e-01 9.966000000000000414e-01 9.966000000000000414e-01 9.966000000000000414e-01 
9.961999999999999744e-01 9.961999999999999744e-01 9.961999999999999744e-01 9.961999999999999744e-01 9.961999999999999744e-01 9.961999999999999744e-01 9.961999999999999744e-01 9.961999999999999744e-01 9.961999999999999744e-01 9.961999999999999744e-01 9.961999999999999744e-01 9.961999999999999744e-01 9.961999999999999744e-01 9.961999999999999744e-01 9.961999999999999744e-01 9.961999999999999744e-01 9.961999999999999744e-01 9.961999999999999744e-01 9.961999999999999744e-01 9.969999999999999973e-01 9.969999999999999973e-01 9.969999999999999973e-01 9.969999999999999973e-01 9.969999999999999973e-01 9.969999999999999973e-01 9.969999999999999973e-01 9.969999999999999973e-01 9.969999999999999973e-01 9.969999999999999973e-01 9.969999999999999973e-01 9.969999999999999973e-01 9.969999999999999973e-01 9.969999999999999973e-01 9.969999999999999973e-01 9.969999999999999973e-01 9.969999999999999973e-01 9.969999999999999973e-01 9.969999999999999973e-01 
9.966000000000000414e-01 9.966000000000000414e-01 9.966000000000000414e-01 9.966000000000000414e-01 9.966000000000000414e-01 9.966000000000000414e-01 9.966000000000000414e-01 9.966000000000000414e-01 9.966000000000000414e-01 9.966000000000000414e-01 9.966000000000000414e-01 9.966000000000000414e-01 9.966000000000000414e-01 9.966000000000000414e-01 9.966000000000000414e-01 9.966000000000000414e-01 9.966000000000000414e-01 9.966000000000000414e-01 9.966000000000000414e-01 9.969999999999999973e-01 9.969999999999999973e-01 9.969999999999999973e-01 9.969999999999999973e-01 9.969999999999999973e-01 9.969999999999999973e-01 9.969999999999999973e-01 9.969999999999999973e-01 9.969999999999999973e-01 9.969999999999999973e-01 9.969999999999999973e-01 9.969999999999999973e-01 9.969999999999999973e-01 9.969999999999999973e-01 9.969999999999999973e-01 9.969999999999999973e-01 9.969999999999999973e-01 9.969999999999999973e-01 9.969999999999999973e-01 
9.966000000000000414e-01 9.966000000000000414e-01 9.966000000000000414e-01 9.966000000000000414e-01 9.966000000000000414e-01 9.966000000000000414e-01 9.966000000000000414e-01 9.966000000000000414e-01 9.966000000000000414e-01 9.966000000000000414e-01 9.966000000000000414e-01 9.966000000000000414e-01 9.966000000000000414e-01 9.966000000000000414e-01 9.966000000000000414e-01 9.966000000000000414e-01 9.966000000000000414e-01 9.966000000000000414e-01 9.966000000000000414e-01 9.969999999999999973e-01 9.969999999999999973e-01 9.969999999999999973e-01 9.969999999999999973e-01 9.969999999999999973e-01 9.969999999999999973e-01 9.969999999999999973e-01 9.969999999999999973e-01 9.969999999999999973e-01 9.969999999999999973e-01 9.969999999999999973e-01 9.969999999999999973e-01 9.969999999999999973e-01 9.969999999999999973e-01 9.969999999999999973e-01 9.969999999999999973e-01 9.969999999999999973e-01 9.969999999999999973e-01 9.969999999999999973e-01 
9.966000000000000414e-01 9.966000000000000414e-01 9.966000000000000414e-01 9.966000000000000414e-01 9.966000000000000414e-01 9.966000000000000414e-01 9.966000000000000414e-01 9.966000000000000414e-01 9.966000000000000414e-01 9.966000000000000414e-01 9.966000000000000414e-01 9.966000000000000414e-01 9.966000000000000414e-01 9.966000000000000414e-01 9.966000000000000414e-01 9.966000000000000414e-01 9.966000000000000414e-01 9.966000000000000414e-01 9.966000000000000414e-01 9.969999999999999973e-01 9.969999999999999973e-01 9.969999999999999973e-01 9.969999999999999973e-01 9.969999999999999973e-01 9.969999999999999973e-01 9.969999999999999973e-01 9.969999999999999973e-01 9.969999999999999973e-01 9.969999999999999973e-01 9.969999999999999973e-01 9.969999999999999973e-01 9.969999999999999973e-01 9.969999999999999973e-01 9.969999999999999973e-01 9.969999999999999973e-01 9.969999999999999973e-01 9.969999999999999973e-01 9.969999999999999973e-01 
9.966000000000000414e-01 9.966000000000000414e-01 9.966000000000000414e-01 9.966000000000000414e-01 9.966000000000000414e-01 9.966000000000000414e-01 9.966000000000000414e-01 9.966000000000000414e-01 9.966000000000000414e-01 9.966000000000000414e-01 9.966000000000000414e-01 9.966000000000000414e-01 9.966000000000000414e-01 9.966000000000000414e-01 9.966000000000000414e-01 9.966000000000000414e-01 9.966000000000000414e-01 9.966000000000000414e-01 9.966000000000000414e-01 9.971999999999999753e-01 9.971999999999999753e-01 9.971999999999999753e-01 9.971999999999999753e-01 9.971999999999999753e-01 9.971999999999999753e-01 9.971999999999999753e-01 9.971999999999999753e-01 9.971999999999999753e-01 9.971999999999999753e-01 9.971999999999999753e-01 9.971999999999999753e-01 9.971999999999999753e-01 9.971999999999999753e-01 9.971999999999999753e-01 9.971999999999999753e-01 9.971999999999999753e-01 9.971999999999999753e-01 9.971999999999999753e-01 
9.968000000000000194e-01 9.968000000000000194e-01 9.968000000000000194e-01 9.968000000000000194e-01 9.968000000000000194e-01 9.968000000000000194e-01 9.968000000000000194e-01 9.968000000000000194e-01 9.968000000000000194e-01 9.968000000000000194e-01 9.968000000000000194e-01 9.968000000000000194e-01 9.968000000000000194e-01 9.968000000000000194e-01 9.968000000000000194e-01 9.968000000000000194e-01 9.968000000000000194e-01 9.968000000000000194e-01 9.968000000000000194e-01 9.969999999999999973e-01 9.969999999999999973e-01 9.969999999999999973e-01 9.969999999999999973e-01 9.969999999999999973e-01 9.969999999999999973e-01 9.969999999999999973e-01 9.969999999999999973e-01 9.969999999999999973e-01 9.969999999999999973e-01 9.969999999999999973e-01 9.969999999999999973e-01 9.969999999999999973e-01 9.969999999999999973e-01 9.969999999999999973e-01 9.969999999999999973e-01 9.969999999999999973e-01 9.969999999999999973e-01 9.969999999999999973e-01 
9.968000000000000194e-01 9.968000000000000194e-01 9.968000000000000194e-01 9.968000000000000194e-01 9.968000000000000194e-01 9.968000000000000194e-01 9.968000000000000194e-01 9.968000000000000194e-01 9.968000000000000194e-01 9.968000000000000194e-01 9.968000000000000194e-01 9.968000000000000194e-01 9.968000000000000194e-01 9.968000000000000194e-01 9.968000000000000194e-01 9.968000000000000194e-01 9.968000000000000194e-01 9.968000000000000194e-01 9.968000000000000194e-01 9.973999999999999533e-01 9.973999999999999533e-01 9.973999999999999533e-01 9.973999999999999533e-01 9.973999999999999533e-01 9.973999999999999533e-01 9.973999999999999533e-01 9.973999999999999533e-01 9.973999999999999533e-01 9.973999999999999533e-01 9.973999999999999533e-01 9.973999999999999533e-01 9.973999999999999533e-01 9.973999999999999533e-01 9.973999999999999533e-01 9.973999999999999533e-01 9.973999999999999533e-01 9.973999999999999533e-01 9.973999999999999533e-01 
9.968000000000000194e-01 9.968000000000000194e-01 9.968000000000000194e-01 9.968000000000000194e-01 9.968000000000000194e-01 9.968000000000000194e-01 9.968000000000000194e-01 9.968000000000000194e-01 9.968000000000000194e-01 9.968000000000000194e-01 9.968000000000000194e-01 9.968000000000000194e-01 9.968000000000000194e-01 9.968000000000000194e-01 9.968000000000000194e-01 9.968000000000000194e-01 9.968000000000000194e-01 9.968000000000000194e-01 9.968000000000000194e-01 9.973999999999999533e-01 9.973999999999999533e-01 9.973999999999999533e-01 9.973999999999999533e-01 9.973999999999999533e-01 9.973999999999999533e-01 9.973999999999999533e-01 9.973999999999999533e-01 9.973999999999999533e-01 9.973999999999999533e-01 9.973999999999999533e-01 9.973999999999999533e-01 9.973999999999999533e-01 9.973999999999999533e-01 9.973999999999999533e-01 9.973999999999999533e-01 9.973999999999999533e-01 9.973999999999999533e-01 9.973999999999999533e-01 
9.969999999999999973e-01 9.969999999999999973e-01 9.969999999999999973e-01 9.969999999999999973e-01 9.969999999999999973e-01 9.969999999999999973e-01 9.969999999999999973e-01 9.969999999999999973e-01 9.969999999999999973e-01 9.969999999999999973e-01 9.969999999999999973e-01 9.969999999999999973e-01 9.969999999999999973e-01 9.969999999999999973e-01 9.969999999999999973e-01 9.969999999999999973e-01 9.969999999999999973e-01 9.969999999999999973e-01 9.969999999999999973e-01 9.969999999999999973e-01 9.969999999999999973e-01 9.969999999999999973e-01 9.969999999999999973e-01 9.969999999999999973e-01 9.969999999999999973e-01 9.969999999999999973e-01 9.969999999999999973e-01 9.969999999999999973e-01 9.969999999999999973e-01 9.969999999999999973e-01 9.969999999999999973e-01 9.969999999999999973e-01 9.969999999999999973e-01 9.969999999999999973e-01 9.969999999999999973e-01 9.969999999999999973e-01 9.969999999999999973e-01 9.969999999999999973e-01 
9.968000000000000194e-01 9.968000000000000194e-01 9.968000000000000194e-01 9.968000000000000194e-01 9.968000000000000194e-01 9.968000000000000194e-01 9.968000000000000194e-01 9.968000000000000194e-01 9.968000000000000194e-01 9.968000000000000194e-01 9.968000000000000194e-01 9.968000000000000194e-01 9.968000000000000194e-01 9.968000000000000194e-01 9.968000000000000194e-01 9.968000000000000194e-01 9.968000000000000194e-01 9.968000000000000194e-01 9.968000000000000194e-01 9.973999999999999533e-01 9.973999999999999533e-01 9.973999999999999533e-01 9.973999999999999533e-01 9.973999999999999533e-01 9.973999999999999533e-01 9.973999999999999533e-01 9.973999999999999533e-01 9.973999999999999533e-01 9.973999999999999533e-01 9.973999999999999533e-01 9.973999999999999533e-01 9.973999999999999533e-01 9.973999999999999533e-01 9.973999999999999533e-01 9.973999999999999533e-01 9.973999999999999533e-01 9.973999999999999533e-01 9.973999999999999533e-01 
9.976000000000000423e-01 9.976000000000000423e-01 9.976000000000000423e-01 9.976000000000000423e-01 9.976000000000000423e-01 9.976000000000000423e-01 9.976000000000000423e-01 9.976000000000000423e-01 9.976000000000000423e-01 9.976000000000000423e-01 9.976000000000000423e-01 9.976000000000000423e-01 9.976000000000000423e-01 9.976000000000000423e-01 9.976000000000000423e-01 9.976000000000000423e-01 9.976000000000000423e-01 9.976000000000000423e-01 9.976000000000000423e-01 9.969999999999999973e-01 9.969999999999999973e-01 9.969999999999999973e-01 9.969999999999999973e-01 9.969999999999999973e-01 9.969999999999999973e-01 9.969999999999999973e-01 9.969999999999999973e-01 9.969999999999999973e-01 9.969999999999999973e-01 9.969999999999999973e-01 9.969999999999999973e-01 9.969999999999999973e-01 9.969999999999999973e-01 9.969999999999999973e-01 9.969999999999999973e-01 9.969999999999999973e-01 9.969999999999999973e-01 9.969999999999999973e-01 
9.968000000000000194e-01 9.968000000000000194e-01 9.968000000000000194e-01 9.968000000000000194e-01 9.968000000000000194e-01 9.968000000000000194e-01 9.968000000000000194e-01 9.968000000000000194e-01 9.968000000000000194e-01 9.968000000000000194e-01 9.968000000000000194e-01 9.968000000000000194e-01 9.968000000000000194e-01 9.968000000000000194e-01 9.968000000000000194e-01 9.968000000000000194e-01 9.968000000000000194e-01 9.968000000000000194e-01 9.968000000000000194e-01 9.978000000000000203e-01 9.978000000000000203e-01 9.978000000000000203e-01 9.978000000000000203e-01 9.978000000000000203e-01 9.978000000000000203e-01 9.978000000000000203e-01 9.978000000000000203e-01 9.978000000000000203e-01 9.978000000000000203e-01 9.978000000000000203e-01 9.978000000000000203e-01 9.978000000000000203e-01 9.978000000000000203e-01 9.978000000000000203e-01 9.978000000000000203e-01 9.978000000000000203e-01 9.978000000000000203e-01 9.978000000000000203e-01 
9.973999999999999533e-01 9.973999999999999533e-01 9.973999999999999533e-01 9.973999999999999533e-01 9.973999999999999533e-01 9.973999999999999533e-01 9.973999999999999533e-01 9.973999999999999533e-01 9.973999999999999533e-01 9.973999999999999533e-01 9.973999999999999533e-01 9.973999999999999533e-01 9.973999999999999533e-01 9.973999999999999533e-01 9.973999999999999533e-01 9.973999999999999533e-01 9.973999999999999533e-01 9.973999999999999533e-01 9.973999999999999533e-01 9.976000000000000423e-01 9.976000000000000423e-01 9.976000000000000423e-01 9.976000000000000423e-01 9.976000000000000423e-01 9.976000000000000423e-01 9.976000000000000423e-01 9.976000000000000423e-01 9.976000000000000423e-01 9.976000000000000423e-01 9.976000000000000423e-01 9.976000000000000423e-01 9.976000000000000423e-01 9.976000000000000423e-01 9.976000000000000423e-01 9.976000000000000423e-01 9.976000000000000423e-01 9.976000000000000423e-01 9.976000000000000423e-01 
9.971999999999999753e-01 9.971999999999999753e-01 9.971999999999999753e-01 9.971999999999999753e-01 9.971999999999999753e-01 9.971999999999999753e-01 9.971999999999999753e-01 9.971999999999999753e-01 9.971999999999999753e-01 9.971999999999999753e-01 9.971999999999999753e-01 9.971999999999999753e-01 9.971999999999999753e-01 9.971999999999999753e-01 9.971999999999999753e-01 9.971999999999999753e-01 9.971999999999999753e-01 9.971999999999999753e-01 9.971999999999999753e-01 9.978000000000000203e-01 9.978000000000000203e-01 9.978000000000000203e-01 9.978000000000000203e-01 9.978000000000000203e-01 9.978000000000000203e-01 9.978000000000000203e-01 9.978000000000000203e-01 9.978000000000000203e-01 9.978000000000000203e-01 9.978000000000000203e-01 9.978000000000000203e-01 9.978000000000000203e-01 9.978000000000000203e-01 9.978000000000000203e-01 9.978000000000000203e-01 9.978000000000000203e-01 9.978000000000000203e-01 9.978000000000000203e-01 
9.973999999999999533e-01 9.973999999999999533e-01 9.973999999999999533e-01 9.973999999999999533e-01 9.973999999999999533e-01 9.973999999999999533e-01 9.973999999999999533e-01 9.973999999999999533e-01 9.973999999999999533e-01 9.973999999999999533e-01 9.973999999999999533e-01 9.973999999999999533e-01 9.973999999999999533e-01 9.973999999999999533e-01 9.973999999999999533e-01 9.973999999999999533e-01 9.973999999999999533e-01 9.973999999999999533e-01 9.973999999999999533e-01 9.976000000000000423e-01 9.976000000000000423e-01 9.976000000000000423e-01 9.976000000000000423e-01 9.976000000000000423e-01 9.976000000000000423e-01 9.976000000000000423e-01 9.976000000000000423e-01 9.976000000000000423e-01 9.976000000000000423e-01 9.976000000000000423e-01 9.976000000000000423e-01 9.976000000000000423e-01 9.976000000000000423e-01 9.976000000000000423e-01 9.976000000000000423e-01 9.976000000000000423e-01 9.976000000000000423e-01 9.976000000000000423e-01 
9.968000000000000194e-01 9.968000000000000194e-01 9.968000000000000194e-01 9.968000000000000194e-01 9.968000000000000194e-01 9.968000000000000194e-01 9.968000000000000194e-01 9.968000000000000194e-01 9.968000000000000194e-01 9.968000000000000194e-01 9.968000000000000194e-01 9.968000000000000194e-01 9.968000000000000194e-01 9.968000000000000194e-01 9.968000000000000194e-01 9.968000000000000194e-01 9.968000000000000194e-01 9.968000000000000194e-01 9.968000000000000194e-01 9.978000000000000203e-01 9.978000000000000203e-01 9.978000000000000203e-01 9.978000000000000203e-01 9.978000000000000203e-01 9.978000000000000203e-01 9.978000000000000203e-01 9.978000000000000203e-01 9.978000000000000203e-01 9.978000000000000203e-01 9.978000000000000203e-01 9.978000000000000203e-01 9.978000000000000203e-01 9.978000000000000203e-01 9.978000000000000203e-01 9.978000000000000203e-01 9.978000000000000203e-01 9.978000000000000203e-01 9.978000000000000203e-01 
9.976000000000000423e-01 9.976000000000000423e-01 9.976000000000000423e-01 9.976000000000000423e-01 9.976000000000000423e-01 9.976000000000000423e-01 9.976000000000000423e-01 9.976000000000000423e-01 9.976000000000000423e-01 9.976000000000000423e-01 9.976000000000000423e-01 9.976000000000000423e-01 9.976000000000000423e-01 9.976000000000000423e-01 9.976000000000000423e-01 9.976000000000000423e-01 9.976000000000000423e-01 9.976000000000000423e-01 9.976000000000000423e-01 9.971999999999999753e-01 9.971999999999999753e-01 9.971999999999999753e-01 9.971999999999999753e-01 9.971999999999999753e-01 9.971999999999999753e-01 9.971999999999999753e-01 9.971999999999999753e-01 9.971999999999999753e-01 9.971999999999999753e-01 9.971999999999999753e-01 9.971999999999999753e-01 9.971999999999999753e-01 9.971999999999999753e-01 9.971999999999999753e-01 9.971999999999999753e-01 9.971999999999999753e-01 9.971999999999999753e-01 9.971999999999999753e-01 
9.971999999999999753e-01 9.971999999999999753e-01 9.971999999999999753e-01 9.971999999999999753e-01 9.971999999999999753e-01 9.971999999999999753e-01 9.971999999999999753e-01 9.971999999999999753e-01 9.971999999999999753e-01 9.971999999999999753e-01 9.971999999999999753e-01 9.971999999999999753e-01 9.971999999999999753e-01 9.971999999999999753e-01 9.971999999999999753e-01 9.971999999999999753e-01 9.971999999999999753e-01 9.971999999999999753e-01 9.971999999999999753e-01 9.978000000000000203e-01 9.978000000000000203e-01 9.978000000000000203e-01 9.978000000000000203e-01 9.978000000000000203e-01 9.978000000000000203e-01 9.978000000000000203e-01 9.978000000000000203e-01 9.978000000000000203e-01 9.978000000000000203e-01 9.978000000000000203e-01 9.978000000000000203e-01 9.978000000000000203e-01 9.978000000000000203e-01 9.978000000000000203e-01 9.978000000000000203e-01 9.978000000000000203e-01 9.978000000000000203e-01 9.978000000000000203e-01 
9.976000000000000423e-01 9.976000000000000423e-01 9.976000000000000423e-01 9.976000000000000423e-01 9.976000000000000423e-01 9.976000000000000423e-01 9.976000000000000423e-01 9.976000000000000423e-01 9.976000000000000423e-01 9.976000000000000423e-01 9.976000000000000423e-01 9.976000000000000423e-01 9.976000000000000423e-01 9.976000000000000423e-01 9.976000000000000423e-01 9.976000000000000423e-01 9.976000000000000423e-01 9.976000000000000423e-01 9.976000000000000423e-01 9.978000000000000203e-01 9.978000000000000203e-01 9.978000000000000203e-01 9.978000000000000203e-01 9.978000000000000203e-01 9.978000000000000203e-01 9.978000000000000203e-01 9.978000000000000203e-01 9.978000000000000203e-01 9.978000000000000203e-01 9.978000000000000203e-01 9.978000000000000203e-01 9.978000000000000203e-01 9.978000000000000203e-01 9.978000000000000203e-01 9.978000000000000203e-01 9.978000000000000203e-01 9.978000000000000203e-01 9.978000000000000203e-01 
9.976000000000000423e-01 9.976000000000000423e-01 9.976000000000000423e-01 9.976000000000000423e-01 9.976000000000000423e-01 9.976000000000000423e-01 9.976000000000000423e-01 9.976000000000000423e-01 9.976000000000000423e-01 9.976000000000000423e-01 9.976000000000000423e-01 9.976000000000000423e-01 9.976000000000000423e-01 9.976000000000000423e-01 9.976000000000000423e-01 9.976000000000000423e-01 9.976000000000000423e-01 9.976000000000000423e-01 9.976000000000000423e-01 9.978000000000000203e-01 9.978000000000000203e-01 9.978000000000000203e-01 9.978000000000000203e-01 9.978000000000000203e-01 9.978000000000000203e-01 9.978000000000000203e-01 9.978000000000000203e-01 9.978000000000000203e-01 9.978000000000000203e-01 9.978000000000000203e-01 9.978000000000000203e-01 9.978000000000000203e-01 9.978000000000000203e-01 9.978000000000000203e-01 9.978000000000000203e-01 9.978000000000000203e-01 9.978000000000000203e-01 9.978000000000000203e-01 
9.973999999999999533e-01 9.973999999999999533e-01 9.973999999999999533e-01 9.973999999999999533e-01 9.973999999999999533e-01 9.973999999999999533e-01 9.973999999999999533e-01 9.973999999999999533e-01 9.973999999999999533e-01 9.973999999999999533e-01 9.973999999999999533e-01 9.973999999999999533e-01 9.973999999999999533e-01 9.973999999999999533e-01 9.973999999999999533e-01 9.973999999999999533e-01 9.973999999999999533e-01 9.973999999999999533e-01 9.973999999999999533e-01 9.983999999999999542e-01 9.983999999999999542e-01 9.983999999999999542e-01 9.983999999999999542e-01 9.983999999999999542e-01 9.983999999999999542e-01 9.983999999999999542e-01 9.983999999999999542e-01 9.983999999999999542e-01 9.983999999999999542e-01 9.983999999999999542e-01 9.983999999999999542e-01 9.983999999999999542e-01 9.983999999999999542e-01 9.983999999999999542e-01 9.983999999999999542e-01 9.983999999999999542e-01 9.983999999999999542e-01 9.983999999999999542e-01 
9.978000000000000203e-01 9.978000000000000203e-01 9.978000000000000203e-01 9.978000000000000203e-01 9.978000000000000203e-01 9.978000000000000203e-01 9.978000000000000203e-01 9.978000000000000203e-01 9.978000000000000203e-01 9.978000000000000203e-01 9.978000000000000203e-01 9.978000000000000203e-01 9.978000000000000203e-01 9.978000000000000203e-01 9.978000000000000203e-01 9.978000000000000203e-01 9.978000000000000203e-01 9.978000000000000203e-01 9.978000000000000203e-01 9.976000000000000423e-01 9.976000000000000423e-01 9.976000000000000423e-01 9.976000000000000423e-01 9.976000000000000423e-01 9.976000000000000423e-01 9.976000000000000423e-01 9.976000000000000423e-01 9.976000000000000423e-01 9.976000000000000423e-01 9.976000000000000423e-01 9.976000000000000423e-01 9.976000000000000423e-01 9.976000000000000423e-01 9.976000000000000423e-01 9.976000000000000423e-01 9.976000000000000423e-01 9.976000000000000423e-01 9.976000000000000423e-01 
9.971999999999999753e-01 9.971999999999999753e-01 9.971999999999999753e-01 9.971999999999999753e-01 9.971999999999999753e-01 9.971999999999999753e-01 9.971999999999999753e-01 9.971999999999999753e-01 9.971999999999999753e-01 9.971999999999999753e-01 9.971999999999999753e-01 9.971999999999999753e-01 9.971999999999999753e-01 9.971999999999999753e-01 9.971999999999999753e-01 9.971999999999999753e-01 9.971999999999999753e-01 9.971999999999999753e-01 9.971999999999999753e-01 9.988000000000000211e-01 9.988000000000000211e-01 9.988000000000000211e-01 9.988000000000000211e-01 9.988000000000000211e-01 9.988000000000000211e-01 9.988000000000000211e-01 9.988000000000000211e-01 9.988000000000000211e-01 9.988000000000000211e-01 9.988000000000000211e-01 9.988000000000000211e-01 9.988000000000000211e-01 9.988000000000000211e-01 9.988000000000000211e-01 9.988000000000000211e-01 9.988000000000000211e-01 9.988000000000000211e-01 9.988000000000000211e-01 
9.981999999999999762e-01 9.981999999999999762e-01 9.981999999999999762e-01 9.981999999999999762e-01 9.981999999999999762e-01 9.981999999999999762e-01 9.981999999999999762e-01 9.981999999999999762e-01 9.981999999999999762e-01 9.981999999999999762e-01 9.981999999999999762e-01 9.981999999999999762e-01 9.981999999999999762e-01 9.981999999999999762e-01 9.981999999999999762e-01 9.981999999999999762e-01 9.981999999999999762e-01 9.981999999999999762e-01 9.981999999999999762e-01 9.973999999999999533e-01 9.973999999999999533e-01 9.973999999999999533e-01 9.973999999999999533e-01 9.973999999999999533e-01 9.973999999999999533e-01 9.973999999999999533e-01 9.973999999999999533e-01 9.973999999999999533e-01 9.973999999999999533e-01 9.973999999999999533e-01 9.973999999999999533e-01 9.973999999999999533e-01 9.973999999999999533e-01 9.973999999999999533e-01 9.973999999999999533e-01 9.973999999999999533e-01 9.973999999999999533e-01 9.973999999999999533e-01 
9.973999999999999533e-01 9.973999999999999533e-01 9.973999999999999533e-01 9.973999999999999533e-01 9.973999999999999533e-01 9.973999999999999533e-01 9.973999999999999533e-01 9.973999999999999533e-01 9.973999999999999533e-01 9.973999999999999533e-01 9.973999999999999533e-01 9.973999999999999533e-01 9.973999999999999533e-01 9.973999999999999533e-01 9.973999999999999533e-01 9.973999999999999533e-01 9.973999999999999533e-01 9.973999999999999533e-01 9.973999999999999533e-01 9.988000000000000211e-01 9.988000000000000211e-01 9.988000000000000211e-01 9.988000000000000211e-01 9.988000000000000211e-01 9.988000000000000211e-01 9.988000000000000211e-01 9.988000000000000211e-01 9.988000000000000211e-01 9.988000000000000211e-01 9.988000000000000211e-01 9.988000000000000211e-01 9.988000000000000211e-01 9.988000000000000211e-01 9.988000000000000211e-01 9.988000000000000211e-01 9.988000000000000211e-01 9.988000000000000211e-01 9.988000000000000211e-01 
9.976000000000000423e-01 9.976000000000000423e-01 9.976000000000000423e-01 9.976000000000000423e-01 9.976000000000000423e-01 9.976000000000000423e-01 9.976000000000000423e-01 9.976000000000000423e-01 9.976000000000000423e-01 9.976000000000000423e-01 9.976000000000000423e-01 9.976000000000000423e-01 9.976000000000000423e-01 9.976000000000000423e-01 9.976000000000000423e-01 9.976000000000000423e-01 9.976000000000000423e-01 9.976000000000000423e-01 9.976000000000000423e-01 9.983999999999999542e-01 9.983999999999999542e-01 9.983999999999999542e-01 9.983999999999999542e-01 9.983999999999999542e-01 9.983999999999999542e-01 9.983999999999999542e-01 9.983999999999999542e-01 9.983999999999999542e-01 9.983999999999999542e-01 9.983999999999999542e-01 9.983999999999999542e-01 9.983999999999999542e-01 9.983999999999999542e-01 9.983999999999999542e-01 9.983999999999999542e-01 9.983999999999999542e-01 9.983999999999999542e-01 9.983999999999999542e-01 
9.973999999999999533e-01 9.973999999999999533e-01 9.973999999999999533e-01 9.973999999999999533e-01 9.973999999999999533e-01 9.973999999999999533e-01 9.973999999999999533e-01 9.973999999999999533e-01 9.973999999999999533e-01 9.973999999999999533e-01 9.973999999999999533e-01 9.973999999999999533e-01 9.973999999999999533e-01 9.973999999999999533e-01 9.973999999999999533e-01 9.973999999999999533e-01 9.973999999999999533e-01 9.973999999999999533e-01 9.973999999999999533e-01 9.983999999999999542e-01 9.983999999999999542e-01 9.983999999999999542e-01 9.983999999999999542e-01 9.983999999999999542e-01 9.983999999999999542e-01 9.983999999999999542e-01 9.983999999999999542e-01 9.983999999999999542e-01 9.983999999999999542e-01 9.983999999999999542e-01 9.983999999999999542e-01 9.983999999999999542e-01 9.983999999999999542e-01 9.983999999999999542e-01 9.983999999999999542e-01 9.983999999999999542e-01 9.983999999999999542e-01 9.983999999999999542e-01 
9.978000000000000203e-01 9.978000000000000203e-01 9.978000000000000203e-01 9.978000000000000203e-01 9.978000000000000203e-01 9.978000000000000203e-01 9.978000000000000203e-01 9.978000000000000203e-01 9.978000000000000203e-01 9.978000000000000203e-01 9.978000000000000203e-01 9.978000000000000203e-01 9.978000000000000203e-01 9.978000000000000203e-01 9.978000000000000203e-01 9.978000000000000203e-01 9.978000000000000203e-01 9.978000000000000203e-01 9.978000000000000203e-01 9.983999999999999542e-01 9.983999999999999542e-01 9.983999999999999542e-01 9.983999999999999542e-01 9.983999999999999542e-01 9.983999999999999542e-01 9.983999999999999542e-01 9.983999999999999542e-01 9.983999999999999542e-01 9.983999999999999542e-01 9.983999999999999542e-01 9.983999999999999542e-01 9.983999999999999542e-01 9.983999999999999542e-01 9.983999999999999542e-01 9.983999999999999542e-01 9.983999999999999542e-01 9.983999999999999542e-01 9.983999999999999542e-01 
9.978000000000000203e-01 9.978000000000000203e-01 9.978000000000000203e-01 9.978000000000000203e-01 9.978000000000000203e-01 9.978000000000000203e-01 9.978000000000000203e-01 9.978000000000000203e-01 9.978000000000000203e-01 9.978000000000000203e-01 9.978000000000000203e-01 9.978000000000000203e-01 9.978000000000000203e-01 9.978000000000000203e-01 9.978000000000000203e-01 9.978000000000000203e-01 9.978000000000000203e-01 9.978000000000000203e-01 9.978000000000000203e-01 9.983999999999999542e-01 9.983999999999999542e-01 9.983999999999999542e-01 9.983999999999999542e-01 9.983999999999999542e-01 9.983999999999999542e-01 9.983999999999999542e-01 9.983999999999999542e-01 9.983999999999999542e-01 9.983999999999999542e-01 9.983999999999999542e-01 9.983999999999999542e-01 9.983999999999999542e-01 9.983999999999999542e-01 9.983999999999999542e-01 9.983999999999999542e-01 9.983999999999999542e-01 9.983999999999999542e-01 9.983999999999999542e-01 
9.973999999999999533e-01 9.973999999999999533e-01 9.973999999999999533e-01 9.973999999999999533e-01 9.973999999999999533e-01 9.973999999999999533e-01 9.973999999999999533e-01 9.973999999999999533e-01 9.973999999999999533e-01 9.973999999999999533e-01 9.973999999999999533e-01 9.973999999999999533e-01 9.973999999999999533e-01 9.973999999999999533e-01 9.973999999999999533e-01 9.973999999999999533e-01 9.973999999999999533e-01 9.973999999999999533e-01 9.973999999999999533e-01 9.988000000000000211e-01 9.988000000000000211e-01 9.988000000000000211e-01 9.988000000000000211e-01 9.988000000000000211e-01 9.988000000000000211e-01 9.988000000000000211e-01 9.988000000000000211e-01 9.988000000000000211e-01 9.988000000000000211e-01 9.988000000000000211e-01 9.988000000000000211e-01 9.988000000000000211e-01 9.988000000000000211e-01 9.988000000000000211e-01 9.988000000000000211e-01 9.988000000000000211e-01 9.988000000000000211e-01 9.988000000000000211e-01 
9.978000000000000203e-01 9.978000000000000203e-01 9.978000000000000203e-01 9.978000000000000203e-01 9.978000000000000203e-01 9.978000000000000203e-01 9.978000000000000203e-01 9.978000000000000203e-01 9.978000000000000203e-01 9.978000000000000203e-01 9.978000000000000203e-01 9.978000000000000203e-01 9.978000000000000203e-01 9.978000000000000203e-01 9.978000000000000203e-01 9.978000000000000203e-01 9.978000000000000203e-01 9.978000000000000203e-01 9.978000000000000203e-01 9.983999999999999542e-01 9.983999999999999542e-01 9.983999999999999542e-01 9.983999999999999542e-01 9.983999999999999542e-01 9.983999999999999542e-01 9.983999999999999542e-01 9.983999999999999542e-01 9.983999999999999542e-01 9.983999999999999542e-01 9.983999999999999542e-01 9.983999999999999542e-01 9.983999999999999542e-01 9.983999999999999542e-01 9.983999999999999542e-01 9.983999999999999542e-01 9.983999999999999542e-01 9.983999999999999542e-01 9.983999999999999542e-01 
9.981999999999999762e-01 9.981999999999999762e-01 9.981999999999999762e-01 9.981999999999999762e-01 9.981999999999999762e-01 9.981999999999999762e-01 9.981999999999999762e-01 9.981999999999999762e-01 9.981999999999999762e-01 9.981999999999999762e-01 9.981999999999999762e-01 9.981999999999999762e-01 9.981999999999999762e-01 9.981999999999999762e-01 9.981999999999999762e-01 9.981999999999999762e-01 9.981999999999999762e-01 9.981999999999999762e-01 9.981999999999999762e-01 9.983999999999999542e-01 9.983999999999999542e-01 9.983999999999999542e-01 9.983999999999999542e-01 9.983999999999999542e-01 9.983999999999999542e-01 9.983999999999999542e-01 9.983999999999999542e-01 9.983999999999999542e-01 9.983999999999999542e-01 9.983999999999999542e-01 9.983999999999999542e-01 9.983999999999999542e-01 9.983999999999999542e-01 9.983999999999999542e-01 9.983999999999999542e-01 9.983999999999999542e-01 9.983999999999999542e-01 9.983999999999999542e-01 
9.973999999999999533e-01 9.973999999999999533e-01 9.973999999999999533e-01 9.973999999999999533e-01 9.973999999999999533e-01 9.973999999999999533e-01 9.973999999999999533e-01 9.973999999999999533e-01 9.973999999999999533e-01 9.973999999999999533e-01 9.973999999999999533e-01 9.973999999999999533e-01 9.973999999999999533e-01 9.973999999999999533e-01 9.973999999999999533e-01 9.973999999999999533e-01 9.973999999999999533e-01 9.973999999999999533e-01 9.973999999999999533e-01 9.988000000000000211e-01 9.988000000000000211e-01 9.988000000000000211e-01 9.988000000000000211e-01 9.988000000000000211e-01 9.988000000000000211e-01 9.988000000000000211e-01 9.988000000000000211e-01 9.988000000000000211e-01 9.988000000000000211e-01 9.988000000000000211e-01 9.988000000000000211e-01 9.988000000000000211e-01 9.988000000000000211e-01 9.988000000000000211e-01 9.988000000000000211e-01 9.988000000000000211e-01 9.988000000000000211e-01 9.988000000000000211e-01 
9.981999999999999762e-01 9.981999999999999762e-01 9.981999999999999762e-01 9.981999999999999762e-01 9.981999999999999762e-01 9.981999999999999762e-01 9.981999999999999762e-01 9.981999999999999762e-01 9.981999999999999762e-01 9.981999999999999762e-01 9.981999999999999762e-01 9.981999999999999762e-01 9.981999999999999762e-01 9.981999999999999762e-01 9.981999999999999762e-01 9.981999999999999762e-01 9.981999999999999762e-01 9.981999999999999762e-01 9.981999999999999762e-01 9.981999999999999762e-01 9.981999999999999762e-01 9.981999999999999762e-01 9.981999999999999762e-01 9.981999999999999762e-01 9.981999999999999762e-01 9.981999999999999762e-01 9.981999999999999762e-01 9.981999999999999762e-01 9.981999999999999762e-01 9.981999999999999762e-01 9.981999999999999762e-01 9.981999999999999762e-01 9.981999999999999762e-01 9.981999999999999762e-01 9.981999999999999762e-01 9.981999999999999762e-01 9.981999999999999762e-01 9.981999999999999762e-01 
9.973999999999999533e-01 9.973999999999999533e-01 9.973999999999999533e-01 9.973999999999999533e-01 9.973999999999999533e-01 9.973999999999999533e-01 9.973999999999999533e-01 9.973999999999999533e-01 9.973999999999999533e-01 9.973999999999999533e-01 9.973999999999999533e-01 9.973999999999999533e-01 9.973999999999999533e-01 9.973999999999999533e-01 9.973999999999999533e-01 9.973999999999999533e-01 9.973999999999999533e-01 9.973999999999999533e-01 9.973999999999999533e-01 9.988000000000000211e-01 9.988000000000000211e-01 9.988000000000000211e-01 9.988000000000000211e-01 9.988000000000000211e-01 9.988000000000000211e-01 9.988000000000000211e-01 9.988000000000000211e-01 9.988000000000000211e-01 9.988000000000000211e-01 9.988000000000000211e-01 9.988000000000000211e-01 9.988000000000000211e-01 9.988000000000000211e-01 9.988000000000000211e-01 9.988000000000000211e-01 9.988000000000000211e-01 9.988000000000000211e-01 9.988000000000000211e-01 
9.981999999999999762e-01 9.981999999999999762e-01 9.981999999999999762e-01 9.981999999999999762e-01 9.981999999999999762e-01 9.981999999999999762e-01 9.981999999999999762e-01 9.981999999999999762e-01 9.981999999999999762e-01 9.981999999999999762e-01 9.981999999999999762e-01 9.981999999999999762e-01 9.981999999999999762e-01 9.981999999999999762e-01 9.981999999999999762e-01 9.981999999999999762e-01 9.981999999999999762e-01 9.981999999999999762e-01 9.981999999999999762e-01 9.986000000000000432e-01 9.986000000000000432e-01 9.986000000000000432e-01 9.986000000000000432e-01 9.986000000000000432e-01 9.986000000000000432e-01 9.986000000000000432e-01 9.986000000000000432e-01 9.986000000000000432e-01 9.986000000000000432e-01 9.986000000000000432e-01 9.986000000000000432e-01 9.986000000000000432e-01 9.986000000000000432e-01 9.986000000000000432e-01 9.986000000000000432e-01 9.986000000000000432e-01 9.986000000000000432e-01 9.986000000000000432e-01 
9.981999999999999762e-01 9.981999999999999762e-01 9.981999999999999762e-01 9.981999999999999762e-01 9.981999999999999762e-01 9.981999999999999762e-01 9.981999999999999762e-01 9.981999999999999762e-01 9.981999999999999762e-01 9.981999999999999762e-01 9.981999999999999762e-01 9.981999999999999762e-01 9.981999999999999762e-01 9.981999999999999762e-01 9.981999999999999762e-01 9.981999999999999762e-01 9.981999999999999762e-01 9.981999999999999762e-01 9.981999999999999762e-01 9.986000000000000432e-01 9.986000000000000432e-01 9.986000000000000432e-01 9.986000000000000432e-01 9.986000000000000432e-01 9.986000000000000432e-01 9.986000000000000432e-01 9.986000000000000432e-01 9.986000000000000432e-01 9.986000000000000432e-01 9.986000000000000432e-01 9.986000000000000432e-01 9.986000000000000432e-01 9.986000000000000432e-01 9.986000000000000432e-01 9.986000000000000432e-01 9.986000000000000432e-01 9.986000000000000432e-01 9.986000000000000432e-01 
9.973999999999999533e-01 9.973999999999999533e-01 9.973999999999999533e-01 9.973999999999999533e-01 9.973999999999999533e-01 9.973999999999999533e-01 9.973999999999999533e-01 9.973999999999999533e-01 9.973999999999999533e-01 9.973999999999999533e-01 9.973999999999999533e-01 9.973999999999999533e-01 9.973999999999999533e-01 9.973999999999999533e-01 9.973999999999999533e-01 9.973999999999999533e-01 9.973999999999999533e-01 9.973999999999999533e-01 9.973999999999999533e-01 9.988000000000000211e-01 9.988000000000000211e-01 9.988000000000000211e-01 9.988000000000000211e-01 9.988000000000000211e-01 9.988000000000000211e-01 9.988000000000000211e-01 9.988000000000000211e-01 9.988000000000000211e-01 9.988000000000000211e-01 9.988000000000000211e-01 9.988000000000000211e-01 9.988000000000000211e-01 9.988000000000000211e-01 9.988000000000000211e-01 9.988000000000000211e-01 9.988000000000000211e-01 9.988000000000000211e-01 9.988000000000000211e-01 
9.986000000000000432e-01 9.986000000000000432e-01 9.986000000000000432e-01 9.986000000000000432e-01 9.986000000000000432e-01 9.986000000000000432e-01 9.986000000000000432e-01 9.986000000000000432e-01 9.986000000000000432e-01 9.986000000000000432e-01 9.986000000000000432e-01 9.986000000000000432e-01 9.986000000000000432e-01 9.986000000000000432e-01 9.986000000000000432e-01 9.986000000000000432e-01 9.986000000000000432e-01 9.986000000000000432e-01 9.986000000000000432e-01 9.986000000000000432e-01 9.986000000000000432e-01 9.986000000000000432e-01 9.986000000000000432e-01 9.986000000000000432e-01 9.986000000000000432e-01 9.986000000000000432e-01 9.986000000000000432e-01 9.986000000000000432e-01 9.986000000000000432e-01 9.986000000000000432e-01 9.986000000000000432e-01 9.986000000000000432e-01 9.986000000000000432e-01 9.986000000000000432e-01 9.986000000000000432e-01 9.986000000000000432e-01 9.986000000000000432e-01 9.986000000000000432e-01 
9.983999999999999542e-01 9.983999999999999542e-01 9.983999999999999542e-01 9.983999999999999542e-01 9.983999999999999542e-01 9.983999999999999542e-01 9.983999999999999542e-01 9.983999999999999542e-01 9.983999999999999542e-01 9.983999999999999542e-01 9.983999999999999542e-01 9.983999999999999542e-01 9.983999999999999542e-01 9.983999999999999542e-01 9.983999999999999542e-01 9.983999999999999542e-01 9.983999999999999542e-01 9.983999999999999542e-01 9.983999999999999542e-01 9.986000000000000432e-01 9.986000000000000432e-01 9.986000000000000432e-01 9.986000000000000432e-01 9.986000000000000432e-01 9.986000000000000432e-01 9.986000000000000432e-01 9.986000000000000432e-01 9.986000000000000432e-01 9.986000000000000432e-01 9.986000000000000432e-01 9.986000000000000432e-01 9.986000000000000432e-01 9.986000000000000432e-01 9.986000000000000432e-01 9.986000000000000432e-01 9.986000000000000432e-01 9.986000000000000432e-01 9.986000000000000432e-01 
9.976000000000000423e-01 9.976000000000000423e-01 9.976000000000000423e-01 9.976000000000000423e-01 9.976000000000000423e-01 9.976000000000000423e-01 9.976000000000000423e-01 9.976000000000000423e-01 9.976000000000000423e-01 9.976000000000000423e-01 9.976000000000000423e-01 9.976000000000000423e-01 9.976000000000000423e-01 9.976000000000000423e-01 9.976000000000000423e-01 9.976000000000000423e-01 9.976000000000000423e-01 9.976000000000000423e-01 9.976000000000000423e-01 9.988000000000000211e-01 9.988000000000000211e-01 9.988000000000000211e-01 9.988000000000000211e-01 9.988000000000000211e-01 9.988000000000000211e-01 9.988000000000000211e-01 9.988000000000000211e-01 9.988000000000000211e-01 9.988000000000000211e-01 9.988000000000000211e-01 9.988000000000000211e-01 9.988000000000000211e-01 9.988000000000000211e-01 9.988000000000000211e-01 9.988000000000000211e-01 9.988000000000000211e-01 9.988000000000000211e-01 9.988000000000000211e-01 
9.988000000000000211e-01 9.988000000000000211e-01 9.988000000000000211e-01 9.988000000000000211e-01 9.988000000000000211e-01 9.988000000000000211e-01 9.988000000000000211e-01 9.988000000000000211e-01 9.988000000000000211e-01 9.988000000000000211e-01 9.988000000000000211e-01 9.988000000000000211e-01 9.988000000000000211e-01 9.988000000000000211e-01 9.988000000000000211e-01 9.988000000000000211e-01 9.988000000000000211e-01 9.988000000000000211e-01 9.988000000000000211e-01 9.986000000000000432e-01 9.986000000000000432e-01 9.986000000000000432e-01 9.986000000000000432e-01 9.986000000000000432e-01 9.986000000000000432e-01 9.986000000000000432e-01 9.986000000000000432e-01 9.986000000000000432e-01 9.986000000000000432e-01 9.986000000000000432e-01 9.986000000000000432e-01 9.986000000000000432e-01 9.986000000000000432e-01 9.986000000000000432e-01 9.986000000000000432e-01 9.986000000000000432e-01 9.986000000000000432e-01 9.986000000000000432e-01 
9.986000000000000432e-01 9.986000000000000432e-01 9.986000000000000432e-01 9.986000000000000432e-01 9.986000000000000432e-01 9.986000000000000432e-01 9.986000000000000432e-01 9.986000000000000432e-01 9.986000000000000432e-01 9.986000000000000432e-01 9.986000000000000432e-01 9.986000000000000432e-01 9.986000000000000432e-01 9.986000000000000432e-01 9.986000000000000432e-01 9.986000000000000432e-01 9.986000000000000432e-01 9.986000000000000432e-01 9.986000000000000432e-01 9.988000000000000211e-01 9.988000000000000211e-01 9.988000000000000211e-01 9.988000000000000211e-01 9.988000000000000211e-01 9.988000000000000211e-01 9.988000000000000211e-01 9.988000000000000211e-01 9.988000000000000211e-01 9.988000000000000211e-01 9.988000000000000211e-01 9.988000000000000211e-01 9.988000000000000211e-01 9.988000000000000211e-01 9.988000000000000211e-01 9.988000000000000211e-01 9.988000000000000211e-01 9.988000000000000211e-01 9.988000000000000211e-01 
9.979999999999999982e-01 9.979999999999999982e-01 9.979999999999999982e-01 9.979999999999999982e-01 9.979999999999999982e-01 9.979999999999999982e-01 9.979999999999999982e-01 9.979999999999999982e-01 9.979999999999999982e-01 9.979999999999999982e-01 9.979999999999999982e-01 9.979999999999999982e-01 9.979999999999999982e-01 9.979999999999999982e-01 9.979999999999999982e-01 9.979999999999999982e-01 9.979999999999999982e-01 9.979999999999999982e-01 9.979999999999999982e-01 9.988000000000000211e-01 9.988000000000000211e-01 9.988000000000000211e-01 9.988000000000000211e-01 9.988000000000000211e-01 9.988000000000000211e-01 9.988000000000000211e-01 9.988000000000000211e-01 9.988000000000000211e-01 9.988000000000000211e-01 9.988000000000000211e-01 9.988000000000000211e-01 9.988000000000000211e-01 9.988000000000000211e-01 9.988000000000000211e-01 9.988000000000000211e-01 9.988000000000000211e-01 9.988000000000000211e-01 9.988000000000000211e-01 
9.986000000000000432e-01 9.986000000000000432e-01 9.986000000000000432e-01 9.986000000000000432e-01 9.986000000000000432e-01 9.986000000000000432e-01 9.986000000000000432e-01 9.986000000000000432e-01 9.986000000000000432e-01 9.986000000000000432e-01 9.986000000000000432e-01 9.986000000000000432e-01 9.986000000000000432e-01 9.986000000000000432e-01 9.986000000000000432e-01 9.986000000000000432e-01 9.986000000000000432e-01 9.986000000000000432e-01 9.986000000000000432e-01 9.988000000000000211e-01 9.988000000000000211e-01 9.988000000000000211e-01 9.988000000000000211e-01 9.988000000000000211e-01 9.988000000000000211e-01 9.988000000000000211e-01 9.988000000000000211e-01 9.988000000000000211e-01 9.988000000000000211e-01 9.988000000000000211e-01 9.988000000000000211e-01 9.988000000000000211e-01 9.988000000000000211e-01 9.988000000000000211e-01 9.988000000000000211e-01 9.988000000000000211e-01 9.988000000000000211e-01 9.988000000000000211e-01 
9.986000000000000432e-01 9.986000000000000432e-01 9.986000000000000432e-01 9.986000000000000432e-01 9.986000000000000432e-01 9.986000000000000432e-01 9.986000000000000432e-01 9.986000000000000432e-01 9.986000000000000432e-01 9.986000000000000432e-01 9.986000000000000432e-01 9.986000000000000432e-01 9.986000000000000432e-01 9.986000000000000432e-01 9.986000000000000432e-01 9.986000000000000432e-01 9.986000000000000432e-01 9.986000000000000432e-01 9.986000000000000432e-01 9.986000000000000432e-01 9.986000000000000432e-01 9.986000000000000432e-01 9.986000000000000432e-01 9.986000000000000432e-01 9.986000000000000432e-01 9.986000000000000432e-01 9.986000000000000432e-01 9.986000000000000432e-01 9.986000000000000432e-01 9.986000000000000432e-01 9.986000000000000432e-01 9.986000000000000432e-01 9.986000000000000432e-01 9.986000000000000432e-01 9.986000000000000432e-01 9.986000000000000432e-01 9.986000000000000432e-01 9.986000000000000432e-01 
9.981999999999999762e-01 9.981999999999999762e-01 9.981999999999999762e-01 9.981999999999999762e-01 9.981999999999999762e-01 9.981999999999999762e-01 9.981999999999999762e-01 9.981999999999999762e-01 9.981999999999999762e-01 9.981999999999999762e-01 9.981999999999999762e-01 9.981999999999999762e-01 9.981999999999999762e-01 9.981999999999999762e-01 9.981999999999999762e-01 9.981999999999999762e-01 9.981999999999999762e-01 9.981999999999999762e-01 9.981999999999999762e-01 9.988000000000000211e-01 9.988000000000000211e-01 9.988000000000000211e-01 9.988000000000000211e-01 9.988000000000000211e-01 9.988000000000000211e-01 9.988000000000000211e-01 9.988000000000000211e-01 9.988000000000000211e-01 9.988000000000000211e-01 9.988000000000000211e-01 9.988000000000000211e-01 9.988000000000000211e-01 9.988000000000000211e-01 9.988000000000000211e-01 9.988000000000000211e-01 9.988000000000000211e-01 9.988000000000000211e-01 9.988000000000000211e-01 
9.986000000000000432e-01 9.986000000000000432e-01 9.986000000000000432e-01 9.986000000000000432e-01 9.986000000000000432e-01 9.986000000000000432e-01 9.986000000000000432e-01 9.986000000000000432e-01 9.986000000000000432e-01 9.986000000000000432e-01 9.986000000000000432e-01 9.986000000000000432e-01 9.986000000000000432e-01 9.986000000000000432e-01 9.986000000000000432e-01 9.986000000000000432e-01 9.986000000000000432e-01 9.986000000000000432e-01 9.986000000000000432e-01 9.986000000000000432e-01 9.986000000000000432e-01 9.986000000000000432e-01 9.986000000000000432e-01 9.986000000000000432e-01 9.986000000000000432e-01 9.986000000000000432e-01 9.986000000000000432e-01 9.986000000000000432e-01 9.986000000000000432e-01 9.986000000000000432e-01 9.986000000000000432e-01 9.986000000000000432e-01 9.986000000000000432e-01 9.986000000000000432e-01 9.986000000000000432e-01 9.986000000000000432e-01 9.986000000000000432e-01 9.986000000000000432e-01 
9.988000000000000211e-01 9.988000000000000211e-01 9.988000000000000211e-01 9.988000000000000211e-01 9.988000000000000211e-01 9.988000000000000211e-01 9.988000000000000211e-01 9.988000000000000211e-01 9.988000000000000211e-01 9.988000000000000211e-01 9.988000000000000211e-01 9.988000000000000211e-01 9.988000000000000211e-01 9.988000000000000211e-01 9.988000000000000211e-01 9.988000000000000211e-01 9.988000000000000211e-01 9.988000000000000211e-01 9.988000000000000211e-01 9.986000000000000432e-01 9.986000000000000432e-01 9.986000000000000432e-01 9.986000000000000432e-01 9.986000000000000432e-01 9.986000000000000432e-01 9.986000000000000432e-01 9.986000000000000432e-01 9.986000000000000432e-01 9.986000000000000432e-01 9.986000000000000432e-01 9.986000000000000432e-01 9.986000000000000432e-01 9.986000000000000432e-01 9.986000000000000432e-01 9.986000000000000432e-01 9.986000000000000432e-01 9.986000000000000432e-01 9.986000000000000432e-01 
9.981999999999999762e-01 9.981999999999999762e-01 9.981999999999999762e-01 9.981999999999999762e-01 9.981999999999999762e-01 9.981999999999999762e-01 9.981999999999999762e-01 9.981999999999999762e-01 9.981999999999999762e-01 9.981999999999999762e-01 9.981999999999999762e-01 9.981999999999999762e-01 9.981999999999999762e-01 9.981999999999999762e-01 9.981999999999999762e-01 9.981999999999999762e-01 9.981999999999999762e-01 9.981999999999999762e-01 9.981999999999999762e-01 9.988000000000000211e-01 9.988000000000000211e-01 9.988000000000000211e-01 9.988000000000000211e-01 9.988000000000000211e-01 9.988000000000000211e-01 9.988000000000000211e-01 9.988000000000000211e-01 9.988000000000000211e-01 9.988000000000000211e-01 9.988000000000000211e-01 9.988000000000000211e-01 9.988000000000000211e-01 9.988000000000000211e-01 9.988000000000000211e-01 9.988000000000000211e-01 9.988000000000000211e-01 9.988000000000000211e-01 9.988000000000000211e-01 
9.988000000000000211e-01 9.988000000000000211e-01 9.988000000000000211e-01 9.988000000000000211e-01 9.988000000000000211e-01 9.988000000000000211e-01 9.988000000000000211e-01 9.988000000000000211e-01 9.988000000000000211e-01 9.988000000000000211e-01 9.988000000000000211e-01 9.988000000000000211e-01 9.988000000000000211e-01 9.988000000000000211e-01 9.988000000000000211e-01 9.988000000000000211e-01 9.988000000000000211e-01 9.988000000000000211e-01 9.988000000000000211e-01 9.988000000000000211e-01 9.988000000000000211e-01 9.988000000000000211e-01 9.988000000000000211e-01 9.988000000000000211e-01 9.988000000000000211e-01 9.988000000000000211e-01 9.988000000000000211e-01 9.988000000000000211e-01 9.988000000000000211e-01 9.988000000000000211e-01 9.988000000000000211e-01 9.988000000000000211e-01 9.988000000000000211e-01 9.988000000000000211e-01 9.988000000000000211e-01 9.988000000000000211e-01 9.988000000000000211e-01 9.988000000000000211e-01 
9.989999999999999991e-01 9.989999999999999991e-01 9.989999999999999991e-01 9.989999999999999991e-01 9.989999999999999991e-01 9.989999999999999991e-01 9.989999999999999991e-01 9.989999999999999991e-01 9.989999999999999991e-01 9.989999999999999991e-01 9.989999999999999991e-01 9.989999999999999991e-01 9.989999999999999991e-01 9.989999999999999991e-01 9.989999999999999991e-01 9.989999999999999991e-01 9.989999999999999991e-01 9.989999999999999991e-01 9.989999999999999991e-01 9.986000000000000432e-01 9.986000000000000432e-01 9.986000000000000432e-01 9.986000000000000432e-01 9.986000000000000432e-01 9.986000000000000432e-01 9.986000000000000432e-01 9.986000000000000432e-01 9.986000000000000432e-01 9.986000000000000432e-01 9.986000000000000432e-01 9.986000000000000432e-01 9.986000000000000432e-01 9.986000000000000432e-01 9.986000000000000432e-01 9.986000000000000432e-01 9.986000000000000432e-01 9.986000000000000432e-01 9.986000000000000432e-01 
9.986000000000000432e-01 9.986000000000000432e-01 9.986000000000000432e-01 9.986000000000000432e-01 9.986000000000000432e-01 9.986000000000000432e-01 9.986000000000000432e-01 9.986000000000000432e-01 9.986000000000000432e-01 9.986000000000000432e-01 9.986000000000000432e-01 9.986000000000000432e-01 9.986000000000000432e-01 9.986000000000000432e-01 9.986000000000000432e-01 9.986000000000000432e-01 9.986000000000000432e-01 9.986000000000000432e-01 9.986000000000000432e-01 9.988000000000000211e-01 9.988000000000000211e-01 9.988000000000000211e-01 9.988000000000000211e-01 9.988000000000000211e-01 9.988000000000000211e-01 9.988000000000000211e-01 9.988000000000000211e-01 9.988000000000000211e-01 9.988000000000000211e-01 9.988000000000000211e-01 9.988000000000000211e-01 9.988000000000000211e-01 9.988000000000000211e-01 9.988000000000000211e-01 9.988000000000000211e-01 9.988000000000000211e-01 9.988000000000000211e-01 9.988000000000000211e-01 
9.986000000000000432e-01 9.986000000000000432e-01 9.986000000000000432e-01 9.986000000000000432e-01 9.986000000000000432e-01 9.986000000000000432e-01 9.986000000000000432e-01 9.986000000000000432e-01 9.986000000000000432e-01 9.986000000000000432e-01 9.986000000000000432e-01 9.986000000000000432e-01 9.986000000000000432e-01 9.986000000000000432e-01 9.986000000000000432e-01 9.986000000000000432e-01 9.986000000000000432e-01 9.986000000000000432e-01 9.986000000000000432e-01 9.988000000000000211e-01 9.988000000000000211e-01 9.988000000000000211e-01 9.988000000000000211e-01 9.988000000000000211e-01 9.988000000000000211e-01 9.988000000000000211e-01 9.988000000000000211e-01 9.988000000000000211e-01 9.988000000000000211e-01 9.988000000000000211e-01 9.988000000000000211e-01 9.988000000000000211e-01 9.988000000000000211e-01 9.988000000000000211e-01 9.988000000000000211e-01 9.988000000000000211e-01 9.988000000000000211e-01 9.988000000000000211e-01 
9.989999999999999991e-01 9.989999999999999991e-01 9.989999999999999991e-01 9.989999999999999991e-01 9.989999999999999991e-01 9.989999999999999991e-01 9.989999999999999991e-01 9.989999999999999991e-01 9.989999999999999991e-01 9.989999999999999991e-01 9.989999999999999991e-01 9.989999999999999991e-01 9.989999999999999991e-01 9.989999999999999991e-01 9.989999999999999991e-01 9.989999999999999991e-01 9.989999999999999991e-01 9.989999999999999991e-01 9.989999999999999991e-01 9.986000000000000432e-01 9.986000000000000432e-01 9.986000000000000432e-01 9.986000000000000432e-01 9.986000000000000432e-01 9.986000000000000432e-01 9.986000000000000432e-01 9.986000000000000432e-01 9.986000000000000432e-01 9.986000000000000432e-01 9.986000000000000432e-01 9.986000000000000432e-01 9.986000000000000432e-01 9.986000000000000432e-01 9.986000000000000432e-01 9.986000000000000432e-01 9.986000000000000432e-01 9.986000000000000432e-01 9.986000000000000432e-01 
9.986000000000000432e-01 9.986000000000000432e-01 9.986000000000000432e-01 9.986000000000000432e-01 9.986000000000000432e-01 9.986000000000000432e-01 9.986000000000000432e-01 9.986000000000000432e-01 9.986000000000000432e-01 9.986000000000000432e-01 9.986000000000000432e-01 9.986000000000000432e-01 9.986000000000000432e-01 9.986000000000000432e-01 9.986000000000000432e-01 9.986000000000000432e-01 9.986000000000000432e-01 9.986000000000000432e-01 9.986000000000000432e-01 9.988000000000000211e-01 9.988000000000000211e-01 9.988000000000000211e-01 9.988000000000000211e-01 9.988000000000000211e-01 9.988000000000000211e-01 9.988000000000000211e-01 9.988000000000000211e-01 9.988000000000000211e-01 9.988000000000000211e-01 9.988000000000000211e-01 9.988000000000000211e-01 9.988000000000000211e-01 9.988000000000000211e-01 9.988000000000000211e-01 9.988000000000000211e-01 9.988000000000000211e-01 9.988000000000000211e-01 9.988000000000000211e-01 
9.988000000000000211e-01 9.988000000000000211e-01 9.988000000000000211e-01 9.988000000000000211e-01 9.988000000000000211e-01 9.988000000000000211e-01 9.988000000000000211e-01 9.988000000000000211e-01 9.988000000000000211e-01 9.988000000000000211e-01 9.988000000000000211e-01 9.988000000000000211e-01 9.988000000000000211e-01 9.988000000000000211e-01 9.988000000000000211e-01 9.988000000000000211e-01 9.988000000000000211e-01 9.988000000000000211e-01 9.988000000000000211e-01 9.988000000000000211e-01 9.988000000000000211e-01 9.988000000000000211e-01 9.988000000000000211e-01 9.988000000000000211e-01 9.988000000000000211e-01 9.988000000000000211e-01 9.988000000000000211e-01 9.988000000000000211e-01 9.988000000000000211e-01 9.988000000000000211e-01 9.988000000000000211e-01 9.988000000000000211e-01 9.988000000000000211e-01 9.988000000000000211e-01 9.988000000000000211e-01 9.988000000000000211e-01 9.988000000000000211e-01 9.988000000000000211e-01 
9.989999999999999991e-01 9.989999999999999991e-01 9.989999999999999991e-01 9.989999999999999991e-01 9.989999999999999991e-01 9.989999999999999991e-01 9.989999999999999991e-01 9.989999999999999991e-01 9.989999999999999991e-01 9.989999999999999991e-01 9.989999999999999991e-01 9.989999999999999991e-01 9.989999999999999991e-01 9.989999999999999991e-01 9.989999999999999991e-01 9.989999999999999991e-01 9.989999999999999991e-01 9.989999999999999991e-01 9.989999999999999991e-01 9.986000000000000432e-01 9.986000000000000432e-01 9.986000000000000432e-01 9.986000000000000432e-01 9.986000000000000432e-01 9.986000000000000432e-01 9.986000000000000432e-01 9.986000000000000432e-01 9.986000000000000432e-01 9.986000000000000432e-01 9.986000000000000432e-01 9.986000000000000432e-01 9.986000000000000432e-01 9.986000000000000432e-01 9.986000000000000432e-01 9.986000000000000432e-01 9.986000000000000432e-01 9.986000000000000432e-01 9.986000000000000432e-01 
