1.222100807353854179e-03 1.317129470407962799e-03 1.029468141496181488e-03 1.636036555282771587e-03 1.027728896588087082e-03 1.172598917037248611e-03 1.257470459677278996e-03 1.235741889104247093e-03 1.568036037497222424e-03 1.730761840008199215e-03 1.889158273115754128e-03 2.598179737105965614e-03 2.913749776780605316e-03 4.191209096461534500e-03 5.357084330171346664e-03 6.147707346826791763e-03 7.408373523503541946e-03 1.127218734472990036e-02 1.390033494681119919e-02 1.431837491691112518e-02 1.868596114218235016e-02 1.842273026704788208e-02 0.000000000000000000e+00 0.000000000000000000e+00 
2.641521496116183698e-05 3.574703805497847497e-05 4.107538188691250980e-05 6.392374780261889100e-05 8.026217074075248092e-06 2.368463901802897453e-05 3.074346022913232446e-05 2.475728251738473773e-05 3.635100802057422698e-05 5.008672451367601752e-05 7.647901657037436962e-05 1.153437769971787930e-04 8.521217387169599533e-05 2.295442973263561726e-04 3.089333476964384317e-04 3.900977026205509901e-04 7.498843478970229626e-04 1.478500082157552242e-03 1.641884213313460350e-03 1.583960722200572491e-03 2.003933535888791084e-03 1.374074607156217098e-03 0.000000000000000000e+00 0.000000000000000000e+00 
4.872774297837167978e-06 6.285436938924249262e-06 8.677942787471693009e-06 1.107487059925915673e-05 3.236398924855166115e-06 4.063455889991018921e-06 5.281317044136812910e-06 5.607513230643235147e-06 8.273658750113099813e-06 1.182406231237109751e-05 1.744345536280889064e-05 2.671411311894189566e-05 2.482080344634596258e-05 7.158512744354084134e-05 8.674197306390851736e-05 1.304438774241134524e-04 2.668341330718249083e-04 5.995822139084339142e-04 7.680839626118540764e-04 7.253828807733952999e-04 1.198109122924506664e-03 9.446321055293083191e-04 0.000000000000000000e+00 0.000000000000000000e+00 
2.587900951311894460e-07 4.313411920975340763e-07 1.296735490541323088e-06 1.077737465493555646e-06 5.194916141704197798e-08 2.028461381087254267e-07 3.212195736068679253e-07 3.459140600625687512e-07 5.467695132210792508e-07 1.186107624562282581e-06 2.057754045381443575e-06 2.595440037111984566e-06 2.212432946180342697e-06 1.159625298896571621e-05 1.119889839173993096e-05 2.076788950944319367e-05 6.108892557676881552e-05 1.699989661574363708e-04 2.049076865660026670e-04 1.832901616580784321e-04 3.113680577371269464e-04 1.720989675959572196e-04 0.000000000000000000e+00 0.000000000000000000e+00 
4.646859131753444672e-03 5.368023645132780075e-03 4.346868954598903656e-03 7.817683741450309753e-03 4.690885078161954880e-03 4.547952208667993546e-03 5.167066119611263275e-03 5.233182571828365326e-03 9.140047244727611542e-03 1.118975877761840820e-02 1.368250325322151184e-02 2.037048898637294769e-02 1.965099573135375977e-02 3.075110912322998047e-02 3.727290779352188110e-02 3.696063160896301270e-02 4.052257910370826721e-02 3.758227080106735229e-02 3.426199406385421753e-02 3.073103539645671844e-02 3.253479674458503723e-02 2.039096504449844360e-02 0.000000000000000000e+00 0.000000000000000000e+00 
4.557708452921360731e-04 7.774666300974786282e-04 5.760162021033465862e-04 1.549952547065913677e-03 4.478489572647958994e-04 3.585842787288129330e-04 4.693570081144571304e-04 6.344039575196802616e-04 1.526277395896613598e-03 1.175648882053792477e-03 2.782145282253623009e-03 3.649068530648946762e-03 2.088981447741389275e-03 3.033261513337492943e-03 3.281343495473265648e-03 6.758078816346824169e-04 -4.501016228459775448e-04 -2.721171360462903976e-03 -4.181542433798313141e-03 -4.081374499946832657e-03 -7.379085756838321686e-03 -4.201795905828475952e-03 0.000000000000000000e+00 0.000000000000000000e+00 
1.050188730005174875e-04 2.179115253966301680e-04 2.111541543854400516e-04 5.844941479153931141e-04 1.198970712721347809e-04 9.239766222890466452e-05 1.257640979019924998e-04 1.954980252776294947e-04 6.560134934261441231e-04 5.006003775633871555e-04 1.394294085912406445e-03 1.717707840725779533e-03 1.156292855739593506e-03 2.183672040700912476e-03 2.941560000181198120e-03 2.865554532036185265e-03 3.379698842763900757e-03 2.912180498242378235e-03 2.827729564160108566e-03 2.447150414809584618e-03 3.982615191489458084e-03 1.835878472775220871e-03 0.000000000000000000e+00 0.000000000000000000e+00 
1.912301740958355367e-05 5.647438592859543860e-05 7.499269850086420774e-05 2.264132635900750756e-04 2.535816201998386532e-05 1.654663901717867702e-05 2.677364136616233736e-05 5.193240940570831299e-05 2.565923496149480343e-04 1.367484073853120208e-04 6.199743947945535183e-04 6.013946258462965488e-04 2.901862608268857002e-04 4.908866831101477146e-04 6.050905794836580753e-04 1.371039688820019364e-04 -1.268229971174150705e-04 -4.825305077247321606e-04 -7.658710237592458725e-04 -7.088237907737493515e-04 -1.655434956774115562e-03 -6.706950371153652668e-04 0.000000000000000000e+00 0.000000000000000000e+00 
3.944032359868288040e-03 5.484552122652530670e-03 4.120814613997936249e-03 1.080517936497926712e-02 5.428839009255170822e-03 4.937777295708656311e-03 5.929363891482353210e-03 7.184745278209447861e-03 1.507034990936517715e-02 2.134035341441631317e-02 2.489225752651691437e-02 4.193780571222305298e-02 4.150304198265075684e-02 6.521552801132202148e-02 7.209429889917373657e-02 6.124479323625564575e-02 5.882181227207183838e-02 3.873475268483161926e-02 2.599249780178070068e-02 1.897619850933551788e-02 2.170967496931552887e-02 7.205774541944265366e-03 0.000000000000000000e+00 0.000000000000000000e+00 
5.306596867740154266e-04 1.233643502928316593e-03 8.594411192461848259e-04 3.585482947528362274e-03 9.451432269997894764e-04 6.977985613048076630e-04 9.339881362393498421e-04 1.881585107184946537e-03 4.529937636107206345e-03 4.325910005718469620e-03 7.727164309471845627e-03 1.158144418150186539e-02 7.718190085142850876e-03 6.134822033345699310e-03 1.572093926370143890e-03 -8.188177831470966339e-03 -1.218768581748008728e-02 -9.583299048244953156e-03 -7.149925455451011658e-03 -5.375354550778865814e-03 -8.457890711724758148e-03 -1.814807066693902016e-03 0.000000000000000000e+00 0.000000000000000000e+00 
1.183186323032714427e-04 4.056167381349951029e-04 3.302997502032667398e-04 1.826897263526916504e-03 2.791799488477408886e-04 1.981999084819108248e-04 3.085754287894815207e-04 8.048087474890053272e-04 2.424112986773252487e-03 2.053786534816026688e-03 4.601460881531238556e-03 6.879496388137340546e-03 5.254897754639387131e-03 7.530233822762966156e-03 8.362662978470325470e-03 7.735547143965959549e-03 8.909061551094055176e-03 5.346723832190036774e-03 3.486151807010173798e-03 2.590853720903396606e-03 4.523101262748241425e-03 6.283467519097030163e-04 0.000000000000000000e+00 0.000000000000000000e+00 
2.551723264332395047e-05 1.375602587359026074e-04 1.362916955258697271e-04 1.014213310554623604e-03 8.093140786513686180e-05 5.370611324906349182e-05 1.070184807758778334e-04 3.518587618600577116e-04 1.333765452727675438e-03 8.278031600639224052e-04 2.635108539834618568e-03 3.287436440587043762e-03 2.059205668047070503e-03 1.490550581365823746e-03 3.147009701933711767e-04 -2.246592193841934204e-03 -3.602239536121487617e-03 -2.418464282527565956e-03 -1.576132257468998432e-03 -1.219209050759673119e-03 -2.439040457829833031e-03 -2.208744699601083994e-04 0.000000000000000000e+00 0.000000000000000000e+00 
1.449085539206862450e-03 2.695478731766343117e-03 1.859334995970129967e-03 8.230352774262428284e-03 2.779820701107382774e-03 2.509490586817264557e-03 3.266945946961641312e-03 5.029784049838781357e-03 1.381736528128385544e-02 2.021564915776252747e-02 2.594555355608463287e-02 5.023586004972457886e-02 5.167026445269584656e-02 9.063892066478729248e-02 1.002733558416366577e-01 8.212532103061676025e-02 7.368562370538711548e-02 4.053064063191413879e-02 2.138069272041320801e-02 1.421481836587190628e-02 1.756287924945354462e-02 3.250355832278728485e-03 0.000000000000000000e+00 0.000000000000000000e+00 
1.522560050943866372e-04 5.444988491944968700e-04 3.880598815158009529e-04 3.602753393352031708e-03 4.685789172071963549e-04 3.868151397909969091e-04 6.301391986198723316e-04 1.666628406383097172e-03 5.766742862761020660e-03 5.585739854723215103e-03 1.098216511309146881e-02 1.884480565786361694e-02 1.452079974114894867e-02 1.149749290198087692e-02 1.022106618620455265e-03 -1.687012799084186554e-02 -2.233983576297760010e-02 -1.389514934271574020e-02 -7.290929555892944336e-03 -5.237557925283908844e-03 -7.970816455781459808e-03 -7.170633762143552303e-04 0.000000000000000000e+00 0.000000000000000000e+00 
2.438825140416156501e-05 1.450664858566597104e-04 1.264169404748827219e-04 2.212082268670201302e-03 1.126232382375746965e-04 9.941325697582215071e-05 2.180894516641274095e-04 7.444678340107202530e-04 3.540105186402797699e-03 2.708159154281020164e-03 7.287748157978057861e-03 1.208241842687129974e-02 9.861075319349765778e-03 1.373678259551525116e-02 1.474383566528558731e-02 1.420490909367799759e-02 1.588862575590610504e-02 8.174518123269081116e-03 3.731551114469766617e-03 2.706986386328935623e-03 4.524048883467912674e-03 2.035250217886641622e-04 0.000000000000000000e+00 0.000000000000000000e+00 
4.090278707735706121e-06 4.055527824675664306e-05 4.428866304806433618e-05 1.493210089392960072e-03 2.757733091129921377e-05 2.704849066503811628e-05 8.315448212670162320e-05 3.471980162430554628e-04 2.320148283615708351e-03 1.302971155382692814e-03 4.969175904989242554e-03 7.028607185930013657e-03 5.102081224322319031e-03 3.576074959710240364e-03 1.693345402600243688e-04 -5.724311806261539459e-03 -8.290363475680351257e-03 -4.526922944933176041e-03 -1.961182802915573120e-03 -1.439875108189880848e-03 -2.668394008651375771e-03 -6.082978870836086571e-05 0.000000000000000000e+00 0.000000000000000000e+00 
5.635798443108797073e-04 1.203066087327897549e-03 8.261506445705890656e-04 6.291561294347047806e-03 1.313628628849983215e-03 1.325375749729573727e-03 1.719756168313324451e-03 3.367278724908828735e-03 1.168427057564258575e-02 1.624866575002670288e-02 2.391065657138824463e-02 5.137019231915473938e-02 5.492393672466278076e-02 1.060655564069747925e-01 1.199107542634010315e-01 9.752156585454940796e-02 8.482080698013305664e-02 4.326537624001502991e-02 1.941281184554100037e-02 1.278206706047058105e-02 1.559745334088802338e-02 1.688964432105422020e-03 0.000000000000000000e+00 0.000000000000000000e+00 
4.121602250961586833e-05 1.742108142934739590e-04 1.341575116384774446e-04 3.223998006433248520e-03 1.702640729490667582e-04 1.906285178847610950e-04 3.069729136768728495e-04 1.112496131099760532e-03 5.822658073157072067e-03 5.109339021146297455e-03 1.216450426727533340e-02 2.272929623723030090e-02 1.961290836334228516e-02 1.758638024330139160e-02 2.327433787286281586e-03 -2.290574274957180023e-02 -2.964296750724315643e-02 -1.745116896927356720e-02 -7.530405186116695404e-03 -5.544271785765886307e-03 -7.694113533943891525e-03 -3.122314519714564085e-04 0.000000000000000000e+00 0.000000000000000000e+00 
4.565672952594468370e-06 3.219918289687484503e-05 3.213027230231091380e-05 2.170811640098690987e-03 2.998636591655667871e-05 4.262764196028001606e-05 9.103464981308206916e-05 4.590376338455826044e-04 3.915868699550628662e-03 2.540980698540806770e-03 8.761817589402198792e-03 1.531603280454874039e-02 1.352503802627325058e-02 1.894596032798290253e-02 1.991035975515842438e-02 1.953282020986080170e-02 2.168161794543266296e-02 1.090416219085454941e-02 4.113857634365558624e-03 3.067116253077983856e-03 4.584833048284053802e-03 7.339619332924485207e-05 0.000000000000000000e+00 0.000000000000000000e+00 
5.440294330583128612e-07 6.247563760553020984e-06 8.186531886167358607e-06 1.564502599649131298e-03 5.462658918986562639e-06 1.030671955959405750e-05 2.934407530119642615e-05 1.974213664652779698e-04 2.795889275148510933e-03 1.327309524640440941e-03 6.569425109773874283e-03 9.866165928542613983e-03 8.069863542914390564e-03 6.225546356290578842e-03 6.476986454799771309e-04 -8.677231147885322571e-03 -1.240558084100484848e-02 -6.646394729614257812e-03 -2.378457691520452499e-03 -1.750359544530510902e-03 -2.864087233319878578e-03 -1.863323996076360345e-05 0.000000000000000000e+00 0.000000000000000000e+00 
3.183184016961604357e-04 7.383848424069583416e-04 5.240168538875877857e-04 5.943017080426216125e-03 8.575468091294169426e-04 9.711170569062232971e-04 1.209652167744934559e-03 2.923167776316404343e-03 1.147985830903053284e-02 1.558566279709339142e-02 2.463392168283462524e-02 5.520180612802505493e-02 6.093930080533027649e-02 1.197387501597404480e-01 1.332701593637466431e-01 1.047923266887664795e-01 8.809272199869155884e-02 4.022734239697456360e-02 1.532581821084022522e-02 1.024779304862022400e-02 1.219360623508691788e-02 6.677022902294993401e-04 0.000000000000000000e+00 0.000000000000000000e+00 
1.916510882438160479e-05 8.740677003515884280e-05 7.620016549481078982e-05 3.407138632610440254e-03 9.775477519724518061e-05 1.446535752620548010e-04 2.118023840012028813e-04 1.000100048258900642e-03 6.390884518623352051e-03 5.436845123767852783e-03 1.382540166378021240e-02 2.659288421273231506e-02 2.396481111645698547e-02 2.061515673995018005e-02 1.696703548077493906e-04 -2.876449562609195709e-02 -3.523771837353706360e-02 -1.813112385571002960e-02 -6.491000764071941376e-03 -4.714576527476310730e-03 -6.101772654801607132e-03 -8.315732702612876892e-05 0.000000000000000000e+00 0.000000000000000000e+00 
1.726308596516901162e-06 1.295845231652492657e-05 1.560692908242344856e-05 2.450628438964486122e-03 1.477395380788948387e-05 3.188203845638781786e-05 5.821042577736079693e-05 4.079207719769328833e-04 4.579857923090457916e-03 2.843333408236503601e-03 1.046514324843883514e-02 1.872050203382968903e-02 1.706561818718910217e-02 2.319486066699028015e-02 2.363990247249603271e-02 2.368639037013053894e-02 2.592051960527896881e-02 1.170035172253847122e-02 3.734733909368515015e-03 2.587917260825634003e-03 3.646516939625144005e-03 1.337482171948067844e-05 0.000000000000000000e+00 0.000000000000000000e+00 
1.687630941660245298e-07 2.018652821789146401e-06 3.365104703334509395e-06 1.857439521700143814e-03 2.342063453397713602e-06 7.592360816488508135e-06 1.715682628855574876e-05 1.723176974337548018e-04 3.452563192695379257e-03 1.584372366778552532e-03 8.243870921432971954e-03 1.275090407580137253e-02 1.078278478235006332e-02 7.833425886929035187e-03 -1.325490302406251431e-04 -1.176267024129629135e-02 -1.605521887540817261e-02 -7.584509905427694321e-03 -2.315423917025327682e-03 -1.457928214222192764e-03 -2.315153367817401886e-03 -2.361235601711086929e-06 0.000000000000000000e+00 0.000000000000000000e+00 
1.610809849807992578e-04 3.930537204723805189e-04 2.860954555217176676e-04 5.288365762680768967e-03 4.849458637181669474e-04 6.436122930608689785e-04 7.383835036307573318e-04 2.195976907387375832e-03 1.043095719069242477e-02 1.325520686805248260e-02 2.354333736002445221e-02 5.481569096446037292e-02 6.187804415822029114e-02 1.278572380542755127e-01 1.438096612691879272e-01 1.124776229262351990e-01 9.310843050479888916e-02 4.127795249223709106e-02 1.434156671166419983e-02 9.617279283702373505e-03 1.119018066674470901e-02 3.710810851771384478e-04 0.000000000000000000e+00 0.000000000000000000e+00 
7.208067927422234789e-06 3.436309998505748808e-05 3.275492417742498219e-05 3.283455967903137207e-03 4.372608964331448078e-05 9.256356861442327499e-05 1.131442695623263717e-04 7.089647115208208561e-04 6.346831098198890686e-03 4.911634605377912521e-03 1.446568779647350311e-02 2.838988788425922394e-02 2.675283513963222504e-02 2.457393519580364227e-02 9.639236377552151680e-04 -3.257623687386512756e-02 -3.944162279367446899e-02 -1.998202316462993622e-02 -6.553902290761470795e-03 -4.657872952520847321e-03 -5.798038560897111893e-03 -3.591036511352285743e-05 0.000000000000000000e+00 0.000000000000000000e+00 
4.783382792084012181e-07 3.718893367476994172e-06 5.146713647263823077e-06 2.438488183543086052e-03 5.164124559087213129e-06 1.884792436612769961e-05 2.605214649520348758e-05 2.655213174875825644e-04 4.746222402900457382e-03 2.624590881168842316e-03 1.142224017530679703e-02 2.054267749190330505e-02 1.934757642447948456e-02 2.659101597964763641e-02 2.673795260488986969e-02 2.706326544284820557e-02 2.953512594103813171e-02 1.336013339459896088e-02 3.975543193519115448e-03 2.606167923659086227e-03 3.568329149857163429e-03 4.519637968769529834e-06 0.000000000000000000e+00 0.000000000000000000e+00 
3.437709850118153554e-08 4.213424631416273769e-07 8.458731599603197537e-07 1.876861206255853176e-03 6.447038458645693026e-07 4.102402726857690141e-06 6.359937742672627792e-06 1.027313774102367461e-04 3.694488434121012688e-03 1.510553876869380474e-03 9.351184591650962830e-03 1.458317227661609650e-02 1.287516113370656967e-02 9.849197231233119965e-03 1.904036325868219137e-04 -1.392298191785812378e-02 -1.894930005073547363e-02 -9.032910689711570740e-03 -2.605549525469541550e-03 -1.491356408223509789e-03 -2.344831358641386032e-03 -6.293846581684192643e-07 0.000000000000000000e+00 0.000000000000000000e+00 
8.936669473769143224e-05 2.225188072770833969e-04 1.662548165768384933e-04 4.857835825532674789e-03 2.956622047349810600e-04 4.561157547868788242e-04 4.674470401369035244e-04 1.672198413871228695e-03 9.764828719198703766e-03 1.159338932484388351e-02 2.280527725815773010e-02 5.428668856620788574e-02 6.237783282995223999e-02 1.338615119457244873e-01 1.519538015127182007e-01 1.182199120521545410e-01 9.694734215736389160e-02 4.198431223630905151e-02 1.346361823379993439e-02 8.964543230831623077e-03 1.039731968194246292e-02 2.212490508100017905e-04 0.000000000000000000e+00 0.000000000000000000e+00 
3.040177034563384950e-06 1.475582303100964054e-05 1.512402013759128749e-05 3.164005698636174202e-03 2.157724884455092251e-05 6.303270492935553193e-05 6.103138366597704589e-05 4.998680669814348221e-04 6.309129297733306885e-03 4.483112599700689316e-03 1.491391472518444061e-02 2.962409146130084991e-02 2.883464284241199493e-02 2.781353332102298737e-02 1.618221984244883060e-03 -3.571067750453948975e-02 -4.287350550293922424e-02 -2.142765745520591736e-02 -6.510030012577772141e-03 -4.432010464370250702e-03 -5.544690415263175964e-03 -1.709962816676124930e-05 0.000000000000000000e+00 0.000000000000000000e+00 
1.529355131424381398e-07 1.203710098707233556e-06 1.857825623119424563e-06 2.378511009737849236e-03 2.049652266578050330e-06 1.184517259389394894e-05 1.164455989055568352e-05 1.705700124148279428e-04 4.839071538299322128e-03 2.425614511594176292e-03 1.212335936725139618e-02 2.189095877110958099e-02 2.114379592239856720e-02 2.934043295681476593e-02 2.923041209578514099e-02 2.983060292899608612e-02 3.255663812160491943e-02 1.473795715719461441e-02 4.115719813853502274e-03 2.479354850947856903e-03 3.505928441882133484e-03 1.716557335385004990e-06 0.000000000000000000e+00 0.000000000000000000e+00 
8.291347164401940972e-09 1.024326721221768821e-07 2.375171135327036609e-07 1.833895454183220863e-03 2.067690303420022246e-07 2.350225258851423860e-06 2.338725607842206955e-06 6.006684270687401295e-05 3.835038980469107628e-03 1.416661427356302738e-03 1.018094643950462341e-02 1.599576137959957123e-02 1.457677129656076431e-02 1.158346235752105713e-02 4.869307449553161860e-04 -1.578058861196041107e-02 -2.143269032239913940e-02 -1.029273681342601776e-02 -2.817544853314757347e-03 -1.414997270330786705e-03 -2.374159637838602066e-03 -1.915832683607732179e-07 0.000000000000000000e+00 0.000000000000000000e+00 
5.648673322866670787e-05 1.407741656294092536e-04 1.077131892088800669e-04 4.620643332600593567e-03 2.033497876254841685e-04 3.602843207772821188e-04 3.239746438339352608e-04 1.374850631691515446e-03 9.450696408748626709e-03 1.064389664679765701e-02 2.251996658742427826e-02 5.435166135430335999e-02 6.345424801111221313e-02 1.390855908393859863e-01 1.584497541189193726e-01 1.220926865935325623e-01 9.930463880300521851e-02 4.164911434054374695e-02 1.249057706445455551e-02 8.209392428398132324e-03 9.501942433416843414e-03 1.305457262787967920e-04 0.000000000000000000e+00 0.000000000000000000e+00 
1.558031385684444103e-06 7.469380307156825438e-06 8.176351002475712448e-06 3.104728646576404572e-03 1.264986167370807379e-05 4.865905430051498115e-05 3.665896656457334757e-05 3.901748568750917912e-04 6.358326412737369537e-03 4.264566581696271896e-03 1.535165589302778244e-02 3.076601028442382812e-02 3.067886456847190857e-02 3.019947186112403870e-02 1.605932484380900860e-03 -3.854505717754364014e-02 -4.567917063832283020e-02 -2.211514860391616821e-02 -6.325442343950271606e-03 -4.056915175169706345e-03 -5.163111723959445953e-03 -8.056271326495334506e-06 0.000000000000000000e+00 0.000000000000000000e+00 
6.316801659522752743e-08 4.853699238083208911e-07 8.268492592833354138e-07 2.350750844925642014e-03 1.020625632008886896e-06 8.635956874059047550e-06 5.956952918495517224e-06 1.250638160854578018e-04 4.961484111845493317e-03 2.336900448426604271e-03 1.272393763065338135e-02 2.311862632632255554e-02 2.279638871550559998e-02 3.165689110755920410e-02 3.130769729614257812e-02 3.217427060008049011e-02 3.504711762070655823e-02 1.554146036505699158e-02 4.141427110880613327e-03 2.231311285868287086e-03 3.326304024085402489e-03 6.464722446253290400e-07 0.000000000000000000e+00 0.000000000000000000e+00 
2.749825478431944248e-09 3.283656013763902592e-08 8.663732842251192778e-08 1.814362942241132259e-03 8.764674674921479891e-08 1.602508177711570170e-06 1.014785993902478367e-06 4.136323696002364159e-05 3.982582595199346542e-03 1.381137291900813580e-03 1.086436118930578232e-02 1.724336668848991394e-02 1.609582453966140747e-02 1.295071095228195190e-02 5.200071609579026699e-04 -1.752762682735919952e-02 -2.360393665730953217e-02 -1.114144083112478256e-02 -2.940583974123001099e-03 -1.249924767762422562e-03 -2.299357205629348755e-03 -5.798354507646763523e-08 0.000000000000000000e+00 0.000000000000000000e+00 
3.558615935617126524e-05 9.145518561126664281e-05 6.929225492058321834e-05 4.350689239799976349e-03 1.304876204812899232e-04 2.845368289854377508e-04 2.238386077806353569e-04 1.109049539081752300e-03 9.056482464075088501e-03 9.629239328205585480e-03 2.209004387259483337e-02 5.362909287214279175e-02 6.360977143049240112e-02 1.429513990879058838e-01 1.641450971364974976e-01 1.261887699365615845e-01 1.017872765660285950e-01 4.212705418467521667e-02 1.204838976263999939e-02 7.885767146944999695e-03 8.953713811933994293e-03 8.314380829688161612e-05 0.000000000000000000e+00 0.000000000000000000e+00 
8.239106819019070826e-07 3.996922259830171242e-06 4.388035904412390664e-06 2.965659368783235550e-03 6.444721748266601935e-06 3.667980126920156181e-05 2.151547778339590877e-05 2.931455674115568399e-04 6.260200403630733490e-03 3.983650356531143188e-03 1.566952094435691833e-02 3.134580701589584351e-02 3.203811123967170715e-02 3.272381052374839783e-02 2.280406188219785690e-03 -4.079236462712287903e-02 -4.794961214065551758e-02 -2.308901213109493256e-02 -6.342920474708080292e-03 -3.936112858355045319e-03 -4.936297424137592316e-03 -4.375751814222894609e-06 0.000000000000000000e+00 0.000000000000000000e+00 
2.733519011144380784e-08 2.117060944328841288e-07 3.642499564193713013e-07 2.233378356322646141e-03 4.036076859392778715e-07 6.018560270604211837e-06 2.927456989709753543e-06 8.688501111464574933e-05 4.924322012811899185e-03 2.218483947217464447e-03 1.324001606553792953e-02 2.387551218271255493e-02 2.410745061933994293e-02 3.375375270843505859e-02 3.319262713193893433e-02 3.423743695020675659e-02 3.713236004114151001e-02 1.653405278921127319e-02 4.267932381480932236e-03 2.159944269806146622e-03 3.219767939299345016e-03 3.024165380338672549e-07 0.000000000000000000e+00 0.000000000000000000e+00 
9.687520785561787307e-10 1.167516305855542669e-08 3.120546665513757034e-08 1.706481212750077248e-03 2.659338349531026324e-08 1.026576569529424887e-06 4.174153502845001640e-07 2.658770790731068701e-05 3.973058424890041351e-03 1.333306776359677315e-03 1.148750539869070053e-02 1.811330392956733704e-02 1.741245388984680176e-02 1.439729984849691391e-02 8.366857073269784451e-04 -1.894096285104751587e-02 -2.538642846047878265e-02 -1.210062485188245773e-02 -3.112542908638715744e-03 -1.205947017297148705e-03 -2.252788981422781944e-03 -2.340547489154687355e-08 0.000000000000000000e+00 0.000000000000000000e+00 
2.333723568881396204e-05 6.494623085018247366e-05 4.736567643703892827e-05 4.188706632703542709e-03 8.834885375108569860e-05 2.293688157806172967e-04 1.631858904147520661e-04 9.277950157411396503e-04 8.871125988662242889e-03 9.011764079332351685e-03 2.187961526215076447e-02 5.349713563919067383e-02 6.402681767940521240e-02 1.466539353132247925e-01 1.689105629920959473e-01 1.297007203102111816e-01 1.036688238382339478e-01 4.229362681508064270e-02 1.158115826547145844e-02 7.572812028229236603e-03 8.464078418910503387e-03 5.348564081941731274e-05 0.000000000000000000e+00 0.000000000000000000e+00 
4.588242177305801306e-07 2.489274038453004323e-06 2.597293132566846907e-06 2.888130024075508118e-03 3.619225481088506058e-06 2.836345811374485493e-05 1.386211260978598148e-05 2.332105214009061456e-04 6.283565424382686615e-03 3.881650744006037712e-03 1.599120348691940308e-02 3.215691447257995605e-02 3.326235339045524597e-02 3.486842289566993713e-02 2.668761415407061577e-03 -4.297852516174316406e-02 -4.990753158926963806e-02 -2.376467920839786530e-02 -6.281116511672735214e-03 -3.793844487518072128e-03 -4.714366514235734940e-03 -2.244955567221040837e-06 0.000000000000000000e+00 0.000000000000000000e+00 
1.253914483356766141e-08 1.145288450743464637e-07 1.824328563770905021e-07 2.168907318264245987e-03 1.834824558955006069e-07 4.347677077021216974e-06 1.634077648304810282e-06 6.519538874272257090e-05 5.000349134206771851e-03 2.224144991487264633e-03 1.371140498667955399e-02 2.482485398650169373e-02 2.528770454227924347e-02 3.568615019321441650e-02 3.479977324604988098e-02 3.619134426116943359e-02 3.892228379845619202e-02 1.727090775966644287e-02 4.299643915146589279e-03 2.070524031296372414e-03 3.100741188973188400e-03 1.224940007205077563e-07 0.000000000000000000e+00 0.000000000000000000e+00 
3.638090662061443936e-10 5.492754695524126873e-09 1.317863329575175158e-08 1.647635945118963718e-03 9.694107738766888360e-09 6.886895107527379878e-07 2.015999029936210718e-07 1.880822674138471484e-05 4.076505545526742935e-03 1.376548781991004944e-03 1.204374525696039200e-02 1.912567205727100372e-02 1.857366040349006653e-02 1.566959731280803680e-02 1.026057987473905087e-03 -2.035094425082206726e-02 -2.695268020033836365e-02 -1.284865848720073700e-02 -3.184942761436104774e-03 -1.148577546700835228e-03 -2.186518162488937378e-03 -7.433023974101615750e-09 0.000000000000000000e+00 0.000000000000000000e+00 
1.691703801043331623e-05 4.943834937876090407e-05 3.483328691800124943e-05 4.264399874955415726e-03 6.549900717800483108e-05 1.954113686224445701e-04 1.300646545132622123e-04 8.390395087189972401e-04 8.905239403247833252e-03 8.959843777120113373e-03 2.203219011425971985e-02 5.459997430443763733e-02 6.556036323308944702e-02 1.508190780878067017e-01 1.727266013622283936e-01 1.316282004117965698e-01 1.042410805821418762e-01 4.129492491483688354e-02 1.074563525617122650e-02 6.957239005714654922e-03 7.688884623348712921e-03 3.319397364975884557e-05 0.000000000000000000e+00 0.000000000000000000e+00 
2.969611330172483576e-07 1.720743057376239449e-06 1.694527782092336565e-06 3.030481282621622086e-03 2.349067244722391479e-06 2.338475133001338691e-05 1.053005325957201421e-05 2.085032028844580054e-04 6.443541962653398514e-03 4.031542222946882248e-03 1.642371714115142822e-02 3.357000276446342468e-02 3.466695547103881836e-02 3.615137189626693726e-02 1.930323196575045586e-03 -4.521334543824195862e-02 -5.160186067223548889e-02 -2.378312684595584869e-02 -6.016975734382867813e-03 -3.418589942157268524e-03 -4.293578211218118668e-03 -1.079251546798332129e-06 0.000000000000000000e+00 0.000000000000000000e+00 
7.099257626208554939e-09 7.155642123279903899e-08 1.036765624462532287e-07 2.320964355021715164e-03 1.027237175321715767e-07 3.394079840290942229e-06 1.150653474724094849e-06 5.731888086302205920e-05 5.195737816393375397e-03 2.389000495895743370e-03 1.422427222132682800e-02 2.627105824649333954e-02 2.656756900250911713e-02 3.739706054329872131e-02 3.608687222003936768e-02 3.789801523089408875e-02 4.040647298097610474e-02 1.751193404197692871e-02 4.204024095088243484e-03 1.815982395783066750e-03 2.827372634783387184e-03 4.571694489641231485e-08 0.000000000000000000e+00 0.000000000000000000e+00 
1.796867099557175607e-10 3.105270707237650640e-09 6.509305539026399856e-09 1.794764772057533264e-03 4.662515262765509760e-09 5.070796191830595490e-07 1.307508767922627158e-07 1.626508128538262099e-05 4.288419615477323532e-03 1.529098371975123882e-03 1.260301563888788223e-02 2.051516063511371613e-02 1.969667710363864899e-02 1.652493514120578766e-02 7.249546470120549202e-04 -2.182319760322570801e-02 -2.838185802102088928e-02 -1.323932223021984100e-02 -3.170846728608012199e-03 -9.798234095796942711e-04 -1.994063146412372589e-03 -2.153971223606276908e-09 0.000000000000000000e+00 0.000000000000000000e+00 
1.178609454655088484e-05 3.400069545023143291e-05 2.431310713291168213e-05 4.199383314698934555e-03 4.674903902923688293e-05 1.566930004628375173e-04 9.861813305178657174e-05 7.066598627716302872e-04 8.713147602975368500e-03 8.468596264719963074e-03 2.186102978885173798e-02 5.459531769156455994e-02 6.579618901014328003e-02 1.535647660493850708e-01 1.761949211359024048e-01 1.343249976634979248e-01 1.058953106403350830e-01 4.141845926642417908e-02 1.045776437968015671e-02 6.785450968891382217e-03 7.390402723103761673e-03 2.376527663727756590e-05 0.000000000000000000e+00 0.000000000000000000e+00 
1.769540887153198128e-07 9.910735343510168605e-07 1.006276306725339964e-06 3.022279590368270874e-03 1.435343847333570011e-06 1.744089058774989098e-05 7.301715868379687890e-06 1.661936694290488958e-04 6.416461430490016937e-03 3.920720424503087997e-03 1.665578410029411316e-02 3.435518220067024231e-02 3.563851490616798401e-02 3.796773031353950500e-02 2.200840273872017860e-03 -4.688826948404312134e-02 -5.333658307790756226e-02 -2.437656745314598083e-02 -6.032304372638463974e-03 -3.339550457894802094e-03 -4.177223425358533859e-03 -6.519356361422978807e-07 0.000000000000000000e+00 0.000000000000000000e+00 
3.574102791503719345e-09 3.451615881999714475e-08 5.185788509720623551e-08 2.320671221241354942e-03 5.335726172006616252e-08 2.314601033504004590e-06 7.138108344406646211e-07 4.309646828914992511e-05 5.210674833506345749e-03 2.366845495998859406e-03 1.456473581492900848e-02 2.717504464089870453e-02 2.750832028687000275e-02 3.894937410950660706e-02 3.727370873093605042e-02 3.939368203282356262e-02 4.198871925473213196e-02 1.818040758371353149e-02 4.296904429793357849e-03 1.767727429978549480e-03 2.777138492092490196e-03 2.335651849705300265e-08 0.000000000000000000e+00 0.000000000000000000e+00 
7.608016994176125536e-11 1.255547221745700881e-09 2.739038995613896077e-09 1.795888529159128666e-03 2.054099557113886476e-09 3.150677514440758387e-07 7.222153186603463837e-08 1.153361336037050933e-05 4.326994065195322037e-03 1.542034675367176533e-03 1.300508063286542892e-02 2.146755345165729523e-02 2.063060924410820007e-02 1.760710217058658600e-02 8.571937796659767628e-04 -2.291752956807613373e-02 -2.976705692708492279e-02 -1.392921432852745056e-02 -3.296638606116175652e-03 -9.497574064880609512e-04 -1.974597340449690819e-03 -9.309892301523348124e-10 0.000000000000000000e+00 0.000000000000000000e+00 
8.246125617006327957e-06 2.340475657547358423e-05 1.688775046204682440e-05 4.073013085871934891e-03 3.294730413472279906e-05 1.228301698574796319e-04 7.416948210448026657e-05 5.707755917683243752e-04 8.444040082395076752e-03 7.818176411092281342e-03 2.158745005726814270e-02 5.403401330113410950e-02 6.543396413326263428e-02 1.554630249738693237e-01 1.792531907558441162e-01 1.373159438371658325e-01 1.079595759510993958e-01 4.206606373190879822e-02 1.043827738612890244e-02 6.812739651650190353e-03 7.283308543264865875e-03 1.864258229034021497e-05 0.000000000000000000e+00 0.000000000000000000e+00 
1.054765235153354297e-07 5.678485308635572437e-07 5.858955773874185979e-07 2.935972064733505249e-03 8.562534503653296269e-07 1.242559483216609806e-05 4.945914952259045094e-06 1.234360679518431425e-04 6.294456776231527328e-03 3.690693527460098267e-03 1.678564399480819702e-02 3.471967577934265137e-02 3.635198622941970825e-02 3.991862386465072632e-02 2.995606744661927223e-03 -4.826734587550163269e-02 -5.497459694743156433e-02 -2.517408505082130432e-02 -6.170358974486589432e-03 -3.391381585970520973e-03 -4.197494126856327057e-03 -4.558839066248765448e-07 0.000000000000000000e+00 0.000000000000000000e+00 
1.806620852917717457e-09 1.648033531864712131e-08 2.521150754830614460e-08 2.239057095721364021e-03 2.692820544325513765e-08 1.481017875448742416e-06 4.279746121937932912e-07 2.936778037110343575e-05 5.126149393618106842e-03 2.251513767987489700e-03 1.479805167764425278e-02 2.769402973353862762e-02 2.824132516980171204e-02 4.033188149333000183e-02 3.833386301994323730e-02 4.075706377625465393e-02 4.351226985454559326e-02 1.897027157247066498e-02 4.465294070541858673e-03 1.808702596463263035e-03 2.840507775545120239e-03 1.456080145345595156e-08 0.000000000000000000e+00 0.000000000000000000e+00 
3.257919628518735067e-11 5.001207781241134853e-10 1.111707170764475450e-09 1.718334620818495750e-03 8.780947080566647855e-10 1.806182297059422126e-07 3.818925264909012185e-08 7.207265753095271066e-06 4.267444368451833725e-03 1.480070524848997593e-03 1.329626981168985367e-02 2.208467945456504822e-02 2.142461761832237244e-02 1.873530447483062744e-02 1.221818849444389343e-03 -2.380390278995037079e-02 -3.103837557137012482e-02 -1.467864494770765305e-02 -3.473448799923062325e-03 -9.785332949832081795e-04 -2.052557189017534256e-03 -5.166517214050259099e-10 0.000000000000000000e+00 0.000000000000000000e+00 
6.002803274895995855e-06 1.704890019027516246e-05 1.242499001818941906e-05 4.005128517746925354e-03 2.456935726513620466e-05 1.006286402116529644e-04 5.867424624739214778e-05 4.780770686920732260e-04 8.268943987786769867e-03 7.397532463073730469e-03 2.146405912935733795e-02 5.379260331392288208e-02 6.541968137025833130e-02 1.573828905820846558e-01 1.818770319223403931e-01 1.395804882049560547e-01 1.094285398721694946e-01 4.231739044189453125e-02 1.034338492900133133e-02 6.687499117106199265e-03 7.088887505233287811e-03 1.470911774958949536e-05 0.000000000000000000e+00 0.000000000000000000e+00 
6.599047708277794300e-08 3.538490886967338156e-07 3.719915753208624665e-07 2.897456055507063866e-03 5.562293381444760598e-07 9.441975635127164423e-06 3.597192062443355098e-06 9.641099313739687204e-05 6.222928874194622040e-03 3.560309298336505890e-03 1.694296114146709442e-02 3.514464199542999268e-02 3.707205131649971008e-02 4.144424200057983398e-02 3.373321844264864922e-03 -4.960669577121734619e-02 -5.640847980976104736e-02 -2.570844255387783051e-02 -6.244058255106210709e-03 -3.323864424601197243e-03 -4.147221799939870834e-03 -3.208037355761916842e-07 0.000000000000000000e+00 0.000000000000000000e+00 
9.692867619648382060e-10 8.796178896375295153e-09 1.375785352308867004e-08 2.204173710197210312e-03 1.523114256940516498e-08 1.031979422805306967e-06 2.817220376982731977e-07 2.134515671059489250e-05 5.082920193672180176e-03 2.195417881011962891e-03 1.502696331590414047e-02 2.823761850595474243e-02 2.896309457719326019e-02 4.153870791196823120e-02 3.923572972416877747e-02 4.198878258466720581e-02 4.483628645539283752e-02 1.954356208443641663e-02 4.578127991408109665e-03 1.764511107467114925e-03 2.846058458089828491e-03 9.134045519942901592e-09 0.000000000000000000e+00 0.000000000000000000e+00 
1.498748347650291635e-11 2.289694406298892204e-10 5.213168230433495864e-10 1.685588387772440910e-03 4.330375502625827266e-10 1.151485591321943502e-07 2.268345689060424775e-08 4.871049895882606506e-06 4.243962001055479050e-03 1.456539728678762913e-03 1.356555055826902390e-02 2.269410528242588043e-02 2.216345816850662231e-02 1.964676193892955780e-02 1.406395575031638145e-03 -2.468454279005527496e-02 -3.218765929341316223e-02 -1.525416877120733261e-02 -3.601917764171957970e-03 -9.498863364569842815e-04 -2.082214457914233208e-03 -2.883757677096809857e-10 0.000000000000000000e+00 0.000000000000000000e+00 
4.792451363755390048e-06 1.380329194944351912e-05 1.027016514854039997e-05 4.116751719266176224e-03 2.049564864137209952e-05 9.321304241893813014e-05 5.190488082007505000e-05 4.490821738727390766e-04 8.365495130419731140e-03 7.513265591114759445e-03 2.178228832781314850e-02 5.476046726107597351e-02 6.699874252080917358e-02 1.602507382631301880e-01 1.840749830007553101e-01 1.400716453790664673e-01 1.093125715851783752e-01 4.111572355031967163e-02 9.807639755308628082e-03 6.040393374860286713e-03 6.423792801797389984e-03 1.059128589986357838e-05 0.000000000000000000e+00 0.000000000000000000e+00 
4.777855977522449393e-08 2.598878268145199399e-07 2.841225068550556898e-07 3.038692986592650414e-03 4.316055992603651248e-07 8.656219506519846618e-06 3.106483973169815727e-06 8.914418140193447471e-05 6.372859701514244080e-03 3.725012531504034996e-03 1.732447557151317596e-02 3.618816658854484558e-02 3.831999003887176514e-02 4.178473725914955139e-02 2.181388670578598976e-03 -5.117667466402053833e-02 -5.752286687493324280e-02 -2.539688721299171448e-02 -6.044297479093074799e-03 -2.893012715503573418e-03 -3.784322645515203476e-03 -1.944521414998234832e-07 0.000000000000000000e+00 0.000000000000000000e+00 
6.338309321840540633e-10 5.863198815347914206e-09 9.621726526631846355e-09 2.350634662434458733e-03 1.098603874538639502e-08 9.237847962140222080e-07 2.331914856767980382e-07 1.936855187523178756e-05 5.247301422059535980e-03 2.349781803786754608e-03 1.542201731353998184e-02 2.930739894509315491e-02 3.008319810032844543e-02 4.246443510055541992e-02 3.994920477271080017e-02 4.310000687837600708e-02 4.580297693610191345e-02 1.947562769055366516e-02 4.488783888518810272e-03 1.476691686548292637e-03 2.616458106786012650e-03 4.665177133489351036e-09 0.000000000000000000e+00 0.000000000000000000e+00 
8.846865948153315173e-12 1.387189668689003952e-10 3.335083875732891556e-10 1.827034400776028633e-03 2.913140006999270781e-10 1.004007543770057964e-07 1.793956982965028146e-08 4.334046934673096985e-06 4.413404501974582672e-03 1.593837398104369640e-03 1.396330539137125015e-02 2.372699230909347534e-02 2.310138754546642303e-02 1.995468512177467346e-02 8.967816829681396484e-04 -2.579071559011936188e-02 -3.319620713591575623e-02 -1.535944920033216476e-02 -3.570946399122476578e-03 -7.644740981049835682e-04 -1.921534771099686623e-03 -1.238713437379246329e-10 0.000000000000000000e+00 0.000000000000000000e+00 
4.372475359559757635e-06 1.297379913012264296e-05 9.972732186724897474e-06 4.447956103831529617e-03 2.002559267566539347e-05 1.035614477586932480e-04 5.181510277907364070e-05 4.984466359019279480e-04 8.906885981559753418e-03 8.417116478085517883e-03 2.270699851214885712e-02 5.746788904070854187e-02 7.086497545242309570e-02 1.644905507564544678e-01 1.856660395860671997e-01 1.379474550485610962e-01 1.070751994848251343e-01 3.793899714946746826e-02 8.708397857844829559e-03 4.766330588608980179e-03 5.293997470289468765e-03 6.692207989544840530e-06 0.000000000000000000e+00 0.000000000000000000e+00 
4.243243978407917893e-08 2.403949395102245035e-07 2.821064981617382728e-07 3.411900252103805542e-03 4.291867128358717309e-07 1.047778005158761516e-05 3.190470806657685898e-06 1.054831955116242170e-04 6.914425175637006760e-03 4.341523163020610809e-03 1.803851500153541565e-02 3.809003531932830811e-02 4.030985012650489807e-02 4.028117284178733826e-02 -1.380826346576213837e-03 -5.300885066390037537e-02 -5.800300836563110352e-02 -2.391856722533702850e-02 -5.482687614858150482e-03 -2.069155452772974968e-03 -3.100574482232332230e-03 -9.528244504508620594e-08 0.000000000000000000e+00 0.000000000000000000e+00 
5.457050367141391689e-10 5.339530151360349919e-09 9.590126026637335599e-09 2.742388751357793808e-03 1.112683989390461647e-08 1.198352947540115565e-06 2.427081824407650856e-07 2.433931695122737437e-05 5.783153232187032700e-03 2.835059305652976036e-03 1.607955247163772583e-02 3.109882958233356476e-02 3.178058564662933350e-02 4.294310882687568665e-02 4.046312347054481506e-02 4.406391829252243042e-02 4.614318534731864929e-02 1.853611133992671967e-02 4.128882195800542831e-03 9.562435443513095379e-04 2.121472265571355820e-03 1.777937352898106838e-09 0.000000000000000000e+00 0.000000000000000000e+00 
7.374830780781937989e-12 1.245261949112119737e-10 3.326051933871809752e-10 2.215092070400714874e-03 3.022321282131201770e-10 1.391984625342956861e-07 1.887964096169980621e-08 5.779947514383820817e-06 4.926332738250494003e-03 1.991905039176344872e-03 1.457511913031339645e-02 2.534095756709575653e-02 2.434111572802066803e-02 1.930850371718406677e-02 -6.677344790659844875e-04 -2.723427861928939819e-02 -3.388160839676856995e-02 -1.481739990413188934e-02 -3.321210853755474091e-03 -4.485481767915189266e-04 -1.527403830550611019e-03 -3.661216468886507869e-11 0.000000000000000000e+00 0.000000000000000000e+00 
3.225709178877878003e-06 9.421354661753866822e-06 7.252588602568721399e-06 4.292747471481561661e-03 1.480525315855629742e-05 8.207264909287914634e-05 3.773409480345435441e-05 3.947187215089797974e-04 8.657711558043956757e-03 7.692981977015733719e-03 2.232985943555831909e-02 5.643619596958160400e-02 6.982409954071044922e-02 1.655002683401107788e-01 1.878952682018280029e-01 1.407471895217895508e-01 1.091709882020950317e-01 3.911200538277626038e-02 8.889253251254558563e-03 4.954860545694828033e-03 5.401644855737686157e-03 5.846168733114609495e-06 0.000000000000000000e+00 0.000000000000000000e+00 
2.671471044379813975e-08 1.487046574766281992e-07 1.737063257678528316e-07 3.278473624959588051e-03 2.710548869799822569e-07 7.457246283593121916e-06 1.957263293661526404e-06 7.537804049206897616e-05 6.761405151337385178e-03 4.004034679383039474e-03 1.800537481904029846e-02 3.801381960511207581e-02 4.062827304005622864e-02 4.209963604807853699e-02 -3.213435411453247070e-04 -5.401423573493957520e-02 -5.938630178570747375e-02 -2.488909102976322174e-02 -5.666416604071855545e-03 -2.206957899034023285e-03 -3.241598606109619141e-03 -7.889270392524849740e-08 0.000000000000000000e+00 0.000000000000000000e+00 
2.930580222937351209e-10 2.812866606305419737e-09 5.012040560359309893e-09 2.606194932013750076e-03 6.011612985190595282e-09 7.626328510923485737e-07 1.261634139382294961e-07 1.568684092490002513e-05 5.655551794916391373e-03 2.620469080284237862e-03 1.613700948655605316e-02 3.119995631277561188e-02 3.218258172273635864e-02 4.401134327054023743e-02 4.122859612107276917e-02 4.515773057937622070e-02 4.747079685330390930e-02 1.940504461526870728e-02 4.306089133024215698e-03 1.044786768034100533e-03 2.265238203108310699e-03 1.394892423789428904e-09 0.000000000000000000e+00 0.000000000000000000e+00 
3.384116337851184042e-12 5.595712088135584850e-11 1.476639227560028189e-10 2.079347614198923111e-03 1.394262205689500433e-10 7.915244282230560202e-08 8.326868972119427781e-09 3.356549996169633232e-06 4.820352885872125626e-03 1.842275029048323631e-03 1.468742918223142624e-02 2.558166161179542542e-02 2.488619461655616760e-02 2.034935355186462402e-02 -1.846121158450841904e-04 -2.786813676357269287e-02 -3.495657071471214294e-02 -1.558739412575960159e-02 -3.494481556117534637e-03 -5.017462535761296749e-04 -1.662735710851848125e-03 -2.719638750314778974e-11 0.000000000000000000e+00 0.000000000000000000e+00 
2.573240635683760047e-06 7.578935765195637941e-06 5.821847480547148734e-06 4.304586444050073624e-03 1.144706766353920102e-05 7.426716183545067906e-05 3.087167351623065770e-05 3.528331581037491560e-04 8.687264285981655121e-03 7.553112227469682693e-03 2.241531014442443848e-02 5.668477341532707214e-02 7.045614719390869141e-02 1.674184799194335938e-01 1.897726207971572876e-01 1.416721493005752563e-01 1.096422374248504639e-01 3.885556012392044067e-02 8.623451925814151764e-03 4.625936038792133331e-03 5.159785505384206772e-03 4.668205747293541208e-06 0.000000000000000000e+00 0.000000000000000000e+00 
1.962279938538813440e-08 1.096520279020296584e-07 1.307170549580405350e-07 3.315948415547609329e-03 1.808478913289945922e-07 6.518471309391316026e-06 1.465503260078548919e-06 6.452240631915628910e-05 6.844327319413423538e-03 3.993985243141651154e-03 1.821816340088844299e-02 3.855315968394279480e-02 4.145379737019538879e-02 4.264123737812042236e-02 -8.749185944907367229e-04 -5.517234653234481812e-02 -6.032006070017814636e-02 -2.506391145288944244e-02 -5.568719934672117233e-03 -2.008346840739250183e-03 -3.139067441225051880e-03 -5.643672906785468513e-08 0.000000000000000000e+00 0.000000000000000000e+00 
1.946498517924055704e-10 1.885919198585384038e-09 3.460154385237501629e-09 2.648827154189348221e-03 3.393395342499161416e-09 6.385607775882817805e-07 8.580128252333452110e-08 1.281871936953393742e-05 5.753620527684688568e-03 2.641099272295832634e-03 1.638699322938919067e-02 3.181315213441848755e-02 3.297182172536849976e-02 4.477302357554435730e-02 4.187503457069396973e-02 4.611716046929359436e-02 4.835692420601844788e-02 1.971838995814323425e-02 4.275720566511154175e-03 9.260161314159631729e-04 2.210881561040878296e-03 8.948553564813721550e-10 0.000000000000000000e+00 0.000000000000000000e+00 
2.034247770232866515e-12 3.410107959900265939e-11 9.317459304103437034e-11 2.122350968420505524e-03 6.573330768588903084e-11 6.342755654031861923e-08 5.142533954227701543e-09 2.616145138745196164e-06 4.926424473524093628e-03 1.874445704743266106e-03 1.495766919106245041e-02 2.622734569013118744e-02 2.561867609620094299e-02 2.073299512267112732e-02 -4.177800437901169062e-04 -2.871386148035526276e-02 -3.581969439983367920e-02 -1.598301529884338379e-02 -3.501776605844497681e-03 -4.332117096055299044e-04 -1.627940800972282887e-03 -1.562723735137883097e-11 0.000000000000000000e+00 0.000000000000000000e+00 
2.368655259488150477e-06 7.358142283919733018e-06 5.305244940245756879e-06 4.667437635362148285e-03 1.078560671885497868e-05 8.964453445514664054e-05 3.295852002338506281e-05 4.164453421253710985e-04 9.309991262853145599e-03 8.671269752085208893e-03 2.343320474028587341e-02 5.981500819325447083e-02 7.495152950286865234e-02 1.716464757919311523e-01 1.910853981971740723e-01 1.385451108217239380e-01 1.066200062632560730e-01 3.528123721480369568e-02 7.520752027630805969e-03 3.323314012959599495e-03 4.150487948209047318e-03 3.010382215506979264e-06 0.000000000000000000e+00 0.000000000000000000e+00 
1.865397614153607719e-08 1.094776038712552690e-07 1.175310728740441846e-07 3.735277568921446800e-03 1.704556922277333797e-07 8.924613212002441287e-06 1.694509364824625663e-06 8.379486826015636325e-05 7.470999844372272491e-03 4.740284290164709091e-03 1.897319220006465912e-02 4.051242023706436157e-02 4.349391907453536987e-02 4.031636938452720642e-02 -5.116720683872699738e-03 -5.677878484129905701e-02 -6.016465276479721069e-02 -2.329075522720813751e-02 -4.953956697136163712e-03 -1.237691612914204597e-03 -2.456477377563714981e-03 -2.851787073154810059e-08 0.000000000000000000e+00 0.000000000000000000e+00 
1.877395183758068242e-10 1.926832027265845682e-09 3.016996430460494594e-09 3.103021532297134399e-03 3.172042850607681430e-09 9.746888736117398366e-07 1.047426536615603254e-07 1.824542778194881976e-05 6.386960390955209732e-03 3.224139101803302765e-03 1.708382181823253632e-02 3.358414024114608765e-02 3.469271957874298096e-02 4.490666463971138000e-02 4.239882156252861023e-02 4.696283489465713501e-02 4.822021722793579102e-02 1.858685165643692017e-02 3.859272459521889687e-03 4.891292774118483067e-04 1.656599575653672218e-03 3.556212546662607110e-10 0.000000000000000000e+00 0.000000000000000000e+00 
1.985907965851296808e-12 3.568968384715098807e-11 7.859889128436492456e-11 2.586364280432462692e-03 6.110630751399170890e-11 1.077106404068217671e-07 6.607814295733760446e-09 4.077652647538343444e-06 5.544218700379133224e-03 2.353552728891372681e-03 1.560732908546924591e-02 2.777732908725738525e-02 2.682548947632312775e-02 1.961460895836353302e-02 -2.319313818588852882e-03 -3.018473275005817413e-02 -3.616001829504966736e-02 -1.529461890459060669e-02 -3.185435896739363670e-03 -1.961375382961705327e-04 -1.154772820882499218e-03 -4.870026690945161718e-12 0.000000000000000000e+00 0.000000000000000000e+00 
1.942871904248022474e-06 5.936695743002928793e-06 4.336627171142026782e-06 4.820283968001604080e-03 9.039033102453686297e-06 8.491447806591168046e-05 3.090478639933280647e-05 4.207228193990886211e-04 9.578153491020202637e-03 9.119573049247264862e-03 2.390189096331596375e-02 6.130592525005340576e-02 7.734956592321395874e-02 1.743821054697036743e-01 1.926166564226150513e-01 1.376385539770126343e-01 1.055135875940322876e-01 3.377062827348709106e-02 7.030898239463567734e-03 2.716064918786287308e-03 3.636437002569437027e-03 2.247822294521029107e-06 0.000000000000000000e+00 0.000000000000000000e+00 
1.443365160724852103e-08 8.003028995062777540e-08 8.797868389365248731e-08 3.927339799702167511e-03 1.347328719703000388e-07 8.310214070661459118e-06 1.591683258084231056e-06 8.721437916392460465e-05 7.775949314236640930e-03 5.092729348689317703e-03 1.938760094344615936e-02 4.160804674029350281e-02 4.479678347706794739e-02 3.954758122563362122e-02 -7.069901097565889359e-03 -5.799882113933563232e-02 -6.043346598744392395e-02 -2.273422293365001678e-02 -4.734186921268701553e-03 -9.206472313962876797e-04 -2.101595979183912277e-03 -1.816209582727879024e-08 0.000000000000000000e+00 0.000000000000000000e+00 
1.359944656886824532e-10 1.276548089457207880e-09 2.053760272957561028e-09 3.318074857816100121e-03 2.371252083577246594e-09 8.862432423484278843e-07 9.673010481492383406e-08 1.949857323779724538e-05 6.709169130772352219e-03 3.518918761983513832e-03 1.749479398131370544e-02 3.461247310042381287e-02 3.583008795976638794e-02 4.532223939895629883e-02 4.300564527511596680e-02 4.783891886472702026e-02 4.854781180620193481e-02 1.836838386952877045e-02 3.745746565982699394e-03 3.307990846224129200e-04 1.368049415759742260e-03 1.930829940377520870e-10 0.000000000000000000e+00 0.000000000000000000e+00 
1.343151935159769828e-12 2.145565149158645823e-11 4.861562541425001882e-11 2.812397899106144905e-03 4.347660773063033446e-11 9.561408376157487510e-08 5.986519280298807644e-09 4.463784989638952538e-06 5.868977401405572891e-03 2.606011461466550827e-03 1.601164788007736206e-02 2.871542051434516907e-02 2.770158275961875916e-02 1.928575895726680756e-02 -3.211474511772394180e-03 -3.126536309719085693e-02 -3.669983148574829102e-02 -1.528239902108907700e-02 -3.120531095191836357e-03 -1.205565058626234531e-04 -9.150170953944325447e-04 -2.246236400008094769e-12 0.000000000000000000e+00 0.000000000000000000e+00 
1.660799966884951573e-06 5.198812687012832612e-06 3.913497948815347627e-06 5.022357683628797531e-03 8.365020221390295774e-06 9.079577284865081310e-05 3.084951094933785498e-05 4.594431957229971886e-04 9.949078783392906189e-03 9.864558465778827667e-03 2.458188869059085846e-02 6.335682421922683716e-02 8.046996593475341797e-02 1.773726493120193481e-01 1.938101202249526978e-01 1.360111683607101440e-01 1.038966923952102661e-01 3.186964243650436401e-02 6.468759849667549133e-03 2.080734819173812866e-03 3.136816667392849922e-03 1.647513386160426307e-06 0.000000000000000000e+00 0.000000000000000000e+00 
1.161587537268360393e-08 6.635431049062390230e-08 7.658596956616747775e-08 4.173145163804292679e-03 1.242956102487369208e-07 9.395820598001591861e-06 1.651266302360454574e-06 1.005672675091773272e-04 8.167920634150505066e-03 5.621023476123809814e-03 1.989626884460449219e-02 4.292549565434455872e-02 4.623428732156753540e-02 3.819755837321281433e-02 -9.655435569584369659e-03 -5.916522815823554993e-02 -6.039896979928016663e-02 -2.193444594740867615e-02 -4.446680191904306412e-03 -6.211267318576574326e-04 -1.764546264894306660e-03 -1.121131454340229539e-08 0.000000000000000000e+00 0.000000000000000000e+00 
1.025965423728791848e-10 1.003094607376908698e-09 1.710127706111563839e-09 3.596812020987272263e-03 2.189420422737953231e-09 1.048363628797233105e-06 1.023001132693934778e-07 2.367413435422349721e-05 7.122361566871404648e-03 3.939016722142696381e-03 1.796830072999000549e-02 3.578516095876693726e-02 3.705557435750961304e-02 4.558093845844268799e-02 4.356493800878524780e-02 4.863766580820083618e-02 4.860877245664596558e-02 1.794400252401828766e-02 3.554999129846692085e-03 1.963878603419288993e-04 1.101650763303041458e-03 1.003726338155708220e-10 0.000000000000000000e+00 0.000000000000000000e+00 
9.490545285414930810e-13 1.599650967243348987e-11 3.868465964229628185e-11 3.110586432740092278e-03 4.047888413349909342e-11 1.180988675741900806e-07 6.432215648999317636e-09 5.701229838450672105e-06 6.287030410021543503e-03 2.954030409455299377e-03 1.646217703819274902e-02 2.972667291760444641e-02 2.857610583305358887e-02 1.863702200353145599e-02 -4.407212603837251663e-03 -3.237912803888320923e-02 -3.703728318214416504e-02 -1.507684774696826935e-02 -2.968068933114409447e-03 -6.296256469795480371e-05 -7.020910852588713169e-04 -9.795798070269534641e-13 0.000000000000000000e+00 0.000000000000000000e+00 
1.418757960891525727e-06 4.547154276224318892e-06 3.501012542983517051e-06 5.172715522348880768e-03 7.704196832492016256e-06 9.492725803283974528e-05 3.015166112163569778e-05 4.873566213063895702e-04 1.022578310221433640e-02 1.044990308582782745e-02 2.509237080812454224e-02 6.493999063968658447e-02 8.300541341304779053e-02 1.799106895923614502e-01 1.949582397937774658e-01 1.349749267101287842e-01 1.027154549956321716e-01 3.052390553057193756e-02 6.062607746571302414e-03 1.642394112423062325e-03 2.762437332421541214e-03 1.256825271411798894e-06 0.000000000000000000e+00 0.000000000000000000e+00 
9.280805457478891185e-09 5.481127018924780714e-08 6.548611253265335108e-08 4.361181519925594330e-03 1.134591371965143480e-07 1.021492607833351940e-05 1.641500944060680922e-06 1.108625510823912919e-04 8.475611917674541473e-03 6.036508828401565552e-03 2.030722983181476593e-02 4.398716241121292114e-02 4.743711277842521667e-02 3.723619878292083740e-02 -1.164212357252836227e-02 -6.011726334691047668e-02 -6.040359288454055786e-02 -2.140228822827339172e-02 -4.241823218762874603e-03 -4.375815915409475565e-04 -1.508704503066837788e-03 -7.393754497542204263e-09 0.000000000000000000e+00 0.000000000000000000e+00 
7.645235833297903127e-11 7.836488125079199563e-10 1.389438453180957822e-09 3.813986899331212044e-03 1.989298725746380114e-09 1.175574880107888021e-06 1.019638347088402952e-07 2.706094164750538766e-05 7.454047445207834244e-03 4.259361419826745987e-03 1.836049929261207581e-02 3.673689067363739014e-02 3.809034451842308044e-02 4.589760676026344299e-02 4.410666599869728088e-02 4.934415966272354126e-02 4.870209470391273499e-02 1.766939274966716766e-02 3.413858357816934586e-03 1.233802322531118989e-04 9.033514652401208878e-04 5.717357143275592080e-11 0.000000000000000000e+00 0.000000000000000000e+00 
6.592475588866608671e-13 1.183320282038824445e-11 2.984656272131402943e-11 3.347005229443311691e-03 3.683165231138652018e-11 1.363882233818003442e-07 6.413034547847473732e-09 6.751393357262713835e-06 6.628883071243762970e-03 3.210042137652635574e-03 1.684254780411720276e-02 3.055261261761188507e-02 2.932553365826606750e-02 1.818353496491909027e-02 -5.342186894267797470e-03 -3.329938650131225586e-02 -3.733687847852706909e-02 -1.494136266410350800e-02 -2.848961623385548592e-03 -3.526134969433769584e-05 -5.496506928466260433e-04 -4.799555392877297155e-13 0.000000000000000000e+00 0.000000000000000000e+00 
9.806335583562031388e-07 3.077816927543608472e-06 2.293379338880185969e-06 4.985966254025697708e-03 5.237659934209659696e-06 6.614254380110651255e-05 2.139178104698657990e-05 3.696764761116355658e-04 9.835185483098030090e-03 9.223226457834243774e-03 2.434964664280414581e-02 6.295467913150787354e-02 8.075394481420516968e-02 1.796599626541137695e-01 1.970048993825912476e-01 1.390082240104675293e-01 1.058990806341171265e-01 3.224446624517440796e-02 6.412147078663110733e-03 1.884247292764484882e-03 3.139909124001860619e-03 1.215472138937911950e-06 0.000000000000000000e+00 0.000000000000000000e+00 
5.270870850893061288e-09 3.028758399636899412e-08 3.410065829712038976e-08 4.171763081103563309e-03 6.299545418642082950e-08 5.951962521066889167e-06 9.853677056526066735e-07 7.489980635000392795e-05 8.179070428013801575e-03 5.319091025739908218e-03 2.008044905960559845e-02 4.341993480920791626e-02 4.734498262405395508e-02 3.991107642650604248e-02 -9.368332102894783020e-03 -6.093735620379447937e-02 -6.219291687011718750e-02 -2.262008376419544220e-02 -4.542211536318063736e-03 -5.386334378272294998e-04 -1.826677354983985424e-03 -7.145906533168044916e-09 0.000000000000000000e+00 0.000000000000000000e+00 
3.591606179131900944e-11 3.555528926835194170e-10 5.803672542548099500e-10 3.600895404815673828e-03 9.023507496763727431e-10 5.724560878661577590e-07 5.168561045820752042e-08 1.623335629119537771e-05 7.162880618125200272e-03 3.724411595612764359e-03 1.825905404984951019e-02 3.644569590687751770e-02 3.813586384057998657e-02 4.692075029015541077e-02 4.463116824626922607e-02 5.033720657229423523e-02 5.035715177655220032e-02 1.875845529139041901e-02 3.712464589625597000e-03 1.626376906642690301e-04 1.164986868388950825e-03 5.478071468667522481e-11 0.000000000000000000e+00 0.000000000000000000e+00 
2.567281240026253464e-13 4.424364954264126126e-12 1.001453173860022972e-11 3.115852596238255501e-03 1.362258049419917683e-11 5.549002679572367924e-08 2.743645755032275702e-09 3.585384774851263501e-06 6.345144473016262054e-03 2.782420488074421883e-03 1.681034080684185028e-02 3.051393479108810425e-02 2.967185154557228088e-02 1.964494027197360992e-02 -4.291273653507232666e-03 -3.366646543145179749e-02 -3.860051184892654419e-02 -1.594937220215797424e-02 -3.154035424813628197e-03 -4.971504677087068558e-05 -7.552338647656142712e-04 -4.539863493815965434e-13 0.000000000000000000e+00 0.000000000000000000e+00 
8.917164677768596448e-07 2.869365744118113071e-06 2.190510258515132591e-06 5.165955051779747009e-03 5.143223916093120351e-06 7.374668348347768188e-05 2.169436993426643312e-05 4.089591675437986851e-04 1.016416773200035095e-02 9.953742846846580505e-03 2.492415532469749451e-02 6.471434980630874634e-02 8.355156332254409790e-02 1.821240335702896118e-01 1.978073567152023315e-01 1.374218314886093140e-01 1.042866855859756470e-01 3.066335618495941162e-02 5.980532150715589523e-03 1.452053547836840153e-03 2.714761067181825638e-03 9.271816452383063734e-07 0.000000000000000000e+00 0.000000000000000000e+00 
4.631175443137180991e-09 2.757497519212392945e-08 3.221111199991355534e-08 4.392746835947036743e-03 6.343618252913074684e-08 7.108726094884332269e-06 1.026227096190268639e-06 8.745996456127613783e-05 8.532402105629444122e-03 5.836461670696735382e-03 2.051524259150028229e-02 4.451173543930053711e-02 4.855807498097419739e-02 3.864965215325355530e-02 -1.163924019783735275e-02 -6.171346455812454224e-02 -6.190032139420509338e-02 -2.189844474196434021e-02 -4.303704481571912766e-03 -3.656065382529050112e-04 -1.510962960310280323e-03 -4.721673718677266152e-09 0.000000000000000000e+00 0.000000000000000000e+00 
3.039393042802984723e-11 3.165213646738607167e-10 5.385736856489131696e-10 3.856270806863903999e-03 9.360123787161001019e-10 7.271549407050770242e-07 5.471413899726940144e-08 1.997856270463671535e-05 7.541582919657230377e-03 4.129701759666204453e-03 1.866849325597286224e-02 3.740970417857170105e-02 3.916535526514053345e-02 4.709476977586746216e-02 4.507287219166755676e-02 5.086026713252067566e-02 5.017823353409767151e-02 1.829688437283039093e-02 3.528395202010869980e-03 9.709741425467655063e-05 9.117989102378487587e-04 3.133464668292340605e-11 0.000000000000000000e+00 0.000000000000000000e+00 
2.091470443013609959e-13 3.854696509902888479e-12 9.123701794067073934e-12 3.394299652427434921e-03 1.463983274885283237e-11 7.487399500405444996e-08 2.947899258032293801e-09 4.649406491807894781e-06 6.733518559485673904e-03 3.111854661256074905e-03 1.720345020294189453e-02 3.133507445454597473e-02 3.038606606423854828e-02 1.901964098215103149e-02 -5.366854835301637650e-03 -3.449638560414314270e-02 -3.868657350540161133e-02 -1.562781445682048798e-02 -2.984921447932720184e-03 -2.608287104521878064e-05 -5.572657682932913303e-04 -2.239753928113749626e-13 0.000000000000000000e+00 0.000000000000000000e+00 
8.377199947062763385e-07 2.769522097878507338e-06 2.172753738705068827e-06 5.353203974664211273e-03 5.263283583190059289e-06 8.586937474319711328e-05 2.197352660004980862e-05 4.666684544645249844e-04 1.052932813763618469e-02 1.087574288249015808e-02 2.557910420000553131e-02 6.674683094024658203e-02 8.669278770685195923e-02 1.846597641706466675e-01 1.983981132507324219e-01 1.353192925453186035e-01 1.022339239716529846e-01 2.902835980057716370e-02 5.552361253648996353e-03 1.079566660337150097e-03 2.270407276228070259e-03 7.038484568511194084e-07 0.000000000000000000e+00 0.000000000000000000e+00 
4.280298782077807118e-09 2.648014785222585488e-08 3.222637090516400349e-08 4.621745552867650986e-03 6.827522724961454514e-08 9.046896593645215034e-06 1.058144903254287783e-06 1.067245975718833506e-04 8.911184035241603851e-03 6.483771838247776031e-03 2.095002122223377228e-02 4.568195343017578125e-02 4.978217929601669312e-02 3.704939037561416626e-02 -1.414255797863006592e-02 -6.235131248831748962e-02 -6.131790950894355774e-02 -2.109067514538764954e-02 -4.044378641992807388e-03 -2.348632260691374540e-04 -1.183947431854903698e-03 -3.101714662889776264e-09 0.000000000000000000e+00 0.000000000000000000e+00 
2.753151526202479715e-11 3.026502659597696265e-10 5.396594282558453415e-10 4.124561790376901627e-03 1.064554444596410576e-09 1.004897512757452205e-06 5.707374128860465134e-08 2.604629298730287701e-05 7.950823754072189331e-03 4.639266058802604675e-03 1.905622147023677826e-02 3.840704634785652161e-02 4.019151628017425537e-02 4.717940092086791992e-02 4.551608115434646606e-02 5.127596110105514526e-02 4.975689202547073364e-02 1.770774461328983307e-02 3.306908067315816879e-03 5.380271250032819808e-05 6.626736721955239773e-04 1.781171390935476495e-11 0.000000000000000000e+00 0.000000000000000000e+00 
1.855840107240977477e-13 3.671892651047059530e-12 9.149375701511530679e-12 3.691672813147306442e-03 1.768275977032107704e-11 1.122431640965260158e-07 3.108571622334466156e-09 6.476200724137015641e-06 7.158700376749038696e-03 3.527582855895161629e-03 1.756563782691955566e-02 3.214632719755172729e-02 3.104490786790847778e-02 1.821157336235046387e-02 -6.564637180417776108e-03 -3.529180213809013367e-02 -3.858413919806480408e-02 -1.515044271945953369e-02 -2.770255785435438156e-03 -1.245141265826532617e-05 -3.745458088815212250e-04 -1.098366867293212867e-13 0.000000000000000000e+00 0.000000000000000000e+00 
6.458352572735748254e-07 2.109492697854875587e-06 1.616374674995313399e-06 5.240294616669416428e-03 4.044184152007801458e-06 6.856554682599380612e-05 1.623577554710209370e-05 3.744059358723461628e-04 1.033851783722639084e-02 1.014349143952131271e-02 2.514434419572353363e-02 6.561672687530517578e-02 8.550810068845748901e-02 1.848078668117523193e-01 1.999026089906692505e-01 1.377823352813720703e-01 1.041497215628623962e-01 2.987338602542877197e-02 5.702427588403224945e-03 1.169289113022387028e-03 2.435112139210104942e-03 6.493477258118218742e-07 0.000000000000000000e+00 0.000000000000000000e+00 
2.878429716801633731e-09 1.755133816061515972e-08 2.043392299810875556e-08 4.510352853685617447e-03 4.589753288541942311e-08 6.472846507676877081e-06 6.656989626208087429e-07 7.727487536612898111e-05 8.782152086496353149e-03 6.064626853913068771e-03 2.082799933850765228e-02 4.546619951725006104e-02 4.996108263731002808e-02 3.873388096690177917e-02 -1.297120563685894012e-02 -6.304726004600524902e-02 -6.249628216028213501e-02 -2.179844863712787628e-02 -4.204916767776012421e-03 -2.653170959092676640e-04 -1.321495510637760162e-03 -2.799009246601258383e-09 0.000000000000000000e+00 0.000000000000000000e+00 
1.622407069801212742e-11 1.754802275710787285e-10 2.933162046581117011e-10 3.997150808572769165e-03 6.268153773802964679e-10 6.434063948290713597e-07 3.072242549251313903e-08 1.699783933872822672e-05 7.826287299394607544e-03 4.329801071435213089e-03 1.901095919311046600e-02 3.838925063610076904e-02 4.045712575316429138e-02 4.790419340133666992e-02 4.590695351362228394e-02 5.202711373567581177e-02 5.085308104753494263e-02 1.840387657284736633e-02 3.480869578197598457e-03 6.320661486824974418e-05 7.679992704652249813e-04 1.563072934973597228e-11 0.000000000000000000e+00 0.000000000000000000e+00 
9.599185866755038932e-14 1.868324071840898881e-12 4.267127449997243360e-12 3.550365101546049118e-03 9.116979740597663806e-12 6.429397814144977019e-08 1.432814200619247913e-09 3.805206915785674937e-06 7.037363015115261078e-03 3.282653633505105972e-03 1.756384782493114471e-02 3.230220451951026917e-02 3.149237483739852905e-02 1.914679817855358124e-02 -6.015732418745756149e-03 -3.567877784371376038e-02 -3.946114331483840942e-02 -1.583385467529296875e-02 -2.952953102067112923e-03 -1.518174940429162234e-05 -4.504889366216957569e-04 -9.343225384995587635e-14 0.000000000000000000e+00 0.000000000000000000e+00 
4.891363118986191694e-07 1.570437802911328617e-06 1.168582684840657748e-06 5.074365064501762390e-03 3.017013796124956571e-06 5.203556065680459142e-05 1.152918139268876985e-05 2.833632461261004210e-04 1.005606167018413544e-02 9.255619719624519348e-03 2.461455203592777252e-02 6.412705034017562866e-02 8.376560360193252563e-02 1.845131069421768188e-01 2.013962417840957642e-01 1.408218443393707275e-01 1.065458133816719055e-01 3.107053227722644806e-02 5.930047482252120972e-03 1.349619356915354729e-03 2.696318784728646278e-03 6.083663492972846143e-07 0.000000000000000000e+00 0.000000000000000000e+00 
1.878297073432122488e-09 1.121804693582362233e-08 1.236142210814250575e-08 4.334439523518085480e-03 2.937675169789599749e-08 4.283796442905440927e-06 3.927505360934446799e-07 5.121640788274817169e-05 8.542684838175773621e-03 5.527093075215816498e-03 2.062829770147800446e-02 4.507249593734741211e-02 4.993001744151115417e-02 4.086899012327194214e-02 -1.124779880046844482e-02 -6.367381662130355835e-02 -6.385777890682220459e-02 -2.268884517252445221e-02 -4.417843651026487350e-03 -3.303396224509924650e-04 -1.541814417578279972e-03 -2.597218662359068730e-09 0.000000000000000000e+00 0.000000000000000000e+00 
9.174167502068453217e-12 9.687562557703088828e-11 1.496205798146021948e-10 3.795190015807747841e-03 3.446575524979067495e-10 3.711761848990136059e-07 1.516890080210941960e-08 9.854669769993051887e-06 7.583255413919687271e-03 3.923581447452306747e-03 1.889102347195148468e-02 3.823792189359664917e-02 4.056672751903533936e-02 4.870921745896339417e-02 4.626912251114845276e-02 5.275991186499595642e-02 5.210809037089347839e-02 1.924058794975280762e-02 3.704621223732829094e-03 8.473867637803778052e-05 9.434118983335793018e-04 1.432212161367463210e-11 0.000000000000000000e+00 0.000000000000000000e+00 
4.712624333737952531e-14 8.940030248212604835e-13 1.837927162892660782e-12 3.328178077936172485e-03 4.304440484603766492e-12 3.232708678524431889e-08 5.927007218353708140e-10 1.927856146721751429e-06 6.797805894166231155e-03 2.956404350697994232e-03 1.749253645539283752e-02 3.236028924584388733e-02 3.185245767235755920e-02 2.033025026321411133e-02 -5.198881495743989944e-03 -3.594451025128364563e-02 -4.042975232005119324e-02 -1.664027757942676544e-02 -3.188228467479348183e-03 -2.189937185903545469e-05 -5.826028645969927311e-04 -8.449997971303468969e-14 0.000000000000000000e+00 0.000000000000000000e+00 
4.469331713607971324e-07 1.458490146433177870e-06 1.101299744732386898e-06 5.190537311136722565e-03 2.949034751509316266e-06 5.645495184580795467e-05 1.099931523640407249e-05 3.023105382453650236e-04 1.026775781065225601e-02 9.821229614317417145e-03 2.499219775199890137e-02 6.546405702829360962e-02 8.584173023700714111e-02 1.863873004913330078e-01 2.020530849695205688e-01 1.396005302667617798e-01 1.053613498806953430e-01 3.002424165606498718e-02 5.661800969392061234e-03 1.108541153371334076e-03 2.392998430877923965e-03 4.765327901168348035e-07 0.000000000000000000e+00 0.000000000000000000e+00 
1.655592218874346599e-09 1.013011452499767984e-08 1.136991212291604825e-08 4.487023688852787018e-03 2.932231879526625562e-08 4.884036115981871262e-06 3.683105092022742610e-07 5.652905383612960577e-05 8.776304312050342560e-03 5.943158175796270370e-03 2.092136442661285400e-02 4.592972621321678162e-02 5.088909342885017395e-02 3.993855789303779602e-02 -1.288050878793001175e-02 -6.423802673816680908e-02 -6.363815814256668091e-02 -2.222886681556701660e-02 -4.264058079570531845e-03 -2.469736209604889154e-04 -1.310722320340573788e-03 -1.819317474449633210e-09 0.000000000000000000e+00 0.000000000000000000e+00 
7.790731601509115478e-12 8.526140904407952803e-11 1.338607696910187883e-10 3.974619321525096893e-03 3.527686753823644494e-10 4.426748603236774215e-07 1.393321102938216427e-08 1.124403206631541252e-05 7.839471101760864258e-03 4.257890395820140839e-03 1.917509175837039948e-02 3.899937868118286133e-02 4.139418527483940125e-02 4.886576533317565918e-02 4.663794860243797302e-02 5.317648872733116150e-02 5.199687927961349487e-02 1.893650740385055542e-02 3.574239788576960564e-03 5.759975101682357490e-05 7.624850259162485600e-04 9.018063205912252300e-12 0.000000000000000000e+00 0.000000000000000000e+00 
3.856861864929249373e-14 7.677827557756033983e-13 1.599183892947442232e-12 3.526043379679322243e-03 4.532060490780587259e-12 4.030170330793225730e-08 5.330501595679493221e-10 2.273663085361476988e-06 7.066127378493547440e-03 3.233513329178094864e-03 1.777127385139465332e-02 3.301567956805229187e-02 3.244873881340026855e-02 1.987051591277122498e-02 -5.991604179143905640e-03 -3.660241514444351196e-02 -4.051773250102996826e-02 -1.641224510967731476e-02 -3.060012590140104294e-03 -1.352825165668036789e-05 -4.468345432542264462e-04 -4.793676577647537629e-14 0.000000000000000000e+00 0.000000000000000000e+00 
3.372894639142032247e-07 1.077214847100549378e-06 7.873624099374865182e-07 5.003627389669418335e-03 2.169714889532770030e-06 4.150635140831582248e-05 7.632107553945388645e-06 2.199188165832310915e-04 9.914844296872615814e-03 8.841125294566154480e-03 2.439160645008087158e-02 6.376663595438003540e-02 8.360587805509567261e-02 1.857762634754180908e-01 2.033956497907638550e-01 1.430093795061111450e-01 1.080201938748359680e-01 3.143541887402534485e-02 5.941908806562423706e-03 1.352303661406040192e-03 2.723322482779622078e-03 4.559942397008853732e-07 0.000000000000000000e+00 0.000000000000000000e+00 
1.071525423945729472e-09 6.387275597319330700e-09 6.740466407251233250e-09 4.277473315596580505e-03 1.832262697121223027e-08 3.078110921705956571e-06 2.089548729600210208e-07 3.526058935676701367e-05 8.448733948171138763e-03 5.325213074684143066e-03 2.065982483327388763e-02 4.540487006306648254e-02 5.064094439148902893e-02 4.236968979239463806e-02 -1.068392675369977951e-02 -6.481015682220458984e-02 -6.507334113121032715e-02 -2.322013117372989655e-02 -4.511089529842138290e-03 -3.340092080179601908e-04 -1.586302532814443111e-03 -1.758881484903440651e-09 0.000000000000000000e+00 0.000000000000000000e+00 
4.353750433089276228e-12 4.620901578045177871e-11 6.640840655158797290e-11 3.732309443876147270e-03 1.875597871459078192e-10 2.392129943018517224e-07 6.524214946068696008e-09 6.008423042658250779e-06 7.504079490900039673e-03 3.783965017646551132e-03 1.899920590221881866e-02 3.873836249113082886e-02 4.133914783596992493e-02 4.971556738018989563e-02 4.693305119872093201e-02 5.387211963534355164e-02 5.330841243267059326e-02 1.984987780451774597e-02 3.831682028248906136e-03 8.632506069261580706e-05 9.824309963732957840e-04 8.800443013212699839e-12 0.000000000000000000e+00 0.000000000000000000e+00 
1.865156385458602295e-14 3.590210268834825857e-13 6.650468478870685818e-13 3.259796416386961937e-03 2.049558222791403317e-12 1.867260657206770702e-08 2.063193088597259361e-10 1.039971607497136574e-06 6.736911367624998093e-03 2.849926007911562920e-03 1.765002310276031494e-02 3.298246115446090698e-02 3.270447626709938049e-02 2.121692523360252380e-02 -4.945204127579927444e-03 -3.676219284534454346e-02 -4.150392487645149231e-02 -1.728847436606884003e-02 -3.332110820338129997e-03 -2.247888551210053265e-05 -6.132383132353425026e-04 -4.731762873774573996e-14 0.000000000000000000e+00 0.000000000000000000e+00 
2.660152631506207399e-07 8.372489901375956833e-07 5.975407475489191711e-07 4.862634930759668350e-03 1.693997432994365226e-06 3.271898094681091607e-05 5.641678399115335196e-06 1.705546455923467875e-04 9.657239541411399841e-03 8.170369081199169159e-03 2.399775944650173187e-02 6.260491907596588135e-02 8.204500377178192139e-02 1.854677945375442505e-01 2.044516354799270630e-01 1.455893069505691528e-01 1.099404320120811462e-01 3.247955441474914551e-02 6.130305584520101547e-03 1.545406645163893700e-03 2.957659307867288589e-03 4.175057881639077095e-07 0.000000000000000000e+00 0.000000000000000000e+00 
7.434902693503886439e-10 4.358370553347867826e-09 4.384640206467338430e-09 4.117210395634174347e-03 1.260806570257955173e-08 2.156052005375386216e-06 1.306898127495514927e-07 2.416538518446031958e-05 8.206321857869625092e-03 4.907220136374235153e-03 2.048943936824798584e-02 4.505862295627593994e-02 5.050716921687126160e-02 4.420572891831398010e-02 -9.108298458158969879e-03 -6.532128155231475830e-02 -6.614027172327041626e-02 -2.395011298358440399e-02 -4.683557432144880295e-03 -4.094169125892221928e-04 -1.793269766494631767e-03 -1.559409601448180638e-09 0.000000000000000000e+00 0.000000000000000000e+00 
2.672250658600217044e-12 2.784688452051042873e-11 3.729581227185363446e-11 3.548752516508102417e-03 1.140278219069479348e-10 1.488333651877837838e-07 3.479863730504462183e-09 3.636559085862245411e-06 7.262648083269596100e-03 3.464787034317851067e-03 1.888702437281608582e-02 3.857767209410667419e-02 4.136419296264648438e-02 5.043249949812889099e-02 4.721559584140777588e-02 5.446717143058776855e-02 5.429795011878013611e-02 2.051384560763835907e-02 4.014510661363601685e-03 1.134962949436157942e-04 1.156338024884462357e-03 7.539466446992992843e-12 0.000000000000000000e+00 0.000000000000000000e+00 
1.014641031648255351e-14 1.916777825870796814e-13 3.229595410547680956e-13 3.060817718505859375e-03 1.101202570970294392e-12 1.031852203681182800e-08 9.397507078068301212e-11 5.555717166316753719e-07 6.508276797831058502e-03 2.591512864455580711e-03 1.757739670574665070e-02 3.297800943255424500e-02 3.294963389635086060e-02 2.225375920534133911e-02 -4.195524379611015320e-03 -3.694579377770423889e-02 -4.226234182715415955e-02 -1.792163774371147156e-02 -3.528074594214558601e-03 -3.172176730004139245e-05 -7.517047924920916557e-04 -3.917753030628287614e-14 0.000000000000000000e+00 0.000000000000000000e+00 
2.249547890187386656e-07 7.061863129820267204e-07 4.996313123228901532e-07 4.825782030820846558e-03 1.459161694583599456e-06 2.935178054030984640e-05 4.660059857997111976e-06 1.506375847384333611e-04 9.582135826349258423e-03 7.946806028485298157e-03 2.390345744788646698e-02 6.232098862528800964e-02 8.182333409786224365e-02 1.858700513839721680e-01 2.052424997091293335e-01 1.466585844755172729e-01 1.106793433427810669e-01 3.274493291974067688e-02 6.144769489765167236e-03 1.565431477501988411e-03 2.987059531733393669e-03 3.608448650993523188e-07 0.000000000000000000e+00 0.000000000000000000e+00 
5.766345179125664799e-10 3.378440416312855632e-09 3.324601705045893141e-09 4.080649930983781815e-03 1.018896345073017073e-08 1.837899617385119200e-06 9.738354833643825259e-08 2.011163996940013021e-05 8.145870640873908997e-03 4.785781260579824448e-03 2.049223892390727997e-02 4.509867727756500244e-02 5.074774473905563354e-02 4.495578631758689880e-02 -8.736935444176197052e-03 -6.579615175724029541e-02 -6.670426577329635620e-02 -2.421519532799720764e-02 -4.730747547000646591e-03 -4.187479789834469557e-04 -1.829342916607856750e-03 -1.255965553781379640e-09 0.000000000000000000e+00 0.000000000000000000e+00 
1.906727813832942431e-12 1.992602784162134100e-11 2.572603415018637207e-11 3.507594577968120575e-03 8.670004297828270978e-11 1.203554091944170068e-07 2.347277705538886039e-09 2.849948259608936496e-06 7.209927774965763092e-03 3.379834350198507309e-03 1.891916058957576752e-02 3.869941458106040955e-02 4.165644571185112000e-02 5.088403448462486267e-02 4.747972264885902405e-02 5.493403598666191101e-02 5.484806746244430542e-02 2.078965120017528534e-02 4.077217541635036469e-03 1.172044649138115346e-04 1.188599155284464359e-03 5.657670078956789084e-12 0.000000000000000000e+00 0.000000000000000000e+00 
6.670333637650779912e-15 1.268837330125824336e-13 2.028534675305171397e-13 3.016580129042267799e-03 7.886441608269401105e-13 7.913522281910445599e-09 5.742236200423356252e-11 4.098438353139499668e-07 6.466553546488285065e-03 2.527306554839015007e-03 1.762926951050758362e-02 3.316162899136543274e-02 3.329539299011230469e-02 2.269967086613178253e-02 -4.023171961307525635e-03 -3.725807368755340576e-02 -4.274014383554458618e-02 -1.820509880781173706e-02 -3.599671181291341782e-03 -3.309269959572702646e-05 -7.781786844134330750e-04 -2.740278808716339193e-14 0.000000000000000000e+00 0.000000000000000000e+00 
1.934854196861124365e-07 6.066175046726129949e-07 4.265232007583108498e-07 4.803518299013376236e-03 1.282215521314356010e-06 2.693064379855059087e-05 3.942345301766181365e-06 1.358490699203684926e-04 9.532163850963115692e-03 7.753968238830566406e-03 2.384972013533115387e-02 6.215497851371765137e-02 8.177516609430313110e-02 1.863091289997100830e-01 2.059393674135208130e-01 1.474578231573104858e-01 1.111894473433494568e-01 3.289219737052917480e-02 6.136741489171981812e-03 1.560054486617445946e-03 2.986930077895522118e-03 3.124088721051521134e-07 0.000000000000000000e+00 0.000000000000000000e+00 
4.593010138886910454e-10 2.693372636031199363e-09 2.603778748166973855e-09 4.060306586325168610e-03 8.496744641206532833e-09 1.620554485270986333e-06 7.533259349656873383e-08 1.726246773614548147e-05 8.108658716082572937e-03 4.680313169956207275e-03 2.051262371242046356e-02 4.517397657036781311e-02 5.101527273654937744e-02 4.552261531352996826e-02 -8.538002148270606995e-03 -6.622394174337387085e-02 -6.714501231908798218e-02 -2.440224029123783112e-02 -4.759659059345722198e-03 -4.178352537564933300e-04 -1.839051838032901287e-03 -1.013152006734685528e-09 0.000000000000000000e+00 0.000000000000000000e+00 
1.410273915876392170e-12 1.480222021343902128e-11 1.853075158597672356e-11 3.484864253550767899e-03 6.878836389390130535e-11 1.018115298734301177e-07 1.664707038884216672e-09 2.326816002096165903e-06 7.180185057222843170e-03 3.309986554086208344e-03 1.896257884800434113e-02 3.883787989616394043e-02 4.195988550782203674e-02 5.126339197158813477e-02 4.771888628602027893e-02 5.534428730607032776e-02 5.528711527585983276e-02 2.099825255572795868e-02 4.121372941881418228e-03 1.171028197859413922e-04 1.198254758492112160e-03 4.252383167813178488e-12 0.000000000000000000e+00 0.000000000000000000e+00 
4.587794716608833978e-15 8.799091419679425097e-14 1.345041564021140501e-13 2.992211142554879189e-03 5.958667803965256304e-13 6.420625364711440852e-09 3.735818598915585653e-11 3.181858687639760319e-07 6.446413695812225342e-03 2.478686394169926643e-03 1.768791303038597107e-02 3.334652632474899292e-02 3.362958133220672607e-02 2.304242178797721863e-02 -3.932386636734008789e-03 -3.755733370780944824e-02 -4.313682019710540771e-02 -1.842725649476051331e-02 -3.651639213785529137e-03 -3.312656190246343613e-05 -7.862695492804050446e-04 -1.920194892305292222e-14 0.000000000000000000e+00 0.000000000000000000e+00 
1.643487763658413314e-07 5.128825932843028568e-07 3.572304763110878412e-07 4.743678495287895203e-03 1.101953444049286190e-06 2.378281533310655504e-05 3.251971065765246749e-06 1.175923462142236531e-04 9.415363892912864685e-03 7.430337835103273392e-03 2.371054701507091522e-02 6.169906631112098694e-02 8.127469569444656372e-02 1.864463835954666138e-01 2.066238075494766235e-01 1.486741304397583008e-01 1.120452359318733215e-01 3.330837190151214600e-02 6.183034740388393402e-03 1.620284630917012691e-03 3.057269612327218056e-03 2.784365733532467857e-07 0.000000000000000000e+00 0.000000000000000000e+00 
3.581784313588798341e-10 2.091988360319874118e-09 1.976200758591062367e-09 3.992511425167322159e-03 6.821084141961364367e-09 1.347675606666598469e-06 5.593250662627724523e-08 1.392781268805265427e-05 7.999089546501636505e-03 4.483698401600122452e-03 2.046784572303295135e-02 4.508778452873229980e-02 5.110983923077583313e-02 4.639912396669387817e-02 -7.938258349895477295e-03 -6.661706417798995972e-02 -6.770934164524078369e-02 -2.472593262791633606e-02 -4.823476076126098633e-03 -4.435520095285028219e-04 -1.908855745568871498e-03 -8.542599405636508436e-10 0.000000000000000000e+00 0.000000000000000000e+00 
1.013154078861877583e-12 1.060457797963376692e-11 1.279330461012584408e-11 3.408014774322509766e-03 5.169808331428882298e-11 7.964548842664953554e-08 1.117162251595971156e-09 1.749072453094413504e-06 7.075054571032524109e-03 3.168217372149229050e-03 1.894402876496315002e-02 3.884111344814300537e-02 4.212509095668792725e-02 5.169564113020896912e-02 4.793851077556610107e-02 5.575174465775489807e-02 5.582906678318977356e-02 2.130458690226078033e-02 4.197717644274234772e-03 1.270946086151525378e-04 1.259724027477204800e-03 3.389371032100352288e-12 0.000000000000000000e+00 0.000000000000000000e+00 
3.041053897890884199e-15 5.825254964812384695e-14 8.455957695120350226e-14 2.909998176619410515e-03 4.194766550173062436e-13 4.724005187028978980e-09 2.267921440923803544e-11 2.227793913789355429e-07 6.351127289235591888e-03 2.370239933952689171e-03 1.768751256167888641e-02 3.342093899846076965e-02 3.387676179409027100e-02 2.355407364666461945e-02 -3.648968180641531944e-03 -3.777502104640007019e-02 -4.358550906181335449e-02 -1.872738450765609741e-02 -3.737127874046564102e-03 -3.678659777506254613e-05 -8.370673749595880508e-04 -1.447132242868038460e-14 0.000000000000000000e+00 0.000000000000000000e+00 
1.401317604177165776e-07 4.353074416485469555e-07 3.003875974627590040e-07 4.676306620240211487e-03 9.487803254160098732e-07 2.092707472911570221e-05 2.688225322344806045e-06 1.012649954645894468e-04 9.289322420954704285e-03 7.100962102413177490e-03 2.356389537453651428e-02 6.120610982179641724e-02 8.070142567157745361e-02 1.865089386701583862e-01 2.072560787200927734e-01 1.499080359935760498e-01 1.129273623228073120e-01 3.376397490501403809e-02 6.247277371585369110e-03 1.694281934760510921e-03 3.139715641736984253e-03 2.508930379008234013e-07 0.000000000000000000e+00 0.000000000000000000e+00 
2.808611121452031512e-10 1.634236301839564476e-09 1.508485336643161645e-09 3.914350643754005432e-03 5.485179865871714355e-09 1.114260157919488847e-06 4.163653599675853911e-08 1.114699080062564462e-05 7.879216223955154419e-03 4.281193949282169342e-03 2.041026018559932709e-02 4.496651142835617065e-02 5.116005986928939819e-02 4.729751497507095337e-02 -7.276354823261499405e-03 -6.697401404380798340e-02 -6.826559454202651978e-02 -2.506197802722454071e-02 -4.893631674349308014e-03 -4.755950067192316055e-04 -1.989392563700675964e-03 -7.325027251425808572e-10 0.000000000000000000e+00 0.000000000000000000e+00 
7.331581088759753229e-13 7.654239221610570354e-12 8.898789691236252963e-12 3.319740761071443558e-03 3.890362337832797834e-11 6.182166600865457440e-08 7.522061307163596666e-10 1.300544454352348112e-06 6.960544735193252563e-03 3.020874690264463425e-03 1.891082897782325745e-02 3.880870714783668518e-02 4.224912449717521667e-02 5.211963504552841187e-02 4.814184457063674927e-02 5.613188818097114563e-02 5.636246874928474426e-02 2.161291241645812988e-02 4.276766907423734665e-03 1.397974410792812705e-04 1.331313513219356537e-03 2.762269146056040015e-12 0.000000000000000000e+00 0.000000000000000000e+00 
2.034006686021353101e-15 3.891564465965079156e-14 5.365804981870454793e-14 2.816115040332078934e-03 2.955129630582975508e-13 3.441971374584795740e-09 1.382453526654892073e-11 1.538635103770502610e-07 6.247694138437509537e-03 2.255996689200401306e-03 1.767160929739475250e-02 3.345987945795059204e-02 3.408819064497947693e-02 2.407797425985336304e-02 -3.335448447614908218e-03 -3.795701265335083008e-02 -4.402020201086997986e-02 -1.902375556528568268e-02 -3.824469866231083870e-03 -4.154263297095894814e-05 -8.969747577793896198e-04 -1.121166520897092650e-14 0.000000000000000000e+00 0.000000000000000000e+00 
1.252754486813500989e-07 3.903834908669523429e-07 2.705793349377927370e-07 4.692174494266510010e-03 8.734494372220069636e-07 2.020312967943027616e-05 2.390537247265456244e-06 9.610168490326032043e-05 9.296867996454238892e-03 7.074580527842044830e-03 2.360108494758605957e-02 6.133087351918220520e-02 8.103685826063156128e-02 1.870824396610260010e-01 2.077607810497283936e-01 1.500861644744873047e-01 1.129713580012321472e-01 3.360604494810104370e-02 6.194083020091056824e-03 1.623281859792768955e-03 3.071202430874109268e-03 2.179131115553900599e-07 0.000000000000000000e+00 0.000000000000000000e+00 
2.377325558633458513e-10 1.392091220075997171e-09 1.286085682394855212e-09 3.937494475394487381e-03 4.921193674789492434e-09 1.060106683326011989e-06 3.480123211829777574e-08 1.031997089739888906e-05 7.895306684076786041e-03 4.282616078853607178e-03 2.047671936452388763e-02 4.514770209789276123e-02 5.149776488542556763e-02 4.743222147226333618e-02 -7.491528987884521484e-03 -6.730284541845321655e-02 -6.846514344215393066e-02 -2.506328001618385315e-02 -4.882341250777244568e-03 -4.472113505471497774e-04 -1.935403328388929367e-03 -5.923009860353545264e-10 0.000000000000000000e+00 0.000000000000000000e+00 
5.886970056399876139e-13 6.211190416161027628e-12 7.183593997428516786e-12 3.346108831465244293e-03 3.406917456483249396e-11 5.787040890936623327e-08 5.917019652024180232e-10 1.174066483144997619e-06 6.981715094298124313e-03 3.032037289813160896e-03 1.898851804435253143e-02 3.901197388768196106e-02 4.258282110095024109e-02 5.234380438923835754e-02 4.832591861486434937e-02 5.641967803239822388e-02 5.658270791172981262e-02 2.167004346847534180e-02 4.277824424207210541e-03 1.290450309170410037e-04 1.284750527702271938e-03 2.081452848620712892e-12 0.000000000000000000e+00 0.000000000000000000e+00 
1.551417922894451212e-15 3.011544328799728443e-14 4.103456872797499322e-14 2.844113856554031372e-03 2.526950003411965184e-13 3.169452478246626015e-09 1.023838739483418081e-11 1.354178067458633450e-07 6.273394450545310974e-03 2.271807054057717323e-03 1.775565557181835175e-02 3.367483988404273987e-02 3.440158814191818237e-02 2.417708747088909149e-02 -3.440129337832331657e-03 -3.823753446340560913e-02 -4.425873979926109314e-02 -1.911247335374355316e-02 -3.829606343060731888e-03 -3.766779991565272212e-05 -8.581329602748155594e-04 -7.879502816009447547e-15 0.000000000000000000e+00 0.000000000000000000e+00 
1.087051586523557489e-07 3.374308334969100542e-07 2.340189553251548205e-07 4.629175644367933273e-03 7.640298917976906523e-07 1.800214704417157918e-05 2.013382299992372282e-06 8.365551911992952228e-05 9.181324392557144165e-03 6.787529215216636658e-03 2.347474917769432068e-02 6.088849157094955444e-02 8.052066713571548462e-02 1.871180683374404907e-01 2.083085328340530396e-01 1.511626094579696655e-01 1.137482076883316040e-01 3.401716426014900208e-02 6.251628510653972626e-03 1.690105535089969635e-03 3.144890535622835159e-03 1.988008477837865939e-07 0.000000000000000000e+00 0.000000000000000000e+00 
1.915329422841338669e-10 1.117773651415632230e-09 1.027543050646784195e-09 3.862865036353468895e-03 4.045558110732372370e-09 8.924001235754985828e-07 2.664225462467584293e-08 8.388783498958218843e-06 7.784818764775991440e-03 4.106159321963787079e-03 2.042304910719394684e-02 4.502787813544273376e-02 5.152532830834388733e-02 4.822560399770736694e-02 -6.883941590785980225e-03 -6.760227680206298828e-02 -6.893719732761383057e-02 -2.535909600555896759e-02 -4.943566862493753433e-03 -4.763292381539940834e-04 -2.007598057389259338e-03 -5.172404171638333992e-10 0.000000000000000000e+00 0.000000000000000000e+00 
4.417849549728791736e-13 4.647889278314165651e-12 5.314504478853843139e-12 3.262042999267578125e-03 2.635481589907673339e-11 4.600163450163563539e-08 4.135276843175716976e-10 8.910185442800866440e-07 6.877292413264513016e-03 2.903894055634737015e-03 1.895481720566749573e-02 3.897047042846679688e-02 4.267654195427894592e-02 5.271505191922187805e-02 4.850155115127563477e-02 5.674320459365844727e-02 5.703402310609817505e-02 2.193864248692989349e-02 4.346524830907583237e-03 1.406799710821360350e-04 1.349203870631754398e-03 1.738069432301314610e-12 0.000000000000000000e+00 0.000000000000000000e+00 
1.086109902440957932e-15 2.103057616562823556e-14 2.813215291145101937e-14 2.755092689767479897e-03 1.839747023344232013e-13 2.378959029769589506e-09 6.538210077511319440e-12 9.593662042561845738e-08 6.180082447826862335e-03 2.171998145058751106e-03 1.773639582097530365e-02 3.369629755616188049e-02 3.457263857126235962e-02 2.464120090007781982e-02 -3.150255884975194931e-03 -3.838568925857543945e-02 -4.462293535470962524e-02 -1.936943456530570984e-02 -3.905682126060128212e-03 -4.206484663882292807e-05 -9.122985647991299629e-04 -6.292725502731865567e-15 0.000000000000000000e+00 0.000000000000000000e+00 
9.527051503255279385e-08 2.949534803065034794e-07 2.050033742762025213e-07 4.574637860059738159e-03 6.764028626093931962e-07 1.626064840820617974e-05 1.718141675155493431e-06 7.373181142611429095e-05 9.082541801035404205e-03 6.547194905579090118e-03 2.337398938834667206e-02 6.052546575665473938e-02 8.011555671691894531e-02 1.871974170207977295e-01 2.088100761175155640e-01 1.520808488130569458e-01 1.143982484936714172e-01 3.435396775603294373e-02 6.294968072324991226e-03 1.741794869303703308e-03 3.200800623744726181e-03 1.813710639453347540e-07 0.000000000000000000e+00 0.000000000000000000e+00 
1.567290880410965315e-10 9.131143619001136358e-10 8.376450644220767572e-10 3.798317397013306618e-03 3.389710512280430521e-09 7.667553063583909534e-07 2.081443639667668322e-08 6.945650056877639145e-06 7.691336795687675476e-03 3.960554488003253937e-03 2.038311772048473358e-02 4.493904113769531250e-02 5.157453566789627075e-02 4.890725389122962952e-02 -6.383560597896575928e-03 -6.788296252489089966e-02 -6.934526562690734863e-02 -2.560816891491413116e-02 -4.993329755961894989e-03 -4.995939088985323906e-04 -2.064052270725369453e-03 -4.514377760500565273e-10 0.000000000000000000e+00 0.000000000000000000e+00 
3.385443509730523548e-13 3.558729482974753999e-12 4.039208637701685589e-12 3.189734183251857758e-03 2.092386160168491216e-11 3.757865485454203736e-08 2.969551549103499610e-10 6.929336109351424966e-07 6.790467537939548492e-03 2.799168694764375687e-03 1.893201470375061035e-02 3.894928842782974243e-02 4.278180375695228577e-02 5.304968729615211487e-02 4.866680130362510681e-02 5.704133957624435425e-02 5.742740631103515625e-02 2.216717600822448730e-02 4.403531551361083984e-03 1.502458762843161821e-04 1.400271779857575893e-03 1.450040825259901744e-12 0.000000000000000000e+00 0.000000000000000000e+00 
7.805770186137736804e-16 1.510999035310781058e-14 1.994886935220534230e-14 2.678975695744156837e-03 1.384185599256557153e-13 1.847582198344355220e-09 4.319357805454560051e-12 7.007090374600011273e-08 6.103954277932643890e-03 2.090709516778588295e-03 1.772602461278438568e-02 3.372891992330551147e-02 3.474098071455955505e-02 2.504293061792850494e-02 -2.911704825237393379e-03 -3.853488713502883911e-02 -4.494551196694374084e-02 -1.958936080336570740e-02 -3.969292622059583664e-03 -4.578352309181354940e-05 -9.556955192238092422e-04 -5.019710792457431417e-15 0.000000000000000000e+00 0.000000000000000000e+00 
8.568936493702494772e-08 2.656201445461192634e-07 1.861917553469538689e-07 4.566089250147342682e-03 6.201348128342942800e-07 1.542884274385869503e-05 1.525133598079264630e-06 6.853118975413963199e-05 9.055160917341709137e-03 6.457767449319362640e-03 2.336633577942848206e-02 6.047975271940231323e-02 8.017374575138092041e-02 1.875364035367965698e-01 2.092409431934356689e-01 1.524419188499450684e-01 1.146086305379867554e-01 3.436085954308509827e-02 6.277394015341997147e-03 1.713206409476697445e-03 3.175752237439155579e-03 1.627219887723185821e-07 0.000000000000000000e+00 0.000000000000000000e+00 
1.337466942752385535e-10 7.818825031868925635e-10 7.238428190170509424e-10 3.789923619478940964e-03 3.005493409702353347e-09 7.097734737726568710e-07 1.731311272124003153e-08 6.228705387911759317e-06 7.670041639357805252e-03 3.916210960596799850e-03 2.040871977806091309e-02 4.500859975814819336e-02 5.177699029445648193e-02 4.918998852372169495e-02 -6.348490249365568161e-03 -6.814100593328475952e-02 -6.956892460584640503e-02 -2.567942067980766296e-02 -5.001621320843696594e-03 -4.885448142886161804e-04 -2.046737354248762131e-03 -3.836964357351035915e-10 0.000000000000000000e+00 0.000000000000000000e+00 
2.746813193565955658e-13 2.904497605968336948e-12 3.321158886099295771e-12 3.180435393005609512e-03 1.795621464018015701e-11 3.390747949083561252e-08 2.319709840881145624e-10 5.994024263600294944e-07 6.774320732802152634e-03 2.773237414658069611e-03 1.896859146654605865e-02 3.905287012457847595e-02 4.300153627991676331e-02 5.327428877353668213e-02 4.881721735000610352e-02 5.728368088603019714e-02 5.765852704644203186e-02 2.226598933339118958e-02 4.421096760779619217e-03 1.461373612983152270e-04 1.385479350574314594e-03 1.167697123889699373e-12 0.000000000000000000e+00 0.000000000000000000e+00 
6.029688208928870360e-16 1.176378161278201356e-14 1.561253838884557599e-14 2.669222187250852585e-03 1.149688932380529827e-13 1.624836154512365738e-09 3.170660348855713906e-12 5.846086281735551893e-08 6.093929521739482880e-03 2.074508229270577431e-03 1.776949502527713776e-02 3.385642170906066895e-02 3.497030213475227356e-02 2.522016875445842743e-02 -2.895081648603081703e-03 -3.873028233647346497e-02 -4.516704007983207703e-02 -1.970531605184078217e-02 -3.991222474724054337e-03 -4.432608693605288863e-05 -9.432117803953588009e-04 -3.831669580418601423e-15 0.000000000000000000e+00 0.000000000000000000e+00 
7.909844867981519201e-08 2.466454418481589528e-07 1.758375702820558217e-07 4.611642565578222275e-03 5.915215410823293496e-07 1.546457679069135338e-05 1.412389678989711683e-06 6.762747943866997957e-05 9.109967388212680817e-03 6.534988526254892349e-03 2.346081659197807312e-02 6.077169626951217651e-02 8.075711876153945923e-02 1.881761997938156128e-01 2.096054553985595703e-01 1.521877646446228027e-01 1.143285557627677917e-01 3.399953618645668030e-02 6.192871369421482086e-03 1.598334638401865959e-03 3.059441922232508659e-03 1.429114178108648048e-07 0.000000000000000000e+00 0.000000000000000000e+00 
1.190234855119598478e-10 7.024753001516614859e-10 6.661630136406415659e-10 3.847918473184108734e-03 2.845267799145290155e-09 7.138192472666560207e-07 1.541433825025251281e-08 6.112466053309617564e-06 7.731616497039794922e-03 3.983494825661182404e-03 2.050862647593021393e-02 4.524828493595123291e-02 5.216199159622192383e-02 4.902839660644531250e-02 -6.839367095381021500e-03 -6.837892532348632812e-02 -6.959196180105209351e-02 -2.555637806653976440e-02 -4.963854327797889709e-03 -4.412602575030177832e-04 -1.946260104887187481e-03 -3.149586702555495776e-10 0.000000000000000000e+00 0.000000000000000000e+00 
2.359779038840770227e-13 2.529453209387799717e-12 2.972990777172501708e-12 3.245536005124449730e-03 1.687743521328055607e-11 3.417329352828346600e-08 1.985830805351085360e-10 5.847151101079361979e-07 6.838516332209110260e-03 2.834277227520942688e-03 1.907369680702686310e-02 3.929396346211433411e-02 4.336008056998252869e-02 5.337795242667198181e-02 4.895408824086189270e-02 5.746952071785926819e-02 5.771451070904731750e-02 2.222523279488086700e-02 4.394073504954576492e-03 1.278150448342785239e-04 1.296923146583139896e-03 8.973187861152642775e-13 0.000000000000000000e+00 0.000000000000000000e+00 
5.007065331708753560e-16 9.934652926701925679e-15 1.359350830412286298e-14 2.737693954259157181e-03 1.072602632255260924e-13 1.640844682349040795e-09 2.610368735403434393e-12 5.668244540402156417e-08 6.158391013741493225e-03 2.130636479705572128e-03 1.787604950368404388e-02 3.409251943230628967e-02 3.527868539094924927e-02 2.514597214758396149e-02 -3.130353521555662155e-03 -3.898299857974052429e-02 -4.528207704424858093e-02 -1.971062086522579193e-02 -3.965522162616252899e-03 -3.756163278012536466e-05 -8.686545770615339279e-04 -2.759003573158226932e-15 0.000000000000000000e+00 0.000000000000000000e+00 
7.179389172051742207e-08 2.242234415916755097e-07 1.607402424497195170e-07 4.607273731380701065e-03 5.468456834023527335e-07 1.475458248023642227e-05 1.266321419279847760e-06 6.330367614282295108e-05 9.089624509215354919e-03 6.463718134909868240e-03 2.345967851579189301e-02 6.072694063186645508e-02 8.083225041627883911e-02 1.884969621896743774e-01 2.099868059158325195e-01 1.524682193994522095e-01 1.144768148660659790e-01 3.397842124104499817e-02 6.173502653837203979e-03 1.568086445331573486e-03 3.027929225936532021e-03 1.292984137535313494e-07 0.000000000000000000e+00 0.000000000000000000e+00 
1.030158944259618181e-10 6.103662020251476861e-10 5.810510961268278152e-10 3.844277700409293175e-03 2.553219191625544227e-09 6.661249472017516382e-07 1.301911911610886818e-08 5.539278390642721206e-06 7.716668769717216492e-03 3.949706908315420151e-03 2.053629234433174133e-02 4.530692100524902344e-02 5.235468596220016479e-02 4.925992339849472046e-02 -6.839517038315534592e-03 -6.860161572694778442e-02 -6.977527588605880737e-02 -2.560839988291263580e-02 -4.968462977558374405e-03 -4.297465202398598194e-04 -1.922100200317800045e-03 -2.708395452355460975e-10 0.000000000000000000e+00 0.000000000000000000e+00 
1.951320778136728107e-13 2.104930596144582999e-12 2.474821346118427634e-12 3.241516184061765671e-03 1.470636112888001890e-11 3.116782210099700023e-08 1.583289888085204211e-10 5.128833322487480473e-07 6.828037556260824203e-03 2.815747400745749474e-03 1.911120675504207611e-02 3.938706591725349426e-02 4.356845840811729431e-02 5.357280001044273376e-02 4.908685013651847839e-02 5.767831951379776001e-02 5.790692195296287537e-02 2.230723761022090912e-02 4.406631924211978912e-03 1.236153912032023072e-04 1.276179100386798382e-03 7.334520902950447674e-13 0.000000000000000000e+00 0.000000000000000000e+00 
3.960753854629690167e-16 7.922387247095985519e-15 1.080352323036938914e-14 2.733460161834955215e-03 9.073183827520980849e-14 1.462526433293476202e-09 1.965742239123935420e-12 4.812011056287701649e-08 6.153111811727285385e-03 2.120024291798472404e-03 1.791962236166000366e-02 3.421060368418693542e-02 3.549430891871452332e-02 2.529155649244785309e-02 -3.130470169708132744e-03 -3.915749490261077881e-02 -4.547141864895820618e-02 -1.981091126799583435e-02 -3.981539513915777206e-03 -3.609780469560064375e-05 -8.514109067618846893e-04 -2.144807277609924942e-15 0.000000000000000000e+00 0.000000000000000000e+00 
6.575344713155573118e-08 2.059461365888637374e-07 1.486637017933389870e-07 4.615858662873506546e-03 5.111481868880218826e-07 1.428140149073442444e-05 1.151061951532028615e-06 6.013321763020940125e-05 9.089604020118713379e-03 6.434400100260972977e-03 2.348339185118675232e-02 6.076847761869430542e-02 8.102791011333465576e-02 1.888781040906906128e-01 2.103387415409088135e-01 1.525879055261611938e-01 1.145025640726089478e-01 3.386987745761871338e-02 6.140611134469509125e-03 1.518040662631392479e-03 2.975361188873648643e-03 1.167529077861217957e-07 0.000000000000000000e+00 0.000000000000000000e+00 
9.043040621881104357e-11 5.387905677167736940e-10 5.163214855663511571e-10 3.856480121612548828e-03 2.330886150758715303e-09 6.352358354888565373e-07 1.123966697491596278e-08 5.131078523845644668e-06 7.722034119069576263e-03 3.943800926208496094e-03 2.058118209242820740e-02 4.540607705712318420e-02 5.258134007453918457e-02 4.937418922781944275e-02 -6.963839754462242126e-03 -6.881103664636611938e-02 -6.990231573581695557e-02 -2.561247721314430237e-02 -4.962765146046876907e-03 -4.101960512343794107e-04 -1.878465991467237473e-03 -2.321151326700743311e-10 0.000000000000000000e+00 0.000000000000000000e+00 
1.644622887311472659e-13 1.788918188930233022e-12 2.112410723772994992e-12 3.255298826843500137e-03 1.311424580041631316e-11 2.926024578187025327e-08 1.300112517643725596e-10 4.631885417438752484e-07 6.837128661572933197e-03 2.818915992975234985e-03 1.916428282856941223e-02 3.951039537787437439e-02 4.380002990365028381e-02 5.373051390051841736e-02 4.921117797493934631e-02 5.786607041954994202e-02 5.804972723126411438e-02 2.235330082476139069e-02 4.408610984683036804e-03 1.163728156825527549e-04 1.238410710357129574e-03 5.968740042147646641e-13 0.000000000000000000e+00 0.000000000000000000e+00 
3.209053936193269297e-16 6.484896102640184956e-15 8.860334781677931676e-15 2.747998340055346489e-03 7.900328476270410127e-14 1.351544098859847054e-09 1.535991928265645345e-12 4.236677142444023048e-08 6.165831815451383591e-03 2.127450425177812576e-03 1.797728985548019409e-02 3.435001149773597717e-02 3.571908921003341675e-02 2.537032961845397949e-02 -3.190153045579791069e-03 -3.934004902839660645e-02 -4.562766104936599731e-02 -1.988137699663639069e-02 -3.986024763435125351e-03 -3.353530701133422554e-05 -8.201231248676776886e-04 -1.658404642758892159e-15 0.000000000000000000e+00 0.000000000000000000e+00 
5.875908826169506938e-08 1.836663159338058904e-07 1.319536124810838373e-07 4.559732507914304733e-03 4.585863848660665099e-07 1.297602466365788132e-05 1.001369014375086408e-06 5.321133721736259758e-05 8.992989547550678253e-03 6.216727197170257568e-03 2.338788472115993500e-02 6.038441881537437439e-02 8.058620989322662354e-02 1.888691186904907227e-01 2.107189595699310303e-01 1.534141749143600464e-01 1.150874122977256775e-01 3.418745100498199463e-02 6.187002174556255341e-03 1.570913242176175117e-03 3.032379318028688431e-03 1.090726229335814423e-07 0.000000000000000000e+00 0.000000000000000000e+00 
7.624131881378559683e-11 4.537512310331948129e-10 4.288889243753146729e-10 3.788550384342670441e-03 1.986746100968161954e-09 5.504033424585941248e-07 9.034947012764860119e-09 4.270277258910937235e-06 7.629401981830596924e-03 3.809957532212138176e-03 2.053457126021385193e-02 4.527860879898071289e-02 5.257338657975196838e-02 5.000152811408042908e-02 -6.460911128669977188e-03 -6.901929527521133423e-02 -7.024466246366500854e-02 -2.583288215100765228e-02 -5.009962245821952820e-03 -4.327704955358058214e-04 -1.933698076754808426e-03 -2.097462065142607912e-10 0.000000000000000000e+00 0.000000000000000000e+00 
1.311591352019803036e-13 1.425686717120011604e-12 1.645733571122021122e-12 3.179151332005858421e-03 1.062550568364795112e-11 2.417094613349490828e-08 9.695240443807762176e-11 3.625762303727242397e-07 6.751357112079858780e-03 2.721059834584593773e-03 1.913091540336608887e-02 3.945019096136093140e-02 4.385176301002502441e-02 5.401572212576866150e-02 4.933290556073188782e-02 5.809667706489562988e-02 5.837644636631011963e-02 2.255025319755077362e-02 4.461521748453378677e-03 1.252490765182301402e-04 1.287248102016746998e-03 5.211412898442624453e-13 0.000000000000000000e+00 0.000000000000000000e+00 
2.423957096833387467e-16 4.893969174954004159e-15 6.479328555077882440e-15 2.667888067662715912e-03 6.083986938375252063e-14 1.064397014971518729e-09 1.063608619580880266e-12 3.119385638683525031e-08 6.090604700148105621e-03 2.049469854682683945e-03 1.795370504260063171e-02 3.434426337480545044e-02 3.583630546927452087e-02 2.573825418949127197e-02 -2.948096254840493202e-03 -3.943256288766860962e-02 -4.588806256651878357e-02 -2.006884478032588959e-02 -4.045019857585430145e-03 -3.684863258968107402e-05 -8.607520139776170254e-04 -1.399277888315133243e-15 0.000000000000000000e+00 0.000000000000000000e+00 
5.130231173211541318e-08 1.593521261611385853e-07 1.128560711549653206e-07 4.441492259502410889e-03 3.963440917686966714e-07 1.111354958993615583e-05 8.370811883651185781e-07 4.408453605719842017e-05 8.806816302239894867e-03 5.843939725309610367e-03 2.318657934665679932e-02 5.963127315044403076e-02 7.957637310028076172e-02 1.885170936584472656e-01 2.111102193593978882e-01 1.548718810081481934e-01 1.161637082695960999e-01 3.490644693374633789e-02 6.303253117948770523e-03 1.724989968352019787e-03 3.190099727362394333e-03 1.050191897888907988e-07 0.000000000000000000e+00 0.000000000000000000e+00 
6.184004697207257095e-11 3.655968860982738988e-10 3.351515176497343873e-10 3.644675714895129204e-03 1.591185960769792018e-09 4.360431375971529633e-07 6.804321994735573753e-09 3.217305675207171589e-06 7.447999436408281326e-03 3.570978762581944466e-03 2.040242590010166168e-02 4.495033994317054749e-02 5.233869701623916626e-02 5.108195543289184570e-02 -5.381069146096706390e-03 -6.922846287488937378e-02 -7.077278196811676025e-02 -2.625460550189018250e-02 -5.102945491671562195e-03 -4.990768502466380596e-04 -2.082208869978785515e-03 -1.986917297358559154e-10 0.000000000000000000e+00 0.000000000000000000e+00 
9.917256225218037957e-14 1.069163963092478742e-12 1.180223345269293400e-12 3.019289113581180573e-03 7.894122855400809158e-12 1.771744351231063774e-08 6.620209241914309928e-11 2.485106449512386462e-07 6.582160945981740952e-03 2.539014443755149841e-03 1.901581883430480957e-02 3.922455757856369019e-02 4.372206330299377441e-02 5.441901087760925293e-02 4.945713281631469727e-02 5.837166681885719299e-02 5.886258929967880249e-02 2.288109436631202698e-02 4.557951819151639938e-03 1.518096687505021691e-04 1.420079730451107025e-03 4.845405218549536652e-13 0.000000000000000000e+00 0.000000000000000000e+00 
1.710752575918408403e-16 3.419063949943270710e-15 4.269674129092062773e-15 2.501267474144697189e-03 4.193689937415784330e-14 7.219105313538420887e-10 6.594288917000090677e-13 1.945191918650834850e-08 5.939848255366086960e-03 1.899129711091518402e-03 1.785324700176715851e-02 3.420420363545417786e-02 3.583295643329620361e-02 2.636484056711196899e-02 -2.430506516247987747e-03 -3.944778442382812500e-02 -4.623684659600257874e-02 -2.035335637629032135e-02 -4.150597844272851944e-03 -4.698425982496701181e-05 -9.730840101838111877e-04 -1.276619470739711638e-15 0.000000000000000000e+00 0.000000000000000000e+00 
4.588730817545183527e-08 1.421955175828770734e-07 1.000092879621661268e-07 4.371237475425004959e-03 3.548542792941589141e-07 1.001542295853141695e-05 7.274770155163423624e-07 3.860373180941678584e-05 8.694753982126712799e-03 5.622033029794692993e-03 2.307763136923313141e-02 5.920435860753059387e-02 7.904802262783050537e-02 1.884389072656631470e-01 2.114471495151519775e-01 1.557671427726745605e-01 1.167975962162017822e-01 3.530108556151390076e-02 6.361017934978008270e-03 1.802855520509183407e-03 3.264751285314559937e-03 9.902338149458955741e-08 0.000000000000000000e+00 0.000000000000000000e+00 
5.217159343429145224e-11 3.079526078586525273e-10 2.773867524563655707e-10 3.560185898095369339e-03 1.350374811970311839e-09 3.731024094122403767e-07 5.454301010843209951e-09 2.634837301229708828e-06 7.341908290982246399e-03 3.433214500546455383e-03 2.033815346658229828e-02 4.478909075260162354e-02 5.226720869541168213e-02 5.175234749913215637e-02 -4.775761626660823822e-03 -6.941993534564971924e-02 -7.111973315477371216e-02 -2.650653012096881866e-02 -5.155160091817378998e-03 -5.343726370483636856e-04 -2.155382186174392700e-03 -1.820542883113063226e-10 0.000000000000000000e+00 0.000000000000000000e+00 
7.912682960025882450e-14 8.516913303086015574e-13 9.146370726770269854e-13 2.926378045231103897e-03 6.354233979266599164e-12 1.439260621793891914e-08 4.916368007146232344e-11 1.903774773381883278e-07 6.486214231699705124e-03 2.435828326269984245e-03 1.896373555064201355e-02 3.913094475865364075e-02 4.371337220072746277e-02 5.471033975481987000e-02 4.957286268472671509e-02 5.859680846333503723e-02 5.919136106967926025e-02 2.308952808380126953e-02 4.614388570189476013e-03 1.666290045250207186e-04 1.486881868913769722e-03 4.309346119963503030e-13 0.000000000000000000e+00 0.000000000000000000e+00 
1.292455413433120826e-16 2.577278795313684388e-15 3.101064276379720056e-15 2.405429957434535027e-03 3.201542289198340552e-14 5.567463712274900445e-10 4.541777381700945471e-13 1.394025783696406506e-08 5.857066251337528229e-03 1.814631745219230652e-03 1.781125552952289581e-02 3.416503965854644775e-02 3.589513897895812988e-02 2.675977163016796112e-02 -2.141217933967709541e-03 -3.951678052544593811e-02 -4.649016261100769043e-02 -2.053978852927684784e-02 -4.213208798319101334e-03 -5.290633271215483546e-05 -1.030615065246820450e-03 -1.102095849375369935e-15 0.000000000000000000e+00 0.000000000000000000e+00 
4.350930993268775637e-08 1.359417183266486973e-07 9.680679369239442167e-08 4.444432910531759262e-03 3.475513494777260348e-07 1.033389798976713791e-05 6.966163255128776655e-07 3.933445259463042021e-05 8.789081126451492310e-03 5.761969834566116333e-03 2.321183308959007263e-02 5.961304530501365662e-02 7.979014515876770020e-02 1.891068220138549805e-01 2.117141038179397583e-01 1.551954299211502075e-01 1.162868067622184753e-01 3.476354852318763733e-02 6.257272325456142426e-03 1.647803699597716331e-03 3.109085140749812126e-03 8.771382908889790997e-08 0.000000000000000000e+00 0.000000000000000000e+00 
4.843998813175431906e-11 2.894928741170588182e-10 2.651787400775873493e-10 3.650259459391236305e-03 1.329371057678940815e-09 3.918688094017852563e-07 5.118548696003699661e-09 2.712658442760584876e-06 7.439435459673404694e-03 3.539781086146831512e-03 2.046612463891506195e-02 4.507255554199218750e-02 5.267942324280738831e-02 5.137147754430770874e-02 -5.486719775944948196e-03 -6.958969682455062866e-02 -7.102578878402709961e-02 -2.628136239945888519e-02 -5.100319162011146545e-03 -4.678464611060917377e-04 -2.014272380620241165e-03 -1.512398123404423700e-10 0.000000000000000000e+00 0.000000000000000000e+00 
7.199518487887440754e-14 7.880933319132088499e-13 8.615874398480716234e-13 3.025516401976346970e-03 6.283308075227811429e-12 1.536941063307040167e-08 4.516744270266492833e-11 1.979609152158445795e-07 6.581389810889959335e-03 2.527243457734584808e-03 1.909347251057624817e-02 3.939984366297721863e-02 4.408410936594009399e-02 5.471406877040863037e-02 4.966760426759719849e-02 5.869963392615318298e-02 5.913909152150154114e-02 2.297536283731460571e-02 4.568798001855611801e-03 1.397569576511159539e-04 1.359921414405107498e-03 3.363908273028987095e-13 0.000000000000000000e+00 0.000000000000000000e+00 
1.153708107950416218e-16 2.347192247829183939e-15 2.878055324444239726e-15 2.507720375433564186e-03 3.177446573541208019e-14 6.043984757120313134e-10 4.084828991984118529e-13 1.463917875810238911e-08 5.947158671915531158e-03 1.896092086099088192e-03 1.793874241411685944e-02 3.441658988595008850e-02 3.619847074151039124e-02 2.655311115086078644e-02 -2.479799790307879448e-03 -3.974451124668121338e-02 -4.652688279747962952e-02 -2.048913389444351196e-02 -4.166664090007543564e-03 -4.252550934324972332e-05 -9.219996281899511814e-04 -8.092169495658952869e-16 0.000000000000000000e+00 0.000000000000000000e+00 
4.115535645610179927e-08 1.294599911716431961e-07 9.304450543368147919e-08 4.502261523157358170e-03 3.380634723271214170e-07 1.053350661095464602e-05 6.632390068261884153e-07 3.954171188524924219e-05 8.860922418534755707e-03 5.868505220860242844e-03 2.331734076142311096e-02 5.993593484163284302e-02 8.039704710245132446e-02 1.896822452545166016e-01 2.119712829589843750e-01 1.547547280788421631e-01 1.158796921372413635e-01 3.433490544557571411e-02 6.174601148813962936e-03 1.527282409369945526e-03 2.977356314659118652e-03 7.849295258210986503e-08 0.000000000000000000e+00 0.000000000000000000e+00 
4.478512699579439982e-11 2.704405033249202006e-10 2.504803309211212081e-10 3.722096094861626625e-03 1.292471352165591725e-09 4.040072099087410606e-07 4.757964688906213269e-09 2.736492433541570790e-06 7.514999248087406158e-03 3.623559372499585152e-03 2.056930400431156158e-02 4.530439153313636780e-02 5.302902311086654663e-02 5.108533054590225220e-02 -6.059756502509117126e-03 -6.974766403436660767e-02 -7.096432149410247803e-02 -2.611178345978260040e-02 -5.056940019130706787e-03 -4.183609853498637676e-04 -1.896101748570799828e-03 -1.276554001394814009e-10 0.000000000000000000e+00 0.000000000000000000e+00 
6.511545453226699753e-14 7.229302876818333168e-13 7.984614488684704803e-13 3.105174982920289040e-03 6.101463518454197654e-12 1.601063104317290708e-08 4.096561631583561791e-11 2.003300352271253360e-07 6.656185258179903030e-03 2.600511070340871811e-03 1.919948682188987732e-02 3.962313383817672729e-02 4.440169408917427063e-02 5.473801866173744202e-02 4.976116865873336792e-02 5.880510061979293823e-02 5.911496281623840332e-02 2.289627492427825928e-02 4.532279912382364273e-03 1.206115412060171366e-04 1.255581388249993324e-03 2.682612161922226512e-13 0.000000000000000000e+00 0.000000000000000000e+00 
1.021873980980735790e-16 2.113936526572531525e-15 2.616747142523945767e-15 2.590522402897477150e-03 3.079292734426558598e-14 6.361043913827302276e-10 3.615043648545063215e-13 1.485980138937748052e-08 6.018881220370531082e-03 1.962272450327873230e-03 1.804428547620773315e-02 3.462835401296615601e-02 3.646247088909149170e-02 2.640044689178466797e-02 -2.753993729129433632e-03 -3.994791954755783081e-02 -4.657550528645515442e-02 -2.046085335314273834e-02 -4.129081964492797852e-03 -3.543703132891096175e-05 -8.345617679879069328e-04 -6.102643686071475282e-16 0.000000000000000000e+00 0.000000000000000000e+00 
3.708400342361528601e-08 1.164794412034098059e-07 8.292446551649845787e-08 4.439051728695631027e-03 3.047017003154905979e-07 9.549908099870663136e-06 5.823243895974883344e-07 3.487224967102520168e-05 8.756882511079311371e-03 5.665038246661424637e-03 2.321454510092735291e-02 5.953991785645484924e-02 7.991598546504974365e-02 1.896078586578369141e-01 2.122746706008911133e-01 1.555667072534561157e-01 1.164426058530807495e-01 3.466571867465972900e-02 6.223373115062713623e-03 1.589945284649729729e-03 3.041993826627731323e-03 7.419401271135939169e-08 0.000000000000000000e+00 0.000000000000000000e+00 
3.821621838429045681e-11 2.308200158784856626e-10 2.090687345468467129e-10 3.645363030955195427e-03 1.107246183629229108e-09 3.488162292342167348e-07 3.876486687204305781e-09 2.265057673866976984e-06 7.415961939841508865e-03 3.497319296002388000e-03 2.050553634762763977e-02 4.515583813190460205e-02 5.296897888183593750e-02 5.169707164168357849e-02 -5.522147752344608307e-03 -6.992454081773757935e-02 -7.127711921930313110e-02 -2.632436342537403107e-02 -5.102645140141248703e-03 -4.453621804714202881e-04 -1.958462176844477654e-03 -1.174005337389871784e-10 0.000000000000000000e+00 0.000000000000000000e+00 
5.275028799726390327e-14 5.861976485818654048e-13 6.257483138420727453e-13 3.020153148099780083e-03 4.970186155001110606e-12 1.316316211585899509e-08 3.109446727878051320e-11 1.556610840225403081e-07 6.566431839019060135e-03 2.505740383639931679e-03 1.914583146572113037e-02 3.953912481665611267e-02 4.440056532621383667e-02 5.500168725848197937e-02 4.986244440078735352e-02 5.900897830724716187e-02 5.941172689199447632e-02 2.307612821459770203e-02 4.582726396620273590e-03 1.313858520006760955e-04 1.310921972617506981e-03 2.397921271268810273e-13 0.000000000000000000e+00 0.000000000000000000e+00 
7.867721778853222305e-17 1.629065539048371331e-15 1.927212983789767728e-15 2.502166898921132088e-03 2.384888686817084047e-14 4.979888168499257972e-10 2.558892767817733116e-13 1.083989609185209702e-08 5.941409152001142502e-03 1.884153694845736027e-03 1.799921505153179169e-02 3.459603339433670044e-02 3.652694821357727051e-02 2.676047384738922119e-02 -2.495616674423217773e-03 -4.001154378056526184e-02 -4.680672660470008850e-02 -2.062590047717094421e-02 -4.185436759144067764e-03 -3.953277337132021785e-05 -8.807879639789462090e-04 -5.302770886342334216e-16 0.000000000000000000e+00 0.000000000000000000e+00 
3.360659306395064050e-08 1.054647853493406728e-07 7.447562921925054980e-08 4.381890874356031418e-03 2.765148394701100187e-07 8.729121873329859227e-06 5.155598614692280535e-07 3.101797847193665802e-05 8.663588203489780426e-03 5.487861111760139465e-03 2.312469296157360077e-02 5.919404700398445129e-02 7.950453460216522217e-02 1.895662993192672729e-01 2.125608474016189575e-01 1.562928855419158936e-01 1.169386133551597595e-01 3.495690599083900452e-02 6.264959927648305893e-03 1.644825562834739685e-03 3.098389832302927971e-03 7.010370239868279896e-08 0.000000000000000000e+00 0.000000000000000000e+00 
3.289937072770143800e-11 1.988311321143854116e-10 1.766352897281109335e-10 3.576315008103847504e-03 9.587166616142894782e-10 3.048811265671247384e-07 3.199689402322292153e-09 1.898756977425364312e-06 7.328381296247243881e-03 3.388313809409737587e-03 2.044979482889175415e-02 4.502980411052703857e-02 5.292602628469467163e-02 5.224418640136718750e-02 -5.050012841820716858e-03 -7.009383291006088257e-02 -7.155801355838775635e-02 -2.651413343846797943e-02 -5.142483860254287720e-03 -4.696408868767321110e-04 -2.013761783018708229e-03 -1.078998765335903443e-10 0.000000000000000000e+00 0.000000000000000000e+00 
4.324509771547885295e-14 4.810278694464265037e-13 4.984537630738083980e-13 2.944151638075709343e-03 4.107338601178067705e-12 1.100052759994696316e-08 2.401650406325117615e-11 1.230061315027342062e-07 6.488333921879529953e-03 2.423950470983982086e-03 1.909924857318401337e-02 3.947093710303306580e-02 4.440967366099357605e-02 5.524561926722526550e-02 4.996036738157272339e-02 5.920178443193435669e-02 5.967993661761283875e-02 2.323721349239349365e-02 4.627001006156206131e-03 1.413207210134714842e-04 1.360526308417320251e-03 2.141769156775372163e-13 0.000000000000000000e+00 0.000000000000000000e+00 
6.149412213207427450e-17 1.273849778881308483e-15 1.448632804085746816e-15 2.423708559945225716e-03 1.880835981751816099e-14 3.979125084985213334e-10 1.851167195877564953e-13 8.075463853174369433e-09 5.875048693269491196e-03 1.816588686779141426e-03 1.796056143939495087e-02 3.457358852028846741e-02 3.659293428063392639e-02 2.708411589264869690e-02 -2.269010059535503387e-03 -4.007904976606369019e-02 -4.701806232333183289e-02 -2.077380754053592682e-02 -4.235056694597005844e-03 -4.340578016126528382e-05 -9.226441034115850925e-04 -4.603635185634555056e-16 0.000000000000000000e+00 0.000000000000000000e+00 
3.067960463454255660e-08 9.631737896143022226e-08 6.752425463218969526e-08 4.337460733950138092e-03 2.533855649744509719e-07 8.085745321295689791e-06 4.618939328793203458e-07 2.800273250613827258e-05 8.589597418904304504e-03 5.349821876734495163e-03 2.305658347904682159e-02 5.892900377511978149e-02 7.921388745307922363e-02 1.895889937877655029e-01 2.128289341926574707e-01 1.568703651428222656e-01 1.173195615410804749e-01 3.516640514135360718e-02 6.292372476309537888e-03 1.680306508205831051e-03 3.134113969281315804e-03 6.599321267231061938e-08 0.000000000000000000e+00 0.000000000000000000e+00 
2.865967879683850583e-11 1.736346622038809073e-10 1.515091802017920486e-10 3.522976534441113472e-03 8.429890119288074857e-10 2.718919063227076549e-07 2.691998179926713419e-09 1.627652295610459987e-06 7.260273676365613937e-03 3.305207937955856323e-03 2.040972374379634857e-02 4.494448378682136536e-02 5.292338505387306213e-02 5.268360301852226257e-02 -4.698256496340036392e-03 -7.025489956140518188e-02 -7.178995013236999512e-02 -2.666158601641654968e-02 -5.172078032046556473e-03 -4.858952597714960575e-04 -2.050109207630157471e-03 -9.857339944296938938e-11 0.000000000000000000e+00 0.000000000000000000e+00 
3.603455356912359242e-14 4.021335402257936176e-13 4.052323255600287499e-13 2.885771915316581726e-03 3.465986395459474956e-12 9.443156478994296776e-09 1.903358547161726477e-11 1.001407525791364606e-07 6.428938824683427811e-03 2.362246392294764519e-03 1.906715333461761475e-02 3.943452611565589905e-02 4.444830864667892456e-02 5.545738339424133301e-02 5.005402117967605591e-02 5.937824398279190063e-02 5.990518629550933838e-02 2.336818538606166840e-02 4.660991951823234558e-03 1.481732324464246631e-04 1.393490703776478767e-03 1.897926667172519788e-13 0.000000000000000000e+00 0.000000000000000000e+00 
4.907311849697390711e-17 1.019647038718175629e-15 1.117078274025522407e-15 2.363784238696098328e-03 1.522925598021300508e-14 3.287910499416568655e-10 1.383111561479438700e-13 6.244267769517364286e-09 5.825818981975317001e-03 1.765850814990699291e-03 1.793531514704227448e-02 3.457502275705337524e-02 3.667460381984710693e-02 2.734631486237049103e-02 -2.100305631756782532e-03 -4.015757516026496887e-02 -4.720225557684898376e-02 -2.089781127870082855e-02 -4.273511935025453568e-03 -4.615353827830404043e-05 -9.506854694336652756e-04 -3.957953351947830637e-16 0.000000000000000000e+00 0.000000000000000000e+00 
2.840475232801509264e-08 8.938711459904880030e-08 6.240156125159046496e-08 4.324453417211771011e-03 2.368758487136801705e-07 7.717711923760361969e-06 4.231224579598347191e-07 2.614216828078497201e-05 8.559776470065116882e-03 5.287292413413524628e-03 2.303731441497802734e-02 5.883754789829254150e-02 7.918524742126464844e-02 1.897613555192947388e-01 2.130764275789260864e-01 1.571255028247833252e-01 1.174546629190444946e-01 3.518084436655044556e-02 6.287186872214078903e-03 1.667801407165825367e-03 3.120873589068651199e-03 6.141667086012603249e-08 0.000000000000000000e+00 0.000000000000000000e+00 
2.554978104085670054e-11 1.555781337092554395e-10 1.340416250217302263e-10 3.507786896079778671e-03 7.657259271098837417e-10 2.537250622935971478e-07 2.348235828009137549e-09 1.468296318307693582e-06 7.235263474285602570e-03 3.273145062848925591e-03 2.040836773812770844e-02 4.495071619749069214e-02 5.301679670810699463e-02 5.289555713534355164e-02 -4.625935107469558716e-03 -7.040336728096008301e-02 -7.192590832710266113e-02 -2.671018056571483612e-02 -5.179503932595252991e-03 -4.814326821360737085e-04 -2.040661405771970749e-03 -8.847116789167941420e-11 0.000000000000000000e+00 0.000000000000000000e+00 
3.099115677084561538e-14 3.481995778948504539e-13 3.435271273173612361e-13 2.869208808988332748e-03 3.058479467951680242e-12 8.612110136141382100e-09 1.583921882541972082e-11 8.728923717171710450e-08 6.409515161067247391e-03 2.341544255614280701e-03 1.907176151871681213e-02 3.947246819734573364e-02 4.456090182065963745e-02 5.560307577252388000e-02 5.014079064130783081e-02 5.952220037579536438e-02 6.004757061600685120e-02 2.343271300196647644e-02 4.673338495194911957e-03 1.466405956307426095e-04 1.385316485539078712e-03 1.642743964946555280e-13 0.000000000000000000e+00 0.000000000000000000e+00 
4.076296096952322179e-17 8.531931531818848485e-16 9.078917351189297845e-16 2.346838125959038734e-03 1.305065928778768522e-14 2.930333753425884424e-10 1.098661566996221584e-13 5.259253477163383650e-09 5.812396761029958725e-03 1.750382711179554462e-03 1.794432289898395538e-02 3.463600203394889832e-02 3.680175915360450745e-02 2.747744135558605194e-02 -2.065095352008938789e-03 -4.026496782898902893e-02 -4.733857139945030212e-02 -2.097305655479431152e-02 -4.288541153073310852e-03 -4.565221024677157402e-05 -9.437664994038641453e-04 -3.305390699053645112e-16 0.000000000000000000e+00 0.000000000000000000e+00 
2.717905189797420462e-08 8.614784974270150997e-08 6.050429135484591825e-08 4.393545445054769516e-03 2.327653021438891301e-07 7.949879545776639134e-06 4.087112870365672279e-07 2.660091377038042992e-05 8.642435073852539062e-03 5.409602075815200806e-03 2.314217574894428253e-02 5.918777734041213989e-02 7.983268797397613525e-02 1.903271526098251343e-01 2.132932245731353760e-01 1.565765738487243652e-01 1.169713437557220459e-01 3.470369428396224976e-02 6.200485862791538239e-03 1.535250805318355560e-03 2.981687663123011589e-03 5.533181379746565653e-08 0.000000000000000000e+00 0.000000000000000000e+00 
2.404743591755131860e-11 1.480356670580107448e-10 1.282678269154402528e-10 3.592337947338819504e-03 7.550465253025606671e-10 2.657062054822745267e-07 2.233448315180908139e-09 1.509026560597703792e-06 7.319231983274221420e-03 3.367223311215639114e-03 2.050845511257648468e-02 4.519112408161163330e-02 5.336867272853851318e-02 5.253699049353599548e-02 -5.267754197120666504e-03 -7.052965462207794189e-02 -7.182399928569793701e-02 -2.651441656053066254e-02 -5.131503101438283920e-03 -4.260420973878353834e-04 -1.913769869133830070e-03 -7.541313407077865349e-11 0.000000000000000000e+00 0.000000000000000000e+00 
2.871659886879290857e-14 3.272801951323400793e-13 3.239101424145490737e-13 2.961791818961501122e-03 3.022810951200383123e-12 9.160297409493978193e-09 1.481629575972309709e-11 9.056888927716499893e-08 6.490297149866819382e-03 2.423604950308799744e-03 1.917364075779914856e-02 3.970096632838249207e-02 4.487593844532966614e-02 5.558740347623825073e-02 5.021584406495094299e-02 5.959331616759300232e-02 5.998647958040237427e-02 2.333651855587959290e-02 4.631164483726024628e-03 1.248111657332628965e-04 1.272567315027117729e-03 1.327863735850823290e-13 0.000000000000000000e+00 0.000000000000000000e+00 
3.722683664275293315e-17 7.918302748345206876e-16 8.434737677494969724e-16 2.441876102238893509e-03 1.291679420080361559e-14 3.165425421780554416e-10 1.010680796866003650e-13 5.508253408947894059e-09 5.888228304684162140e-03 1.824376522563397884e-03 1.804474741220474243e-02 3.485074266791343689e-02 3.705889731645584106e-02 2.727905288338661194e-02 -2.371431095525622368e-03 -4.045399278402328491e-02 -4.735975340008735657e-02 -2.093297615647315979e-02 -4.244268871843814850e-03 -3.739221574505791068e-05 -8.488564635626971722e-04 -2.536013732403619029e-16 0.000000000000000000e+00 0.000000000000000000e+00 
2.549626465508936235e-08 8.111179283787350869e-08 5.684025339292020362e-08 4.406578838825225830e-03 2.213333942790995934e-07 7.778025974403135478e-06 3.819468190613406477e-07 2.554669481469318271e-05 8.649139665067195892e-03 5.404924042522907257e-03 2.316197007894515991e-02 5.923475325107574463e-02 8.000732213258743286e-02 1.906106770038604736e-01 2.135218828916549683e-01 1.565696448087692261e-01 1.169024854898452759e-01 3.456754609942436218e-02 6.172650493681430817e-03 1.487057073973119259e-03 2.928468398749828339e-03 5.111669310053912341e-08 0.000000000000000000e+00 0.000000000000000000e+00 
2.190086480224895382e-11 1.357200601903585380e-10 1.165317981000058012e-10 3.608786500990390778e-03 7.046251915276968703e-10 2.573859489984897664e-07 2.012351174585091940e-09 1.421000547452422325e-06 7.329302839934825897e-03 3.374924184754490852e-03 2.053868584334850311e-02 4.526849463582038879e-02 5.353289470076560974e-02 5.256211012601852417e-02 -5.420447327196598053e-03 -7.066353410482406616e-02 -7.187651097774505615e-02 -2.648826129734516144e-02 -5.122042261064052582e-03 -4.069235001225024462e-04 -1.866991748102009296e-03 -6.691279474946298933e-11 0.000000000000000000e+00 0.000000000000000000e+00 
2.542852708183485771e-14 2.923717312090096110e-13 2.846300669115398030e-13 2.979896962642669678e-03 2.766945743706838989e-12 8.780839166888654290e-09 1.288091855400352870e-11 8.360989767197679612e-08 6.502803415060043335e-03 2.435431117191910744e-03 1.920841820538043976e-02 3.979537263512611389e-02 4.504173994064331055e-02 5.567550659179687500e-02 5.029549822211265564e-02 5.970858410000801086e-02 6.005699187517166138e-02 2.335138432681560516e-02 4.625904839485883713e-03 1.176135410787537694e-04 1.231697504408657551e-03 1.132029718445629052e-13 0.000000000000000000e+00 0.000000000000000000e+00 
3.208509849873556418e-17 6.891120186890901771e-16 7.171610382813835022e-16 2.460549352690577507e-03 1.159120034384484438e-14 3.002437187760165216e-10 8.481064429303325491e-14 4.984755719306122046e-09 5.902912467718124390e-03 1.837286981754004955e-03 1.808197610080242157e-02 3.495602682232856750e-02 3.721706196665763855e-02 2.730164490640163422e-02 -2.444109180942177773e-03 -4.058219119906425476e-02 -4.745259135961532593e-02 -2.097183838486671448e-02 -4.239761736243963242e-03 -3.478415601421147585e-05 -8.149664499796926975e-04 -2.078701570623308335e-16 0.000000000000000000e+00 0.000000000000000000e+00 
2.398271270465102134e-08 7.656499434460783959e-08 5.350998577569043846e-08 4.421208985149860382e-03 2.109156866936245933e-07 7.625136277056299150e-06 3.581115208817209350e-07 2.458743620081804693e-05 8.657461963593959808e-03 5.404547788202762604e-03 2.318325452506542206e-02 5.928653478622436523e-02 8.019005507230758667e-02 1.908936649560928345e-01 2.137431651353836060e-01 1.565453261137008667e-01 1.168221905827522278e-01 3.442775830626487732e-02 6.144518032670021057e-03 1.438981504179537296e-03 2.873931778594851494e-03 4.730106439865267021e-08 0.000000000000000000e+00 0.000000000000000000e+00 
2.003106881753868862e-11 1.248989800473054856e-10 1.061989454709255654e-10 3.627188270911574364e-03 6.595461954361780954e-10 2.500649998182780109e-07 1.822517359251207836e-09 1.342380301139201038e-06 7.340875919908285141e-03 3.385533811524510384e-03 2.056959085166454315e-02 4.534706845879554749e-02 5.369712039828300476e-02 5.257444456219673157e-02 -5.583189427852630615e-03 -7.079160213470458984e-02 -7.192181050777435303e-02 -2.645963802933692932e-02 -5.111599341034889221e-03 -3.881078446283936501e-04 -1.818769844248890877e-03 -5.948087161700144065e-11 0.000000000000000000e+00 0.000000000000000000e+00 
2.264677601536164292e-14 2.624696521322938958e-13 2.511441846587275650e-13 3.000181401148438454e-03 2.542417231604643391e-12 8.450323996100905788e-09 1.127607729412005710e-11 7.751231834163263557e-08 6.516629364341497421e-03 2.449653344228863716e-03 1.924366503953933716e-02 3.988999873399734497e-02 4.520650953054428101e-02 5.575755983591079712e-02 5.037269368767738342e-02 5.981814488768577576e-02 6.012075394392013550e-02 2.336392737925052643e-02 4.619232378900051117e-03 1.106246054405346513e-04 1.189835020340979099e-03 9.676568086310760597e-14 0.000000000000000000e+00 0.000000000000000000e+00 
2.785373217583690599e-17 6.033291275328253340e-16 6.128936647545432832e-16 2.481503644958138466e-03 1.044988104566008796e-14 2.861895720407403587e-10 7.178706549560223693e-14 4.534844944004134959e-09 5.918702576309442520e-03 1.852308865636587143e-03 1.811951771378517151e-02 3.506074100732803345e-02 3.737310320138931274e-02 2.731661871075630188e-02 -2.521714195609092712e-03 -4.070752859115600586e-02 -4.753976687788963318e-02 -2.100834622979164124e-02 -4.233558662235736847e-03 -3.228396235499531031e-05 -7.805326604284346104e-04 -1.709653947716039974e-16 0.000000000000000000e+00 0.000000000000000000e+00 
2.271434951239825750e-08 7.285882475116522983e-08 5.089715315875764645e-08 4.447435960173606873e-03 2.031150074799370486e-07 7.594007456646068022e-06 3.394823409053060459e-07 2.406948260613717139e-05 8.688002824783325195e-03 5.441255867481231689e-03 2.322933264076709747e-02 5.942198634147644043e-02 8.049867302179336548e-02 1.912491917610168457e-01 2.139560431241989136e-01 1.563573926687240601e-01 1.166180819272994995e-01 3.419971093535423279e-02 6.102186162024736404e-03 1.371240941807627678e-03 2.794970059767365456e-03 4.354997074074162811e-08 0.000000000000000000e+00 0.000000000000000000e+00 
1.852671661917160151e-11 1.164298379929817884e-10 9.842136133864087810e-11 3.659809706732630730e-03 6.280803654945543713e-10 2.488070265371788992e-07 1.680598105124886388e-09 1.301171096201869659e-06 7.374051492661237717e-03 3.421495668590068817e-03 2.062086202204227448e-02 4.546834900975227356e-02 5.390475317835807800e-02 5.247396603226661682e-02 -5.882875993847846985e-03 -7.091090828180313110e-02 -7.191836833953857422e-02 -2.638799324631690979e-02 -5.090364255011081696e-03 -3.617288020905107260e-04 -1.748293056152760983e-03 -5.246928239110992820e-11 0.000000000000000000e+00 0.000000000000000000e+00 
2.048061461363496344e-14 2.397953255232898595e-13 2.267001148435754398e-13 3.036217065528035164e-03 2.392155700955966857e-12 8.394752448737108352e-09 1.011500432024359242e-11 7.437481031047354918e-08 6.550238467752933502e-03 2.484689233824610710e-03 1.929860934615135193e-02 4.001826047897338867e-02 4.540342092514038086e-02 5.580691620707511902e-02 5.044779554009437561e-02 5.991083383560180664e-02 6.014319136738777161e-02 2.334753237664699554e-02 4.601176828145980835e-03 1.008990802802145481e-04 1.129152835346758366e-03 8.186852617272227794e-14 0.000000000000000000e+00 0.000000000000000000e+00 
2.465497842498004500e-17 5.400250084890319269e-16 5.389891930736583243e-16 2.518816851079463959e-03 9.708430755281036162e-15 2.838454193909711876e-10 6.265410553655398340e-14 4.306984546786907231e-09 5.951967090368270874e-03 1.885658130049705505e-03 1.817574165761470795e-02 3.519165888428688049e-02 3.754743561148643494e-02 2.726666815578937531e-02 -2.665568143129348755e-03 -4.084667935967445374e-02 -4.760279878973960876e-02 -2.102295681834220886e-02 -4.214697983115911484e-03 -2.883169327105861157e-05 -7.311369408853352070e-04 -1.388318102540830250e-16 0.000000000000000000e+00 0.000000000000000000e+00 
2.127720932776355767e-08 6.842952160468485090e-08 4.752327953383428394e-08 4.437164403498172760e-03 1.918710239579013432e-07 7.333810117415850982e-06 3.156993102493288461e-07 2.276421946589834988e-05 8.673409931361675262e-03 5.402286071330308914e-03 2.322380058467388153e-02 5.937134847044944763e-02 8.052240312099456787e-02 1.914279609918594360e-01 2.141701877117156982e-01 1.564999669790267944e-01 1.166666969656944275e-01 3.416584432125091553e-02 6.092472001910209656e-03 1.349679427221417427e-03 2.768283244222402573e-03 4.072310844094317872e-08 0.000000000000000000e+00 0.000000000000000000e+00 
1.682422083593149154e-11 1.062951462960093352e-10 8.846919030691680064e-11 3.647584933787584305e-03 5.790601331767675219e-10 2.362920241694155266e-07 1.501487711941251746e-09 1.197001893160631880e-06 7.363080978393554688e-03 3.405574010685086250e-03 2.062906138598918915e-02 4.549320414662361145e-02 5.399925261735916138e-02 5.261122807860374451e-02 -5.887973587960004807e-03 -7.103368639945983887e-02 -7.200911641120910645e-02 -2.641049399971961975e-02 -5.091878585517406464e-03 -3.539104945957660675e-04 -1.725580310449004173e-03 -4.742722534145649149e-11 0.000000000000000000e+00 0.000000000000000000e+00 
1.805943022621485372e-14 2.129255024250001349e-13 1.963104293923115251e-13 3.022711491212248802e-03 2.151534376007568916e-12 7.837154925027789432e-09 8.692745308291893735e-12 6.654787654269966879e-08 6.542924791574478149e-03 2.477158093824982643e-03 1.931164786219596863e-02 4.006934911012649536e-02 4.551052302122116089e-02 5.592015385627746582e-02 5.052220821380615234e-02 6.002655997872352600e-02 6.024487689137458801e-02 2.339310199022293091e-02 4.606022033840417862e-03 9.818509715842083097e-05 1.109846634790301323e-03 7.154191383187610831e-14 0.000000000000000000e+00 0.000000000000000000e+00 
2.113129820334500410e-17 4.662596090301742834e-16 4.498527396605360960e-16 2.504819771274924278e-03 8.515182408198960357e-15 2.604811644157933870e-10 5.181632236456699958e-14 3.748171106821018839e-09 5.948533769696950912e-03 1.881581614725291729e-03 1.819200441241264343e-02 3.526105731725692749e-02 3.766238316893577576e-02 2.735356800258159637e-02 -2.667804481461644173e-03 -4.094566404819488525e-02 -4.770892113447189331e-02 -2.108283527195453644e-02 -4.220939241349697113e-03 -2.792096347548067570e-05 -7.155663915909826756e-04 -1.173511208861629726e-16 0.000000000000000000e+00 0.000000000000000000e+00 
1.951438122205217951e-08 6.268368224482401274e-08 4.295612043847540917e-08 4.368753172457218170e-03 1.750546942957953434e-07 6.698790002701571211e-06 2.832397854035662021e-07 2.020323699980508536e-05 8.577684871852397919e-03 5.231748335063457489e-03 2.312962152063846588e-02 5.900235101580619812e-02 8.005367964506149292e-02 1.913115233182907104e-01 2.143906503915786743e-01 1.572308242321014404e-01 1.171646863222122192e-01 3.447004035115242004e-02 6.138717290014028549e-03 1.407744130119681358e-03 2.834088634699583054e-03 3.906438905687537044e-08 0.000000000000000000e+00 0.000000000000000000e+00 
1.474684784008584160e-11 9.321392963057562042e-11 7.538358826053581652e-11 3.564239712432026863e-03 5.038249262234728576e-10 2.062700161786779063e-07 1.264532145661689810e-09 1.000087195279775187e-06 7.273434661328792572e-03 3.299036528915166855e-03 2.056315913796424866e-02 4.535042867064476013e-02 5.390397086739540100e-02 5.316312611103057861e-02 -5.370587576180696487e-03 -7.116969674825668335e-02 -7.227008789777755737e-02 -2.659547701478004456e-02 -5.132992751896381378e-03 -3.777310776058584452e-04 -1.787103945389389992e-03 -4.460283878349180497e-11 0.000000000000000000e+00 0.000000000000000000e+00 
1.516274017693101939e-14 1.788927757014405207e-13 1.580717436285017374e-13 2.930987393483519554e-03 1.785833416909077265e-12 6.538455998850167816e-09 6.895703192483226829e-12 5.235555633475996729e-08 6.463390309363603592e-03 2.394529292359948158e-03 1.925258710980415344e-02 3.998453170061111450e-02 4.546894878149032593e-02 5.614688619971275330e-02 5.059740692377090454e-02 6.018928438425064087e-02 6.049017980694770813e-02 2.354471758008003235e-02 4.651193507015705109e-03 1.073059393092989922e-04 1.162859960459172726e-03 6.592408639382457691e-14 0.000000000000000000e+00 0.000000000000000000e+00 
1.701099245821016562e-17 3.753230782552386584e-16 3.426062189093044942e-16 2.410172717645764351e-03 6.743181435729965131e-15 2.076932098526995674e-10 3.875296012366934162e-14 2.776955776440104273e-09 5.880872253328561783e-03 1.810967689380049706e-03 1.813954301178455353e-02 3.522070124745368958e-02 3.768111765384674072e-02 2.767916209995746613e-02 -2.418793737888336182e-03 -4.097912460565567017e-02 -4.789499193429946899e-02 -2.121961675584316254e-02 -4.271600395441055298e-03 -3.126636147499084473e-05 -7.585368002764880657e-04 -1.059664488271384408e-16 0.000000000000000000e+00 0.000000000000000000e+00 
1.759432777248548518e-08 5.623284948796936078e-08 3.770193757191009354e-08 4.240626934915781021e-03 1.546809613728328259e-07 5.810908078274223953e-06 2.463513624206825625e-07 1.689797682047355920e-05 8.403814397752285004e-03 4.948745016008615494e-03 2.295158430933952332e-02 5.834678560495376587e-02 7.912541925907135010e-02 1.909137070178985596e-01 2.146044075489044189e-01 1.585073471069335938e-01 1.180775240063667297e-01 3.511794283986091614e-02 6.240413524210453033e-03 1.549891545437276363e-03 2.990083768963813782e-03 3.846857410394477483e-08 0.000000000000000000e+00 0.000000000000000000e+00 
1.256183091574714084e-11 7.905977955635634657e-11 6.117137352212864698e-11 3.409399418160319328e-03 4.152364285747722761e-10 1.665357274305279134e-07 1.011221772984072231e-09 7.636551231371413451e-07 7.110140286386013031e-03 3.113608807325363159e-03 2.042461372911930084e-02 4.504905641078948975e-02 5.361607298254966736e-02 5.409279838204383850e-02 -4.352996591478586197e-03 -7.131328433752059937e-02 -7.267803698778152466e-02 -2.694408781826496124e-02 -5.210989154875278473e-03 -4.370331007521599531e-04 -1.933107618242502213e-03 -4.372680689757046935e-11 0.000000000000000000e+00 0.000000000000000000e+00 
1.223568060835632937e-14 1.435919525644147043e-13 1.190799439306292062e-13 2.762468764558434486e-03 1.374259538632072175e-12 4.915184703691011237e-09 5.097929023367697710e-12 3.652005986509720969e-08 6.318085826933383942e-03 2.244964241981506348e-03 1.912285201251506805e-02 3.976538404822349548e-02 4.526985064148902893e-02 5.647709965705871582e-02 5.067535117268562317e-02 6.039566919207572937e-02 6.085773557424545288e-02 2.379725314676761627e-02 4.732616245746612549e-03 1.305470213992521167e-04 1.290823682211339474e-03 6.419699299063663656e-14 0.000000000000000000e+00 0.000000000000000000e+00 
1.301534779447074372e-17 2.851718529015261766e-16 2.399089797688777311e-16 2.238218439742922783e-03 4.847921075809471375e-15 1.453776682369678497e-10 2.652386604351086169e-14 1.769850599409039660e-09 5.755646619945764542e-03 1.680552726611495018e-03 1.802037283778190613e-02 3.506600111722946167e-02 3.758885711431503296e-02 2.822462096810340881e-02 -1.930882921442389488e-03 -4.094875603914260864e-02 -4.814272001385688782e-02 -2.142283692955970764e-02 -4.361917730420827866e-03 -4.001950946985743940e-05 -8.642273023724555969e-04 -1.024711541354037696e-16 0.000000000000000000e+00 0.000000000000000000e+00 
1.659449111457433901e-08 5.316583084891135513e-08 3.540166559901081200e-08 4.232635721564292908e-03 1.468501267254396225e-07 5.640892140945652500e-06 2.310166706820382387e-07 1.607624471944291145e-05 8.395356126129627228e-03 4.923762287944555283e-03 2.295369654893875122e-02 5.832151696085929871e-02 7.917762547731399536e-02 1.910975575447082520e-01 2.147965282201766968e-01 1.586004644632339478e-01 1.180895790457725525e-01 3.505477681756019592e-02 6.227666046470403671e-03 1.521604601293802261e-03 2.957731951028108597e-03 3.608193921422753192e-08 0.000000000000000000e+00 0.000000000000000000e+00 
1.153007290338736723e-11 7.290369002932450826e-11 5.545268064177655276e-11 3.400049870833754539e-03 3.853778407503227754e-10 1.593886054251925088e-07 9.153310887022314546e-10 7.087826929819129873e-07 7.105355616658926010e-03 3.106400836259126663e-03 2.043745107948780060e-02 4.508629813790321350e-02 5.371316894888877869e-02 5.419948324561119080e-02 -4.385767038911581039e-03 -7.142549753189086914e-02 -7.274856418371200562e-02 -2.694779448211193085e-02 -5.209756083786487579e-03 -4.258921835571527481e-04 -1.904401811771094799e-03 -3.970711953682481976e-11 0.000000000000000000e+00 0.000000000000000000e+00 
1.094455421608723014e-14 1.291937341612800494e-13 1.042757595765345102e-13 2.752377418801188469e-03 1.246280639452534977e-12 4.636338868380107670e-09 4.458427550757537716e-12 3.306621465526404791e-08 6.316703744232654572e-03 2.243585418909788132e-03 1.913966424763202667e-02 3.982523828744888306e-02 4.537624865770339966e-02 5.657706037163734436e-02 5.074224248528480530e-02 6.049875542521476746e-02 6.094029545783996582e-02 2.382782101631164551e-02 4.734647460281848907e-03 1.263481099158525467e-04 1.265583792701363564e-03 5.647018226292987997e-14 0.000000000000000000e+00 0.000000000000000000e+00 
1.135513509371148826e-17 2.502628193485386798e-16 2.030284505613762485e-16 2.228002995252609253e-03 4.294639154662962394e-15 1.351444373076660099e-10 2.242086216393355397e-14 1.563202234322602635e-09 5.757573526352643967e-03 1.681163557805120945e-03 1.803965121507644653e-02 3.514077886939048767e-02 3.769907355308532715e-02 2.829310484230518341e-02 -1.946598524227738380e-03 -4.104358702898025513e-02 -4.823423922061920166e-02 -2.147000655531883240e-02 -4.365126136690378189e-03 -3.848681444651447237e-05 -8.431839523836970329e-04 -8.736144955003653898e-17 0.000000000000000000e+00 0.000000000000000000e+00 
1.553305750690014975e-08 4.983267132274704636e-08 3.285989080836770881e-08 4.203126300126314163e-03 1.376872091896075290e-07 5.368317488319007680e-06 2.139507984111332917e-07 1.495601554779568687e-05 8.358080871403217316e-03 4.856438376009464264e-03 2.292521856725215912e-02 5.819129943847656250e-02 7.905839383602142334e-02 1.911817491054534912e-01 2.149888575077056885e-01 1.588919758796691895e-01 1.182552874088287354e-01 3.511366993188858032e-02 6.235512439161539078e-03 1.522849197499454021e-03 2.957360586151480675e-03 3.413366300719644642e-08 0.000000000000000000e+00 0.000000000000000000e+00 
1.044877552536238596e-11 6.630958282460852615e-11 4.931853189726886910e-11 3.364893840625882149e-03 3.502992895754175606e-10 1.480411810916848481e-07 8.116713412498199887e-10 6.359434223668358754e-07 7.073308341205120087e-03 3.069620579481124878e-03 2.042412199079990387e-02 4.506646841764450073e-02 5.373930186033248901e-02 5.444820597767829895e-02 -4.238611087203025818e-03 -7.154183834791183472e-02 -7.287413626909255981e-02 -2.701004967093467712e-02 -5.223148968070745468e-03 -4.271580837666988373e-04 -1.905574230477213860e-03 -3.655382940781493062e-11 0.000000000000000000e+00 0.000000000000000000e+00 
9.617358619825201044e-15 1.140781127331388922e-13 8.897008428382022216e-14 2.714501926675438881e-03 1.098037784828809205e-12 4.201780257062637247e-09 3.791883473880375277e-12 2.861430026257494319e-08 6.290862802416086197e-03 2.217214554548263550e-03 1.913104951381683350e-02 3.983715176582336426e-02 4.542512819170951843e-02 5.671689286828041077e-02 5.081054568290710449e-02 6.061873212456703186e-02 6.106854602694511414e-02 2.389507181942462921e-02 4.751527681946754456e-03 1.270636421395465732e-04 1.266764476895332336e-03 5.058394024828882785e-14 0.000000000000000000e+00 0.000000000000000000e+00 
9.683389013671405923e-18 2.144769478764653719e-16 1.662821893109043734e-16 2.189744729548692703e-03 3.667065244262199611e-15 1.195019638799976747e-10 1.829958270148628746e-14 1.304698793447300886e-09 5.738019943237304688e-03 1.659485395066440105e-03 1.803492195904254913e-02 3.517517074942588806e-02 3.776943311095237732e-02 2.844394184648990631e-02 -1.876249909400939941e-03 -4.111648350954055786e-02 -4.834923520684242249e-02 -2.154191397130489349e-02 -4.384719301015138626e-03 -3.882794044329784811e-05 -8.441825630143284798e-04 -7.617648536066190979e-17 0.000000000000000000e+00 0.000000000000000000e+00 
1.414392247767182198e-08 4.522363994396982889e-08 2.923791697639899212e-08 4.089324735105037689e-03 1.233668882605343242e-07 4.743008503282908350e-06 1.892610725917620584e-07 1.278252875636098906e-05 8.212252520024776459e-03 4.634956363588571548e-03 2.277873642742633820e-02 5.766890570521354675e-02 7.831002026796340942e-02 1.908879131078720093e-01 2.151812463998794556e-01 1.599429696798324585e-01 1.189980655908584595e-01 3.565510734915733337e-02 6.319743581116199493e-03 1.642903895117342472e-03 3.082007169723510742e-03 3.339506093880117987e-08 0.000000000000000000e+00 0.000000000000000000e+00 
9.041314572022507434e-12 5.726261478877781030e-11 4.089701841070159105e-11 3.229690017178654671e-03 2.952429689617730446e-10 1.228807207098725485e-07 6.671203034436246071e-10 5.017435000809200574e-07 6.940034683793783188e-03 2.923551946878433228e-03 2.030802331864833832e-02 4.482904076576232910e-02 5.350250005722045898e-02 5.521810799837112427e-02 -3.397092688828706741e-03 -7.167501002550125122e-02 -7.320737838745117188e-02 -2.730389125645160675e-02 -5.286777857691049576e-03 -4.793136031366884708e-04 -2.024468034505844116e-03 -3.546472143733936377e-11 0.000000000000000000e+00 0.000000000000000000e+00 
7.926860428090435479e-15 9.381177882043442717e-14 6.899983920815797034e-14 2.570064971223473549e-03 8.712447538590517571e-13 3.277533133783094854e-09 2.908926571842940234e-12 2.085136330265413562e-08 6.175221875309944153e-03 2.097518881782889366e-03 1.902273111045360565e-02 3.966356441378593445e-02 4.525883123278617859e-02 5.700370669364929199e-02 5.088710039854049683e-02 6.080633401870727539e-02 6.137071549892425537e-02 2.410500682890415192e-02 4.817481618374586105e-03 1.483680971432477236e-04 1.372898579575121403e-03 4.860105983568903387e-14 0.000000000000000000e+00 0.000000000000000000e+00 
7.608231911972887312e-18 1.679749581862124909e-16 1.207422702300547674e-16 2.045083325356245041e-03 2.740449528206858297e-15 8.760193265233695570e-11 1.311904195168541939e-14 8.782597982204265463e-10 5.640045739710330963e-03 1.554491464048624039e-03 1.793660223484039307e-02 3.505070880055427551e-02 3.768839687108993530e-02 2.889991365373134613e-02 -1.474772929213941097e-03 -4.110741615295410156e-02 -4.855424165725708008e-02 -2.170687913894653320e-02 -4.457925446331501007e-03 -4.720045035355724394e-05 -9.334623464383184910e-04 -7.247223822875144337e-17 0.000000000000000000e+00 0.000000000000000000e+00 
1.374430702583140373e-08 4.424438060368629522e-08 2.859565562118859816e-08 4.160439595580101013e-03 1.224315155923250131e-07 4.936573077429784462e-06 1.862549083853082266e-07 1.318563226959668100e-05 8.306778036057949066e-03 4.759776871651411057e-03 2.289146743714809418e-02 5.802005529403686523e-02 7.894432544708251953e-02 1.914148032665252686e-01 2.153576314449310303e-01 1.593082398176193237e-01 1.184658408164978027e-01 3.513423725962638855e-02 6.235698703676462173e-03 1.509413705207407475e-03 2.944058505818247795e-03 3.044719676381646423e-08 0.000000000000000000e+00 0.000000000000000000e+00 
8.718249212835704753e-12 5.576975339871559356e-11 3.962667000090291936e-11 3.314310219138860703e-03 2.946271282500134703e-10 1.306749339846646762e-07 6.539151997664305327e-10 5.264716946840053424e-07 7.031347602605819702e-03 3.021782962605357170e-03 2.041579782962799072e-02 4.507274553179740906e-02 5.383390188217163086e-02 5.482574552297592163e-02 -4.084025509655475616e-03 -7.176142185926437378e-02 -7.307691872119903564e-02 -2.708549611270427704e-02 -5.238888785243034363e-03 -4.235685628373175859e-04 -1.896689529530704021e-03 -3.081800092896713750e-11 0.000000000000000000e+00 0.000000000000000000e+00 
7.587969322157567947e-15 9.094790621565901345e-14 6.614253957905324999e-14 2.660237485542893410e-03 8.730480531224382723e-13 3.558231043143678107e-09 2.834414777538873942e-12 2.224398087946610758e-08 6.259219720959663391e-03 2.185412915423512459e-03 1.913110725581645966e-02 3.989782556891441345e-02 4.555400088429450989e-02 5.695736035704612732e-02 5.094103515148162842e-02 6.083632633090019226e-02 6.128293275833129883e-02 2.399684488773345947e-02 4.774092696607112885e-03 1.262652076547965407e-04 1.259268843568861485e-03 4.032286115250582892e-14 0.000000000000000000e+00 0.000000000000000000e+00 
7.235170146989021618e-18 1.619822662588373203e-16 1.145025755543263623e-16 2.135164570063352585e-03 2.755405800714764292e-15 9.708130827013050634e-11 1.270352570424508609e-14 9.523691835156000707e-10 5.716546438634395599e-03 1.634351909160614014e-03 1.804144494235515594e-02 3.527330607175827026e-02 3.792758285999298096e-02 2.867551334202289581e-02 -1.802515354938805103e-03 -4.127179086208343506e-02 -4.855396971106529236e-02 -2.166189253330230713e-02 -4.411577247083187103e-03 -3.872451634379103780e-05 -8.379829232580959797e-04 -5.747067592794694534e-17 0.000000000000000000e+00 0.000000000000000000e+00 
1.312087771765391153e-08 4.239296913510770537e-08 2.722662451049018273e-08 4.177561495453119278e-03 1.180442978920837049e-07 4.903730769001413137e-06 1.778628586635022657e-07 1.281892673432594165e-05 8.331259712576866150e-03 4.785195924341678619e-03 2.292844653129577637e-02 5.811759829521179199e-02 7.916646450757980347e-02 1.916963309049606323e-01 2.155329436063766479e-01 1.591565757989883423e-01 1.183011680841445923e-01 3.492789342999458313e-02 6.201733835041522980e-03 1.453297329135239124e-03 2.888823626562952995e-03 2.836533319339196169e-08 0.000000000000000000e+00 0.000000000000000000e+00 
8.162782082210551238e-12 5.253517412762143124e-11 3.672896015105564516e-11 3.334939945489168167e-03 2.802418019864916232e-10 1.294892513215017971e-07 6.097736204857540088e-10 5.047064064456208143e-07 7.057319860905408859e-03 3.049472812563180923e-03 2.045771107077598572e-02 4.517417028546333313e-02 5.399297550320625305e-02 5.476562306284904480e-02 -4.325442016124725342e-03 -7.185719907283782959e-02 -7.307751476764678955e-02 -2.701919525861740112e-02 -5.223417654633522034e-03 -4.014099249616265297e-04 -1.847294857725501060e-03 -2.767703774497753955e-11 0.000000000000000000e+00 0.000000000000000000e+00 
6.974749655597450165e-15 8.423811778332512823e-14 5.968160265035910017e-14 2.682340098544955254e-03 8.186119425553084472e-13 3.515624458216848325e-09 2.580729683773763661e-12 2.102629537148459349e-08 6.285171024501323700e-03 2.213221043348312378e-03 1.917573064565658569e-02 4.000996425747871399e-02 4.570855200290679932e-02 5.700404196977615356e-02 5.100049823522567749e-02 6.090900301933288574e-02 6.130508333444595337e-02 2.398229949176311493e-02 4.761948715895414352e-03 1.179097962449304760e-04 1.216090400703251362e-03 3.496054289705945173e-14 0.000000000000000000e+00 0.000000000000000000e+00 
6.533727604988954574e-18 1.474414237068901574e-16 1.006108977296659151e-16 2.157362643629312515e-03 2.545774887148218382e-15 9.563215497276900123e-11 1.129552570591383850e-14 8.876511747857307455e-10 5.742241628468036652e-03 1.660759095102548599e-03 1.808661408722400665e-02 3.539072349667549133e-02 3.806789591908454895e-02 2.864594385027885437e-02 -1.918169786222279072e-03 -4.138328880071640015e-02 -4.860977455973625183e-02 -2.167737111449241638e-02 -4.399195313453674316e-03 -3.566630402929149568e-05 -8.022590191103518009e-04 -4.813590631933907570e-17 0.000000000000000000e+00 0.000000000000000000e+00 
1.259734538905377121e-08 4.088861871309745766e-08 2.612570959570348350e-08 4.210697486996650696e-03 1.148493566915931297e-07 4.938319307257188484e-06 1.714714699119213037e-07 1.259961845789803192e-05 8.376311510801315308e-03 4.840897861868143082e-03 2.298690006136894226e-02 5.828916281461715698e-02 7.950485497713088989e-02 1.920442879199981689e-01 2.157061398029327393e-01 1.588621586561203003e-01 1.180249229073524475e-01 3.464161604642868042e-02 6.154597736895084381e-03 1.378164160996675491e-03 2.810195554047822952e-03 2.627459139148413669e-08 0.000000000000000000e+00 0.000000000000000000e+00 
7.714269327496747763e-12 5.001452377251247583e-11 3.447782337406835040e-11 3.374798456206917763e-03 2.705559387639056013e-10 1.309973356455884641e-07 5.776676914592826506e-10 4.916971647617174312e-07 7.102701812982559204e-03 3.098506480455398560e-03 2.051833085715770721e-02 4.531560093164443970e-02 5.419780686497688293e-02 5.460317805409431458e-02 -4.698015749454498291e-03 -7.194782048463821411e-02 -7.303682714700698853e-02 -2.691763266921043396e-02 -5.198453087359666824e-03 -3.719010856002569199e-04 -1.776472548954188824e-03 -2.465493607883839644e-11 0.000000000000000000e+00 0.000000000000000000e+00 
6.493298669476947615e-15 7.915846797490466713e-14 5.478832041912531925e-14 2.725171623751521111e-03 7.834795637783054101e-13 3.570758577708943449e-09 2.400841027719313736e-12 2.030377466155641741e-08 6.328437477350234985e-03 2.259321976453065872e-03 1.923874951899051666e-02 4.015542194247245789e-02 4.589953646063804626e-02 5.702050402760505676e-02 5.105882138013839722e-02 6.096825748682022095e-02 6.129272282123565674e-02 2.394715324044227600e-02 4.739896394312381744e-03 1.068524288712069392e-04 1.154701341874897480e-03 2.998047028191820618e-14 0.000000000000000000e+00 0.000000000000000000e+00 
5.996065997093774457e-18 1.366730276739972329e-16 9.034473267749068689e-17 2.200509188696742058e-03 2.414134320441875363e-15 9.751257440404614840e-11 1.031917369750338237e-14 8.496385817124973983e-10 5.783041473478078842e-03 1.703689456917345524e-03 1.814930886030197144e-02 3.553612530231475830e-02 3.823274746537208557e-02 2.855687960982322693e-02 -2.097017131745815277e-03 -4.150881618261337280e-02 -4.864673689007759094e-02 -2.167992852628231049e-02 -4.375755321234464645e-03 -3.164423833368346095e-05 -7.519969367422163486e-04 -3.977192249506833976e-17 0.000000000000000000e+00 0.000000000000000000e+00 
1.241105529459218815e-08 4.062776781665888848e-08 2.599742821018935501e-08 4.313234705477952957e-03 1.163427612027589930e-07 5.309034349920693785e-06 1.723243343576541520e-07 1.329195856669684872e-05 8.514633402228355408e-03 5.034201312810182571e-03 2.314290404319763184e-02 5.879430100321769714e-02 8.036623150110244751e-02 1.927022635936737061e-01 2.158700227737426758e-01 1.578968763351440430e-01 1.172568127512931824e-01 3.400515392422676086e-02 6.052706390619277954e-03 1.223058789037168026e-03 2.629896160215139389e-03 2.370889085057115153e-08 0.000000000000000000e+00 0.000000000000000000e+00 
7.613016987650933487e-12 4.995462030144004473e-11 3.435858889067056055e-11 3.498714650049805641e-03 2.791391007228583021e-10 1.462747576397305238e-07 5.860505969401685888e-10 5.331085048965178430e-07 7.236803416162729263e-03 3.244052408263087273e-03 2.066311240196228027e-02 4.563074186444282532e-02 5.459911376237869263e-02 5.397838354110717773e-02 -5.646279081702232361e-03 -7.201261818408966064e-02 -7.281553000211715698e-02 -2.665144950151443481e-02 -5.134563427418470383e-03 -3.121166082564741373e-04 -1.613990287296473980e-03 -2.107081870095228737e-11 0.000000000000000000e+00 0.000000000000000000e+00 
6.418777981326935153e-15 7.944657437345195583e-14 5.456088529652396157e-14 2.859396394342184067e-03 8.217078818588408051e-13 4.137344689070232562e-09 2.451104640435741722e-12 2.261767129141389887e-08 6.451257504522800446e-03 2.387947402894496918e-03 1.938455551862716675e-02 4.044225439429283142e-02 4.624374210834503174e-02 5.690446123480796814e-02 5.111505463719367981e-02 6.096706539392471313e-02 6.112953275442123413e-02 2.380494214594364166e-02 4.677466582506895065e-03 8.491725020576268435e-05 1.016569673083722591e-03 2.433178543359820062e-14 0.000000000000000000e+00 0.000000000000000000e+00 
5.940757392616028814e-18 1.376915715581807282e-16 8.988785104667559780e-17 2.336812438443303108e-03 2.571086772711018639e-15 1.172266450577552632e-10 1.059607130905965491e-14 9.723891691848507435e-10 5.893246270716190338e-03 1.821345416828989983e-03 1.829131692647933960e-02 3.579704090952873230e-02 3.849628940224647522e-02 2.820080332458019257e-02 -2.554131671786308289e-03 -4.170195013284683228e-02 -4.860102757811546326e-02 -2.160418219864368439e-02 -4.307388328015804291e-03 -2.383832543273456395e-05 -6.413297960534691811e-04 -3.069182525345329627e-17 0.000000000000000000e+00 0.000000000000000000e+00 
1.166117069573147091e-08 3.818616534090324421e-08 2.409564281435905286e-08 4.276391584426164627e-03 1.089567192025242548e-07 5.024103757023112848e-06 1.600675432200659998e-07 1.219277419295394793e-05 8.468847721815109253e-03 4.954513628035783768e-03 2.310299500823020935e-02 5.862725153565406799e-02 8.016482740640640259e-02 1.927206516265869141e-01 2.160406410694122314e-01 1.582577228546142578e-01 1.174793988466262817e-01 3.411194682121276855e-02 6.072187796235084534e-03 1.238070079125463963e-03 2.653118455782532692e-03 2.263170983951567905e-08 0.000000000000000000e+00 0.000000000000000000e+00 
6.937887764291161830e-12 4.562216923686968073e-11 3.045000016022036959e-11 3.454271005466580391e-03 2.527688058862054277e-10 1.346949431990651647e-07 5.219860099714423995e-10 4.678263962887285743e-07 7.195782847702503204e-03 3.197941230610013008e-03 2.063862234354019165e-02 4.558875039219856262e-02 5.458633229136466980e-02 5.426948517560958862e-02 -5.431917961686849594e-03 -7.211747765541076660e-02 -7.295794039964675903e-02 -2.673175372183322906e-02 -5.157767329365015030e-03 -3.187634865753352642e-04 -1.636336208321154118e-03 -1.967400374558447851e-11 0.000000000000000000e+00 0.000000000000000000e+00 
5.681409966237175452e-15 7.051761382942042800e-14 4.630679317101961401e-14 2.811073092743754387e-03 7.194407287795800965e-13 3.706644990941754259e-09 2.096910102153404232e-12 1.899408097472132795e-08 6.416731048375368118e-03 2.353027928620576859e-03 1.936418563127517700e-02 4.043453931808471680e-02 4.626055061817169189e-02 5.704597756266593933e-02 5.117470026016235352e-02 6.107941642403602600e-02 6.126981601119041443e-02 2.388141676783561707e-02 4.705143626779317856e-03 8.758726471569389105e-05 1.035447232425212860e-03 2.221976976599180503e-14 0.000000000000000000e+00 0.000000000000000000e+00 
5.110238279110737120e-18 1.187444106750574916e-16 7.310601077919977233e-17 2.287552459165453911e-03 2.176628611372374497e-15 1.021770237863428576e-10 8.711665252841751389e-15 7.815916247544407724e-10 5.865603219717741013e-03 1.791446818970143795e-03 1.827462203800678253e-02 3.581404313445091248e-02 3.854296728968620300e-02 2.837505005300045013e-02 -2.450964180752635002e-03 -4.175342246890068054e-02 -4.871900007128715515e-02 -2.168125659227371216e-02 -4.339127801358699799e-03 -2.485152799636125565e-05 -6.562568596564233303e-04 -2.742257751643344116e-17 0.000000000000000000e+00 0.000000000000000000e+00 
1.101999647090678991e-08 3.609884657862494350e-08 2.249098862705523061e-08 4.248256795108318329e-03 1.027502918304890045e-07 4.802914645551936701e-06 1.498036681368830614e-07 1.130208693211898208e-05 8.435402996838092804e-03 4.895186517387628555e-03 2.307624369859695435e-02 5.850588530302047729e-02 8.003082126379013062e-02 1.927690804004669189e-01 2.162020206451416016e-01 1.585326492786407471e-01 1.176345050334930420e-01 3.417376801371574402e-02 6.084553431719541550e-03 1.243910868652164936e-03 2.663891995325684547e-03 2.156762413108026522e-08 0.000000000000000000e+00 0.000000000000000000e+00 
6.382519946585007986e-12 4.203674214275920917e-11 2.729379396104736344e-11 3.420475870370864868e-03 2.314258368274479949e-10 1.259415967069799080e-07 4.704625022888819785e-10 4.170268255165865412e-07 7.166621740907430649e-03 3.165605710819363594e-03 2.062498219311237335e-02 4.556862637400627136e-02 5.459457635879516602e-02 5.450069159269332886e-02 -5.289836786687374115e-03 -7.221788913011550903e-02 -7.307159155607223511e-02 -2.678964473307132721e-02 -5.175475496798753738e-03 -3.219482023268938065e-04 -1.647412544116377831e-03 -1.831222326553749724e-11 0.000000000000000000e+00 0.000000000000000000e+00 
5.094353029835374871e-15 6.334133385984749842e-14 3.990728984792392409e-14 2.774466294795274734e-03 6.394057375583295233e-13 3.389152292143648992e-09 1.822583316907211426e-12 1.628766277406157315e-08 6.392974872142076492e-03 2.329497132450342178e-03 1.935430429875850677e-02 4.044345766305923462e-02 4.629181697964668274e-02 5.716777965426445007e-02 5.123145505785942078e-02 6.118286028504371643e-02 6.138503924012184143e-02 2.394235692918300629e-02 4.726976156234741211e-03 8.901976980268955231e-05 1.044886535964906216e-03 2.020678241431480421e-14 0.000000000000000000e+00 0.000000000000000000e+00 
4.468945416123382312e-18 1.039409217350124913e-16 6.060852271594030180e-17 2.250376623123884201e-03 1.877791152416321066e-15 9.135747713884256882e-11 7.305944620171565124e-15 6.448409028969592782e-10 5.847427062690258026e-03 1.771673560142517090e-03 1.826787367463111877e-02 3.584349527955055237e-02 3.859639167785644531e-02 2.851463668048381805e-02 -2.382743172347545624e-03 -4.181195050477981567e-02 -4.882095009088516235e-02 -2.174622751772403717e-02 -4.364355467259883881e-03 -2.543710070312954485e-05 -6.637508631683886051e-04 -2.437365760737321050e-17 0.000000000000000000e+00 0.000000000000000000e+00 
1.048985964757775946e-08 3.443528839852660894e-08 2.123434406087199022e-08 4.244299139827489853e-03 9.801092915040499065e-08 4.688303306465968490e-06 1.420226141135572107e-07 1.072517534339567646e-05 8.433051407337188721e-03 4.882802255451679230e-03 2.308305166661739349e-02 5.850052088499069214e-02 8.007793128490447998e-02 1.929264068603515625e-01 2.163641452789306641e-01 1.585773825645446777e-01 1.176195144653320312e-01 3.410945832729339600e-02 6.076326593756675720e-03 1.220128964632749557e-03 2.638092963024973869e-03 2.034430934827469173e-08 0.000000000000000000e+00 0.000000000000000000e+00 
5.943077193565349248e-12 3.930998235257554541e-11 2.493093405331325840e-11 3.415869316086173058e-03 2.158551115627460604e-10 1.215314995306471246e-07 4.333347847218504967e-10 3.851948520150472177e-07 7.166997529566287994e-03 3.166291862726211548e-03 2.064053528010845184e-02 4.561052098870277405e-02 5.467364564538002014e-02 5.457467213273048401e-02 -5.346350371837615967e-03 -7.231160998344421387e-02 -7.312148064374923706e-02 -2.678886801004409790e-02 -5.178714171051979065e-03 -3.137319872621446848e-04 -1.625405042432248592e-03 -1.677757412166247519e-11 0.000000000000000000e+00 0.000000000000000000e+00 
4.644627239237808514e-15 5.806813363484764068e-14 3.528864280324429947e-14 2.769485814496874809e-03 5.829113775869532166e-13 3.232074607950607970e-09 1.631792249066899014e-12 1.464639787229771173e-08 6.395724602043628693e-03 2.334203803911805153e-03 1.937315054237842560e-02 4.050355777144432068e-02 4.637892171740531921e-02 5.724532902240753174e-02 5.128761380910873413e-02 6.126748770475387573e-02 6.144680827856063843e-02 2.396605536341667175e-02 4.733888432383537292e-03 8.627586066722869873e-05 1.026462763547897339e-03 1.799385293543842579e-14 0.000000000000000000e+00 0.000000000000000000e+00 
3.991505038363900269e-18 9.336648962959590123e-17 5.190439891506531066e-17 2.245328156277537346e-03 1.672962386265115006e-15 8.609681717564043879e-11 6.360048104896110985e-15 5.645903189410717005e-10 5.852450150996446609e-03 1.777426921762526035e-03 1.828861609101295471e-02 3.591544926166534424e-02 3.868677839636802673e-02 2.856330946087837219e-02 -2.410509856417775154e-03 -4.189595952630043030e-02 -4.889345541596412659e-02 -2.178489044308662415e-02 -4.373000003397464752e-03 -2.453831257298588753e-05 -6.491665844805538654e-04 -2.110740095544834713e-17 0.000000000000000000e+00 0.000000000000000000e+00 
9.909983944567102299e-09 3.253193625596395577e-08 1.977947761133691529e-08 4.209941253066062927e-03 9.199747097454746836e-08 4.454645932128187269e-06 1.327858996091890731e-07 9.892403795674908906e-06 8.391639217734336853e-03 4.815500695258378983e-03 2.304817363619804382e-02 5.835596099495887756e-02 7.989650964736938477e-02 1.929443180561065674e-01 2.165195941925048828e-01 1.589002162218093872e-01 1.178144067525863647e-01 3.420343995094299316e-02 6.093034520745277405e-03 1.232805196195840836e-03 2.657156670466065407e-03 1.945654837243182556e-08 0.000000000000000000e+00 0.000000000000000000e+00 
5.462560091762380665e-12 3.618283103690167479e-11 2.226332139476649985e-11 3.374698106199502945e-03 1.958393308632011554e-10 1.125867541418301698e-07 3.899335576651452584e-10 3.407928375054325443e-07 7.130409125238656998e-03 3.127892734482884407e-03 2.061897516250610352e-02 4.557723924517631531e-02 5.466129258275032043e-02 5.483854562044143677e-02 -5.153733305633068085e-03 -7.240962237119674683e-02 -7.324460893869400024e-02 -2.685983665287494659e-02 -5.199184175580739975e-03 -3.195474855601787567e-04 -1.643915544264018536e-03 -1.571214859608094372e-11 0.000000000000000000e+00 0.000000000000000000e+00 
4.158257532792600242e-15 5.208221617110549151e-14 3.025187996700921811e-14 2.725071273744106293e-03 5.111889102120403816e-13 2.918951746977427320e-09 1.415223515634222995e-12 1.243372427239819444e-08 6.365457549691200256e-03 2.304988680407404900e-03 1.935518905520439148e-02 4.050070047378540039e-02 4.639360681176185608e-02 5.737458914518356323e-02 5.134191736578941345e-02 6.137202307581901550e-02 6.156850606203079224e-02 2.403404377400875092e-02 4.758493043482303619e-03 8.867432188708335161e-05 1.042140065692365170e-03 1.649711522445397593e-14 0.000000000000000000e+00 0.000000000000000000e+00 
3.482478768914080863e-18 8.157154260418996816e-17 4.274029651916183190e-17 2.200408140197396278e-03 1.418313471497015948e-15 7.580036598398010028e-11 5.319145409641299130e-15 4.599794434234638629e-10 5.828639492392539978e-03 1.752251177094876766e-03 1.827397756278514862e-02 3.593422845005989075e-02 3.872842714190483093e-02 2.872200496494770050e-02 -2.318073529750108719e-03 -4.194594174623489380e-02 -4.899610579013824463e-02 -2.185390517115592957e-02 -4.401325713843107224e-03 -2.546852010709699243e-05 -6.615889142267405987e-04 -1.895223646336186203e-17 0.000000000000000000e+00 0.000000000000000000e+00 
9.368361197914509830e-09 3.078333321582249482e-08 1.848688846450841083e-08 4.183711018413305283e-03 8.670639317642780952e-08 4.250911842973437160e-06 1.244869451966224005e-07 9.184954251395538449e-06 8.360494859516620636e-03 4.763597156852483749e-03 2.302456274628639221e-02 5.825213342905044556e-02 7.977926731109619141e-02 1.930047720670700073e-01 2.166758775711059570e-01 1.591476798057556152e-01 1.179556846618652344e-01 3.425290063023567200e-02 6.102139130234718323e-03 1.234721508808434010e-03 2.663208404555916786e-03 1.852579423200495512e-08 0.000000000000000000e+00 0.000000000000000000e+00 
5.026261958723798884e-12 3.338513840378531938e-11 1.999251805773205604e-11 3.343402640894055367e-03 1.790301656923176665e-10 1.049778219908148458e-07 3.525656433467361239e-10 3.045474841201212257e-07 7.103686686605215073e-03 3.099973546341061592e-03 2.060703746974468231e-02 4.556626081466674805e-02 5.467675998806953430e-02 5.504961684346199036e-02 -5.028227809816598892e-03 -7.250789552927017212e-02 -7.335197180509567261e-02 -2.691011317074298859e-02 -5.214411299675703049e-03 -3.212744777556508780e-04 -1.650689868256449699e-03 -1.460687473753274901e-11 0.000000000000000000e+00 0.000000000000000000e+00 
3.728616163923854226e-15 4.686284319583775004e-14 2.613128998938101660e-14 2.691430971026420593e-03 4.532352141164985859e-13 2.659016784534173894e-09 1.235574685100326864e-12 1.069766142336447956e-08 6.344157271087169647e-03 2.284480025991797447e-03 1.934667676687240601e-02 4.051647335290908813e-02 4.643129184842109680e-02 5.749050155282020569e-02 5.139685794711112976e-02 6.147248297929763794e-02 6.167829781770706177e-02 2.408879622817039490e-02 4.777745809406042099e-03 8.959143451647832990e-05 1.047955476678907871e-03 1.497786676586329579e-14 0.000000000000000000e+00 0.000000000000000000e+00 
3.044634493101746563e-18 7.154991199342011624e-17 3.553117594402333023e-17 2.166506601497530937e-03 1.219683610091172078e-15 6.745921182771397184e-11 4.486149915905370683e-15 3.810824433791992760e-10 5.812752526253461838e-03 1.734840567223727703e-03 1.826839521527290344e-02 3.596863150596618652e-02 3.878657519817352295e-02 2.885032072663307190e-02 -2.257931279018521309e-03 -4.200654104351997375e-02 -4.909482225775718689e-02 -2.191349491477012634e-02 -4.423731472343206406e-03 -2.587743438198231161e-05 -6.662140949629247189e-04 -1.681124653825208560e-17 0.000000000000000000e+00 0.000000000000000000e+00 
9.144795143356532208e-09 3.022691430487611797e-08 1.806500549150769075e-08 4.251195117831230164e-03 8.589999822561367182e-08 4.400191755848936737e-06 1.229763029186869971e-07 9.351807420898694545e-06 8.449574932456016541e-03 4.882052075117826462e-03 2.312494628131389618e-02 5.856744945049285889e-02 8.033005893230438232e-02 1.934586614370346069e-01 2.168280482292175293e-01 1.585396230220794678e-01 1.174655929207801819e-01 3.384989872574806213e-02 6.039935164153575897e-03 1.135107711888849735e-03 2.538463100790977478e-03 1.705437036036983045e-08 0.000000000000000000e+00 0.000000000000000000e+00 
4.880425924502773682e-12 3.269932588589874456e-11 1.932061455267586325e-11 3.424615133553743362e-03 1.776336439052172977e-10 1.106728433342141216e-07 3.476523791068331093e-10 3.129389938294480089e-07 7.190075237303972244e-03 3.193929558619856834e-03 2.070428617298603058e-02 4.577581584453582764e-02 5.495228618383407593e-02 5.467466264963150024e-02 -5.644571501761674881e-03 -7.257462292909622192e-02 -7.322984933853149414e-02 -2.675148844718933105e-02 -5.178644787520170212e-03 -2.841791720129549503e-04 -1.539508462883532047e-03 -1.288198280685604047e-11 0.000000000000000000e+00 0.000000000000000000e+00 
3.601858106883721808e-15 4.576617608650045133e-14 2.494884046534348587e-14 2.778948983177542686e-03 4.498233925100125763e-13 2.853399072577644802e-09 1.213746009080807209e-12 1.109213609851167348e-08 6.423304323107004166e-03 2.370239002630114555e-03 1.944611407816410065e-02 4.071461036801338196e-02 4.667498171329498291e-02 5.743737891316413879e-02 5.144982412457466125e-02 6.149689480662345886e-02 6.159781664609909058e-02 2.401252649724483490e-02 4.743689671158790588e-03 7.632530468981713057e-05 9.551733382977545261e-04 1.267961819930883346e-14 0.000000000000000000e+00 0.000000000000000000e+00 
2.927123974511544622e-18 6.960936612870541459e-17 3.351580001237463148e-17 2.254922408610582352e-03 1.210151842456601030e-15 7.368025634058028572e-11 4.388824983232904320e-15 3.987223884394097695e-10 5.884080659598112106e-03 1.814556657336652279e-03 1.836632937192916870e-02 3.615517541766166687e-02 3.898193314671516418e-02 2.863840013742446899e-02 -2.555727493017911911e-03 -4.215538501739501953e-02 -4.909123852849006653e-02 -2.188164368271827698e-02 -4.386504180729389191e-03 -2.124629099853336811e-05 -5.933399079367518425e-04 -1.367497635650625522e-17 0.000000000000000000e+00 0.000000000000000000e+00 
8.488582281529488682e-09 2.798687148697354132e-08 1.641631008908461808e-08 4.165177699178457260e-03 7.849029515227812226e-08 3.985947387263877317e-06 1.118403289979141846e-07 8.200528100132942200e-06 8.343241177499294281e-03 4.723693709820508957e-03 2.302267029881477356e-02 5.820148438215255737e-02 7.978875190019607544e-02 1.932641863822937012e-01 2.169835269451141357e-01 1.593254208564758301e-01 1.180051416158676147e-01 3.418431058526039124e-02 6.093519274145364761e-03 1.202272833324968815e-03 2.627838635817170143e-03 1.661600812496999424e-08 0.000000000000000000e+00 0.000000000000000000e+00 
4.353780357069236828e-12 2.912677390942697286e-11 1.655654432997089032e-11 3.321502124890685081e-03 1.542323907477438638e-10 9.539024148352837074e-08 2.988908287537839215e-10 2.564703152074798709e-07 7.092552259564399719e-03 3.089535050094127655e-03 2.062226459383964539e-02 4.562680423259735107e-02 5.480141565203666687e-02 5.525458231568336487e-02 -5.052316002547740936e-03 -7.269024103879928589e-02 -7.347894459962844849e-02 -2.693096175789833069e-02 -5.225566681474447250e-03 -3.105386567767709494e-04 -1.621065428480505943e-03 -1.241471855872866570e-11 0.000000000000000000e+00 0.000000000000000000e+00 
3.093347594471996566e-15 3.923278057136637964e-14 2.021329270954740076e-14 2.667952561751008034e-03 3.713744535418367354e-13 2.340468263639650104e-09 9.894830180906533101e-13 8.501113590853037749e-09 6.339133717119693756e-03 2.282672096043825150e-03 1.936796307563781738e-02 4.061594232916831970e-02 4.658025503158569336e-02 5.765786394476890564e-02 5.150422826409339905e-02 6.164247542619705200e-02 6.182381883263587952e-02 2.414785698056221008e-02 4.796101246029138565e-03 8.611856901552528143e-05 1.023186719976365566e-03 1.208016535924043983e-14 0.000000000000000000e+00 0.000000000000000000e+00 
2.421333635618032661e-18 5.742530672570963688e-17 2.569426965328759535e-17 2.142908284440636635e-03 9.504565171469976648e-16 5.751416357058225515e-11 3.395683723016683885e-15 2.858397685212565875e-10 5.813615396618843079e-03 1.735595520585775375e-03 1.829368993639945984e-02 3.609377145767211914e-02 3.895101323723793030e-02 2.898063138127326965e-02 -2.269885968416929245e-03 -4.215755313634872437e-02 -4.925026744604110718e-02 -2.199738845229148865e-02 -4.446033854037523270e-03 -2.476559711794834584e-05 -6.466093473136425018e-04 -1.288045779762049639e-17 0.000000000000000000e+00 0.000000000000000000e+00 
7.596519857600014802e-09 2.483252892204745876e-08 1.415607631116699849e-08 3.953219857066869736e-03 6.761148085843160516e-08 3.270499746577115729e-06 9.574669235234978260e-08 6.475461304944474250e-06 8.090474642813205719e-03 4.375692922621965408e-03 2.276419475674629211e-02 5.734654143452644348e-02 7.843997329473495483e-02 1.925880163908004761e-01 2.171230316162109375e-01 1.611371934413909912e-01 1.193026974797248840e-01 3.512528166174888611e-02 6.237951572984457016e-03 1.414573984220623970e-03 2.885101130232214928e-03 1.691615914012345456e-08 0.000000000000000000e+00 0.000000000000000000e+00 
3.651698735063213519e-12 2.422213471464651491e-11 1.300256777247987827e-11 3.071643877774477005e-03 1.214725403597682885e-10 7.080181063656709739e-08 2.323451570029888558e-10 1.794217041606316343e-07 6.862763315439224243e-03 2.843130612745881081e-03 2.039808407425880432e-02 4.520457237958908081e-02 5.430496484041213989e-02 5.652774870395660400e-02 -3.526418702676892281e-03 -7.283830642700195312e-02 -7.398704439401626587e-02 -2.738608233630657196e-02 -5.332464817911386490e-03 -3.967815428040921688e-04 -1.860327087342739105e-03 -1.282835556531969345e-11 0.000000000000000000e+00 0.000000000000000000e+00 
2.438535010311666806e-15 3.060708831563799248e-14 1.453282379691462484e-14 2.403774531558156013e-03 2.679605127196837966e-13 1.572652119641304580e-09 7.031897308364121191e-13 5.274241932085033113e-09 6.141091696918010712e-03 2.068024827167391777e-03 1.915013603866100311e-02 4.027757421135902405e-02 4.619783163070678711e-02 5.808038637042045593e-02 5.156568437814712524e-02 6.188376620411872864e-02 6.226083636283874512e-02 2.444288507103919983e-02 4.908762406557798386e-03 1.195540462504141033e-04 1.228956738486886024e-03 1.262538098563024611e-14 0.000000000000000000e+00 0.000000000000000000e+00 
1.795094425803377266e-18 4.204993488864752522e-17 1.693548079445142483e-17 1.881040399894118309e-03 6.290011609168862788e-16 3.498870984608437595e-11 2.210138928831649127e-15 1.573274843735816830e-10 5.645677912980318069e-03 1.540685538202524185e-03 1.808929629623889923e-02 3.582003340125083923e-02 3.871116787195205688e-02 2.973149344325065613e-02 -1.537735108286142349e-03 -4.205266758799552917e-02 -4.951116442680358887e-02 -2.220940217375755310e-02 -4.572556819766759872e-03 -3.736932922038249671e-05 -8.130185306072235107e-04 -1.360799706076599891e-17 0.000000000000000000e+00 0.000000000000000000e+00 
7.031832005566229782e-09 2.291615430749516236e-08 1.281179962120404525e-08 3.840541699901223183e-03 6.141293340533593437e-08 2.927159812315949239e-06 8.661639583351643523e-08 5.624923232971923426e-06 7.965201511979103088e-03 4.208395723253488541e-03 2.263782918453216553e-02 5.693724378943443298e-02 7.779978215694427490e-02 1.923302412033081055e-01 2.172584533691406250e-01 1.620406955480575562e-01 1.199342757463455200e-01 3.558680787682533264e-02 6.306708324700593948e-03 1.518777338787913322e-03 3.002278739586472511e-03 1.661406123787401157e-08 0.000000000000000000e+00 0.000000000000000000e+00 
3.241498866199399309e-12 2.146220874632565057e-11 1.106057693350814830e-11 2.941478975117206573e-03 1.043952979618012478e-10 5.992218632400181377e-08 1.978971986282829221e-10 1.449841846579147386e-07 6.752898450940847397e-03 2.726095495745539665e-03 2.029065787792205811e-02 4.501563310623168945e-02 5.408450961112976074e-02 5.717550218105316162e-02 -2.788270590826869011e-03 -7.295392453670501709e-02 -7.425379753112792969e-02 -2.762323990464210510e-02 -5.385288037359714508e-03 -4.421940539032220840e-04 -1.973193371668457985e-03 -1.251477307201431799e-11 0.000000000000000000e+00 0.000000000000000000e+00 
2.079466309025780960e-15 2.604930228228448386e-14 1.165194277055834476e-14 2.268927171826362610e-03 2.180552694788437385e-13 1.258941395576584910e-09 5.658551969003888793e-13 3.967021822148808496e-09 6.049246527254581451e-03 1.966569572687149048e-03 1.904809102416038513e-02 4.013149440288543701e-02 4.603429511189460754e-02 5.832255259156227112e-02 5.162500590085983276e-02 6.204577162861824036e-02 6.249765306711196899e-02 2.460293285548686981e-02 4.964838270097970963e-03 1.383771887049078941e-04 1.329210354015231133e-03 1.222395851939927711e-14 0.000000000000000000e+00 0.000000000000000000e+00 
1.471282167310306287e-18 3.437480722617624945e-17 1.280844924375591768e-17 1.750075258314609528e-03 4.849056629354384172e-16 2.649360245077225784e-11 1.681957029132008421e-15 1.101711083473233543e-10 5.569515284150838852e-03 1.449549454264342785e-03 1.799619570374488831e-02 3.570651262998580933e-02 3.861761465668678284e-02 3.011987172067165375e-02 -1.185703207738697529e-03 -4.204299673438072205e-02 -4.966447129845619202e-02 -2.232825197279453278e-02 -4.635727498680353165e-03 -4.493831875151954591e-05 -8.967361063696444035e-04 -1.307506940751645977e-17 0.000000000000000000e+00 0.000000000000000000e+00 
6.726684542712746406e-09 2.196254200725888950e-08 1.213365052876724803e-08 3.833478782325983047e-03 5.866408869792394398e-08 2.850026703526964411e-06 8.257853068016629550e-08 5.354450877348426729e-06 7.962153293192386627e-03 4.199722316116094589e-03 2.264283783733844757e-02 5.693544447422027588e-02 7.783047854900360107e-02 1.924652308225631714e-01 2.173982709646224976e-01 1.620929986238479614e-01 1.199339106678962708e-01 3.552649915218353271e-02 6.298093125224113464e-03 1.496575656346976757e-03 2.979994518682360649e-03 1.575147834387280454e-08 0.000000000000000000e+00 0.000000000000000000e+00 
3.040943148333030699e-12 2.021495297543918213e-11 1.014398200854804699e-11 2.933457260951399803e-03 9.745663304139284833e-11 5.759634547075620503e-08 1.839089852628816857e-10 1.345487703474645969e-07 6.752847228199243546e-03 2.727352548390626907e-03 2.030203305184841156e-02 4.505637288093566895e-02 5.415508523583412170e-02 5.724800378084182739e-02 -2.831171033903956413e-03 -7.304175943136215210e-02 -7.430323213338851929e-02 -2.761817537248134613e-02 -5.387860815972089767e-03 -4.338051949162036180e-04 -1.953358296304941177e-03 -1.155528190494026219e-11 0.000000000000000000e+00 0.000000000000000000e+00 
1.914538194525291191e-15 2.411027445942993952e-14 1.035411634767646402e-14 2.260681241750717163e-03 1.988717892621727490e-13 1.194282561733928105e-09 5.127174726449190700e-13 3.589712971319158896e-09 6.051905918866395950e-03 1.970102079212665558e-03 1.906179077923297882e-02 4.018779471516609192e-02 4.611444473266601562e-02 5.839395523071289062e-02 5.167355760931968689e-02 6.212453171610832214e-02 6.255622208118438721e-02 2.462144009768962860e-02 4.971216432750225067e-03 1.352633262285962701e-04 1.311598927713930607e-03 1.099831200911767157e-14 0.000000000000000000e+00 0.000000000000000000e+00 
1.329897665278175431e-18 3.124684028341922636e-17 1.103141630662763577e-17 1.742128166370093822e-03 4.320310341014076084e-16 2.480402168381079520e-11 1.486275265899083143e-15 9.721860816380711867e-11 5.574584472924470901e-03 1.453358214348554611e-03 1.801127567887306213e-02 3.577262163162231445e-02 3.870216012001037598e-02 3.016781806945800781e-02 -1.206087996251881123e-03 -4.211903363466262817e-02 -4.973107576370239258e-02 -2.236210741102695465e-02 -4.643956199288368225e-03 -4.379001984489150345e-05 -8.819252252578735352e-04 -1.146971780652355875e-17 0.000000000000000000e+00 0.000000000000000000e+00 
6.562552279376632214e-09 2.153387868020217866e-08 1.181762421254006767e-08 3.892724635079503059e-03 5.781935286108819128e-08 2.922526618931442499e-06 8.124521144736718270e-08 5.389172201830660924e-06 8.033578284084796906e-03 4.286848008632659912e-03 2.272903546690940857e-02 5.718003213405609131e-02 7.827132940292358398e-02 1.928365975618362427e-01 2.175448685884475708e-01 1.616206467151641846e-01 1.195496916770935059e-01 3.514576703310012817e-02 6.242617964744567871e-03 1.397232525050640106e-03 2.870138734579086304e-03 1.461173493311207494e-08 0.000000000000000000e+00 0.000000000000000000e+00 
2.948730669360966061e-12 1.975129261533314917e-11 9.746643596375559326e-12 3.001739503815770149e-03 9.579825127614682856e-11 5.986949958014520234e-08 1.800759125147877171e-10 1.358397270223576925e-07 6.819268688559532166e-03 2.801112597808241844e-03 2.038744464516639709e-02 4.523622617125511169e-02 5.440496653318405151e-02 5.697306618094444275e-02 -3.357408801093697548e-03 -7.311026006937026978e-02 -7.421927899122238159e-02 -2.746629714965820312e-02 -5.359791219234466553e-03 -3.928060177713632584e-04 -1.850269734859466553e-03 -1.031207150919977167e-11 0.000000000000000000e+00 0.000000000000000000e+00 
1.845497597785777238e-15 2.346457616154030285e-14 9.806033514760201936e-15 2.331114839762449265e-03 1.947738574158836000e-13 1.257685067201919082e-09 4.988306859590729836e-13 3.635087342246379194e-09 6.111488677561283112e-03 2.038570819422602654e-03 1.914775185286998749e-02 4.036742076277732849e-02 4.634546861052513123e-02 5.836203321814537048e-02 5.171630904078483582e-02 6.215053796768188477e-02 6.250456720590591431e-02 2.455546520650386810e-02 4.946995992213487625e-03 1.189047325169667602e-04 1.220448524691164494e-03 9.455537210417003235e-15 0.000000000000000000e+00 0.000000000000000000e+00 
1.274718617963870906e-18 3.026355745438764151e-17 1.029803383963505867e-17 1.810237416066229343e-03 4.214113585252068179e-16 2.646130016492609371e-11 1.436480316512370962e-15 9.874977224821890331e-11 5.628477782011032104e-03 1.516085583716630936e-03 1.809391938149929047e-02 3.594890609383583069e-02 3.889781981706619263e-02 3.000942245125770569e-02 -1.456982223317027092e-03 -4.224664717912673950e-02 -4.974280297756195068e-02 -2.234627865254878998e-02 -4.618193488568067551e-03 -3.739007297554053366e-05 -8.060188265517354012e-04 -9.508966400986024295e-18 0.000000000000000000e+00 0.000000000000000000e+00 
6.361186688508269071e-09 2.094201434488240920e-08 1.138057292848770885e-08 3.921266645193099976e-03 5.624588084174320102e-08 2.931031303887721151e-06 7.899393494881223887e-08 5.293912636261666194e-06 8.070439100265502930e-03 4.330467432737350464e-03 2.277744747698307037e-02 5.730842426419258118e-02 7.851690798997879028e-02 1.930854320526123047e-01 2.176869511604309082e-01 1.613900959491729736e-01 1.193461790680885315e-01 3.492359071969985962e-02 6.211089435964822769e-03 1.337880152277648449e-03 2.801420399919152260e-03 1.372946822897347374e-08 0.000000000000000000e+00 0.000000000000000000e+00 
2.827877905800524339e-12 1.904375789008039277e-11 9.188454684616598200e-12 3.034858265891671181e-03 9.208893370082904539e-11 6.017587850237759994e-08 1.728265031086806403e-10 1.321854341540529276e-07 6.854865234345197678e-03 2.842109184712171555e-03 2.043833397328853607e-02 4.534741118550300598e-02 5.456446483731269836e-02 5.685761198401451111e-02 -3.652505110949277878e-03 -7.317896187305450439e-02 -7.419320940971374512e-02 -2.738782949745655060e-02 -5.346375517547130585e-03 -3.692551108542829752e-04 -1.786805340088903904e-03 -9.386151578194557032e-12 0.000000000000000000e+00 0.000000000000000000e+00 
1.751602089758506724e-15 2.242175832479174902e-14 9.047424877968619772e-15 2.365470398217439651e-03 1.848889693688987590e-13 1.266382110287622709e-09 4.721916759507782668e-13 3.504277978905179225e-09 6.144604645669460297e-03 2.077946206554770470e-03 1.920017041265964508e-02 4.048480466008186340e-02 4.649910703301429749e-02 5.837474018335342407e-02 5.176170170307159424e-02 6.219471991062164307e-02 6.249925494194030762e-02 2.453130856156349182e-02 4.936726763844490051e-03 1.098271968658082187e-04 1.165153691545128822e-03 8.347493601565132010e-15 0.000000000000000000e+00 0.000000000000000000e+00 
1.197709033513373152e-18 2.863808468499438810e-17 9.300021405435742058e-18 1.843647332862019539e-03 3.949318909841757113e-16 2.669059591398070808e-11 1.341132570497032949e-15 9.431654068858819073e-11 5.659516435116529465e-03 1.552663976326584816e-03 1.814536936581134796e-02 3.606856614351272583e-02 3.903481736779212952e-02 2.994585037231445312e-02 -1.597819849848747253e-03 -4.234369099140167236e-02 -4.977391287684440613e-02 -2.235407009720802307e-02 -4.607683978974819183e-03 -3.394801387912593782e-05 -7.606493309140205383e-04 -8.147808442986127688e-18 0.000000000000000000e+00 0.000000000000000000e+00 
5.898041610663540268e-09 1.933014992516746133e-08 1.029724838730317060e-08 3.796632168814539909e-03 5.097208344295722782e-08 2.609463535918621346e-06 7.148752700913973968e-08 4.566998995869653299e-06 7.935736328363418579e-03 4.154976457357406616e-03 2.264005318284034729e-02 5.687254667282104492e-02 7.782308757305145264e-02 1.927830427885055542e-01 2.178083807229995728e-01 1.623707115650177002e-01 1.200318187475204468e-01 3.542207926511764526e-02 6.284687668085098267e-03 1.451185788027942181e-03 2.932441886514425278e-03 1.356591816659147298e-08 0.000000000000000000e+00 0.000000000000000000e+00 
2.515473506575771623e-12 1.687078775292061295e-11 7.807449131647103968e-12 2.891511889174580574e-03 7.875854135530602207e-11 5.052442375585997070e-08 1.472149901982078291e-10 1.056914697983302176e-07 6.737077143043279648e-03 2.716128481552004814e-03 2.031886205077171326e-02 4.513974115252494812e-02 5.431532859802246094e-02 5.755318701267242432e-02 -2.843024674803018570e-03 -7.329179346561431885e-02 -7.447177171707153320e-02 -2.763523720204830170e-02 -5.402090493589639664e-03 -4.178345261607319117e-04 -1.911863335408270359e-03 -9.240044493430410455e-12 0.000000000000000000e+00 0.000000000000000000e+00 
1.497254930477867011e-15 1.907184805048645071e-14 7.239791346991004267e-15 2.217684173956513405e-03 1.493559778891623280e-13 1.003041982805541465e-09 3.799228997809073194e-13 2.598617765414701353e-09 6.046302150934934616e-03 1.966875046491622925e-03 1.908561587333679199e-02 4.031883925199508667e-02 4.630947858095169067e-02 5.862824618816375732e-02 5.181695893406867981e-02 6.235797703266143799e-02 6.274265795946121216e-02 2.469279989600181580e-02 4.995948169380426407e-03 1.297138078371062875e-04 1.274983747862279415e-03 8.181493778628128738e-15 0.000000000000000000e+00 0.000000000000000000e+00 
9.842148547867789695e-19 2.338967498354340579e-17 7.013335195953325550e-18 1.700809341855347157e-03 3.015106419980287996e-16 1.994336119859330125e-11 1.020319476999177136e-15 6.488296011575300781e-11 5.577852483838796616e-03 1.452138065360486507e-03 1.804007031023502350e-02 3.593456000089645386e-02 3.891943767666816711e-02 3.036271035671234131e-02 -1.211196416988968849e-03 -4.231981560587882996e-02 -4.992560669779777527e-02 -2.247006073594093323e-02 -4.674574825912714005e-03 -4.186280057183466852e-05 -8.512937929481267929e-04 -7.949264416458087220e-18 0.000000000000000000e+00 0.000000000000000000e+00 
5.678317371859975538e-09 1.863617171693476848e-08 9.808232448449416552e-09 3.795654745772480965e-03 4.895320415698733996e-08 2.558678716013673693e-06 6.867246327146858675e-08 4.378857283882098272e-06 7.939889095723628998e-03 4.156552720814943314e-03 2.265235781669616699e-02 5.689214542508125305e-02 7.788658142089843750e-02 1.929173469543457031e-01 2.179409414529800415e-01 1.623831093311309814e-01 1.200013980269432068e-01 3.533739224076271057e-02 6.273445207625627518e-03 1.424990943633019924e-03 2.903604414314031601e-03 1.288802931043164790e-08 0.000000000000000000e+00 0.000000000000000000e+00 
2.384262058618968894e-12 1.603536747829537035e-11 7.225080776718240116e-12 2.890457632020115852e-03 7.409385605061657998e-11 4.908087092303503596e-08 1.384541925553151032e-10 9.917241072798788082e-08 6.743181962519884109e-03 2.724865684285759926e-03 2.033633552491664886e-02 4.518936946988105774e-02 5.439519137144088745e-02 5.760173127055168152e-02 -2.923612715676426888e-03 -7.336853444576263428e-02 -7.450371235609054565e-02 -2.761723473668098450e-02 -5.402120761573314667e-03 -4.078016208950430155e-04 -1.885568839497864246e-03 -8.563581267717612633e-12 0.000000000000000000e+00 0.000000000000000000e+00 
1.397836344118024831e-15 1.786671159598966080e-14 6.511063491479712056e-15 2.216607565060257912e-03 1.375838597781134376e-13 9.650713561626389492e-10 3.498138736145184335e-13 2.386516539942817872e-09 6.053998135030269623e-03 1.976949628442525864e-03 1.910503022372722626e-02 4.038133472204208374e-02 4.639599472284317017e-02 5.868892744183540344e-02 5.186178907752037048e-02 6.242412328720092773e-02 6.278406828641891479e-02 2.470245026051998138e-02 4.999325610697269440e-03 1.259274722542613745e-04 1.251798705197870731e-03 7.396411974103060671e-15 0.000000000000000000e+00 0.000000000000000000e+00 
9.052855909296987761e-19 2.158342023691546308e-17 6.130924147490438494e-18 1.699777320027351379e-03 2.719453010812522683e-16 1.900434670742967569e-11 9.199094385745737977e-16 5.832578170439361998e-11 5.587012507021427155e-03 1.461811130866408348e-03 1.806027069687843323e-02 3.600490838289260864e-02 3.900679945945739746e-02 3.039572760462760925e-02 -1.249315449967980385e-03 -4.239064455032348633e-02 -4.997840896248817444e-02 -2.249724604189395905e-02 -4.679319448769092560e-03 -4.044063098262995481e-05 -8.319996413774788380e-04 -7.014451062599659585e-18 0.000000000000000000e+00 0.000000000000000000e+00 
5.603344899185458416e-09 1.850516007095848181e-08 9.681664359106889606e-09 3.885755548253655434e-03 4.898112848650271189e-08 2.686965672182850540e-06 6.869210267268499592e-08 4.524607902567368001e-06 8.043563924729824066e-03 4.283947870135307312e-03 2.277040109038352966e-02 5.723652616143226624e-02 7.849929481744766235e-02 1.933679878711700439e-01 2.180884182453155518e-01 1.616899073123931885e-01 1.194505915045738220e-01 3.483366221189498901e-02 6.201404146850109100e-03 1.298830960877239704e-03 2.756128320470452309e-03 1.188028431187149181e-08 0.000000000000000000e+00 0.000000000000000000e+00 
2.356163658276400064e-12 1.598649164435972381e-11 7.096564655362236351e-12 2.993969945237040520e-03 7.460841666695472441e-11 5.288071491804657853e-08 1.393042625696949699e-10 1.042192678823994356e-07 6.837854627519845963e-03 2.830496756359934807e-03 2.045352943241596222e-02 4.542386159300804138e-02 5.471713840961456299e-02 5.718315392732620239e-02 -3.652347484603524208e-03 -7.342044264078140259e-02 -7.436037063598632812e-02 -2.741217985749244690e-02 -5.362025927752256393e-03 -3.563148493412882090e-04 -1.747657079249620438e-03 -7.561690856805469707e-12 0.000000000000000000e+00 0.000000000000000000e+00 
1.382990397651498709e-15 1.787022847678666065e-14 6.354226870966105806e-15 2.323074499145150185e-03 1.392441798800034269e-13 1.066093657797750893e-09 3.531486084465407238e-13 2.550023081582253326e-09 6.137300748378038406e-03 2.074901480227708817e-03 1.922294311225414276e-02 4.060914367437362671e-02 4.668676108121871948e-02 5.861167982220649719e-02 5.190146714448928833e-02 6.242199987173080444e-02 6.268376857042312622e-02 2.460703253746032715e-02 4.962087143212556839e-03 1.055725515470840037e-04 1.131526310928165913e-03 6.271196889827976642e-15 0.000000000000000000e+00 0.000000000000000000e+00 
8.968428686100997301e-19 2.163495689779996691e-17 5.944037990925414122e-18 1.802436076104640961e-03 2.764838624313184197e-16 2.152318774595318729e-11 9.314097107785638402e-16 6.336495217418303127e-11 5.660895723849534988e-03 1.551790046505630016e-03 1.817320287227630615e-02 3.622415661811828613e-02 3.924569115042686462e-02 3.015206195414066315e-02 -1.597183523699641228e-03 -4.253302142024040222e-02 -4.996458813548088074e-02 -2.246430329978466034e-02 -4.638665821403264999e-03 -3.254341936553828418e-05 -7.333305547945201397e-04 -5.716164621418080952e-18 0.000000000000000000e+00 0.000000000000000000e+00 
5.491609833541133412e-09 1.822122541739190638e-08 9.453394511638180120e-09 3.948549274355173111e-03 4.842358336532015528e-08 2.765103545243619010e-06 6.795350060428972938e-08 4.574910235533025116e-06 8.117884397506713867e-03 4.374748561531305313e-03 2.285497635602951050e-02 5.748253688216209412e-02 7.894755899906158447e-02 1.937171220779418945e-01 2.182302474975585938e-01 1.611973941326141357e-01 1.190536692738533020e-01 3.447189182043075562e-02 6.149778608232736588e-03 1.208956120535731316e-03 2.644451102241873741e-03 1.106106228832004490e-08 0.000000000000000000e+00 0.000000000000000000e+00 
2.301101149904116738e-12 1.571855666460120204e-11 6.845618689965693449e-12 3.066840814426541328e-03 7.362783299713626661e-11 5.525588875343601103e-08 1.375964203687018994e-10 1.059960439420137845e-07 6.906925700604915619e-03 2.907667309045791626e-03 2.053987421095371246e-02 4.559919238090515137e-02 5.496193841099739075e-02 5.690028890967369080e-02 -4.183591809123754501e-03 -7.347572594881057739e-02 -7.426806539297103882e-02 -2.727383188903331757e-02 -5.333912558853626251e-03 -3.211785224266350269e-04 -1.645259209908545017e-03 -6.782640855212962450e-12 0.000000000000000000e+00 0.000000000000000000e+00 
1.345872672748986421e-15 1.753426810485129300e-14 6.050075974331926149e-15 2.398767042905092239e-03 1.370350637434555874e-13 1.130528115567130953e-09 3.476760437708115159e-13 2.608265381454089038e-09 6.198889575898647308e-03 2.147398889064788818e-03 1.931122131645679474e-02 4.078233987092971802e-02 4.691058024764060974e-02 5.857438221573829651e-02 5.194430425763130188e-02 6.243911013007164001e-02 6.262504309415817261e-02 2.454906515777111053e-02 4.935930017381906509e-03 9.223071538144722581e-05 1.044192467816174030e-03 5.429999152547311178e-15 0.000000000000000000e+00 0.000000000000000000e+00 
8.697715219079236551e-19 2.116495121938611148e-17 5.585657854633752117e-18 1.876143855042755604e-03 2.712500193804544962e-16 2.316172947880446031e-11 9.137194276751577776e-16 6.518015294165735440e-11 5.716007202863693237e-03 1.619093935005366802e-03 1.825902983546257019e-02 3.639306128025054932e-02 3.943317383527755737e-02 2.999027818441390991e-02 -1.851716428063809872e-03 -4.265355318784713745e-02 -4.996924474835395813e-02 -2.245150133967399597e-02 -4.610045813024044037e-03 -2.756389221758581698e-05 -6.632909644395112991e-04 -4.781749141434291322e-18 0.000000000000000000e+00 0.000000000000000000e+00 
5.204675357362020804e-09 1.724163212202256545e-08 8.796202877192627057e-09 3.888832870870828629e-03 4.528521202473712037e-08 2.589539008113206364e-06 6.356674475682666525e-08 4.175782578386133537e-06 8.055137470364570618e-03 4.292708821594715118e-03 2.279503457248210907e-02 5.728559568524360657e-02 7.864942401647567749e-02 1.936343759298324585e-01 2.183498293161392212e-01 1.616720557212829590e-01 1.193649321794509888e-01 3.465611487627029419e-02 6.177887320518493652e-03 1.245849183760583401e-03 2.691213041543960571e-03 1.071928856788417761e-08 0.000000000000000000e+00 0.000000000000000000e+00 
2.123630915215612980e-12 1.449359555982798753e-11 6.093822061542519819e-12 2.997648203745484352e-03 6.627134258030409342e-11 5.007772685416966851e-08 1.237968477729722849e-10 9.230601705212393426e-08 6.852891761809587479e-03 2.852546749636530876e-03 2.049178816378116608e-02 4.552733525633811951e-02 5.488684400916099548e-02 5.726125463843345642e-02 -3.842428792268037796e-03 -7.356808334589004517e-02 -7.441791146993637085e-02 -2.737502194941043854e-02 -5.360339302569627762e-03 -3.368016914464533329e-04 -1.689231605269014835e-03 -6.483675575597036556e-12 0.000000000000000000e+00 0.000000000000000000e+00 
1.210498596569383259e-15 1.575436897366562505e-14 5.159670281496995733e-15 2.326881047338247299e-03 1.187350050094529430e-13 9.915316345754376925e-10 3.013433415560012874e-13 2.167913182304914699e-09 6.155021488666534424e-03 2.099588047713041306e-03 1.926612667739391327e-02 4.073728621006011963e-02 4.686745256185531616e-02 5.872634798288345337e-02 5.198986083269119263e-02 6.254865229129791260e-02 6.276299059391021729e-02 2.462587878108024597e-02 4.966204985976219177e-03 9.847777255345135927e-05 1.081572263501584530e-03 5.115395869344013455e-15 0.000000000000000000e+00 0.000000000000000000e+00 
7.625709307737943664e-19 1.852422343592487360e-17 4.565106403103590609e-18 1.806128886528313160e-03 2.263005219685105401e-16 1.965862368724646814e-11 7.633770087681502475e-16 5.171675587778423733e-11 5.681122187525033951e-03 1.575623056851327419e-03 1.821819320321083069e-02 3.636736050248146057e-02 3.942596539855003357e-02 3.020778112113475800e-02 -1.687844051048159599e-03 -4.267669469118118286e-02 -5.006982758641242981e-02 -2.251771278679370880e-02 -4.644870292395353317e-03 -2.997522824443876743e-05 -6.931032403372228146e-04 -4.440575602654651122e-18 0.000000000000000000e+00 0.000000000000000000e+00 
5.001849157082460806e-09 1.658723114417171018e-08 8.344909652180376725e-09 3.877745941281318665e-03 4.330001956986961886e-08 2.517710527172312140e-06 6.087041981572838267e-08 3.969684712501475587e-06 8.047400042414665222e-03 4.280203022062778473e-03 2.279319427907466888e-02 5.726724863052368164e-02 7.865076512098312378e-02 1.937242597341537476e-01 2.184792608022689819e-01 1.617601066827774048e-01 1.193924471735954285e-01 3.462339192628860474e-02 6.174220703542232513e-03 1.232247217558324337e-03 2.674038754776120186e-03 1.023008966427596533e-08 0.000000000000000000e+00 0.000000000000000000e+00 
2.006321758035722880e-12 1.372792938353351033e-11 5.602567888784992789e-12 2.984905149787664413e-03 6.186751111414423576e-11 4.802651076829533849e-08 1.158364584807891617e-10 8.549534413759829476e-08 6.848243530839681625e-03 2.850412158295512199e-03 2.049759402871131897e-02 4.555452615022659302e-02 5.493948236107826233e-02 5.736338347196578979e-02 -3.850291250273585320e-03 -7.364564388990402222e-02 -7.447069138288497925e-02 -2.738084271550178528e-02 -5.364836193621158600e-03 -3.322690899949520826e-04 -1.674219965934753418e-03 -6.047662370889383965e-12 0.000000000000000000e+00 0.000000000000000000e+00 
1.124726452143636705e-15 1.468680083419830057e-14 4.599521464247096139e-15 2.313701901584863663e-03 1.081930430120968400e-13 9.377965071166727284e-10 2.755706361885768008e-13 1.956685924398016141e-09 6.153411697596311569e-03 2.099869074299931526e-03 1.927446201443672180e-02 4.077921062707901001e-02 4.693057760596275330e-02 5.880205333232879639e-02 5.203465744853019714e-02 6.262149661779403687e-02 6.282218545675277710e-02 2.464861050248146057e-02 4.973684437572956085e-03 9.696607594378292561e-05 1.068849232979118824e-03 4.666529817187910212e-15 0.000000000000000000e+00 0.000000000000000000e+00 
6.969128492669383800e-19 1.698663529789292917e-17 3.946257431676637102e-18 1.793350907973945141e-03 2.012779908014262326e-16 1.833617285784683304e-11 6.823933533514690668e-16 4.549063556402721531e-11 5.682221613824367523e-03 1.576424925588071346e-03 1.822808757424354553e-02 3.641888871788978577e-02 3.949600830674171448e-02 3.027294762432575226e-02 -1.691228477284312248e-03 -4.273885115981101990e-02 -5.013199895620346069e-02 -2.255175635218620300e-02 -4.654038231819868088e-03 -2.946618042187765241e-05 -6.829320918768644333e-04 -3.963688195134660778e-18 0.000000000000000000e+00 0.000000000000000000e+00 
4.791588459340800910e-09 1.589640241661527398e-08 7.880178287678063498e-09 3.853284753859043121e-03 4.116878571380766516e-08 2.424169906589668244e-06 5.798811741897225147e-08 3.733053517862572335e-06 8.023046888411045074e-03 4.250225145369768143e-03 2.277659997344017029e-02 5.720255151391029358e-02 7.857273519039154053e-02 1.937673836946487427e-01 2.186038196086883545e-01 1.619496196508407593e-01 1.194985434412956238e-01 3.464924544095993042e-02 6.179129239171743393e-03 1.232542563229799271e-03 2.673904644325375557e-03 9.811800261161351955e-09 0.000000000000000000e+00 0.000000000000000000e+00 
1.884963973103337409e-12 1.291987003493311192e-11 5.110181808959390892e-12 2.956781303510069847e-03 5.722549517583885859e-11 4.538713582746822794e-08 1.074643707354994149e-10 7.789931544266437413e-08 6.828962359577417374e-03 2.834572922438383102e-03 2.048942819237709045e-02 4.555532708764076233e-02 5.495725572109222412e-02 5.753316730260848999e-02 -3.763990476727485657e-03 -7.372581213712692261e-02 -7.455126196146011353e-02 -2.741171792149543762e-02 -5.375003442168235779e-03 -3.333101049065589905e-04 -1.674911705777049065e-03 -5.684922151083515729e-12 0.000000000000000000e+00 0.000000000000000000e+00 
1.036906605567902880e-15 1.357071549454519702e-14 4.055339641569413733e-15 2.284681424498558044e-03 9.735053339626417723e-14 8.697473852237180836e-10 2.490884560245321122e-13 1.727784915139807254e-09 6.139545701444149017e-03 2.087519504129886627e-03 1.926887035369873047e-02 4.079744592308998108e-02 4.696438089013099670e-02 5.889731273055076599e-02 5.207901820540428162e-02 6.270311772823333740e-02 6.290411949157714844e-02 2.468478307127952576e-02 4.986961837857961655e-03 9.761134424479678273e-05 1.069489284418523312e-03 4.300913127703274996e-15 0.000000000000000000e+00 0.000000000000000000e+00 
6.305509404563763361e-19 1.540226513313743570e-17 3.363749399691282036e-18 1.765277935191988945e-03 1.761912439490282084e-16 1.668847872393630638e-11 6.011387003312257133e-16 3.893297489954150592e-11 5.673088598996400833e-03 1.565556623972952366e-03 1.822472922503948212e-02 3.644899651408195496e-02 3.954435139894485474e-02 3.037803061306476593e-02 -1.649513491429388523e-03 -4.278971254825592041e-02 -5.020567029714584351e-02 -2.259299159049987793e-02 -4.669718444347381592e-03 -2.977364238176960498e-05 -6.834469386376440525e-04 -3.583207860827113255e-18 0.000000000000000000e+00 0.000000000000000000e+00 
4.552485055597799146e-09 1.508443681075277709e-08 7.345376751288767991e-09 3.795429598540067673e-03 3.859659258864667208e-08 2.277542535011889413e-06 5.448276851893751882e-08 3.421205974518670700e-06 7.964043878018856049e-03 4.178141709417104721e-03 2.272225543856620789e-02 5.702880024909973145e-02 7.830610126256942749e-02 1.937013715505599976e-01 2.187186032533645630e-01 1.623884737491607666e-01 1.197859421372413635e-01 3.481531888246536255e-02 6.203869823366403580e-03 1.265898114070296288e-03 2.715362468734383583e-03 9.510535470269587677e-09 0.000000000000000000e+00 0.000000000000000000e+00 
1.746603946542468755e-12 1.196770720718332015e-11 4.559743641691094140e-12 2.890531904995441437e-03 5.172398273578515671e-11 4.133325504085405555e-08 9.741397272167162669e-11 6.825232645724099712e-08 6.779114250093698502e-03 2.785363001748919487e-03 2.044535242021083832e-02 4.549307003617286682e-02 5.489101260900497437e-02 5.786728113889694214e-02 -3.454308491200208664e-03 -7.381623983383178711e-02 -7.469186931848526001e-02 -2.750318869948387146e-02 -5.398527719080448151e-03 -3.477680147625505924e-04 -1.714221551083028316e-03 -5.434791505720681926e-12 0.000000000000000000e+00 0.000000000000000000e+00 
9.377049655216762071e-16 1.226975759085731713e-14 3.468567731754364225e-15 2.216683467850089073e-03 8.485370744807166354e-14 7.677518065740684960e-10 2.181288732538283481e-13 1.447780895169614723e-09 6.099791266024112701e-03 2.044356893748044968e-03 1.922758109867572784e-02 4.075833037495613098e-02 4.692685231566429138e-02 5.904128029942512512e-02 5.212343111634254456e-02 6.280924379825592041e-02 6.303386390209197998e-02 2.475381270051002502e-02 5.014036782085895538e-03 1.035206441883929074e-04 1.103095710277557373e-03 4.053822182044407654e-15 0.000000000000000000e+00 0.000000000000000000e+00 
5.566070941511532405e-19 1.358740357223587873e-17 2.758368376202763787e-18 1.699850196018815041e-03 1.481288174133666238e-16 1.427914470691904469e-11 5.088032152345608062e-16 3.120580877036260858e-11 5.641891621053218842e-03 1.526285544969141483e-03 1.818756945431232452e-02 3.642670437693595886e-02 3.953917324542999268e-02 3.058020211756229401e-02 -1.500875572673976421e-03 -4.281578212976455688e-02 -5.030099675059318542e-02 -2.265208773314952850e-02 -4.700953140854835510e-03 -3.210291106370277703e-05 -7.103969692252576351e-04 -3.330706222556779378e-18 0.000000000000000000e+00 0.000000000000000000e+00 
4.412278542531566927e-09 1.465153420809883755e-08 7.040314553563575828e-09 3.809654619544744492e-03 3.736221287908847444e-08 2.259718485220219009e-06 5.285495774387527490e-08 3.325894340377999470e-06 7.982015609741210938e-03 4.201273899525403976e-03 2.275068871676921844e-02 5.709449946880340576e-02 7.845799624919891357e-02 1.938748955726623535e-01 2.188468575477600098e-01 1.622844487428665161e-01 1.196741238236427307e-01 3.467588499188423157e-02 6.184307392686605453e-03 1.228209468536078930e-03 2.665196545422077179e-03 9.014968327392125502e-09 0.000000000000000000e+00 0.000000000000000000e+00 
1.673484701508742845e-12 1.150823707163350917e-11 4.261497838636829627e-12 2.906834241002798080e-03 4.928916649826753371e-11 4.087119975793029880e-08 9.313167598223870414e-11 6.539736574495691457e-08 6.797361187636852264e-03 2.810474485158920288e-03 2.047907374799251556e-02 4.556837305426597595e-02 5.500810593366622925e-02 5.784124135971069336e-02 -3.640496637672185898e-03 -7.388681173324584961e-02 -7.469893246889114380e-02 -2.746203914284706116e-02 -5.391838029026985168e-03 -3.332004125695675611e-04 -1.668401644565165043e-03 -5.013258037867007744e-12 0.000000000000000000e+00 0.000000000000000000e+00 
8.883631787617450766e-16 1.167512860342353673e-14 3.161003504100986551e-15 2.233368577435612679e-03 7.956930605937731493e-14 7.563766279972128359e-10 2.054033619624043294e-13 1.367345903169336907e-09 6.117788143455982208e-03 2.069347770884633064e-03 1.926335506141185760e-02 4.084382578730583191e-02 4.704394564032554626e-02 5.907756835222244263e-02 5.216506868600845337e-02 6.286380439996719360e-02 6.305634975433349609e-02 2.474968321621417999e-02 5.009771790355443954e-03 9.799421241041272879e-05 1.064053853042423725e-03 3.643732451180659027e-15 0.000000000000000000e+00 0.000000000000000000e+00 
5.214310835059708850e-19 1.278464546726847920e-17 2.451146052075056331e-18 1.715858816169202328e-03 1.366745629212141313e-16 1.401531061345773210e-11 4.719238771671414000e-16 2.905156150367904644e-11 5.659849382936954498e-03 1.549723092466592789e-03 1.822324283421039581e-02 3.651768714189529419e-02 3.964871168136596680e-02 3.056887537240982056e-02 -1.589731429703533649e-03 -4.289726540446281433e-02 -5.034609511494636536e-02 -2.266983874142169952e-02 -4.696849267929792404e-03 -3.003021629410795867e-05 -6.791151827201247215e-04 -2.918715063199483681e-18 0.000000000000000000e+00 0.000000000000000000e+00 
4.252163066098546551e-09 1.413399530747483368e-08 6.692512322103993938e-09 3.801394719630479813e-03 3.581619978376693325e-08 2.204084921686444432e-06 5.079177611833074479e-08 3.174757694068830460e-06 7.976098917424678802e-03 4.195513669401407242e-03 2.275392971932888031e-02 5.708487704396247864e-02 7.848025858402252197e-02 1.939731240272521973e-01 2.189711481332778931e-01 1.623540222644805908e-01 1.196845397353172302e-01 3.464422002434730530e-02 6.178689654916524887e-03 1.212795614264905453e-03 2.643307903781533241e-03 8.607650592296067771e-09 0.000000000000000000e+00 0.000000000000000000e+00 
1.588034933587556541e-12 1.094489689851263492e-11 3.928481238230085992e-12 2.897436264902353287e-03 4.621015375905201950e-11 3.938557213700732973e-08 8.764216435919180981e-11 6.094875004691857612e-08 6.794475484639406204e-03 2.812906634062528610e-03 2.048899233341217041e-02 4.560082405805587769e-02 5.506756529211997986e-02 5.792593210935592651e-02 -3.670067759230732918e-03 -7.396294176578521729e-02 -7.474618405103683472e-02 -2.746936678886413574e-02 -5.394588690251111984e-03 -3.277139912825077772e-04 -1.648894627578556538e-03 -4.679165908905158489e-12 0.000000000000000000e+00 0.000000000000000000e+00 
8.303118286612308063e-16 1.094238835284110090e-14 2.827015236625063724e-15 2.223746385425329208e-03 7.294392954243500427e-14 7.199740248431396594e-10 1.892958446242376525e-13 1.244372827002848680e-09 6.117842625826597214e-03 2.073464682325720787e-03 1.927550509572029114e-02 4.089055210351943970e-02 4.711221903562545776e-02 5.914643406867980957e-02 5.220700427889823914e-02 6.293375045061111450e-02 6.311088800430297852e-02 2.477205730974674225e-02 5.015250295400619507e-03 9.604317892808467150e-05 1.047560246661305428e-03 3.326196104639256475e-15 0.000000000000000000e+00 0.000000000000000000e+00 
4.800444974241638285e-19 1.180128405607870181e-17 2.126733053662118716e-18 1.706622890196740627e-03 1.225153748864540350e-16 1.317738106132448905e-11 4.259839070722815481e-16 2.581972309567692747e-11 5.662487819790840149e-03 1.553942216560244560e-03 1.823657378554344177e-02 3.657343611121177673e-02 3.972172737121582031e-02 3.062309138476848602e-02 -1.603800104930996895e-03 -4.296003282070159912e-02 -5.040565878152847290e-02 -2.270163409411907196e-02 -4.703720565885305405e-03 -2.933470204879995435e-05 -6.659866776317358017e-04 -2.607150040855872830e-18 0.000000000000000000e+00 0.000000000000000000e+00 
4.126933461634507694e-09 1.375737213038519258e-08 6.431423393848945125e-09 3.822058904916048050e-03 3.477128984741284512e-08 2.196862851633341052e-06 4.939527542546784389e-08 3.101687525486340746e-06 8.000708185136318207e-03 4.227330442517995834e-03 2.278998494148254395e-02 5.717098340392112732e-02 7.866657525300979614e-02 1.941670477390289307e-01 2.191033959388732910e-01 1.622058004140853882e-01 1.195345148444175720e-01 3.449200093746185303e-02 6.155832204967737198e-03 1.169259892776608467e-03 2.584257861599326134e-03 8.143652863168426848e-09 0.000000000000000000e+00 0.000000000000000000e+00 
1.524892191684390497e-12 1.056097657242682786e-11 3.687571081822937913e-12 2.921125851571559906e-03 4.425052685386177131e-11 3.921465818734759523e-08 8.413916091631890026e-11 5.883931564198974229e-08 6.818510126322507858e-03 2.845118055120110512e-03 2.053008042275905609e-02 4.568836838006973267e-02 5.520021170377731323e-02 5.786610767245292664e-02 -3.895761910825967789e-03 -7.403007894754409790e-02 -7.474093139171600342e-02 -2.742522768676280975e-02 -5.385392811149358749e-03 -3.110473044216632843e-04 -1.595361041836440563e-03 -4.305898953366193993e-12 0.000000000000000000e+00 0.000000000000000000e+00 
7.889286575945826750e-16 1.046106188056384473e-14 2.591712236734897666e-15 2.248021541163325310e-03 6.887067684809705659e-14 7.158570403120734227e-10 1.792784264141936146e-13 1.187076437147993602e-09 6.140653043985366821e-03 2.105140825733542442e-03 1.931872777640819550e-02 4.098718985915184021e-02 4.724308103322982788e-02 5.917219072580337524e-02 5.224857106804847717e-02 6.298241019248962402e-02 6.312371790409088135e-02 2.476640976965427399e-02 5.008168518543243408e-03 8.978848927654325962e-05 1.002545701339840889e-03 2.979675561192232647e-15 0.000000000000000000e+00 0.000000000000000000e+00 
4.513363153861101654e-19 1.116973496711691540e-17 1.904053964811312284e-18 1.729942276142537594e-03 1.140371706544795268e-16 1.308338073296999582e-11 3.979882505556652439e-16 2.434045326404898901e-11 5.684447940438985825e-03 1.583660137839615345e-03 1.827941834926605225e-02 3.667469695210456848e-02 3.984200209379196167e-02 3.059179708361625671e-02 -1.712092780508100986e-03 -4.304426535964012146e-02 -5.044633895158767700e-02 -2.271780185401439667e-02 -4.696359857916831970e-03 -2.701667654037009925e-05 -6.304142298176884651e-04 -2.275042815180120090e-18 0.000000000000000000e+00 0.000000000000000000e+00 
3.955076710582261512e-09 1.318363551661150268e-08 6.072202296536488575e-09 3.791049122810363770e-03 3.304978335449959559e-08 2.108472699546837248e-06 4.701977829313364055e-08 2.908249825850361958e-06 7.970755919814109802e-03 4.192057531327009201e-03 2.276810072362422943e-02 5.708806961774826050e-02 7.855773717164993286e-02 1.941900700330734253e-01 2.192200869321823120e-01 1.624409407377243042e-01 1.196667626500129700e-01 3.455314785242080688e-02 6.163593847304582596e-03 1.175719429738819599e-03 2.590629737824201584e-03 7.833000026380432246e-09 0.000000000000000000e+00 0.000000000000000000e+00 
1.432992613459305176e-12 9.932854885819075719e-12 3.360423484616292811e-12 2.885711146518588066e-03 4.090989352834029091e-11 3.687892657922020589e-08 7.792316791821463084e-11 5.336676522915695386e-08 6.794434972107410431e-03 2.824285533279180527e-03 2.051592245697975159e-02 4.567837342619895935e-02 5.520179867744445801e-02 5.806348100304603577e-02 -3.772420343011617661e-03 -7.411069422960281372e-02 -7.482836395502090454e-02 -2.747157961130142212e-02 -5.397103726863861084e-03 -3.143383946735411882e-04 -1.601815456524491310e-03 -4.062157728246251764e-12 0.000000000000000000e+00 0.000000000000000000e+00 
7.273357039229205647e-16 9.653789506886608501e-15 2.281170476513684313e-15 2.211755840107798576e-03 6.193120018552211725e-14 6.595949342269591398e-10 1.616391753517937291e-13 1.041748243224560611e-09 6.122813094407320023e-03 2.087737899273633957e-03 1.930679567158222198e-02 4.099494591355323792e-02 4.726267606019973755e-02 5.927427113056182861e-02 5.228985846042633057e-02 6.306660175323486328e-02 6.321039795875549316e-02 2.480943314731121063e-02 5.022912286221981049e-03 9.123753261519595981e-05 1.007988583296537399e-03 2.759599249078383519e-15 0.000000000000000000e+00 0.000000000000000000e+00 
4.082490976636823686e-19 1.010946395693318261e-17 1.618680272395697655e-18 1.695128041319549084e-03 9.975171515357443585e-17 1.181096366542622178e-11 3.494441570738108507e-16 2.067059023946882235e-11 5.671906750649213791e-03 1.567966304719448090e-03 1.826979778707027435e-02 3.669463843107223511e-02 3.987878188490867615e-02 3.071247041225433350e-02 -1.652810256928205490e-03 -4.308858141303062439e-02 -5.052065849304199219e-02 -2.276050671935081482e-02 -4.713683854788541794e-03 -2.760875031526666135e-05 -6.346973241306841373e-04 -2.069074222268956784e-18 0.000000000000000000e+00 0.000000000000000000e+00 
3.798189762704851091e-09 1.267246041436465021e-08 5.752143650283869647e-09 3.771729301661252975e-03 3.155452787950707716e-08 2.039646915363846347e-06 4.494100025453917624e-08 2.751527290456579067e-06 7.953207939863204956e-03 4.170998465269804001e-03 2.275958657264709473e-02 5.704614520072937012e-02 7.851917296648025513e-02 1.942506730556488037e-01 2.193426936864852905e-01 1.625860929489135742e-01 1.197330430150032043e-01 3.456229344010353088e-02 6.163835525512695312e-03 1.169844996184110641e-03 2.580904867500066757e-03 7.498428544749913272e-09 0.000000000000000000e+00 0.000000000000000000e+00 
1.351662705373346540e-12 9.391430341731954456e-12 3.079656972146405103e-12 2.863734727725386620e-03 3.811174986712018153e-11 3.509794765932383598e-08 7.267803719956944519e-11 4.906739192733766686e-08 6.781374569982290268e-03 2.815166953951120377e-03 2.051440253853797913e-02 4.569201171398162842e-02 5.523552000522613525e-02 5.820105597376823425e-02 -3.731613047420978546e-03 -7.418598234653472900e-02 -7.489500194787979126e-02 -2.749589458107948303e-02 -5.403820425271987915e-03 -3.127435920760035515e-04 -1.593553577549755573e-03 -3.807740581174279271e-12 0.000000000000000000e+00 0.000000000000000000e+00 
6.741165179678144676e-16 8.974770626917882160e-15 2.023532064837369610e-15 2.189326100051403046e-03 5.629003529570783537e-14 6.174906697076210094e-10 1.471637617539781062e-13 9.310117676797347031e-10 6.114331539720296860e-03 2.081296639516949654e-03 1.930745504796504974e-02 4.102402925491333008e-02 4.730971902608871460e-02 5.935833975672721863e-02 5.233193561434745789e-02 6.314118206501007080e-02 6.328075379133224487e-02 2.484058029949665070e-02 5.032498389482498169e-03 9.081146708922460675e-05 1.001105527393519878e-03 2.533398676997648986e-15 0.000000000000000000e+00 0.000000000000000000e+00 
3.718103958134378163e-19 9.236120875935408117e-18 1.389734049633883209e-18 1.673667109571397305e-03 8.845864838430647658e-17 1.087624348222737680e-11 3.106340338729048686e-16 1.795846457652849892e-11 5.667331162840127945e-03 1.562445657327771187e-03 1.827215217053890228e-02 3.673398494720458984e-02 3.993641957640647888e-02 3.079822659492492676e-02 -1.633122214116156101e-03 -4.314091429114341736e-02 -5.058811232447624207e-02 -2.279669418931007385e-02 -4.725193604826927185e-03 -2.749576560745481402e-05 -6.292873295024037361e-04 -1.861188638288201837e-18 0.000000000000000000e+00 0.000000000000000000e+00 
3.637198986439216242e-09 1.213277034395332521e-08 5.426497029503707381e-09 3.738384693861007690e-03 2.995701819941132271e-08 1.952782213265891187e-06 4.274478015986460377e-08 2.576514589236467145e-06 7.920541800558567047e-03 4.133022855967283249e-03 2.273585461080074310e-02 5.696074292063713074e-02 7.840257138013839722e-02 1.942665427923202515e-01 2.194605916738510132e-01 1.628314852714538574e-01 1.198763698339462280e-01 3.462716937065124512e-02 6.171934772282838821e-03 1.177142956294119358e-03 2.587970113381743431e-03 7.214218555873230798e-09 0.000000000000000000e+00 0.000000000000000000e+00 
1.268243214440356592e-12 8.817814534101131585e-12 2.802237825463849141e-12 2.825901377946138382e-03 3.516443733420082651e-11 3.288499428322211315e-08 6.722596784802803427e-11 4.441873002747342980e-08 6.755223497748374939e-03 2.792084123939275742e-03 2.049805037677288055e-02 4.567969217896461487e-02 5.523400381207466125e-02 5.840402469038963318e-02 -3.598393872380256653e-03 -7.426191866397857666e-02 -7.498808205127716064e-02 -2.754335850477218628e-02 -5.415690131485462189e-03 -3.164076770190149546e-04 -1.600618357770144939e-03 -3.596785629750298696e-12 0.000000000000000000e+00 0.000000000000000000e+00 
6.200561753565256469e-16 8.261871276091931060e-15 1.777272058499758736e-15 2.150846878066658974e-03 5.047904707623264431e-14 5.661456303762690823e-10 1.324731340249241107e-13 8.149835251103354494e-10 6.094950251281261444e-03 2.061704872176051140e-03 1.929323188960552216e-02 4.102881625294685364e-02 4.732668772339820862e-02 5.946158245205879211e-02 5.237378925085067749e-02 6.322301924228668213e-02 6.337251514196395874e-02 2.488368749618530273e-02 5.047396756708621979e-03 9.241913357982411981e-05 1.007055863738059998e-03 2.350497582147607033e-15 0.000000000000000000e+00 0.000000000000000000e+00 
3.352742417472768604e-19 8.333010046233687819e-18 1.178104439405560120e-18 1.636978005990386009e-03 7.710767897215980537e-17 9.757815215560849964e-12 2.722098400585916270e-16 1.520327440329705126e-11 5.653582513332366943e-03 1.544714323244988918e-03 1.826033182442188263e-02 3.675063699483871460e-02 3.997123613953590393e-02 3.092277422547340393e-02 -1.568922540172934532e-03 -4.318083822727203369e-02 -5.066601559519767761e-02 -2.283887378871440887e-02 -4.742709454149007797e-03 -2.815296829794533551e-05 -6.339679239317774773e-04 -1.696780184291116869e-18 0.000000000000000000e+00 0.000000000000000000e+00 
3.494519118518724099e-09 1.166190877199824172e-08 5.142643200173324658e-09 3.713874379172921181e-03 2.858056191712421423e-08 1.884198240986734163e-06 4.084610694121693086e-08 2.432300561849842779e-06 7.898082025349140167e-03 4.107433836907148361e-03 2.272265590727329254e-02 5.690502375364303589e-02 7.833638787269592285e-02 1.943085789680480957e-01 2.195782363414764404e-01 1.630093455314636230e-01 1.199700683355331421e-01 3.465637937188148499e-02 6.175225134938955307e-03 1.176474150270223618e-03 2.584105357527732849e-03 6.926761830783334517e-09 0.000000000000000000e+00 0.000000000000000000e+00 
1.196534624853251572e-12 8.331306131093008105e-12 2.569274870981019809e-12 2.798203611746430397e-03 3.270646947717281705e-11 3.117474278724330361e-08 6.265701152363689630e-11 4.070609094242172432e-08 6.737971212714910507e-03 2.778659574687480927e-03 2.049153856933116913e-02 4.568327218294143677e-02 5.525315180420875549e-02 5.856112763285636902e-02 -3.524872241541743279e-03 -7.433326542377471924e-02 -7.506354153156280518e-02 -2.757513150572776794e-02 -5.424133501946926117e-03 -3.168905677739530802e-04 -1.597644761204719543e-03 -3.388278156310486899e-12 0.000000000000000000e+00 0.000000000000000000e+00 
5.746858084489147103e-16 7.670530470559391856e-15 1.577323366795039920e-15 2.122784033417701721e-03 4.576953711323515639e-14 5.272467462624774726e-10 1.204811126082408479e-13 7.251747535796937427e-10 6.082960870116949081e-03 2.050990471616387367e-03 1.928875409066677094e-02 4.104745015501976013e-02 4.736066609621047974e-02 5.955006554722785950e-02 5.241454020142555237e-02 6.329672783613204956e-02 6.344978511333465576e-02 2.491781674325466156e-02 5.058654583990573883e-03 9.279762889491394162e-05 1.004595658741891384e-03 2.172309378616088006e-15 0.000000000000000000e+00 0.000000000000000000e+00 
3.052750892669693440e-19 7.598960044486780424e-18 1.011932849932818374e-18 1.610324135981500149e-03 6.815816046204238284e-17 8.927123797131120142e-12 2.416385416378322073e-16 1.313658470197820449e-11 5.645962432026863098e-03 1.535178511403501034e-03 1.825771108269691467e-02 3.677952289581298828e-02 4.001813009381294250e-02 3.102014027535915375e-02 -1.533395261503756046e-03 -4.322573542594909668e-02 -5.073627457022666931e-02 -2.287557348608970642e-02 -4.756091162562370300e-03 -2.834531551343388855e-05 -6.320347310975193977e-04 -1.539163710303704812e-18 0.000000000000000000e+00 0.000000000000000000e+00 
3.258675329576021795e-09 1.082727330015131884e-08 4.688870625102481426e-09 3.575054928660392761e-03 2.602731363765542483e-08 1.672961275289708283e-06 3.725191888293011289e-08 2.102374764945125207e-06 7.761124055832624435e-03 3.948565572500228882e-03 2.258621156215667725e-02 5.650983750820159912e-02 7.766231149435043335e-02 1.940115392208099365e-01 2.196627855300903320e-01 1.639896780252456665e-01 1.206516101956367493e-01 3.514696285128593445e-02 6.241079885512590408e-03 1.283891615457832813e-03 2.720292424783110619e-03 6.873787317118740248e-09 0.000000000000000000e+00 0.000000000000000000e+00 
1.072673200264162574e-12 7.436357085666145394e-12 2.207944330839817226e-12 2.642870880663394928e-03 2.817622697659505349e-11 2.606704185836861143e-08 5.404070246850523063e-11 3.263584957835519162e-08 6.622617132961750031e-03 2.655219286680221558e-03 2.036623470485210419e-02 4.548372700810432434e-02 5.499371513724327087e-02 5.924541503190994263e-02 -2.714134985581040382e-03 -7.444225996732711792e-02 -7.532865554094314575e-02 -2.780367247760295868e-02 -5.474711302667856216e-03 -3.617724869400262833e-04 -1.724519184790551662e-03 -3.359890707668733434e-12 0.000000000000000000e+00 0.000000000000000000e+00 
4.959475314962862730e-16 6.584721053056472387e-15 1.280696134435728179e-15 1.967137912288308144e-03 3.733407490493292902e-14 4.153164201436965186e-10 9.857583770523509203e-14 5.396609825680798167e-10 5.989455152302980423e-03 1.937324181199073792e-03 1.916641369462013245e-02 4.087562859058380127e-02 4.715447500348091125e-02 5.980029329657554626e-02 5.245859175920486450e-02 6.345559656620025635e-02 6.367678195238113403e-02 2.505493722856044769e-02 5.113776307553052902e-03 1.108698343159630895e-04 1.112281577661633492e-03 2.149671999584243202e-15 0.000000000000000000e+00 0.000000000000000000e+00 
2.536576748751650184e-19 6.275297356473300009e-18 7.762779339092574498e-19 1.464112778194248676e-03 5.266498487086291919e-17 6.624683007022680314e-12 1.877201167498778844e-16 9.076526856499622653e-12 5.569268018007278442e-03 1.430869451723992825e-03 1.814416795969009399e-02 3.663073480129241943e-02 3.988099098205566406e-02 3.143262118101119995e-02 -1.144852838478982449e-03 -4.319673776626586914e-02 -5.087204277515411377e-02 -2.296395413577556610e-02 -4.819202702492475510e-03 -3.544812716427259147e-05 -7.178231026045978069e-04 -1.519778215660641763e-18 0.000000000000000000e+00 0.000000000000000000e+00 
3.066389142603043183e-09 1.015896167189112020e-08 4.325678037986335767e-09 3.464611712843179703e-03 2.402938825696310232e-08 1.520712658020784147e-06 3.445298446536071424e-08 1.864239720816840418e-06 7.657613605260848999e-03 3.831003326922655106e-03 2.248241752386093140e-02 5.621670559048652649e-02 7.716091722249984741e-02 1.938100010156631470e-01 2.197513580322265625e-01 1.647359579801559448e-01 1.211646869778633118e-01 3.552513942122459412e-02 6.289864424616098404e-03 1.366444863379001617e-03 2.818928100168704987e-03 6.761145865397111265e-09 0.000000000000000000e+00 0.000000000000000000e+00 
9.765682186524404784e-13 6.753755107252734646e-12 1.935072328068665470e-12 2.521413145586848259e-03 2.482271332926444529e-11 2.258263798182724713e-08 4.770159961475783916e-11 2.719781555526878947e-08 6.537439767271280289e-03 2.563881454989314079e-03 2.027193084359169006e-02 4.533710703253746033e-02 5.480290204286575317e-02 5.977053567767143250e-02 -2.103604143485426903e-03 -7.453904300928115845e-02 -7.553494721651077271e-02 -2.798618935048580170e-02 -5.512589588761329651e-03 -3.977923770435154438e-04 -1.818462973460555077e-03 -3.283480041679776029e-12 0.000000000000000000e+00 0.000000000000000000e+00 
4.372630772072586165e-16 5.789443089428830680e-15 1.068262388846717790e-15 1.847533509135246277e-03 3.140301129485496834e-14 3.429873884908118953e-10 8.323645727748366085e-14 4.229163963476167964e-10 5.921490490436553955e-03 1.853660680353641510e-03 1.907567866146564484e-02 4.074911773204803467e-02 4.700393602252006531e-02 6.000216305255889893e-02 5.250268802046775818e-02 6.359130889177322388e-02 6.385564059019088745e-02 2.516646496951580048e-02 5.155064631253480911e-03 1.259937707800418139e-04 1.193747855722904205e-03 2.086795473360135607e-15 0.000000000000000000e+00 0.000000000000000000e+00 
2.166133992683492230e-19 5.341429056464714207e-18 6.161865872278750185e-19 1.353696687147021294e-03 4.230724761615562064e-17 5.215396690905205190e-12 1.517376145200333712e-16 6.690312800289310857e-12 5.513846408575773239e-03 1.354872947558760643e-03 1.806140691041946411e-02 3.652161732316017151e-02 3.978275135159492493e-02 3.175256773829460144e-02 -8.531860657967627048e-04 -4.318951815366744995e-02 -5.098251253366470337e-02 -2.303647436201572418e-02 -4.866518545895814896e-03 -4.164053461863659322e-05 -7.841297774575650692e-04 -1.465426762549196543e-18 0.000000000000000000e+00 0.000000000000000000e+00 
2.958321809742869846e-09 9.809059342558157368e-09 4.114929730292260501e-09 3.442594548687338829e-03 2.301039714325270324e-08 1.475295562158862595e-06 3.309054719125015254e-08 1.770764129105373286e-06 7.641185540705919266e-03 3.814762691035866737e-03 2.247405610978603363e-02 5.618171021342277527e-02 7.712236046791076660e-02 1.938637197017669678e-01 2.198588997125625610e-01 1.648716479539871216e-01 1.212286725640296936e-01 3.553765267133712769e-02 6.290218327194452286e-03 1.362418290227651596e-03 2.809999044984579086e-03 6.494389026556746103e-09 0.000000000000000000e+00 0.000000000000000000e+00 
9.277652431027849644e-13 6.428912957545662721e-12 1.785127601294789201e-12 2.497445791959762573e-03 2.321081001011027212e-11 2.158446754663145839e-08 4.482532747762668635e-11 2.515459485152859997e-08 6.525987293571233749e-03 2.556325634941458702e-03 2.026904933154582977e-02 4.534804448485374451e-02 5.482871830463409424e-02 5.989959836006164551e-02 -2.059553982689976692e-03 -7.460385560989379883e-02 -7.559525966644287109e-02 -2.800912037491798401e-02 -5.518691148608922958e-03 -3.969262470491230488e-04 -1.810588291846215725e-03 -3.093716472238328130e-12 0.000000000000000000e+00 0.000000000000000000e+00 
4.091250397461647847e-16 5.430322719133162321e-15 9.559727133368728889e-16 1.824154518544673920e-03 2.866675606204467652e-14 3.229349565536665523e-10 7.653996387428987913e-14 3.809345616723192052e-10 5.914523266255855560e-03 1.847860286943614483e-03 1.907462999224662781e-02 4.077179729938507080e-02 4.704168438911437988e-02 6.008067354559898376e-02 5.253991112112998962e-02 6.365687400102615356e-02 6.391891092061996460e-02 2.519389428198337555e-02 5.163830239325761795e-03 1.258687261724844575e-04 1.186906476505100727e-03 1.928927166716773618e-15 0.000000000000000000e+00 0.000000000000000000e+00 
1.996019000586162921e-19 4.934156342116574118e-18 5.347288907321616424e-19 1.332318410277366638e-03 3.770313385690586690e-17 4.837105976179811861e-12 1.365661294690757800e-16 5.869615557485552415e-12 5.510312039405107498e-03 1.349827158264815807e-03 1.806200295686721802e-02 3.655243664979934692e-02 3.983023390173912048e-02 3.183384984731674194e-02 -8.318626787513494492e-04 -4.323387891054153442e-02 -5.104244500398635864e-02 -2.306737750768661499e-02 -4.877119790762662888e-03 -4.165370046393945813e-05 -7.785194902680814266e-04 -1.329451091144973365e-18 0.000000000000000000e+00 0.000000000000000000e+00 
2.802164056348033228e-09 9.275301415812009509e-09 3.827561823044334233e-09 3.349997336044907570e-03 2.144393995706650458e-08 1.362574835184204858e-06 3.090965705609960423e-08 1.596592255737050436e-06 7.559509016573429108e-03 3.723574103787541389e-03 2.239228412508964539e-02 5.595402792096138000e-02 7.673206925392150879e-02 1.937245875597000122e-01 2.199478149414062500e-01 1.654632538557052612e-01 1.216315850615501404e-01 3.583806753158569336e-02 6.327634211629629135e-03 1.427564653567969799e-03 2.883528592064976692e-03 6.354751835857541664e-09 0.000000000000000000e+00 0.000000000000000000e+00 
8.542022341198607371e-13 5.914722704669639342e-12 1.586036532143231259e-12 2.397408476099371910e-03 2.075977237336879000e-11 1.915464942214839539e-08 4.022662758451645004e-11 2.149718802968436648e-08 6.460243370383977890e-03 2.485162345692515373e-03 2.019549719989299774e-02 4.523493349552154541e-02 5.468203499913215637e-02 6.032421812415122986e-02 -1.580701209604740143e-03 -7.468879222869873047e-02 -7.576262950897216797e-02 -2.815855480730533600e-02 -5.548321641981601715e-03 -4.263595619704574347e-04 -1.881706062704324722e-03 -3.000801863939361880e-12 0.000000000000000000e+00 0.000000000000000000e+00 
3.664104652353309018e-16 4.860595653315711098e-15 8.124587034737151044e-16 1.727386494167149067e-03 2.461537375840483488e-14 2.753939576383146459e-10 6.610338632809936721e-14 3.087189393014000416e-10 5.862786434590816498e-03 1.782869454473257065e-03 1.900478638708591461e-02 4.067398235201835632e-02 4.692704603075981140e-02 6.025199219584465027e-02 5.258258059620857239e-02 6.377328932285308838e-02 6.406591832637786865e-02 2.528680674731731415e-02 5.196281243115663528e-03 1.386467192787677050e-04 1.249440829269587994e-03 1.853282254087517886e-15 0.000000000000000000e+00 0.000000000000000000e+00 
1.738983094239937195e-19 4.296096514553382820e-18 4.345878725358661684e-19 1.244566054083406925e-03 3.108692310995557462e-17 3.964004471890270054e-12 1.135711966543712548e-16 4.511951142566195117e-12 5.468255840241909027e-03 1.291283639147877693e-03 1.799932308495044708e-02 3.646855056285858154e-02 3.975711390376091003e-02 3.209508210420608521e-02 -6.035038386471569538e-04 -4.323711618781089783e-02 -5.113624408841133118e-02 -2.312847971916198730e-02 -4.914386663585901260e-03 -4.705772516899742186e-05 -8.301228517666459084e-04 -1.265376233330543874e-18 0.000000000000000000e+00 0.000000000000000000e+00 
2.768111295736730426e-09 9.208007689665009821e-09 3.754189403792906887e-09 3.426955314353108406e-03 2.131284304596192669e-08 1.414074517924746033e-06 3.082732646930708142e-08 1.629510620659857523e-06 7.631062529981136322e-03 3.813074203208088875e-03 2.248794957995414734e-02 5.619427934288978577e-02 7.719140499830245972e-02 1.940597444772720337e-01 2.200857847929000854e-01 1.649484634399414062e-01 1.212126165628433228e-01 3.543983027338981628e-02 6.274598650634288788e-03 1.324292388744652271e-03 2.755752066150307655e-03 5.936591662702994654e-09 0.000000000000000000e+00 0.000000000000000000e+00 
8.447289092175513936e-13 5.890203255698445162e-12 1.539780455916961444e-12 2.480496419593691826e-03 2.064152147818187899e-11 2.026996703818895185e-08 4.025913283300930345e-11 2.217667649517807149e-08 6.522738840430974960e-03 2.566881245002150536e-03 2.029271051287651062e-02 4.542201757431030273e-02 5.495157092809677124e-02 6.003641337156295776e-02 -2.157142851501703262e-03 -7.472556829452514648e-02 -7.567254453897476196e-02 -2.800158411264419556e-02 -5.520450416952371597e-03 -3.822795988526195288e-04 -1.760343322530388832e-03 -2.706133060692561543e-12 0.000000000000000000e+00 0.000000000000000000e+00 
3.625333307379519521e-16 4.850449045640551834e-15 7.798040481098449279e-16 1.807666732929646969e-03 2.446456123621210121e-14 2.970078072372928091e-10 6.625619107178404299e-14 3.218268984639394148e-10 5.917446687817573547e-03 1.860067015513777733e-03 1.910128816962242126e-02 4.086714610457420349e-02 4.717940092086791992e-02 6.020187586545944214e-02 5.261374637484550476e-02 6.376738101243972778e-02 6.401245296001434326e-02 2.522109076380729675e-02 5.170767195522785187e-03 1.202163111884146929e-04 1.143307890743017197e-03 1.616869111640856661e-15 0.000000000000000000e+00 0.000000000000000000e+00 
1.721122196863385945e-19 4.291674820588980610e-18 4.121951369264724449e-19 1.317282672971487045e-03 3.087435754486414778e-17 4.356692524104532893e-12 1.139650405050649028e-16 4.752850023270749347e-12 5.518260877579450607e-03 1.361320842988789082e-03 1.808980479836463928e-02 3.666148334741592407e-02 3.997400030493736267e-02 3.192295879125595093e-02 -8.777560433372855186e-04 -4.334122687578201294e-02 -5.115068703889846802e-02 -2.311617508530616760e-02 -4.886373411864042282e-03 -3.946093784179538488e-05 -7.429461111314594746e-04 -1.068917012138866743e-18 0.000000000000000000e+00 0.000000000000000000e+00 
2.765291773343392379e-09 9.263274591830850113e-09 3.732393061284255964e-09 3.543070051819086075e-03 2.154050804392682039e-08 1.512729568275972269e-06 3.125971659301285399e-08 1.715762778076168615e-06 7.736701052635908127e-03 3.947026561945676804e-03 2.262382581830024719e-02 5.654284730553627014e-02 7.784708589315414429e-02 1.944995224475860596e-01 2.202300578355789185e-01 1.641537994146347046e-01 1.205926164984703064e-01 3.490179032087326050e-02 6.203729193657636642e-03 1.191199989989399910e-03 2.580230357125401497e-03 5.490042642719572541e-09 0.000000000000000000e+00 0.000000000000000000e+00 
8.517461367284206997e-13 5.996672342717390691e-12 1.529381005518914982e-12 2.607617294415831566e-03 2.109351235346501596e-11 2.245493213592908432e-08 4.140851203593420848e-11 2.398064147257628065e-08 6.614539306610822678e-03 2.686484251171350479e-03 2.042963914573192596e-02 4.567086324095726013e-02 5.530684441328048706e-02 5.956419929862022400e-02 -2.973628463223576546e-03 -7.474487274885177612e-02 -7.551569491624832153e-02 -2.778848074376583099e-02 -5.479267332702875137e-03 -3.273521142546087503e-04 -1.597234047949314117e-03 -2.400613995784395271e-12 0.000000000000000000e+00 0.000000000000000000e+00 
3.685802989484004023e-16 4.989979088975858221e-15 7.723039419388225222e-16 1.932229031808674335e-03 2.524561370500708057e-14 3.404846682375506361e-10 6.892299637918306021e-14 3.572593054723682826e-10 5.996499676257371902e-03 1.973616192117333412e-03 1.923809014260768890e-02 4.111754149198532104e-02 4.750449210405349731e-02 6.009272858500480652e-02 5.264389142394065857e-02 6.373053044080734253e-02 6.390590220689773560e-02 2.512693218886852264e-02 5.130440462380647659e-03 9.805040463106706738e-05 1.004419638775289059e-03 1.379831917670305830e-15 0.000000000000000000e+00 0.000000000000000000e+00 
1.763825654480377421e-19 4.455605887975045912e-18 4.068442864896259048e-19 1.431707525625824928e-03 3.215827420444445522e-17 5.168045678904942264e-12 1.198351376482148143e-16 5.416101161309638812e-12 5.588961299508810043e-03 1.465487526729702950e-03 1.821898669004440308e-02 3.690741956233978271e-02 4.024553298950195312e-02 3.164138644933700562e-02 -1.267985790036618710e-03 -4.346865415573120117e-02 -5.113938078284263611e-02 -2.308960445225238800e-02 -4.841224290430545807e-03 -3.065596320084296167e-05 -6.319065578281879425e-04 -8.784084248763195244e-19 0.000000000000000000e+00 0.000000000000000000e+00 
2.689208633555040251e-09 9.026193126260295685e-09 3.583405794316263382e-09 3.548249602317810059e-03 2.085332795331851230e-08 1.496577510806673672e-06 3.034181617067588377e-08 1.664359501774015371e-06 7.741034030914306641e-03 3.960401751101016998e-03 2.264359779655933380e-02 5.658261105418205261e-02 7.793825119733810425e-02 1.946255862712860107e-01 2.203407734632492065e-01 1.641012281179428101e-01 1.205200999975204468e-01 3.480951488018035889e-02 6.190936546772718430e-03 1.163194770924746990e-03 2.537702443078160286e-03 5.239667366652156488e-09 0.000000000000000000e+00 0.000000000000000000e+00 
8.200428183724461917e-13 5.792766440138041872e-12 1.432632333077388243e-12 2.613357268273830414e-03 2.007273687543165153e-11 2.210588512241429271e-08 3.957989144764972878e-11 2.289854705850302707e-08 6.620872300118207932e-03 2.704525366425514221e-03 2.045402862131595612e-02 4.572679474949836731e-02 5.539395287632942200e-02 5.957265570759773254e-02 -3.091136226430535316e-03 -7.479742169380187988e-02 -7.553155720233917236e-02 -2.776679024100303650e-02 -5.476175807416439056e-03 -3.166928654536604881e-04 -1.558755873702466488e-03 -2.240192623417791573e-12 0.000000000000000000e+00 0.000000000000000000e+00 
3.512354729385760857e-16 4.775101653334019175e-15 7.057738449758519089e-16 1.937902648933231831e-03 2.360438572574820315e-14 3.334618969841329772e-10 6.485672323633048797e-14 3.358320010971027614e-10 6.004652474075555801e-03 1.992028439417481422e-03 1.926401071250438690e-02 4.118277505040168762e-02 4.759544506669044495e-02 6.013227254152297974e-02 5.267848819494247437e-02 6.377340853214263916e-02 6.393413990736007690e-02 2.513124421238899231e-02 5.129352211952209473e-03 9.401689021615311503e-05 9.723310358822345734e-04 1.259113417302333386e-15 0.000000000000000000e+00 0.000000000000000000e+00 
1.663381371192004694e-19 4.220928544339157813e-18 3.625449906758664996e-19 1.436964143067598343e-03 2.953948655955057384e-17 5.035179304752057661e-12 1.110271067275133620e-16 5.012485652239329070e-12 5.598799325525760651e-03 1.482718857005238533e-03 1.824480481445789337e-02 3.697809949517250061e-02 4.033421352505683899e-02 3.164983913302421570e-02 -1.324548153206706047e-03 -4.352747648954391479e-02 -5.118349939584732056e-02 -2.310930006206035614e-02 -4.840528126806020737e-03 -2.913632488343864679e-05 -6.067759823054075241e-04 -7.842585207603807762e-19 0.000000000000000000e+00 0.000000000000000000e+00 
2.588791181423744092e-09 8.693189279540547432e-09 3.403246795485870280e-09 3.519449150189757347e-03 1.991596931816275173e-08 1.443737346562556922e-06 2.892145722910299810e-08 1.571777715980715584e-06 7.713964208960533142e-03 3.935521002858877182e-03 2.262820117175579071e-02 5.652715638279914856e-02 7.785822451114654541e-02 1.946594715118408203e-01 2.204435318708419800e-01 1.642867922782897949e-01 1.206175088882446289e-01 3.484797477722167969e-02 6.195116322487592697e-03 1.165465218946337700e-03 2.536038635298609734e-03 5.043136130922221128e-09 0.000000000000000000e+00 0.000000000000000000e+00 
7.758926422359035957e-13 5.489454810853056088e-12 1.318008961519179234e-12 2.581634558737277985e-03 1.869063757931055392e-11 2.094972550992224569e-08 3.667628006853718148e-11 2.099474549766000564e-08 6.600656546652317047e-03 2.689786488190293312e-03 2.044405229389667511e-02 4.572443291544914246e-02 5.540236458182334900e-02 5.973375588655471802e-02 -2.998281037434935570e-03 -7.486414909362792969e-02 -7.560272514820098877e-02 -2.780033461749553680e-02 -5.484820343554019928e-03 -3.184073138982057571e-04 -1.557687413878738880e-03 -2.115955414355719100e-12 0.000000000000000000e+00 0.000000000000000000e+00 
3.266896492672285383e-16 4.450289929050412624e-15 6.292307068455921942e-16 1.906601246446371078e-03 2.142628624166292156e-14 3.104209389537260222e-10 5.847957480677873354e-14 2.990047931472616938e-10 5.990822799503803253e-03 1.979365013539791107e-03 1.925570517778396606e-02 4.119240865111351013e-02 4.761816933751106262e-02 6.022029742598533630e-02 5.271464586257934570e-02 6.384374201297760010e-02 6.400617212057113647e-02 2.516403794288635254e-02 5.140706431120634079e-03 9.489281364949420094e-05 9.714650805108249187e-04 1.168062034153705998e-15 0.000000000000000000e+00 0.000000000000000000e+00 
1.520793657410733031e-19 3.867122303244607774e-18 3.130929024831787200e-19 1.408010371960699558e-03 2.613907775588186045e-17 4.604129143909174715e-12 9.745630880607448533e-17 4.334273391581877632e-12 5.589868407696485519e-03 1.471248921006917953e-03 1.823837496340274811e-02 3.699641302227973938e-02 4.037028551101684570e-02 3.174998611211776733e-02 -1.280167954973876476e-03 -4.356675967574119568e-02 -5.124743655323982239e-02 -2.314280718564987183e-02 -4.854038357734680176e-03 -2.952458453364670277e-05 -6.061019375920295715e-04 -7.147726092701473696e-19 0.000000000000000000e+00 0.000000000000000000e+00 
2.503840468293105914e-09 8.414033025871958671e-09 3.248596724958474624e-09 3.503318410366773605e-03 1.913184810575785377e-08 1.406732735631521791e-06 2.774431706598079472e-08 1.500463895354187116e-06 7.698483765125274658e-03 3.925200086086988449e-03 2.262625470757484436e-02 5.650772154331207275e-02 7.784269750118255615e-02 1.947262287139892578e-01 2.205466479063034058e-01 1.643828600645065308e-01 1.206494942307472229e-01 3.483749926090240479e-02 6.193127948790788651e-03 1.156627200543880463e-03 2.518346766009926796e-03 4.841480993889035744e-09 0.000000000000000000e+00 0.000000000000000000e+00 
7.398706213662675779e-13 5.243429822276990393e-12 1.222708024238572388e-12 2.563930582255125046e-03 1.756490959625711668e-11 2.015503319796607684e-08 3.433857018175778819e-11 1.956730777408210997e-08 6.590274628251791000e-03 2.687189495190978050e-03 2.044703252613544464e-02 4.574316740036010742e-02 5.543942376971244812e-02 5.983523279428482056e-02 -2.984027843922376633e-03 -7.492482662200927734e-02 -7.565189898014068604e-02 -2.781275659799575806e-02 -5.488951224833726883e-03 -3.155829908791929483e-04 -1.541974255815148354e-03 -1.991856983171724771e-12 0.000000000000000000e+00 0.000000000000000000e+00 
3.071471433361937361e-16 4.192573378584713711e-15 5.674109601023027451e-16 1.889188075438141823e-03 1.969420889661333690e-14 2.948301325300661802e-10 5.347120451493561633e-14 2.721157188467770993e-10 5.985134746879339218e-03 1.978123793378472328e-03 1.926024258136749268e-02 4.122176393866539001e-02 4.766543209552764893e-02 6.028867885470390320e-02 5.274937674403190613e-02 6.390304863452911377e-02 6.406060606241226196e-02 2.518544159829616547e-02 5.147164687514305115e-03 9.396708628628402948e-05 9.584482177160680294e-04 1.078764962117960673e-15 0.000000000000000000e+00 0.000000000000000000e+00 
1.409580516522685575e-19 3.591441203054159816e-18 2.742989330856601327e-19 1.391954370774328709e-03 2.349813821418380899e-17 4.316933529396882463e-12 8.705856247949922194e-17 3.852046286112464912e-12 5.587859544903039932e-03 1.470311894081532955e-03 1.824400201439857483e-02 3.703304380178451538e-02 4.042495042085647583e-02 3.181439265608787537e-02 -1.273543108254671097e-03 -4.361236840486526489e-02 -5.130287259817123413e-02 -2.317022532224655151e-02 -4.861928988248109818e-03 -2.921240957221016288e-05 -5.959689151495695114e-04 -6.479138751041706635e-19 0.000000000000000000e+00 0.000000000000000000e+00 
2.433879986440956600e-09 8.191935130241745355e-09 3.118811209290583975e-09 3.504868131130933762e-03 1.850681563553280284e-08 1.388501573273970280e-06 2.680265431820316735e-08 1.452716333005810156e-06 7.699914276599884033e-03 3.935005050152540207e-03 2.264306508004665375e-02 5.653909593820571899e-02 7.791843265295028687e-02 1.948438584804534912e-01 2.206533104181289673e-01 1.643519699573516846e-01 1.205888390541076660e-01 3.475642204284667969e-02 6.182246841490268707e-03 1.131545635871589184e-03 2.478032372891902924e-03 4.625476002217965288e-09 0.000000000000000000e+00 0.000000000000000000e+00 
7.116782206953442547e-13 5.058618020997718290e-12 1.145424141819895159e-12 2.565650502219796181e-03 1.669306880225374101e-11 1.977231534056045348e-08 3.252104488482565614e-11 1.863073073593568552e-08 6.594043690711259842e-03 2.701833844184875488e-03 2.046836353838443756e-02 4.579288512468338013e-02 5.551844462752342224e-02 5.985664203763008118e-02 -3.082615789026021957e-03 -7.497715950012207031e-02 -7.567118108272552490e-02 -2.779574878513813019e-02 -5.487021524459123611e-03 -3.061800671275705099e-04 -1.505804946646094322e-03 -1.861399055724799467e-12 0.000000000000000000e+00 0.000000000000000000e+00 
2.922817680514399686e-16 4.004756528025281426e-15 5.186086803902134005e-16 1.890878076665103436e-03 1.838078436200776822e-14 2.874014082276943327e-10 4.965778764749739782e-14 2.548185551454196229e-10 5.991042591631412506e-03 1.993235200643539429e-03 1.928304322063922882e-02 4.128052294254302979e-02 4.774897545576095581e-02 6.033205240964889526e-02 5.278306826949119568e-02 6.394718587398529053e-02 6.409137696027755737e-02 2.519206888973712921e-02 5.147197283804416656e-03 9.044663602253422141e-05 9.286247077398002148e-04 9.864485352626089880e-16 0.000000000000000000e+00 0.000000000000000000e+00 
1.326763710581759290e-19 3.394324683468232736e-18 2.444716015282163655e-19 1.393511076457798481e-03 2.153499377513415862e-17 4.181423436666609206e-12 7.930459126976184179e-17 3.547990894137154072e-12 5.595654249191284180e-03 1.484482665546238422e-03 1.826682686805725098e-02 3.709729015827178955e-02 4.050756618380546570e-02 3.183075785636901855e-02 -1.321140443906188011e-03 -4.366760328412055969e-02 -5.134761705994606018e-02 -2.319092862308025360e-02 -4.862476605921983719e-03 -2.789687277982011437e-05 -5.728810792788863182e-04 -5.800532701200273871e-19 0.000000000000000000e+00 0.000000000000000000e+00 
2.303283785920484661e-09 7.729363815656142833e-09 2.897692086278880197e-09 3.401087597012519836e-03 1.718992415078446356e-08 1.271664018531737383e-06 2.492483908156373218e-08 1.300724875363812316e-06 7.607836741954088211e-03 3.834045957773923874e-03 2.255225554108619690e-02 5.629167705774307251e-02 7.748008519411087036e-02 1.946798115968704224e-01 2.207290381193161011e-01 1.650211066007614136e-01 1.210385859012603760e-01 3.507305309176445007e-02 6.221644580364227295e-03 1.197296078316867352e-03 2.562993438914418221e-03 4.543914133847692938e-09 0.000000000000000000e+00 0.000000000000000000e+00 
6.536646224297726349e-13 4.634252183388642976e-12 1.015507664937909116e-12 2.452585380524396896e-03 1.484249181893382286e-11 1.732488641437157639e-08 2.893978459650448087e-11 1.575588370883451717e-08 6.520023569464683533e-03 2.620474202558398247e-03 2.038375660777091980e-02 4.566833749413490295e-02 5.535397306084632874e-02 6.033078208565711975e-02 -2.545291092246770859e-03 -7.506594061851501465e-02 -7.585109025239944458e-02 -2.794588170945644379e-02 -5.519416648894548416e-03 -3.338234673719853163e-04 -1.583594013936817646e-03 -1.817542535746674570e-12 0.000000000000000000e+00 0.000000000000000000e+00 
2.607208439807119074e-16 3.562307173961103135e-15 4.394675333920471366e-16 1.780597260221838951e-03 1.565146632903548912e-14 2.409709931594505861e-10 4.237811206011903031e-14 2.036458918164285592e-10 5.933156702667474747e-03 1.917108660563826561e-03 1.920044794678688049e-02 4.117139056324958801e-02 4.761930927634239197e-02 6.051825359463691711e-02 5.281977728009223938e-02 6.406837701797485352e-02 6.424745172262191772e-02 2.528336644172668457e-02 5.183609668165445328e-03 1.016488822642713785e-04 9.931143140420317650e-04 9.564586984903600438e-16 0.000000000000000000e+00 0.000000000000000000e+00 
1.149398868156314827e-19 2.931672640699973721e-18 1.979042152489277719e-19 1.292671426199376583e-03 1.756462940527558236e-17 3.354811437331073343e-12 6.495019522788413133e-17 2.680092259232935703e-12 5.549072753638029099e-03 1.414512167684733868e-03 1.819056831300258636e-02 3.700244799256324768e-02 4.042309522628784180e-02 3.211992233991622925e-02 -1.063388190232217312e-03 -4.366138204932212830e-02 -5.144523829221725464e-02 -2.325074747204780579e-02 -4.904625006020069122e-03 -3.232117160223424435e-05 -6.230350700207054615e-04 -5.585180364625155881e-19 0.000000000000000000e+00 0.000000000000000000e+00 
2.198867310454488688e-09 7.370863475131272935e-09 2.726144865405899509e-09 3.335403278470039368e-03 1.621028822285097704e-08 1.196640596390352584e-06 2.348643768357305817e-08 1.198352151732251514e-06 7.551498245447874069e-03 3.775951219722628593e-03 2.250150963664054871e-02 5.615020915865898132e-02 7.723739743232727051e-02 1.946247667074203491e-01 2.208169847726821899e-01 1.654307842254638672e-01 1.212970316410064697e-01 3.524463623762130737e-02 6.241927854716777802e-03 1.230064197443425655e-03 2.601587446406483650e-03 4.414803189689564533e-09 0.000000000000000000e+00 0.000000000000000000e+00 
6.094786134114293930e-13 4.320193942169980872e-12 9.195615189444561466e-13 2.381911035627126694e-03 1.353547222221473945e-11 1.581394393213031435e-08 2.631686882303974073e-11 1.391404857997713407e-08 6.476245820522308350e-03 2.575575606897473335e-03 2.033838070929050446e-02 4.560679569840431213e-02 5.527987331151962280e-02 6.063274666666984558e-02 -2.244880190119147301e-03 -7.514376938343048096e-02 -7.597080618143081665e-02 -2.803585119545459747e-02 -5.538616795092821121e-03 -3.483869950287044048e-04 -1.619585091248154640e-03 -1.741979065335297339e-12 0.000000000000000000e+00 0.000000000000000000e+00 
2.375220673932947144e-16 3.245645812454214275e-15 3.833892671328229538e-16 1.712514669634401798e-03 1.380510052247877623e-14 2.133665605308365798e-10 3.724566160589852515e-14 1.724458076335366741e-10 5.900159012526273727e-03 1.875618705525994301e-03 1.915710791945457458e-02 4.112162813544273376e-02 4.756785556674003601e-02 6.065119057893753052e-02 5.285630002617835999e-02 6.416398286819458008e-02 6.435646116733551025e-02 2.534414641559123993e-02 5.205990280956029892e-03 1.078047062037512660e-04 1.023325137794017792e-03 9.047618424997067380e-16 0.000000000000000000e+00 0.000000000000000000e+00 
1.023070100173111836e-19 2.609984995610245194e-18 1.662414733098054054e-19 1.231186673976480961e-03 1.498541573524746293e-17 2.881511002028602775e-12 5.520092541432593952e-17 2.176518947710759377e-12 5.523489788174629211e-03 1.376682892441749573e-03 1.815151236951351166e-02 3.696320578455924988e-02 4.039904847741127014e-02 3.230620175600051880e-02 -9.195055463351309299e-04 -4.368078708648681641e-02 -5.152280628681182861e-02 -2.329606749117374420e-02 -4.930742084980010986e-03 -3.483763794065453112e-05 -6.468157516792416573e-04 -5.215322580346437771e-19 0.000000000000000000e+00 0.000000000000000000e+00 
2.080282612837436318e-09 6.953516429319961389e-09 2.532556608869640513e-09 3.222849918529391289e-03 1.505252278377611219e-08 1.093298124033026397e-06 2.182830094454857317e-08 1.070694793270376977e-06 7.457661908119916916e-03 3.674501786008477211e-03 2.240358293056488037e-02 5.589350685477256775e-02 7.677672058343887329e-02 1.944477111101150513e-01 2.208852469921112061e-01 1.661254167556762695e-01 1.217669472098350525e-01 3.559915721416473389e-02 6.284217815846204758e-03 1.306546386331319809e-03 2.694510156288743019e-03 4.345942716810213824e-09 0.000000000000000000e+00 0.000000000000000000e+00 
5.595084400129846092e-13 3.957069481114183773e-12 8.151152279187168226e-13 2.262402325868606567e-03 1.202901146746260252e-11 1.380585246124610421e-08 2.339130451833870694e-11 1.172789509951144282e-08 6.402250844985246658e-03 2.491852501407265663e-03 2.024648711085319519e-02 4.546451196074485779e-02 5.509140715003013611e-02 6.111317873001098633e-02 -1.669465214945375919e-03 -7.523393630981445312e-02 -7.615138590335845947e-02 -2.820410765707492828e-02 -5.571585148572921753e-03 -3.819345147348940372e-04 -1.706670853309333324e-03 -1.704545359026976570e-12 0.000000000000000000e+00 0.000000000000000000e+00 
2.117177909903436919e-16 2.886440527105583673e-15 3.248595816451264190e-16 1.598919159732758999e-03 1.174639964967140807e-14 1.780252889549416295e-10 3.172964752810696065e-14 1.371967678354124587e-10 5.842370446771383286e-03 1.797564327716827393e-03 1.906842179596424103e-02 4.099084809422492981e-02 4.741309955716133118e-02 6.083966419100761414e-02 5.289425700902938843e-02 6.429138034582138062e-02 6.451066583395004272e-02 2.544302120804786682e-02 5.242361687123775482e-03 1.220189005834981799e-04 1.097315223887562752e-03 8.797737882205536406e-16 0.000000000000000000e+00 0.000000000000000000e+00 
8.854541296141960048e-20 2.253634760541788319e-18 1.345759654855098147e-19 1.129962736740708351e-03 1.220947618167769459e-17 2.297805608980629799e-12 4.510383277063410000e-17 1.634839290852452276e-12 5.476103629916906357e-03 1.305853133089840412e-03 1.807085610926151276e-02 3.684543818235397339e-02 4.029060900211334229e-02 3.260226547718048096e-02 -6.442549638450145721e-04 -4.367426037788391113e-02 -5.161406472325325012e-02 -2.335594035685062408e-02 -4.972739610821008682e-03 -4.071389048476703465e-05 -7.057922193780541420e-04 -5.039249432146283146e-19 0.000000000000000000e+00 0.000000000000000000e+00 
1.976299124351044156e-09 6.593470214255603423e-09 2.366966844746798415e-09 3.128131851553916931e-03 1.408355476684164387e-08 1.012165739666670561e-06 2.040992086449477938e-08 9.701810768092400394e-07 7.381356786936521530e-03 3.593347501009702682e-03 2.232385985553264618e-02 5.568717792630195618e-02 7.640989124774932861e-02 1.943220198154449463e-01 2.209572494029998779e-01 1.666938513517379761e-01 1.221442595124244690e-01 3.588724881410598755e-02 6.317420862615108490e-03 1.367939170449972153e-03 2.765421289950609207e-03 4.256134111813025811e-09 0.000000000000000000e+00 0.000000000000000000e+00 
5.174223137623112923e-13 3.656145698693880064e-12 7.300639042959189418e-13 2.163430210202932358e-03 1.082702937721391478e-11 1.229544022152140315e-08 2.099553517154184590e-11 1.009701655618755467e-08 6.343180779367685318e-03 2.425075042992830276e-03 2.017251402139663696e-02 4.535004496574401855e-02 5.494396388530731201e-02 6.150829046964645386e-02 -1.204706262797117233e-03 -7.531831413507461548e-02 -7.630189508199691772e-02 -2.834554761648178101e-02 -5.598188843578100204e-03 -4.098212812095880508e-04 -1.774221076630055904e-03 -1.654752398473624542e-12 0.000000000000000000e+00 0.000000000000000000e+00 
1.906920244895482031e-16 2.598301941306299309e-15 2.792780653056327464e-16 1.506343134678900242e-03 1.017303086794886166e-14 1.525404663693663565e-10 2.738993859735354419e-14 1.122834672462325045e-10 5.796701181679964066e-03 1.735707744956016541e-03 1.899795420467853546e-02 4.088558256626129150e-02 4.729322344064712524e-02 6.100165471434593201e-02 5.293206498026847839e-02 6.440644711256027222e-02 6.464102864265441895e-02 2.552833035588264465e-02 5.271902773529291153e-03 1.342239556834101677e-04 1.155586913228034973e-03 8.463167279578376247e-16 0.000000000000000000e+00 0.000000000000000000e+00 
7.767414652450168526e-20 1.976130140690967212e-18 1.109931625438966360e-19 1.048783655278384686e-03 1.017466150563399970e-17 1.894269680349780494e-12 3.746899211271660689e-17 1.272154148516946304e-12 5.438662599772214890e-03 1.250215107575058937e-03 1.800774037837982178e-02 3.675117343664169312e-02 4.020847380161285400e-02 3.284791111946105957e-02 -4.222863353788852692e-04 -4.368011280894279480e-02 -5.169429630041122437e-02 -2.340905554592609406e-02 -5.006919149309396744e-03 -4.591741526382975280e-05 -7.529485155828297138e-04 -4.803898970286930021e-19 0.000000000000000000e+00 0.000000000000000000e+00 
1.894322254614166923e-09 6.313210842989747107e-09 2.234812779278172457e-09 3.065311349928379059e-03 1.333740495823576566e-08 9.578952813171781600e-07 1.932919069247418520e-08 8.997355962492292747e-07 7.331582251936197281e-03 3.543996252119541168e-03 2.227638103067874908e-02 5.556137114763259888e-02 7.619512081146240234e-02 1.942776590585708618e-01 2.210360318422317505e-01 1.670582890510559082e-01 1.223728582262992859e-01 3.605252131819725037e-02 6.335533224046230316e-03 1.400657929480075836e-03 2.799306763336062431e-03 4.137495679401581583e-09 0.000000000000000000e+00 0.000000000000000000e+00 
4.856935708653919992e-13 3.431164857445323513e-12 6.650137797208077739e-13 2.098608529195189476e-03 9.937228123702013249e-12 1.131977978019449438e-08 1.924391722363250068e-11 9.004538448209586932e-09 6.305858027189970016e-03 2.385820494964718819e-03 2.012994885444641113e-02 4.528713226318359375e-02 5.487149953842163086e-02 6.177322566509246826e-02 -9.274921030737459660e-04 -7.539065927267074585e-02 -7.640589028596878052e-02 -2.843392454087734222e-02 -5.614744033664464951e-03 -4.254273953847587109e-04 -1.807034946978092194e-03 -1.587766918810518124e-12 0.000000000000000000e+00 0.000000000000000000e+00 
1.753359127258687761e-16 2.389165483222713098e-15 2.457169258695228583e-16 1.446467475034296513e-03 9.049084215512290946e-15 1.366196183960610711e-10 2.432686925437233666e-14 9.632626640776464910e-11 5.768788512796163559e-03 1.699714339338243008e-03 1.895825192332267761e-02 4.083052277565002441e-02 4.723986983299255371e-02 6.112188100814819336e-02 5.296742171049118042e-02 6.449684500694274902e-02 6.473541259765625000e-02 2.558669075369834900e-02 5.290969274938106537e-03 1.413073478033766150e-04 1.184174558147788048e-03 8.017706299870235292e-16 0.000000000000000000e+00 0.000000000000000000e+00 
6.995229272169699608e-20 1.779843076464277680e-18 9.427552570912170372e-20 9.969349484890699387e-04 8.771153554632613177e-18 1.650449742152115817e-12 3.226357098770000543e-17 1.050034083120710005e-12 5.416462663561105728e-03 1.218074350617825985e-03 1.797304674983024597e-02 3.670471161603927612e-02 4.017930850386619568e-02 3.301415592432022095e-02 -2.898738312069326639e-04 -4.370203241705894470e-02 -5.176016688346862793e-02 -2.345021627843379974e-02 -5.029161926358938217e-03 -4.902736691292375326e-05 -7.763039902783930302e-04 -4.494029874994206015e-19 0.000000000000000000e+00 0.000000000000000000e+00 
1.794422166412346087e-09 5.962633053968602326e-09 2.089342254762982520e-09 2.954074414446949959e-03 1.241817670916134375e-08 8.775892297308018897e-07 1.801452143013193563e-08 8.074854918049823027e-07 7.245037704706192017e-03 3.450751770287752151e-03 2.218052558600902557e-02 5.532289296388626099e-02 7.576349377632141113e-02 1.941171288490295410e-01 2.211012989282608032e-01 1.677055656909942627e-01 1.228142753243446350e-01 3.641251474618911743e-02 6.375905591994524002e-03 1.480269129388034344e-03 2.887199865654110909e-03 4.068370973442370087e-09 0.000000000000000000e+00 0.000000000000000000e+00 
4.467125996367171670e-13 3.148080754411530791e-12 5.965224516603362392e-13 1.985439797863364220e-03 8.871699382073661155e-12 9.923277310974754073e-09 1.718352890534013966e-11 7.640553079113487911e-09 6.239424925297498703e-03 2.306891838088631630e-03 2.004046365618705750e-02 4.514242708683013916e-02 5.468020215630531311e-02 6.221288815140724182e-02 -3.759345272555947304e-04 -7.547750324010848999e-02 -7.657350599765777588e-02 -2.860986813902854919e-02 -5.644714925438165665e-03 -4.627594316843897104e-04 -1.892275176942348480e-03 -1.552884014953404002e-12 0.000000000000000000e+00 0.000000000000000000e+00 
1.566767695145916033e-16 2.129584613240107470e-15 2.118737774015364917e-16 1.343411742709577084e-03 7.749272347402046124e-15 1.146200287460708012e-10 2.085391219788530065e-14 7.732002538229920674e-11 5.716671235859394073e-03 1.626967801712453365e-03 1.887399703264236450e-02 4.069294407963752747e-02 4.707803949713706970e-02 6.129928678274154663e-02 5.300801992416381836e-02 6.462305039167404175e-02 6.487787514925003052e-02 2.568930760025978088e-02 5.323287099599838257e-03 1.582437253091484308e-04 1.259201089851558208e-03 7.790857112310140779e-16 0.000000000000000000e+00 0.000000000000000000e+00 
6.072917073059391737e-20 1.541241794797591156e-18 7.811874964140040207e-20 9.089550585485994816e-04 7.205342841280971993e-18 1.325211967072303931e-12 2.656884109749501108e-17 7.974997073313672136e-13 5.372230894863605499e-03 1.153491437435150146e-03 1.789863035082817078e-02 3.657850250601768494e-02 4.006058722734451294e-02 3.329003229737281799e-02 -2.707483690755907446e-05 -4.370194673538208008e-02 -5.184193700551986694e-02 -2.350902557373046875e-02 -5.066339857876300812e-03 -5.652855907101184130e-05 -8.382623200304806232e-04 -4.339073613856764495e-19 0.000000000000000000e+00 0.000000000000000000e+00 
1.768053481399078919e-09 5.899096766626144017e-09 2.038510915625124653e-09 3.012835513800382614e-03 1.226356260985994595e-08 8.990106721284973901e-07 1.775840985374088632e-08 8.129862294481426943e-07 7.292197085916996002e-03 3.516070777550339699e-03 2.225671149790287018e-02 5.549456551671028137e-02 7.611048966646194458e-02 1.943820118904113770e-01 2.212161272764205933e-01 1.673447936773300171e-01 1.224952489137649536e-01 3.608128800988197327e-02 6.335666403174400330e-03 1.393671380355954170e-03 2.779407892376184464e-03 3.832652417656845500e-09 0.000000000000000000e+00 0.000000000000000000e+00 
4.396667762935485557e-13 3.118518897976541027e-12 5.742225813766543840e-13 2.044979948550462723e-03 8.723746551531075255e-12 1.029673768471184303e-08 1.682932959656824323e-11 7.720232453323205846e-09 6.280083209276199341e-03 2.369749825447797775e-03 2.011804282665252686e-02 4.528793320059776306e-02 5.490710213780403137e-02 6.202052906155586243e-02 -8.046611910685896873e-04 -7.551527023315429688e-02 -7.651530951261520386e-02 -2.847840823233127594e-02 -5.625510588288307190e-03 -4.243772418703883886e-04 -1.788942259736359119e-03 -1.418776554573675241e-12 0.000000000000000000e+00 0.000000000000000000e+00 
1.539307284042625641e-16 2.109681668320236361e-15 2.011125546789156271e-16 1.397393876686692238e-03 7.581667397029995953e-15 1.204163158075033380e-10 2.027362686638032457e-14 7.839340981918851980e-11 5.753426812589168549e-03 1.685959636233747005e-03 1.894950307905673981e-02 4.084622114896774292e-02 4.729581996798515320e-02 6.127349659800529480e-02 5.303309485316276550e-02 6.462577730417251587e-02 6.485034525394439697e-02 2.563719823956489563e-02 5.306640639901161194e-03 1.414166181348264217e-04 1.168450806289911270e-03 6.914729642108839291e-16 0.000000000000000000e+00 0.000000000000000000e+00 
5.953949113928659646e-20 1.525382157515535387e-18 7.308134895792317494e-20 9.548376547172665596e-04 7.012255725253943849e-18 1.409518552222821519e-12 2.564002645743881800e-17 8.113407406855344117e-13 5.407915450632572174e-03 1.205956679768860340e-03 1.796783506870269775e-02 3.673290461301803589e-02 4.025333747267723083e-02 3.317207098007202148e-02 -2.307952963747084141e-04 -4.378434270620346069e-02 -5.186859890818595886e-02 -2.350552938878536224e-02 -5.048258230090141296e-03 -4.922646985505707562e-05 -7.634438225068151951e-04 -3.743655825750082611e-19 0.000000000000000000e+00 0.000000000000000000e+00 
1.716403019713652611e-09 5.732301300298558999e-09 1.955543948994886705e-09 2.999018179252743721e-03 1.182290620960202432e-08 8.797517239145236090e-07 1.712430375278017891e-08 7.808470741110795643e-07 7.280268706381320953e-03 3.514720126986503601e-03 2.226009778678417206e-02 5.549167841672897339e-02 7.612497359514236450e-02 1.944613903760910034e-01 2.213037461042404175e-01 1.674125045537948608e-01 1.225002259016036987e-01 3.604670241475105286e-02 6.330342497676610947e-03 1.378985820338129997e-03 2.755269408226013184e-03 3.681997817750470858e-09 0.000000000000000000e+00 0.000000000000000000e+00 
4.217928632234413389e-13 2.998691355990401597e-12 5.375435882006007748e-13 2.030941192060709000e-03 8.242216804899005211e-12 9.970698044980963459e-09 1.589060827367205775e-11 7.261136580893889914e-09 6.273801438510417938e-03 2.372765447944402695e-03 2.012483589351177216e-02 4.530820995569229126e-02 5.495321005582809448e-02 6.209442019462585449e-02 -8.131678332574665546e-04 -7.557085156440734863e-02 -7.655132561922073364e-02 -2.847853116691112518e-02 -5.627398844808340073e-03 -4.188049642834812403e-04 -1.766352099366486073e-03 -1.337271764677294694e-12 0.000000000000000000e+00 0.000000000000000000e+00 
1.458938283378075464e-16 2.005882651073668567e-15 1.837972027686778000e-16 1.384617295116186142e-03 7.017306708449874350e-15 1.153633855111024786e-10 1.874898111384974003e-14 7.221132719559264501e-11 5.751549731940031052e-03 1.689344295300543308e-03 1.895730011165142059e-02 4.087344184517860413e-02 4.734903573989868164e-02 6.133186444640159607e-02 5.306295678019523621e-02 6.467832624912261963e-02 6.489302217960357666e-02 2.565091475844383240e-02 5.310881882905960083e-03 1.392445847159251571e-04 1.148852054029703140e-03 6.395439153135645382e-16 0.000000000000000000e+00 0.000000000000000000e+00 
5.573916491127656450e-20 1.433212110195742311e-18 6.517401282745054044e-20 9.439374553039669991e-04 6.356986405046586810e-18 1.335983624076164666e-12 2.323062469536170963e-17 7.320283702122454272e-13 5.409091711044311523e-03 1.209048903547227383e-03 1.797615922987461090e-02 3.676530718803405762e-02 4.031045734882354736e-02 3.322010487318038940e-02 -2.345727407373487949e-04 -4.382868111133575439e-02 -5.191627517342567444e-02 -2.352799475193023682e-02 -5.053715314716100693e-03 -4.836091102333739400e-05 -7.474726298823952675e-04 -3.399156297124943255e-19 0.000000000000000000e+00 0.000000000000000000e+00 
1.635062862881397905e-09 5.448035800270645268e-09 1.836604868188373985e-09 2.898578997701406479e-03 1.107198865923919584e-08 8.142128535837400705e-07 1.606787769503625896e-08 7.081846433720784262e-07 7.202320266515016556e-03 3.434389363974332809e-03 2.217698469758033752e-02 5.528393760323524475e-02 7.574781030416488647e-02 1.943272352218627930e-01 2.213629931211471558e-01 1.679871827363967896e-01 1.228863298892974854e-01 3.635819256305694580e-02 6.364880129694938660e-03 1.447253162041306496e-03 2.829837147146463394e-03 3.615312937910175606e-09 0.000000000000000000e+00 0.000000000000000000e+00 
3.917236001717283589e-13 2.780201633148515761e-12 4.858329450546650108e-13 1.929791644215583801e-03 7.423008388518503864e-12 8.875493229254516336e-09 1.434259221805289641e-11 6.258767282218968830e-09 6.215038709342479706e-03 2.304190304130315781e-03 2.004718780517578125e-02 4.518049955368041992e-02 5.478569120168685913e-02 6.248372793197631836e-02 -3.264574916101992130e-04 -7.565022259950637817e-02 -7.669818401336669922e-02 -2.863141521811485291e-02 -5.653597414493560791e-03 -4.508599522523581982e-04 -1.838184893131256104e-03 -1.303351523929130451e-12 0.000000000000000000e+00 0.000000000000000000e+00 
1.321355912895641536e-16 1.813871505117669800e-15 1.601330742209729750e-16 1.293443376198410988e-03 6.078254219388234958e-15 9.878378670613585655e-11 1.630454058982981624e-14 5.918607270949394206e-11 5.706030875444412231e-03 1.626011217013001442e-03 1.888427510857582092e-02 4.075159877538681030e-02 4.720734804868698120e-02 6.149157509207725525e-02 5.309978500008583069e-02 6.479191780090332031e-02 6.501822173595428467e-02 2.574039809405803680e-02 5.339470226317644119e-03 1.538015785627067089e-04 1.211544498801231384e-03 6.185394040457892120e-16 0.000000000000000000e+00 0.000000000000000000e+00 
4.922799333251980044e-20 1.263867455893247151e-18 5.471671151302420216e-20 8.668925147503614426e-04 5.295355509935816842e-18 1.100455555673451880e-12 1.947540834846695076e-17 5.706540925562442190e-13 5.370664875954389572e-03 1.152835204266011715e-03 1.791179552674293518e-02 3.665355965495109558e-02 4.020657390356063843e-02 3.346510231494903564e-02 -2.665922920641605742e-06 -4.383048787713050842e-02 -5.198884755373001099e-02 -2.357955835759639740e-02 -5.086739081889390945e-03 -5.480957042891532183e-05 -7.988011930137872696e-04 -3.262267987011132665e-19 0.000000000000000000e+00 0.000000000000000000e+00 
1.555834239219677784e-09 5.170317063374341160e-09 1.723132858622022923e-09 2.787379082292318344e-03 1.034881691452937957e-08 7.502274570470035542e-07 1.504538893470908079e-08 6.389865347955492325e-07 7.119034882634878159e-03 3.346308600157499313e-03 2.208402566611766815e-02 5.505350232124328613e-02 7.532771676778793335e-02 1.941670626401901245e-01 2.214155942201614380e-01 1.686077117919921875e-01 1.233095005154609680e-01 3.671822324395179749e-02 6.404335610568523407e-03 1.528402441181242466e-03 2.915359102189540863e-03 3.560378880607117935e-09 0.000000000000000000e+00 0.000000000000000000e+00 
3.630581349878952979e-13 2.571108473695127294e-12 4.383540243031031070e-13 1.819829922169446945e-03 6.663243307808430771e-12 7.847836158703103138e-09 1.289711826918393811e-11 5.351877163661811210e-09 6.152439396828413010e-03 2.227923367172479630e-03 1.996029540896415710e-02 4.503079131245613098e-02 5.458723008632659912e-02 6.289699673652648926e-02 2.173566463170573115e-04 -7.572935521602630615e-02 -7.685268670320510864e-02 -2.880827337503433228e-02 -5.682016257196664810e-03 -4.897680482827126980e-04 -1.921602175571024418e-03 -1.275923377369592160e-12 0.000000000000000000e+00 0.000000000000000000e+00 
1.193294986833733995e-16 1.634395493868969016e-15 1.392000313581222303e-16 1.196119352243840694e-03 5.240331534998128246e-15 8.383430061265073618e-11 1.410386344253547128e-14 4.799110414621665655e-11 5.656876601278781891e-03 1.555967144668102264e-03 1.880325749516487122e-02 4.060646891593933105e-02 4.703599587082862854e-02 6.165847927331924438e-02 5.313768610358238220e-02 6.491100788116455078e-02 6.514795869588851929e-02 2.584222890436649323e-02 5.369813647121191025e-03 1.718913699733093381e-04 1.285369624383747578e-03 6.017514227894457928e-16 0.000000000000000000e+00 0.000000000000000000e+00 
4.331648569259850025e-20 1.109466439741981851e-18 4.580653844327892966e-20 7.861386984586715698e-04 4.384197040054568138e-18 8.963789454620452180e-13 1.621610663113243325e-17 4.388857441535443105e-13 5.328116007149219513e-03 1.091249519959092140e-03 1.784107275307178497e-02 3.651890531182289124e-02 4.007662087678909302e-02 3.372698649764060974e-02 2.559191780164837837e-04 -4.382748529314994812e-02 -5.205937102437019348e-02 -2.363540604710578918e-02 -5.121621768921613693e-03 -6.302630936261266470e-05 -8.600993314757943153e-04 -3.153729224441045716e-19 0.000000000000000000e+00 0.000000000000000000e+00 
1.504646962580125091e-09 5.001734137977109640e-09 1.646174530023358784e-09 2.751257503405213356e-03 9.920725574374955613e-09 7.252426144077617209e-07 1.441862895745771311e-08 6.056874326532124542e-07 7.090792525559663773e-03 3.326572012156248093e-03 2.206680178642272949e-02 5.500030517578125000e-02 7.524824142456054688e-02 1.941942870616912842e-01 2.214920818805694580e-01 1.687912642955780029e-01 1.234014853835105896e-01 3.676784783601760864e-02 6.408498156815767288e-03 1.534123322926461697e-03 2.914072712883353233e-03 3.439350138023655745e-09 0.000000000000000000e+00 0.000000000000000000e+00 
3.460080800436055037e-13 2.454163391604757827e-12 4.075453353697550130e-13 1.784580876119434834e-03 6.236798837794266248e-12 7.460436712847240415e-09 1.204969891227536394e-11 4.932525055068026631e-09 6.133935879915952682e-03 2.213379833847284317e-03 1.994673348963260651e-02 4.501013457775115967e-02 5.457698553800582886e-02 6.304071843624114990e-02 3.283921687398105860e-04 -7.578926533460617065e-02 -7.691104710102081299e-02 -2.884492464363574982e-02 -5.689300596714019775e-03 -4.936599871143698692e-04 -1.920786802656948566e-03 -1.212863902193273002e-12 0.000000000000000000e+00 0.000000000000000000e+00 
1.120577737707544345e-16 1.538227078806859993e-15 1.260354585267856953e-16 1.165329129435122013e-03 4.787378972387996631e-15 7.836414850359574302e-11 1.285322353107923310e-14 4.301702744013979895e-11 5.644949618726968765e-03 1.542983576655387878e-03 1.879172585904598236e-02 4.059134796261787415e-02 4.703642800450325012e-02 6.173879653215408325e-02 5.316825583577156067e-02 6.497704982757568359e-02 6.520607322454452515e-02 2.587313577532768250e-02 5.379345733672380447e-03 1.740377047099173069e-04 1.284665777347981930e-03 5.628105124075278264e-16 0.000000000000000000e+00 0.000000000000000000e+00 
4.007397000313330961e-20 1.029050732324143867e-18 4.037154176615072575e-20 7.609248277731239796e-04 3.908267507683914200e-18 8.238773704059842995e-13 1.442003447784501831e-17 3.826656873318068364e-13 5.319918971508741379e-03 1.079940004274249077e-03 1.783218234777450562e-02 3.650975599884986877e-02 4.008870199322700500e-02 3.381941094994544983e-02 3.089548554271459579e-04 -4.386129230260848999e-02 -5.210889130830764771e-02 -2.366303838789463043e-02 -5.133069120347499847e-03 -6.410052446881309152e-05 -8.595120743848383427e-04 -2.903197671895871728e-19 0.000000000000000000e+00 0.000000000000000000e+00 
1.438870578240880604e-09 4.774587392120110962e-09 1.552879269617335467e-09 2.662482205778360367e-03 9.345466622789899702e-09 6.777191288165340666e-07 1.360739876332672793e-08 5.551730737352045253e-07 7.026161998510360718e-03 3.260158468037843704e-03 2.199637889862060547e-02 5.482540279626846313e-02 7.493481040000915527e-02 1.940942257642745972e-01 2.215524315834045410e-01 1.692686378955841064e-01 1.237188726663589478e-01 3.703808784484863281e-02 6.436834111809730530e-03 1.593873719684779644e-03 2.972685964778065681e-03 3.367241596663461678e-09 0.000000000000000000e+00 0.000000000000000000e+00 
3.233853072479031532e-13 2.291669458365230838e-12 3.709153481318977486e-13 1.698918640613555908e-03 5.670853977374212818e-12 6.738291702390597493e-09 1.097999035443164573e-11 4.320607871477477602e-09 6.086759269237518311e-03 2.156070899218320847e-03 1.988195441663265228e-02 4.489618539810180664e-02 5.443188920617103577e-02 6.336417794227600098e-02 7.379383896477520466e-04 -7.586117088794708252e-02 -7.703372836112976074e-02 -2.898324467241764069e-02 -5.710432771593332291e-03 -5.234546260908246040e-04 -1.978792715817689896e-03 -1.177356606305024478e-12 0.000000000000000000e+00 0.000000000000000000e+00 
1.023780599205446017e-16 1.404680687969194798e-15 1.108540473084774678e-16 1.091348822228610516e-03 4.201451554421359660e-15 6.841689020875563187e-11 1.132354216767722174e-14 3.602561998716780067e-11 5.608438514173030853e-03 1.490839524194598198e-03 1.873239874839782715e-02 4.048143327236175537e-02 4.691275581717491150e-02 6.187780201435089111e-02 5.320515856146812439e-02 6.507965177297592163e-02 6.531172245740890503e-02 2.595589496195316315e-02 5.402136594057083130e-03 1.883851800812408328e-04 1.336637069471180439e-03 5.414405064230122695e-16 0.000000000000000000e+00 0.000000000000000000e+00 
3.578516454284230474e-20 9.187572611808905231e-19 3.430211371506568854e-20 7.010282133705914021e-04 3.309951227012058222e-18 6.952960342893055312e-13 1.228826844374582069e-17 3.064605318646440590e-13 5.288303829729557037e-03 1.034611370414495468e-03 1.778147742152214050e-02 3.640887886285781860e-02 3.999713063240051270e-02 3.402639552950859070e-02 5.034834612160921097e-04 -4.387064278125762939e-02 -5.217096209526062012e-02 -2.371093630790710449e-02 -5.159347318112850189e-03 -7.083250966388732195e-05 -9.031933150254189968e-04 -2.768169742678481181e-19 0.000000000000000000e+00 0.000000000000000000e+00 
1.395155324601660141e-09 4.637331407764122559e-09 1.488499434820766965e-09 2.640984719619154930e-03 9.001977829825591471e-09 6.608532885366003029e-07 1.310346586791411028e-08 5.313157771524856798e-07 7.009220309555530548e-03 3.254004055634140968e-03 2.199437655508518219e-02 5.480740591883659363e-02 7.492250949144363403e-02 1.941596120595932007e-01 2.216341346502304077e-01 1.693683713674545288e-01 1.237463355064392090e-01 3.702579811215400696e-02 6.433828733861446381e-03 1.584371086210012436e-03 2.954683965072035789e-03 3.240174795138273112e-09 0.000000000000000000e+00 0.000000000000000000e+00 
3.096164817584234896e-13 2.202590757352518303e-12 3.467208616568517865e-13 1.678393222391605377e-03 5.350814409610382683e-12 6.490175952222898559e-09 1.034527324916822977e-11 4.040817458417222952e-09 6.077389232814311981e-03 2.153539564460515976e-03 1.988294720649719238e-02 4.490044340491294861e-02 5.445898324251174927e-02 6.345818936824798584e-02 7.636569789610803127e-04 -7.591781020164489746e-02 -7.707379758358001709e-02 -2.899141795933246613e-02 -5.713538266718387604e-03 -5.201746826060116291e-04 -1.961507136002182961e-03 -1.112650770129786082e-12 0.000000000000000000e+00 0.000000000000000000e+00 
9.676291307707333414e-17 1.334871408830047568e-15 1.011192035248022008e-16 1.073804101906716824e-03 3.881700851997597554e-15 6.508078798095340289e-11 1.044117439399526101e-14 3.293167127882412615e-11 5.604150705039501190e-03 1.488858251832425594e-03 1.873452775180339813e-02 4.049118980765342712e-02 4.694727808237075806e-02 6.194283440709114075e-02 5.323433130979537964e-02 6.513566523790359497e-02 6.535632908344268799e-02 2.597198076546192169e-02 5.407652817666530609e-03 1.872106367954984307e-04 1.321126357652246952e-03 5.024280746966105181e-16 0.000000000000000000e+00 0.000000000000000000e+00 
3.338112241999605128e-20 8.627051764288245625e-19 3.052034088970127957e-20 6.869694334454834461e-04 2.993514938041122591e-18 6.531809598406268513e-13 1.109165656191742256e-17 2.738509289126889179e-13 5.287031643092632294e-03 1.032929867506027222e-03 1.778464205563068390e-02 3.642360493540763855e-02 4.003741219639778137e-02 3.408739343285560608e-02 5.160600412636995316e-04 -4.391174390912055969e-02 -5.221697688102722168e-02 -2.373223192989826202e-02 -5.166312213987112045e-03 -7.039112824713811278e-05 -8.901132387109100819e-04 -2.523280337392743110e-19 0.000000000000000000e+00 0.000000000000000000e+00 
1.365836777011963932e-09 4.552750176856079634e-09 1.442454489186673072e-09 2.665912033990025520e-03 8.798401118781384866e-09 6.627713560192205478e-07 1.279500061457383708e-08 5.235205549070087727e-07 7.024310994893312454e-03 3.288588952273130417e-03 2.203886397182941437e-02 5.489710718393325806e-02 7.511725276708602905e-02 1.943395286798477173e-01 2.217338234186172485e-01 1.692055314779281616e-01 1.235738545656204224e-01 3.682000190019607544e-02 6.409197114408016205e-03 1.526715350337326527e-03 2.883030334487557411e-03 3.079396071470341667e-09 0.000000000000000000e+00 0.000000000000000000e+00 
3.012643032176270941e-13 2.153594576975725872e-12 3.299869600660587654e-13 1.702218432910740376e-03 5.172293149335871476e-12 6.521929662994807586e-09 9.973694613252259700e-12 3.951027061077638791e-09 6.093452684581279755e-03 2.188303973525762558e-03 1.992860808968544006e-02 4.498792439699172974e-02 5.460572242736816406e-02 6.339483708143234253e-02 5.230578826740384102e-04 -7.596302777528762817e-02 -7.705844938755035400e-02 -2.890955470502376556e-02 -5.704081617295742035e-03 -4.938668571412563324e-04 -1.891792635433375835e-03 -1.029248951692207648e-12 0.000000000000000000e+00 0.000000000000000000e+00 
9.353296469095587337e-17 1.298476838306253638e-15 9.452157787185474992e-17 1.094176084734499454e-03 3.708833285924256415e-15 6.550900794044522968e-11 9.934445403629848376e-15 3.195203129857659974e-11 5.621855612844228745e-03 1.521014026366174221e-03 1.877832785248756409e-02 4.058563336730003357e-02 4.709196835756301880e-02 6.195707246661186218e-02 5.325910449028015137e-02 6.515862047672271729e-02 6.536076962947845459e-02 2.594170533120632172e-02 5.400990601629018784e-03 1.751964155118912458e-04 1.258955220691859722e-03 4.531151929360044406e-16 0.000000000000000000e+00 0.000000000000000000e+00 
3.204468289344592367e-20 8.342258132277183807e-19 2.800673934095723115e-20 7.032990688458085060e-04 2.826443686254652859e-18 6.585621804833241555e-13 1.041641910172303543e-17 2.636742007459252912e-13 5.306846927851438522e-03 1.060892944224178791e-03 1.782425306737422943e-02 3.652033209800720215e-02 4.016986861824989319e-02 3.404786810278892517e-02 4.024958761874586344e-04 -4.397426545619964600e-02 -5.225406587123870850e-02 -2.373498119413852692e-02 -5.159597378224134445e-03 -6.492452666861936450e-05 -8.380686049349606037e-04 -2.219271558246015882e-19 0.000000000000000000e+00 0.000000000000000000e+00 
1.325557774656260790e-09 4.426421895686871721e-09 1.384011238947380207e-09 2.649268368259072304e-03 8.485658398171835870e-09 6.468787319136026781e-07 1.234018487394905605e-08 5.027560519010876305e-07 7.011140231043100357e-03 3.286992432549595833e-03 2.204183675348758698e-02 5.489045381546020508e-02 7.512296736240386963e-02 1.944177448749542236e-01 2.218188047409057617e-01 1.692753434181213379e-01 1.235790997743606567e-01 3.678834810853004456e-02 6.403838749974966049e-03 1.511710812337696552e-03 2.858866238966584206e-03 2.957263101066587296e-09 0.000000000000000000e+00 0.000000000000000000e+00 
2.888461767946298719e-13 2.073147426298604934e-12 3.089421080071375059e-13 1.686311676166951656e-03 4.891303508058886251e-12 6.290424625632340394e-09 9.422451534291109709e-12 3.714964114109875482e-09 6.087146699428558350e-03 2.189925638958811760e-03 1.993432641029357910e-02 4.500187188386917114e-02 5.464090406894683838e-02 6.347102671861648560e-02 5.192603566683828831e-04 -7.601760327816009521e-02 -7.709261775016784668e-02 -2.890787459909915924e-02 -5.705806892365217209e-03 -4.879920743405818939e-04 -1.868711202405393124e-03 -9.689810802696041669e-13 0.000000000000000000e+00 0.000000000000000000e+00 
8.856678405142430878e-17 1.236528448434099942e-15 8.640686327081564377e-17 1.080563990399241447e-03 3.437602960059825581e-15 6.242890232543985007e-11 9.194784893868344910e-15 2.941882848439547615e-11 5.620252806693315506e-03 1.522829756140708923e-03 1.878484152257442474e-02 4.060553759336471558e-02 4.713341966271400452e-02 6.201624125242233276e-02 5.328822135925292969e-02 6.521034985780715942e-02 6.540125608444213867e-02 2.595228701829910278e-02 5.405122414231300354e-03 1.728074130369350314e-04 1.238548778928816319e-03 4.181014449349126309e-16 0.000000000000000000e+00 0.000000000000000000e+00 
2.995949950969325566e-20 7.853733534309491193e-19 2.498826196611033350e-20 6.923793698661029339e-04 2.566935621400841698e-18 6.200892121825674064e-13 9.447201651827302272e-18 2.377538541476625911e-13 5.308161955326795578e-03 1.062508788891136646e-03 1.783122494816780090e-02 3.654501959681510925e-02 4.021554440259933472e-02 3.409745171666145325e-02 4.011385899502784014e-04 -4.401724785566329956e-02 -5.229937285184860229e-02 -2.375364862382411957e-02 -5.164983216673135757e-03 -6.392287468770518899e-05 -8.211245876736938953e-04 -2.007718177881018383e-19 0.000000000000000000e+00 0.000000000000000000e+00 
1.306332486628036804e-09 4.380005247384133327e-09 1.352104095353467983e-09 2.705243183299899101e-03 8.381628724407619302e-09 6.553208322657155804e-07 1.216296396933103097e-08 5.054827170170028694e-07 7.046814076602458954e-03 3.348319092765450478e-03 2.211723662912845612e-02 5.504674091935157776e-02 7.544141262769699097e-02 1.946658641099929810e-01 2.219274193048477173e-01 1.689348518848419189e-01 1.232743635773658752e-01 3.646426275372505188e-02 6.367027293890714645e-03 1.426590490154922009e-03 2.752058673650026321e-03 2.790596420609858797e-09 0.000000000000000000e+00 0.000000000000000000e+00 
2.842281802712537386e-13 2.052768111743263901e-12 2.980289626197674124e-13 1.740042003802955151e-03 4.812239148832553326e-12 6.417002484937484041e-09 9.224384277251029829e-12 3.745562082713149721e-09 6.119180005043745041e-03 2.249581972137093544e-03 2.001040242612361908e-02 4.514077305793762207e-02 5.485332384705543518e-02 6.329938769340515137e-02 1.088739954866468906e-04 -7.605122029781341553e-02 -7.703973352909088135e-02 -2.877367474138736725e-02 -5.688654258847236633e-03 -4.492653242778033018e-04 -1.766269444487988949e-03 -8.858185994616019077e-13 0.000000000000000000e+00 0.000000000000000000e+00 
8.696704983397125538e-17 1.223618607526760337e-15 8.226910732347838661e-17 1.126712188124656677e-03 3.366330219746059733e-15 6.411207675860453037e-11 8.933118628769599195e-15 2.973912088810592991e-11 5.651447921991348267e-03 1.578186056576669216e-03 1.885757967829704285e-02 4.075241833925247192e-02 4.733776673674583435e-02 6.199396401643753052e-02 5.330979451537132263e-02 6.520912051200866699e-02 6.537855416536331177e-02 2.589630149304866791e-02 5.390451289713382721e-03 1.552686735522001982e-04 1.148919109255075455e-03 3.710098541389217526e-16 0.000000000000000000e+00 0.000000000000000000e+00 
2.934696580374920310e-20 7.760027412592187144e-19 2.347022721453640624e-20 7.295368122868239880e-04 2.501386727734842712e-18 6.410607179645200215e-13 9.108795445786958226e-18 2.409793014006983425e-13 5.340700037777423859e-03 1.110982731916010380e-03 1.789662241935729980e-02 3.669246658682823181e-02 4.039708897471427917e-02 3.398961946368217468e-02 2.067428140435367823e-04 -4.409172013401985168e-02 -5.232923477888107300e-02 -2.374699153006076813e-02 -5.149054341018199921e-03 -5.604600301012396812e-05 -7.475347374565899372e-04 -1.729951057432682401e-19 0.000000000000000000e+00 0.000000000000000000e+00 
1.256420634199173492e-09 4.211216708682741228e-09 1.284992112715599433e-09 2.643911633640527725e-03 7.971912907578371232e-09 6.190996941768389661e-07 1.157909323978856264e-08 4.717509796137164813e-07 7.003476377576589584e-03 3.307031467556953430e-03 2.207572199404239655e-02 5.493774637579917908e-02 7.525134831666946411e-02 1.946355402469635010e-01 2.219945043325424194e-01 1.692559868097305298e-01 1.234711855649948120e-01 3.661468252539634705e-02 6.381665356457233429e-03 1.455934369005262852e-03 2.779227215796709061e-03 2.712300384288823807e-09 0.000000000000000000e+00 0.000000000000000000e+00 
2.682247598941728262e-13 1.939333676287402497e-12 2.746262960963419264e-13 1.681215246208012104e-03 4.447815379893249599e-12 5.891676035929549471e-09 8.528100968463458997e-12 3.371776635674450517e-09 6.089277565479278564e-03 2.214319771155714989e-03 1.997285708785057068e-02 4.507549479603767395e-02 5.477633699774742126e-02 6.352703273296356201e-02 3.594385634642094374e-04 -7.611686736345291138e-02 -7.712731510400772095e-02 -2.885399200022220612e-02 -5.702049471437931061e-03 -4.641021951101720333e-04 -1.792605849914252758e-03 -8.501872708448210414e-13 0.000000000000000000e+00 0.000000000000000000e+00 
8.052879872400562147e-17 1.135336810357417698e-15 7.360290148188282627e-17 1.076211803592741489e-03 3.023074564794227606e-15 5.721105186817787569e-11 8.027037320696307071e-15 2.583165278902121997e-11 5.629702005535364151e-03 1.545899198390543461e-03 1.882327161729335785e-02 4.069150984287261963e-02 4.727594926953315735e-02 6.210172921419143677e-02 5.334252491593360901e-02 6.529184430837631226e-02 6.545776873826980591e-02 2.594756521284580231e-02 5.405995529145002365e-03 1.623911375645548105e-04 1.171821495518088341e-03 3.513205732799955412e-16 0.000000000000000000e+00 0.000000000000000000e+00 
2.665928151015395578e-20 7.068937139355797810e-19 2.037951855452030290e-20 6.888952339068055153e-04 2.181995542820714527e-18 5.559990944210835284e-13 7.958001098087872299e-18 2.020053910386718221e-13 5.322847981005907059e-03 1.082708477042615414e-03 1.786746643483638763e-02 3.663871809840202332e-02 4.035638645291328430e-02 3.413531929254531860e-02 3.260925295762717724e-04 -4.411372914910316467e-02 -5.238375440239906311e-02 -2.378053963184356689e-02 -5.167307797819375992e-03 -5.934419823461212218e-05 -7.662076386623084545e-04 -1.616542010512248079e-19 0.000000000000000000e+00 0.000000000000000000e+00 
1.202729693616788609e-09 4.027168376552481277e-09 1.214662259663157329e-09 2.558170352131128311e-03 7.528047518690073048e-09 5.769834388047456741e-07 1.094632384734950392e-08 4.338341454968031030e-07 6.944993976503610611e-03 3.244735766202211380e-03 2.200995944440364838e-02 5.477434396743774414e-02 7.495735585689544678e-02 1.945482194423675537e-01 2.220521867275238037e-01 1.697082072496414185e-01 1.237679496407508850e-01 3.686462715268135071e-02 6.406600121408700943e-03 1.509938156232237816e-03 2.833669772371649742e-03 2.652690067606044977e-09 0.000000000000000000e+00 0.000000000000000000e+00 
2.511072675747544336e-13 1.816261334039448450e-12 2.508129608950332434e-13 1.600109855644404888e-03 4.062712406077695348e-12 5.299545691173079831e-09 7.792817606488977589e-12 2.967693868427545567e-09 6.047554314136505127e-03 2.159327268600463867e-03 1.991187222301959991e-02 4.496577009558677673e-02 5.463705211877822876e-02 6.383179128170013428e-02 7.452227291651070118e-04 -7.618812471628189087e-02 -7.724126428365707397e-02 -2.897995896637439728e-02 -5.721300840377807617e-03 -4.909112467430531979e-04 -1.845406251959502697e-03 -8.234163134321348387e-13 0.000000000000000000e+00 0.000000000000000000e+00 
7.374131195942009928e-17 1.040927153331163823e-15 6.505584273571940403e-17 1.007549581117928028e-03 2.670706952912307343e-15 4.967530553567911511e-11 7.097993796455898119e-15 2.177001114100907131e-11 5.597449839115142822e-03 1.495611621066927910e-03 1.876724325120449066e-02 4.058503359556198120e-02 4.715625569224357605e-02 6.223469600081443787e-02 5.337775126099586487e-02 6.539134681224822998e-02 6.555539369583129883e-02 2.602166682481765747e-02 5.427202209830284119e-03 1.752312091412022710e-04 1.218058983795344830e-03 3.367600239771349150e-16 0.000000000000000000e+00 0.000000000000000000e+00 
2.387519190110506731e-20 6.343138884604566281e-19 1.742682304100411155e-20 6.344012217596173286e-04 1.863832100730768175e-18 4.660142172326076082e-13 6.812483749106568412e-18 1.630461987211367925e-13 5.294475238770246506e-03 1.038933289237320423e-03 1.781946793198585510e-02 3.654076531529426575e-02 4.026674106717109680e-02 3.433088213205337524e-02 5.094900261610746384e-04 -4.412520676851272583e-02 -5.244088917970657349e-02 -2.382228337228298187e-02 -5.191942211240530014e-03 -6.532559200422838330e-05 -8.041827823035418987e-04 -1.533696253249882438e-19 0.000000000000000000e+00 0.000000000000000000e+00 
1.174148778204653354e-09 3.941207360469434207e-09 1.173570796098033497e-09 2.562113339081406593e-03 7.321743655808177209e-09 5.675909733326989226e-07 1.063654497812649424e-08 4.225323095852218103e-07 6.945799570530653000e-03 3.261176170781254768e-03 2.203374542295932770e-02 5.481259152293205261e-02 7.504890859127044678e-02 1.946688443422317505e-01 2.221374958753585815e-01 1.696584969758987427e-01 1.236839070916175842e-01 3.675064817070960999e-02 6.392969749867916107e-03 1.476241392083466053e-03 2.786302706226706505e-03 2.539186194638887173e-09 0.000000000000000000e+00 0.000000000000000000e+00 
2.431258319668394563e-13 1.766332414533666739e-12 2.375484249410309001e-13 1.603817334398627281e-03 3.895973821332887610e-12 5.171802097692079769e-09 7.450443040291077068e-12 2.850249591901388158e-09 6.052282638847827911e-03 2.177286893129348755e-03 1.993761584162712097e-02 4.501297324895858765e-02 5.471944063901901245e-02 6.383536756038665771e-02 6.283831316977739334e-04 -7.623300701379776001e-02 -7.724817097187042236e-02 -2.893960475921630859e-02 -5.717743653804063797e-03 -4.761560994666069746e-04 -1.800060039386153221e-03 -7.700937327062562510e-13 0.000000000000000000e+00 0.000000000000000000e+00 
7.078330085404067147e-17 1.004909935985371684e-15 6.041693445118321974e-17 1.010663108900189400e-03 2.523880356011115600e-15 4.808621903440446488e-11 6.675648345878327020e-15 2.061951304144216124e-11 5.605288315564393997e-03 1.512355520389974117e-03 1.879237778484821320e-02 4.063824564218521118e-02 4.724076390266418457e-02 6.226800009608268738e-02 5.340244993567466736e-02 6.542449444532394409e-02 6.557528674602508545e-02 2.601177617907524109e-02 5.425889045000076294e-03 1.686712639639154077e-04 1.178349368274211884e-03 3.079758062564044588e-16 0.000000000000000000e+00 0.000000000000000000e+00 
2.271425198932256243e-20 6.074712054988631807e-19 1.586223353057993420e-20 6.368528702296316624e-04 1.735206549454538063e-18 4.474560370663904774e-13 6.303791660624220430e-18 1.523120415599168997e-13 5.304747726768255234e-03 1.053505693562328815e-03 1.784263737499713898e-02 3.659716993570327759e-02 4.034789279103279114e-02 3.433408960700035095e-02 4.545027913991361856e-04 -4.417389631271362305e-02 -5.247911438345909119e-02 -2.383201569318771362e-02 -5.191096570342779160e-03 -6.239421054488047957e-05 -7.715480751357972622e-04 -1.371823728215731915e-19 0.000000000000000000e+00 0.000000000000000000e+00 
1.113047654044407864e-09 3.725669550647126016e-09 1.098444002423093480e-09 2.431955421343445778e-03 6.817807651771090605e-09 5.150592983227397781e-07 9.923949662038467068e-09 3.775410561956960009e-07 6.859942339360713959e-03 3.160308813676238060e-03 2.192223444581031799e-02 5.454881861805915833e-02 7.456251233816146851e-02 1.944792866706848145e-01 2.221795618534088135e-01 1.703559160232543945e-01 1.241687238216400146e-01 3.719105944037437439e-02 6.437011994421482086e-03 1.576234935782849789e-03 2.892115386202931404e-03 2.511215457801085904e-09 0.000000000000000000e+00 0.000000000000000000e+00 
2.237516134829739545e-13 1.622812669833939569e-12 2.133684532225690877e-13 1.483179163187742233e-03 3.478131194514788582e-12 4.468527325940385708e-09 6.663092386866020789e-12 2.401024712384014492e-09 5.989340133965015411e-03 2.086107851937413216e-03 1.983262412250041962e-02 4.482020437717437744e-02 5.446270108222961426e-02 6.428167223930358887e-02 1.266321749426424503e-03 -7.631672173738479614e-02 -7.741282880306243896e-02 -2.915450185537338257e-02 -5.747703369706869125e-03 -5.256828153505921364e-04 -1.902958145365118980e-03 -7.598216218533682120e-13 0.000000000000000000e+00 0.000000000000000000e+00 
6.327191855690794285e-17 8.973406692114565923e-16 5.220661431494523464e-17 9.105938370339572430e-04 2.160699945041020566e-15 3.957037128521356806e-11 5.732722798665367339e-15 1.638658826685901460e-11 5.553971044719219208e-03 1.429313910193741322e-03 1.869596354663372040e-02 4.044682532548904419e-02 4.701188206672668457e-02 6.244836002588272095e-02 5.344372987747192383e-02 6.555780023336410522e-02 6.570865213871002197e-02 2.613110467791557312e-02 5.457355175167322159e-03 1.925749529618769884e-04 1.268975436687469482e-03 3.027044555278449308e-16 0.000000000000000000e+00 0.000000000000000000e+00 
1.971892274693007842e-20 5.272164364089550451e-19 1.318306338118030105e-20 5.590323125943541527e-04 1.424141661188792086e-18 3.506997481046020271e-13 5.200741350701082707e-18 1.142248594971848052e-13 5.257009528577327728e-03 9.817776735872030258e-04 1.775998063385486603e-02 3.641713410615921021e-02 4.016575589776039124e-02 3.462181985378265381e-02 7.571954629383981228e-04 -4.416801407933235168e-02 -5.254215002059936523e-02 -2.389055676758289337e-02 -5.227270070463418961e-03 -7.367329817498102784e-05 -8.464203565381467342e-04 -1.343190354324326016e-19 0.000000000000000000e+00 0.000000000000000000e+00 
1.094761170605806910e-09 3.678846338672769889e-09 1.070166066874378430e-09 2.472096821293234825e-03 6.706976307668810477e-09 5.175465958018321544e-07 9.746906393104382005e-09 3.762127676054660697e-07 6.884757429361343384e-03 3.208147361874580383e-03 2.198350057005882263e-02 5.467049404978752136e-02 7.481379061937332153e-02 1.946870982646942139e-01 2.222778052091598511e-01 1.701033264398574829e-01 1.239282414317131042e-01 3.691949695348739624e-02 6.407017353922128677e-03 1.503409119322896004e-03 2.801796654239296913e-03 2.380321273420804573e-09 0.000000000000000000e+00 0.000000000000000000e+00 
2.194292924445617743e-13 1.601389377006712245e-12 2.049099686587604885e-13 1.520056976005434990e-03 3.398695170783727626e-12 4.502801687067403691e-09 6.484500436609863527e-12 2.387777087164977274e-09 6.012838333845138550e-03 2.133005997166037560e-03 1.989419758319854736e-02 4.493422433733940125e-02 5.464053899049758911e-02 6.416683644056320190e-02 9.407988400198519230e-04 -7.635230571031570435e-02 -7.737718522548675537e-02 -2.904048562049865723e-02 -5.734921433031558990e-03 -4.917666665278375149e-04 -1.815616153180599213e-03 -6.999943701936628404e-13 0.000000000000000000e+00 0.000000000000000000e+00 
6.182733695259023574e-17 8.837613546384308696e-16 4.941138573667134225e-17 9.409065241925418377e-04 2.095769152161584478e-15 3.997699393742948359e-11 5.524151946832310187e-15 1.626175236135729563e-11 5.578270647674798965e-03 1.472252071835100651e-03 1.875401660799980164e-02 4.056820645928382874e-02 4.718475788831710815e-02 6.244273111224174500e-02 5.346364155411720276e-02 6.556409597396850586e-02 6.569824367761611938e-02 2.608339861035346985e-02 5.447211675345897675e-03 1.767551002558320761e-04 1.191968098282814026e-03 2.712817566461969308e-16 0.000000000000000000e+00 0.000000000000000000e+00 
1.919324462089122765e-20 5.177811490530806503e-19 1.229090950865708033e-20 5.823902902193367481e-04 1.370695660655362724e-18 3.552118722858349509e-13 4.962416967744448309e-18 1.131218938508517236e-13 5.283472593873739243e-03 1.018775743432343006e-03 1.781146414577960968e-02 3.653949499130249023e-02 4.032136872410774231e-02 3.454840555787086487e-02 6.034386460669338703e-04 -4.423215612769126892e-02 -5.257476866245269775e-02 -2.388562634587287903e-02 -5.216512363404035568e-03 -6.633459997829049826e-05 -7.827116642147302628e-04 -1.171446204161179377e-19 0.000000000000000000e+00 0.000000000000000000e+00 
1.082933187568357880e-09 3.655541869207468153e-09 1.048736764097668583e-09 2.537176012992858887e-03 6.650465067536970309e-09 5.277931336422625463e-07 9.646617726843942364e-09 3.809273891874909168e-07 6.925293244421482086e-03 3.277231007814407349e-03 2.206841483712196350e-02 5.484585836529731750e-02 7.516977190971374512e-02 1.949486136436462402e-01 2.223844230175018311e-01 1.697078049182891846e-01 1.235854774713516235e-01 3.655473887920379639e-02 6.367784459143877029e-03 1.409604097716510296e-03 2.683141501620411873e-03 2.243754737563108392e-09 0.000000000000000000e+00 0.000000000000000000e+00 
2.172996754323114343e-13 1.596241801932185567e-12 1.987247172374750903e-13 1.580479089170694351e-03 3.364257874019505046e-12 4.639619799462479932e-09 6.390158367730602862e-12 2.433050871886166533e-09 6.048310082405805588e-03 2.200067276135087013e-03 1.997930556535720825e-02 4.509003832936286926e-02 5.487789213657379150e-02 6.396802514791488647e-02 4.773129476234316826e-04 -7.637801766395568848e-02 -7.731306552886962891e-02 -2.888648957014083862e-02 -5.716286599636077881e-03 -4.486164252739399672e-04 -1.702644163742661476e-03 -6.386972656487188704e-13 0.000000000000000000e+00 0.000000000000000000e+00 
6.124313568189098463e-17 8.823636973359020707e-16 4.739471278582216035e-17 9.911019587889313698e-04 2.069228010034081418e-15 4.160656541518648055e-11 5.414506496425556398e-15 1.667172302988184640e-11 5.612738430500030518e-03 1.534083508886396885e-03 1.883464306592941284e-02 4.073222726583480835e-02 4.741245880722999573e-02 6.240888684988021851e-02 5.348131060600280762e-02 6.555078178644180298e-02 6.566721200942993164e-02 2.601706422865390778e-02 5.430884193629026413e-03 1.569425658090040088e-04 1.094167004339396954e-03 2.400263732414112568e-16 0.000000000000000000e+00 0.000000000000000000e+00 
1.900953620789629645e-20 5.173259412222350623e-19 1.165417026847948141e-20 6.214825552888214588e-04 1.349407340410698003e-18 3.734044865845442818e-13 4.837670686745938758e-18 1.166882617007619638e-13 5.319696851074695587e-03 1.072516199201345444e-03 1.788320764899253845e-02 3.670314699411392212e-02 4.052288830280303955e-02 3.442183881998062134e-02 3.839961136691272259e-04 -4.430566728115081787e-02 -5.260198563337326050e-02 -2.387503720819950104e-02 -5.198595579713582993e-03 -5.731372220907360315e-05 -7.032779976725578308e-04 -1.005383944700962413e-19 0.000000000000000000e+00 0.000000000000000000e+00 
1.077052669273825813e-09 3.659722525028996643e-09 1.035541430383091210e-09 2.638357458636164665e-03 6.667574936614073522e-09 5.492272521223640069e-07 9.625769514798321325e-09 3.939059922686283244e-07 6.988633889704942703e-03 3.376550506800413132e-03 2.218798547983169556e-02 5.509783700108528137e-02 7.567614316940307617e-02 1.952903419733047485e-01 2.225074321031570435e-01 1.691052168607711792e-01 1.230966597795486450e-01 3.606294840574264526e-02 6.315545178949832916e-03 1.287345774471759796e-03 2.522424329072237015e-03 2.094432849375493788e-09 0.000000000000000000e+00 0.000000000000000000e+00 
2.172446250670034829e-13 1.610973832631701352e-12 1.951983090138845189e-13 1.675963401794433594e-03 3.393637584489517245e-12 4.928504715451254015e-09 6.383313582575267375e-12 2.559678025093603537e-09 6.101015489548444748e-03 2.296210732311010361e-03 2.009969577193260193e-02 4.530416056513786316e-02 5.519870668649673462e-02 6.364970654249191284e-02 -1.828376261983066797e-04 -7.639173418283462524e-02 -7.720890641212463379e-02 -2.868097275495529175e-02 -5.688990000635385513e-03 -3.936702269129455090e-04 -1.553089008666574955e-03 -5.746809820551812553e-13 0.000000000000000000e+00 0.000000000000000000e+00 
6.149009872557481657e-17 8.960968013284136523e-16 4.625409027811563901e-17 1.071731210686266422e-03 2.098146138369816859e-15 4.509856030288084128e-11 5.406574456390993502e-15 1.783807823674266047e-11 5.661469884216785431e-03 1.623674645088613033e-03 1.894983462989330292e-02 4.095565900206565857e-02 4.771669581532478333e-02 6.233657151460647583e-02 5.349796265363693237e-02 6.551246345043182373e-02 6.560710817575454712e-02 2.592823095619678497e-02 5.405131261795759201e-03 1.323727919952943921e-04 9.679803042672574520e-04 2.082633524034242399e-16 0.000000000000000000e+00 0.000000000000000000e+00 
1.916046112677027836e-20 5.280938165449323846e-19 1.129468435972989793e-20 6.853120867162942886e-04 1.374960707291262703e-18 4.129843168831914824e-13 4.828183338710261807e-18 1.269772725550136205e-13 5.369245074689388275e-03 1.151329721324145794e-03 1.798663660883903503e-02 3.692439198493957520e-02 4.078831896185874939e-02 3.422061726450920105e-02 7.040215859888121486e-05 -4.439602047204971313e-02 -5.262132361531257629e-02 -2.385885454714298248e-02 -5.169689655303955078e-03 -4.644944056053645909e-05 -6.034024409018456936e-04 -8.417028021821617670e-20 0.000000000000000000e+00 0.000000000000000000e+00 
1.053523379646037483e-09 3.590204356029857991e-09 1.003114702413654413e-09 2.653121482580900192e-03 6.507882677198040255e-09 5.436381798062939197e-07 9.377119525311172765e-09 3.863560777972452343e-07 6.996504962444305420e-03 3.401291789487004280e-03 2.222231775522232056e-02 5.515840649604797363e-02 7.581376284360885620e-02 1.954332739114761353e-01 2.225968837738037109e-01 1.689842492341995239e-01 1.229690685868263245e-01 3.591151908040046692e-02 6.298996508121490479e-03 1.246200059540569782e-03 2.460157731547951698e-03 1.998957888105223901e-09 0.000000000000000000e+00 0.000000000000000000e+00 
2.110427717999519004e-13 1.572489317577807633e-12 1.857325057641467936e-13 1.690056873485445976e-03 3.273850157983759779e-12 4.854717960967036561e-09 6.127787079840407714e-12 2.484722205764455794e-09 6.110777147114276886e-03 2.322251442819833755e-03 2.013646997511386871e-02 4.536763951182365417e-02 5.530542135238647461e-02 6.361760199069976807e-02 -3.632342268247157335e-04 -7.643013447523117065e-02 -7.720349729061126709e-02 -2.862711437046527863e-02 -5.683109164237976074e-03 -3.763342974707484245e-04 -1.496420940384268761e-03 -5.350661320263627729e-13 0.000000000000000000e+00 0.000000000000000000e+00 
5.929405331325473573e-17 8.693058374210297767e-16 4.323532110238296621e-17 1.083764713257551193e-03 1.999276429359795465e-15 4.420155561013494605e-11 5.112600660618074264e-15 1.713734015806878119e-11 5.673237610608339310e-03 1.648335717618465424e-03 1.898603141307830811e-02 4.102525860071182251e-02 4.782312735915184021e-02 6.235784292221069336e-02 5.352192744612693787e-02 6.553586572408676147e-02 6.561757624149322510e-02 2.591353468596935272e-02 5.400924943387508392e-03 1.249947381438687444e-04 9.211947326548397541e-04 1.892682944541117327e-16 0.000000000000000000e+00 0.000000000000000000e+00 
1.833446958634779566e-20 5.088010178292635591e-19 1.036712893413525491e-20 6.949439411982893944e-04 1.293616282840680807e-18 4.027433768427624017e-13 4.497985659478587732e-18 1.207448854442794151e-13 5.383041221648454666e-03 1.173235708847641945e-03 1.802015304565429688e-02 3.699658438563346863e-02 4.088746383786201477e-02 3.420152887701988220e-02 -1.521360809420002624e-05 -4.444894567131996155e-02 -5.265582352876663208e-02 -2.386850304901599884e-02 -5.165335722267627716e-03 -4.331488162279129028e-05 -5.671709077432751656e-04 -7.468352025625596270e-20 0.000000000000000000e+00 0.000000000000000000e+00 
9.990899219047832958e-10 3.394341252516142049e-09 9.393481548158888472e-10 2.516835462301969528e-03 6.059600821117783198e-09 4.926682208861166146e-07 8.749251989570439036e-09 3.446803589213232044e-07 6.908867042511701584e-03 3.296571550890803337e-03 2.210941165685653687e-02 5.489109084010124207e-02 7.531706988811492920e-02 1.952416449785232544e-01 2.226302325725555420e-01 1.697145551443099976e-01 1.234699487686157227e-01 3.633181750774383545e-02 6.340928375720977783e-03 1.337771071121096611e-03 2.568775322288274765e-03 1.979266084362052425e-09 0.000000000000000000e+00 0.000000000000000000e+00 
1.943376964344198377e-13 1.444743088184485824e-12 1.669845766652175434e-13 1.561531331390142441e-03 2.922059079077388155e-12 4.185994662009306921e-09 5.479275887176893178e-12 2.087857664534453761e-09 6.047233473509550095e-03 2.225614618510007858e-03 2.002715878188610077e-02 4.517409577965736389e-02 5.504935234785079956e-02 6.408727914094924927e-02 2.871518663596361876e-04 -7.651828229427337646e-02 -7.737004756927490234e-02 -2.882161550223827362e-02 -5.713539663702249527e-03 -4.189905303064733744e-04 -1.596208196133375168e-03 -5.278841599953842945e-13 0.000000000000000000e+00 0.000000000000000000e+00 
5.304176233115837308e-17 7.761795411889845734e-16 3.741579116443964636e-17 9.752908372320234776e-04 1.710756361096891446e-15 3.627441749753934630e-11 4.388285846761976958e-15 1.357203238683268864e-11 5.622294265776872635e-03 1.558402203954756260e-03 1.888273097574710846e-02 4.083263501524925232e-02 4.759525880217552185e-02 6.254523992538452148e-02 5.355793982744216919e-02 6.567034125328063965e-02 6.575060635805130005e-02 2.601666375994682312e-02 5.434238351881504059e-03 1.443584333173930645e-04 1.003980403766036034e-03 1.860545058684411079e-16 0.000000000000000000e+00 0.000000000000000000e+00 
1.593186210487643886e-20 4.415102368895927497e-19 8.634049033723848004e-21 6.091141840443015099e-04 1.060817052785594358e-18 3.145790919423241405e-13 3.707796563918931454e-18 9.015229155643483816e-14 5.336343310773372650e-03 1.093859784305095673e-03 1.792888902127742767e-02 3.681484237313270569e-02 4.070643708109855652e-02 3.450058028101921082e-02 2.948219480458647013e-04 -4.443911835551261902e-02 -5.271793156862258911e-02 -2.391600236296653748e-02 -5.204087123274803162e-03 -5.189382500248029828e-05 -6.315832724794745445e-04 -7.313529018114958214e-20 0.000000000000000000e+00 0.000000000000000000e+00 
9.668058575940108312e-10 3.287309313648734133e-09 8.997694811441192542e-10 2.480020048096776009e-03 5.819629222969524562e-09 4.729874660824862076e-07 8.401264572910349671e-09 3.271169362051296048e-07 6.884694099426269531e-03 3.277051961049437523e-03 2.209312468767166138e-02 5.484000220894813538e-02 7.523816823959350586e-02 1.952708959579467773e-01 2.226997762918472290e-01 1.698850095272064209e-01 1.235582157969474792e-01 3.637679293751716614e-02 6.344247143715620041e-03 1.342266914434731007e-03 2.565383911132812500e-03 1.913353919746896281e-09 0.000000000000000000e+00 0.000000000000000000e+00 
1.852531799836909521e-13 1.380494351645167317e-12 1.558914672697420123e-13 1.527400105260312557e-03 2.745028813630479014e-12 3.937482784266421731e-09 5.137683681266658198e-12 1.927698223269658229e-09 6.032508332282304764e-03 2.209484111517667770e-03 2.001354098320007324e-02 4.514929279685020447e-02 5.503191053867340088e-02 6.422645598649978638e-02 3.921488823834806681e-04 -7.657377421855926514e-02 -7.742406427860260010e-02 -2.885279245674610138e-02 -5.719866137951612473e-03 -4.222970455884933472e-04 -1.593251596204936504e-03 -5.017069659024597783e-13 0.000000000000000000e+00 0.000000000000000000e+00 
4.980194402597192958e-17 7.312596369906353144e-16 3.408033423682982181e-17 9.469718788750469685e-04 1.571624529125912988e-15 3.343175736247872010e-11 4.019304318894374034e-15 1.219367662397274898e-11 5.612981040030717850e-03 1.543668447993695736e-03 1.887079700827598572e-02 4.081214964389801025e-02 4.758730903267860413e-02 6.262344121932983398e-02 5.358597636222839355e-02 6.573195010423660278e-02 6.580357998609542847e-02 2.604190818965435028e-02 5.442614201456308365e-03 1.461852516513317823e-04 1.001508790068328381e-03 1.738890348681706218e-16 0.000000000000000000e+00 0.000000000000000000e+00 
1.473064075908458898e-20 4.099576133695165050e-19 7.670705929732782343e-21 5.870868917554616928e-04 9.527243990596149133e-19 2.840719467381985774e-13 3.318022855429350666e-18 7.882911445995788302e-14 5.329598207026720047e-03 1.080976333469152451e-03 1.791935972869396210e-02 3.679987043142318726e-02 4.070973396301269531e-02 3.459023684263229370e-02 3.451303928159177303e-04 -4.447070881724357605e-02 -5.276241153478622437e-02 -2.393791265785694122e-02 -5.214191507548093796e-03 -5.279128527035936713e-05 -6.296405335888266563e-04 -6.722488437165359672e-20 0.000000000000000000e+00 0.000000000000000000e+00 
9.281710400266263150e-10 3.152309302478784048e-09 8.536087947597081893e-10 2.397140255197882652e-03 5.511925582624144226e-09 4.423316397605958628e-07 7.975235583046469401e-09 3.020446968093892792e-07 6.832694169133901596e-03 3.218933939933776855e-03 2.203069813549518585e-02 5.468806251883506775e-02 7.496324181556701660e-02 1.951959282159805298e-01 2.227495610713958740e-01 1.703101992607116699e-01 1.238365918397903442e-01 3.660452738404273987e-02 6.365816108882427216e-03 1.389715587720274925e-03 2.615357050672173500e-03 1.872204391517584554e-09 0.000000000000000000e+00 0.000000000000000000e+00 
1.741691372288828310e-13 1.297892132309796942e-12 1.431958528532242814e-13 1.451484626159071922e-03 2.519020799243709696e-12 3.559797567831424203e-09 4.727330506215654538e-12 1.706994434691466722e-09 5.996403284370899200e-03 2.156695816665887833e-03 1.995458640158176422e-02 4.504212737083435059e-02 5.489669740200042725e-02 6.451226770877838135e-02 7.529685972258448601e-04 -7.664212584495544434e-02 -7.752761989831924438e-02 -2.896524779498577118e-02 -5.737082101404666901e-03 -4.456636379472911358e-04 -1.639927038922905922e-03 -4.868634792196124828e-13 0.000000000000000000e+00 0.000000000000000000e+00 
4.585350325106845877e-17 6.738025334421791392e-16 3.036806014425514082e-17 8.847414283081889153e-04 1.397253267812958652e-15 2.922520905834780081e-11 3.587706727433944212e-15 1.035944333788174632e-11 5.584800615906715393e-03 1.495168893598020077e-03 1.881628297269344330e-02 4.070740193128585815e-02 4.746994748711585999e-02 6.274988502264022827e-02 5.361792817711830139e-02 6.582641601562500000e-02 6.589058041572570801e-02 2.610636129975318909e-02 5.462010856717824936e-03 1.572787296026945114e-04 1.040813163854181767e-03 1.670474306391894303e-16 0.000000000000000000e+00 0.000000000000000000e+00 
1.327959228904968498e-20 3.701396460724455541e-19 6.629241513779121926e-21 5.392641178332269192e-04 8.202918524116860604e-19 2.401181196150931063e-13 2.874059924625961620e-18 6.426702567471562211e-14 5.304000806063413620e-03 1.038734219036996365e-03 1.787240430712699890e-02 3.670329973101615906e-02 4.062032699584960938e-02 3.477415442466735840e-02 5.169738433323800564e-04 -4.448248073458671570e-02 -5.281129106879234314e-02 -2.397258020937442780e-02 -5.236907862126827240e-03 -5.790005161543376744e-05 -6.606782553717494011e-04 -6.394200485323523256e-20 0.000000000000000000e+00 0.000000000000000000e+00 
8.606328427696041672e-10 2.903288942590620536e-09 7.811968294468840668e-10 2.157513517886400223e-03 4.966612010548487888e-09 3.763292681924212957e-07 7.220471331947919680e-09 2.524106434975692537e-07 6.687237881124019623e-03 3.026240039616823196e-03 2.180658280849456787e-02 5.418270826339721680e-02 7.401501387357711792e-02 1.947675347328186035e-01 2.227479517459869385e-01 1.715951263904571533e-01 1.247722432017326355e-01 3.749877959489822388e-02 6.451393477618694305e-03 1.595890964381396770e-03 2.847881754860281944e-03 1.900716473102193049e-09 0.000000000000000000e+00 0.000000000000000000e+00 
1.542520045071452128e-13 1.142629285459662025e-12 1.237852458339447348e-13 1.239380566403269768e-03 2.130450113199677808e-12 2.789986242035524810e-09 4.023635591376972798e-12 1.298271712357745855e-09 5.887548439204692841e-03 1.977575477212667465e-03 1.974047347903251648e-02 4.463962092995643616e-02 5.434637889266014099e-02 6.528382748365402222e-02 1.998575869947671890e-03 -7.675827294588088989e-02 -7.780805230140686035e-02 -2.938915602862834930e-02 -5.790689960122108459e-03 -5.474152858369052410e-04 -1.862033037468791008e-03 -4.996772852254582897e-13 0.000000000000000000e+00 0.000000000000000000e+00 
3.882932040856211281e-17 5.675279035885830419e-16 2.490627424071242970e-17 7.167034200392663479e-04 1.109983314301083573e-15 2.111621988376555237e-11 2.879400836280953183e-15 7.179067670198824302e-12 5.490187555551528931e-03 1.332826679572463036e-03 1.862000115215778351e-02 4.030159488320350647e-02 4.696627333760261536e-02 6.304027140140533447e-02 5.367310345172882080e-02 6.604271382093429565e-02 6.610139459371566772e-02 2.632917463779449463e-02 5.516927689313888550e-03 2.066569722956046462e-04 1.232827082276344299e-03 1.732796608370701570e-16 0.000000000000000000e+00 0.000000000000000000e+00 
1.075290529231467319e-20 2.984193388019474238e-19 5.159028141368416577e-21 4.144339472986757755e-04 6.118043911377222162e-19 1.599530376856714287e-13 2.176457361824518869e-18 4.059772673202163840e-14 5.210014525800943375e-03 8.997976547107100487e-04 1.770436391234397888e-02 3.631658479571342468e-02 4.020338505506515503e-02 3.527622297406196594e-02 1.107502612285315990e-03 -4.443718120455741882e-02 -5.287965759634971619e-02 -2.406575344502925873e-02 -5.299873650074005127e-03 -8.140058343997225165e-05 -8.163946913555264473e-04 -6.700396898696511820e-20 0.000000000000000000e+00 0.000000000000000000e+00 
8.513862392867110884e-10 2.886903827103992626e-09 7.652137812286241569e-10 2.216324675828218460e-03 4.921039131744464612e-09 3.828646981673955452e-07 7.145206204484111367e-09 2.549720647948561236e-07 6.723120342940092087e-03 3.091335296630859375e-03 2.188956178724765778e-02 5.435079336166381836e-02 7.435207813978195190e-02 1.950175017118453979e-01 2.228476405143737793e-01 1.712302118539810181e-01 1.244515180587768555e-01 3.713206574320793152e-02 6.414327770471572876e-03 1.501947175711393356e-03 2.731166314333677292e-03 1.796033766154891964e-09 0.000000000000000000e+00 0.000000000000000000e+00 
1.527527561905051012e-13 1.140422825618436775e-12 1.199713342992653198e-13 1.290404004976153374e-03 2.105869515225955446e-12 2.864539494495943472e-09 3.965362760371959894e-12 1.318201214850489578e-09 5.919636227190494537e-03 2.040374558418989182e-03 1.982200145721435547e-02 4.479420930147171021e-02 5.458051711320877075e-02 6.511739641427993774e-02 1.557571813464164734e-03 -7.678350806236267090e-02 -7.774961739778518677e-02 -2.922818623483181000e-02 -5.773988552391529083e-03 -5.023092380724847317e-04 -1.749730086885392666e-03 -4.586448950662236346e-13 0.000000000000000000e+00 0.000000000000000000e+00 
3.845403187336925437e-17 5.676086893559274208e-16 2.387458976531791699e-17 7.563117542304098606e-04 1.093586238749898014e-15 2.187291146815706355e-11 2.822743861230297101e-15 7.325146565706486257e-12 5.522809922695159912e-03 1.389449927955865860e-03 1.869527064263820648e-02 4.046385735273361206e-02 4.719169065356254578e-02 6.301584094762802124e-02 5.368664488196372986e-02 6.602861732244491577e-02 6.607408821582794189e-02 2.625632844865322113e-02 5.502874031662940979e-03 1.849315594881772995e-04 1.134738442488014698e-03 1.544159459341412697e-16 0.000000000000000000e+00 0.000000000000000000e+00 
1.064502284586185879e-20 2.987952665409586326e-19 4.889240841982902457e-21 4.432585265021771193e-04 6.005478588681591928e-19 1.671506764380423227e-13 2.122275170545917312e-18 4.162880299805535311e-14 5.245545413345098495e-03 9.478231077082455158e-04 1.776960492134094238e-02 3.647786378860473633e-02 4.040373116731643677e-02 3.516684472560882568e-02 8.992899674922227859e-04 -4.450424760580062866e-02 -5.290822312235832214e-02 -2.405055612325668335e-02 -5.284614395350217819e-03 -7.101487426552921534e-05 -7.360262679867446423e-04 -5.800129709145595693e-20 0.000000000000000000e+00 0.000000000000000000e+00 
8.482892721595192143e-10 2.893309369866869929e-09 7.551433922614592120e-10 2.310856711119413376e-03 4.930145180992440146e-09 3.977752953687740956e-07 7.138698965292178400e-09 2.632450559758581221e-07 6.779522635042667389e-03 3.185661509633064270e-03 2.200649678707122803e-02 5.459224432706832886e-02 7.483357936143875122e-02 1.953389346599578857e-01 2.229605466127395630e-01 1.706673055887222290e-01 1.239834576845169067e-01 3.663527593016624451e-02 6.365077570080757141e-03 1.379259163513779640e-03 2.573571866378188133e-03 1.682984640538620624e-09 0.000000000000000000e+00 0.000000000000000000e+00 
1.531754324074485751e-13 1.152675285949478212e-12 1.177546151949829256e-13 1.373841078020632267e-03 2.120104222388952131e-12 3.035772300208350316e-09 3.969964981753726363e-12 1.383546832656179504e-09 5.967164877802133560e-03 2.131358254700899124e-03 1.993760466575622559e-02 4.500799998641014099e-02 5.489954724907875061e-02 6.483709067106246948e-02 9.289059089496731758e-04 -7.679474353790283203e-02 -7.765149325132369995e-02 -2.901230193674564362e-02 -5.749489180743694305e-03 -4.445263766683638096e-04 -1.601531403139233589e-03 -4.144317538885139429e-13 0.000000000000000000e+00 0.000000000000000000e+00 
3.876068427005491279e-17 5.774818112682419523e-16 2.328421276416534497e-17 8.222081814892590046e-04 1.105139768150446671e-15 2.363485102074847077e-11 2.827314451013681305e-15 7.812884020297339305e-12 5.568859633058309555e-03 1.472422154620289803e-03 1.880314573645591736e-02 4.068654403090476990e-02 4.749574884772300720e-02 6.295246630907058716e-02 5.369672551751136780e-02 6.598687916994094849e-02 6.601953506469726562e-02 2.615874633193016052e-02 5.480456631630659103e-03 1.577419898239895701e-04 1.008475897833704948e-03 1.347770105960174858e-16 0.000000000000000000e+00 0.000000000000000000e+00 
1.078045509191537730e-20 3.056676640158081825e-19 4.735753601914566829e-21 4.920489154756069183e-04 6.089262161963439564e-19 1.841490149387045583e-13 2.126427617220933511e-18 4.512014066949780744e-14 5.294417962431907654e-03 1.019072718918323517e-03 1.786396838724613190e-02 3.669749200344085693e-02 4.067049548029899597e-02 3.498487547039985657e-02 6.013889214955270290e-04 -4.458387568593025208e-02 -5.293179675936698914e-02 -2.402896620333194733e-02 -5.259603261947631836e-03 -5.835950651089660823e-05 -6.351214251480996609e-04 -4.891508641642747544e-20 0.000000000000000000e+00 0.000000000000000000e+00 
8.255108263632848775e-10 2.820008448978228444e-09 7.272153434989547804e-10 2.292456571012735367e-03 4.770168704482102839e-09 3.868054818667587824e-07 6.903952520787015601e-09 2.532239022912108339e-07 6.768160965293645859e-03 3.183129243552684784e-03 2.200856059789657593e-02 5.458095669746398926e-02 7.483142614364624023e-02 1.954055130481719971e-01 2.230313569307327271e-01 1.707312762737274170e-01 1.239894106984138489e-01 3.660677373409271240e-02 6.361252162605524063e-03 1.367138116620481014e-03 2.548358170315623283e-03 1.621664358353314128e-09 0.000000000000000000e+00 0.000000000000000000e+00 
1.474538671502809151e-13 1.112966056121544867e-12 1.109212344912492709e-13 1.357469474896788597e-03 2.015668881805154911e-12 2.911289431750674339e-09 3.766679242817039253e-12 1.303641194994042962e-09 5.962251685559749603e-03 2.130858134478330612e-03 1.994173415005207062e-02 4.501255229115486145e-02 5.492370575666427612e-02 6.491134315729141235e-02 9.335986105725169182e-04 -7.684143632650375366e-02 -7.767999172210693359e-02 -2.901011332869529724e-02 -5.751311779022216797e-03 -4.400373436510562897e-04 -1.578335883095860481e-03 -3.919562699579437481e-13 0.000000000000000000e+00 0.000000000000000000e+00 
3.689352586928591575e-17 5.518411181032294166e-16 2.147080455960004368e-17 8.091701311059296131e-04 1.031943733650821527e-15 2.235173678089008575e-11 2.631498433058616221e-15 7.212028717284990620e-12 5.567676853388547897e-03 1.472115633077919483e-03 1.880786567926406860e-02 4.069570451974868774e-02 4.752556979656219482e-02 6.300754100084304810e-02 5.372083932161331177e-02 6.603202223777770996e-02 6.605309247970581055e-02 2.616700530052185059e-02 5.484173540025949478e-03 1.559626398375257850e-04 9.890579385682940483e-04 1.250622573750599068e-16 0.000000000000000000e+00 0.000000000000000000e+00 
1.014296460372051830e-20 2.889362559163039494e-19 4.273833006527654900e-21 4.823150520678609610e-04 5.581917654096517033e-19 1.717385727986048272e-13 1.941760165853929497e-18 4.080976618377370191e-14 5.295226350426673889e-03 1.018820446915924549e-03 1.786906272172927856e-02 3.671098500490188599e-02 4.070479795336723328e-02 3.503324836492538452e-02 6.038955179974436760e-04 -4.462049528956413269e-02 -5.296903848648071289e-02 -2.404404059052467346e-02 -5.264361388981342316e-03 -5.762002547271549702e-05 -6.198724149726331234e-04 -4.454194730774727518e-20 0.000000000000000000e+00 0.000000000000000000e+00 
7.932257628517902504e-10 2.702977397461836517e-09 6.913497552218927922e-10 2.218715846538543701e-03 4.533769359937878107e-09 3.636280894170340616e-07 6.563811716375766991e-09 2.350603267586848233e-07 6.724375765770673752e-03 3.132856450974941254e-03 2.195444144308567047e-02 5.444869026541709900e-02 7.459768652915954590e-02 1.953539550304412842e-01 2.230842113494873047e-01 1.710997819900512695e-01 1.242253705859184265e-01 3.679858893156051636e-02 6.378183607012033463e-03 1.405799412168562412e-03 2.586530754342675209e-03 1.581605957312604005e-09 0.000000000000000000e+00 0.000000000000000000e+00 
1.388661456875120437e-13 1.044834574762121271e-12 1.022453606155937500e-13 1.292505650781095028e-03 1.861419655566076692e-12 2.652912556300179858e-09 3.474909379339030657e-12 1.163466323284012560e-09 5.932520609349012375e-03 2.084929496049880981e-03 1.989097148180007935e-02 4.491663724184036255e-02 5.480775982141494751e-02 6.515859067440032959e-02 1.242531579919159412e-03 -7.690755277872085571e-02 -7.777055352926254272e-02 -2.910741232335567474e-02 -5.765558220446109772e-03 -4.597478255163878202e-04 -1.613911008462309837e-03 -3.775919193201721091e-13 0.000000000000000000e+00 0.000000000000000000e+00 
3.405110829142709824e-17 5.072879791710412697e-16 1.922313315088930327e-17 7.579544908367097378e-04 9.257859414043873199e-16 1.974635212287356723e-11 2.357314715065346455e-15 6.190762312507924747e-12 5.544187966734170914e-03 1.430286094546318054e-03 1.876153238117694855e-02 4.060243442654609680e-02 4.742518812417984009e-02 6.312169879674911499e-02 5.375233665108680725e-02 6.612068414688110352e-02 6.612993031740188599e-02 2.622397989034652710e-02 5.500516388565301895e-03 1.655867090448737144e-04 1.018891576677560806e-03 1.190491837173914295e-16 0.000000000000000000e+00 0.000000000000000000e+00 
9.172991130131957279e-21 2.600647574060593480e-19 3.716144848708205940e-21 4.444622900336980820e-04 4.862577611977793267e-19 1.470910795508401092e-13 1.689467804278571536e-18 3.370062204560014818e-14 5.273283924907445908e-03 9.827897883951663971e-04 1.782977208495140076e-02 3.662575781345367432e-02 4.062894731760025024e-02 3.519392758607864380e-02 7.509358692914247513e-04 -4.463795945048332214e-02 -5.301379039883613586e-02 -2.407550252974033356e-02 -5.283603910356760025e-03 -6.215889152372255921e-05 -6.433317321352660656e-04 -4.189574806057612286e-20 0.000000000000000000e+00 0.000000000000000000e+00 
7.390839051879538601e-10 2.503041329759980727e-09 6.361615678684984232e-10 1.997031504288315773e-03 4.115742857635495966e-09 3.128641878902271856e-07 5.980350881173990274e-09 1.991746785279246978e-07 6.595206446945667267e-03 2.954427152872085571e-03 2.174474857747554779e-02 5.397483706474304199e-02 7.371809333562850952e-02 1.949668079614639282e-01 2.230823487043380737e-01 1.722773462533950806e-01 1.250880360603332520e-01 3.763606026768684387e-02 6.455110386013984680e-03 1.597654540091753006e-03 2.801736351102590561e-03 1.600959920189382046e-09 0.000000000000000000e+00 0.000000000000000000e+00 
1.240278631750926785e-13 9.280002981337798218e-13 8.920098546524174443e-14 1.103720045648515224e-03 1.593860026599669411e-12 2.114735497826814026e-09 2.988090460828707329e-12 9.036159598352355715e-10 5.835629999637603760e-03 1.918359776027500629e-03 1.969155110418796539e-02 4.452850669622421265e-02 5.428233370184898376e-02 6.585535407066345215e-02 2.395217539742588997e-03 -7.701584696769714355e-02 -7.802556455135345459e-02 -2.950794249773025513e-02 -5.813274532556533813e-03 -5.560207064263522625e-04 -1.818318734876811504e-03 -3.864569796986627725e-13 0.000000000000000000e+00 0.000000000000000000e+00 
2.917821708137926411e-17 4.324590239677874454e-16 1.596738665582753868e-17 6.140611949376761913e-04 7.481435447282552831e-16 1.459342369170002485e-11 1.918140837408200544e-15 4.411751779870298762e-12 5.457472056150436401e-03 1.280616153962910175e-03 1.858058571815490723e-02 4.021207988262176514e-02 4.694270342588424683e-02 6.338787078857421875e-02 5.380625650286674500e-02 6.632353365421295166e-02 6.631948798894882202e-02 2.643533237278461456e-02 5.549389403313398361e-03 2.131371875293552876e-04 1.194441574625670910e-03 1.228523351807836363e-16 0.000000000000000000e+00 0.000000000000000000e+00 
7.541538930584499454e-21 2.128840942507451111e-19 2.939495762735505068e-21 3.416218096390366554e-04 3.706335762957162807e-19 1.007903951814360932e-13 1.301561869612135484e-18 2.204515053578354200e-14 5.184617359191179276e-03 8.560119313187897205e-04 1.767659187316894531e-02 3.625486418604850769e-02 4.022756591439247131e-02 3.565150126814842224e-02 1.297176349908113480e-03 -4.460065066814422607e-02 -5.307075381278991699e-02 -2.416328527033329010e-02 -5.339747760444879532e-03 -8.517193055013194680e-05 -7.847476517781615257e-04 -4.358353578348241677e-20 0.000000000000000000e+00 0.000000000000000000e+00 
7.129150048079679891e-10 2.406707944047070669e-09 6.063696211811020476e-10 1.931426464579999447e-03 3.927095537648028767e-09 2.957398237413144670e-07 5.710640404998912345e-09 1.873044936928636162e-07 6.558279972523450851e-03 2.911157440394163132e-03 2.169558778405189514e-02 5.385328084230422974e-02 7.350765913724899292e-02 1.949250847101211548e-01 2.231334596872329712e-01 1.725958138704299927e-01 1.252937614917755127e-01 3.781627491116523743e-02 6.470157764852046967e-03 1.634982763789594173e-03 2.833305159583687782e-03 1.561658136139953967e-09 0.000000000000000000e+00 0.000000000000000000e+00 
1.176145904844064227e-13 8.754473925301486936e-13 8.260126388220587201e-14 1.049784128554165363e-03 1.480770475854875645e-12 1.943062377662840845e-09 2.775835550999916634e-12 8.230334747061363032e-10 5.810271017253398895e-03 1.879334216937422752e-03 1.964695751667022705e-02 4.443575814366340637e-02 5.417004600167274475e-02 6.606767326593399048e-02 2.670025452971458435e-03 -7.707447558641433716e-02 -7.810390740633010864e-02 -2.960457280278205872e-02 -5.825441330671310425e-03 -5.766460672020912170e-04 -1.849115244112908840e-03 -3.717220758633899003e-13 0.000000000000000000e+00 0.000000000000000000e+00 
2.719209191055166553e-17 4.001355849560733020e-16 1.438782737351465362e-17 5.743805668316781521e-04 6.764811163191932538e-16 1.303539307745404940e-11 1.734141881979398610e-15 3.892926345866465354e-12 5.436185747385025024e-03 1.246189465746283531e-03 1.854163035750389099e-02 4.012242332100868225e-02 4.684474691748619080e-02 6.348938494920730591e-02 5.383750796318054199e-02 6.640428304672241211e-02 6.638571619987487793e-02 2.649417333304882050e-02 5.563091021031141281e-03 2.240345347672700882e-04 1.221488928422331810e-03 1.166990908052343732e-16 0.000000000000000000e+00 0.000000000000000000e+00 
6.905270634056430231e-21 1.931724836511830308e-19 2.577097152331904911e-21 3.142539353575557470e-04 3.259574738635448292e-19 8.752392799231401010e-14 1.145396787407024283e-18 1.884786204604631255e-14 5.163507070392370224e-03 8.273580460809171200e-04 1.764512062072753906e-02 3.617342188954353333e-02 4.015254229307174683e-02 3.579219058156013489e-02 1.427518785931169987e-03 -4.461942240595817566e-02 -5.310795828700065613e-02 -2.419675700366497040e-02 -5.355832632631063461e-03 -9.072853572433814406e-05 -8.070226176641881466e-04 -4.087714622205096056e-20 0.000000000000000000e+00 0.000000000000000000e+00 
7.029362647514858509e-10 2.370387441885668522e-09 5.918740497712349224e-10 1.970555167645215988e-03 3.873291021250224730e-09 2.979626003707380733e-07 5.620448995102833578e-09 1.870136401294075768e-07 6.582573521882295609e-03 2.959591569378972054e-03 2.176001109182834625e-02 5.397910252213478088e-02 7.376522570848464966e-02 1.951286643743515015e-01 2.232222408056259155e-01 1.723397970199584961e-01 1.250477284193038940e-01 3.752062842249870300e-02 6.441302597522735596e-03 1.558535150252282619e-03 2.736699534580111504e-03 1.483216882647298007e-09 0.000000000000000000e+00 0.000000000000000000e+00 
1.158201410212528204e-13 8.582180647566384213e-13 7.961768858132448057e-14 1.081849914044141769e-03 1.452989421488193322e-12 1.965908991152787166e-09 2.710781685927310392e-12 8.206933466148313983e-10 5.833506584167480469e-03 1.925970544107258320e-03 1.970962062478065491e-02 4.455596208572387695e-02 5.435815081000328064e-02 6.596280634403228760e-02 2.338703954592347145e-03 -7.710508257150650024e-02 -7.806418836116790771e-02 -2.947346679866313934e-02 -5.813761148601770401e-03 -5.392419989220798016e-04 -1.756134908646345139e-03 -3.435022177724483816e-13 0.000000000000000000e+00 0.000000000000000000e+00 
2.671731174564215402e-17 3.900670631307390441e-16 1.369266892262815193e-17 5.978916888125240803e-04 6.597730737972469593e-16 1.324066897789855091e-11 1.678743703767480826e-15 3.876281240433598896e-12 5.461247172206640244e-03 1.287558814510703087e-03 1.859856024384498596e-02 4.024898260831832886e-02 4.702698439359664917e-02 6.348388642072677612e-02 5.385127291083335876e-02 6.640347838401794434e-02 6.637107580900192261e-02 2.643457427620887756e-02 5.554086063057184219e-03 2.055457298411056399e-04 1.140318810939788818e-03 1.049412544108300192e-16 0.000000000000000000e+00 0.000000000000000000e+00 
6.766941236375058752e-21 1.871824423206832097e-19 2.420859577116508814e-21 3.304145648144185543e-04 3.158147661381785998e-19 8.925062837221442447e-14 1.099122959772312516e-18 1.874197615137594697e-14 5.191702395677566528e-03 8.618287392891943455e-04 1.769370958209037781e-02 3.629973530769348145e-02 4.031616449356079102e-02 3.572174906730651855e-02 1.271424465812742710e-03 -4.467726126313209534e-02 -5.313755944371223450e-02 -2.418480627238750458e-02 -5.346314050257205963e-03 -8.163769962266087532e-05 -7.405552314594388008e-04 -3.578134206368351478e-20 0.000000000000000000e+00 0.000000000000000000e+00 
6.894149140457273006e-10 2.320366787600391945e-09 5.742145647857910262e-10 1.979687949642539024e-03 3.785844082671019351e-09 2.949841473309788853e-07 5.489991128371229934e-09 1.836391589904451394e-07 6.589022930711507797e-03 2.981474855914711952e-03 2.179184183478355408e-02 5.403164774179458618e-02 7.388471066951751709e-02 1.952578723430633545e-01 2.232970744371414185e-01 1.722502857446670532e-01 1.249321550130844116e-01 3.736685961484909058e-02 6.425892468541860580e-03 1.516876509413123131e-03 2.677515847608447075e-03 1.421247786126400570e-09 0.000000000000000000e+00 0.000000000000000000e+00 
1.129873985713548967e-13 8.330271151699153442e-13 7.594309024954587484e-14 1.089382567442953587e-03 1.404281205208413041e-12 1.936998783591548090e-09 2.614207461615336570e-12 7.980365812620959787e-10 5.842525046318769455e-03 1.947871991433203220e-03 1.974168047308921814e-02 4.461302980780601501e-02 5.445677787065505981e-02 6.594913452863693237e-02 2.187078585848212242e-03 -7.714198529720306396e-02 -7.805791497230529785e-02 -2.941084280610084534e-02 -5.809060763567686081e-03 -5.197541322559118271e-04 -1.699963235296308994e-03 -3.219353765775839760e-13 0.000000000000000000e+00 0.000000000000000000e+00 
2.590403273046369253e-17 3.751436925588779586e-16 1.284682380673347774e-17 6.034485413692891598e-04 6.300387233377135934e-16 1.298197833954350955e-11 1.597447810830618029e-15 3.732451847593409866e-12 5.472697317600250244e-03 1.307147671468555927e-03 1.862829364836215973e-02 4.031147807836532593e-02 4.712575301527976990e-02 6.350852549076080322e-02 5.386950448155403137e-02 6.642524898052215576e-02 6.637929379940032959e-02 2.641084231436252594e-02 5.551487207412719727e-03 1.962167734745889902e-04 1.091965707018971443e-03 9.619670463905833648e-17 0.000000000000000000e+00 0.000000000000000000e+00 
6.518390022070996335e-21 1.783145620909289785e-19 2.233646551731381016e-21 3.342576092109084129e-04 2.978112318047502370e-19 8.707654551836502277e-14 1.032052157176792528e-18 1.787191915454938024e-14 5.205388180911540985e-03 8.782516233623027802e-04 1.771971397101879120e-02 3.636452183127403259e-02 4.040860384702682495e-02 3.571221604943275452e-02 1.200101571157574654e-03 -4.472237452864646912e-02 -5.316867679357528687e-02 -2.418676018714904785e-02 -5.343932192772626877e-03 -7.716069376328960061e-05 -7.015140727162361145e-04 -3.208788046223194486e-20 0.000000000000000000e+00 0.000000000000000000e+00 
6.657713269575538106e-10 2.232916074262902839e-09 5.480222942111367956e-10 1.914278604090213776e-03 3.615875376894450710e-09 2.792335180856753141e-07 5.248506518285012135e-09 1.728992344851576490e-07 6.552983541041612625e-03 2.938161604106426239e-03 2.174336090683937073e-02 5.391087755560874939e-02 7.367578148841857910e-02 1.952164322137832642e-01 2.233441472053527832e-01 1.725683659315109253e-01 1.251350343227386475e-01 3.754315525293350220e-02 6.440530065447092056e-03 1.553292851895093918e-03 2.708695828914642334e-03 1.386446846218802875e-09 0.000000000000000000e+00 0.000000000000000000e+00 
1.073196571757875639e-13 7.866420188851197537e-13 7.046671053742223356e-14 1.035843743011355400e-03 1.306547318252748724e-12 1.783547309841537754e-09 2.433084766648163644e-12 7.281793501512368039e-10 5.817951168864965439e-03 1.908417674712836742e-03 1.969722472131252289e-02 4.452058300375938416e-02 5.434489995241165161e-02 6.615941971540451050e-02 2.462679054588079453e-03 -7.719996571540832520e-02 -7.813434302806854248e-02 -2.950395643711090088e-02 -5.820989143103361130e-03 -5.395815824158489704e-04 -1.729722018353641033e-03 -3.103506492595220490e-13 0.000000000000000000e+00 0.000000000000000000e+00 
2.419163485921969165e-17 3.475305508272857761e-16 1.160905389916627861e-17 5.642332835122942924e-04 5.708099445009566422e-16 1.162895387624152121e-11 1.447954224815877714e-15 3.301457848423061670e-12 5.452073644846677780e-03 1.272144145332276821e-03 1.858909800648689270e-02 4.022216796875000000e-02 4.702804610133171082e-02 6.360879540443420410e-02 5.389947071671485901e-02 6.650494039058685303e-02 6.644365191459655762e-02 2.646670676767826080e-02 5.565020255744457245e-03 2.065327716991305351e-04 1.117525505833327770e-03 9.158938141903187700e-17 0.000000000000000000e+00 0.000000000000000000e+00 
5.983869787648351194e-21 1.620451343635356114e-19 1.965615395560408187e-21 3.073296102229505777e-04 2.625578539229000311e-19 7.588395379730036860e-14 9.111840090826612782e-19 1.532599900125070774e-14 5.184873007237911224e-03 8.489653700962662697e-04 1.768773049116134644e-02 3.628345206379890442e-02 4.033354669809341431e-02 3.585133329033851624e-02 1.330897794105112553e-03 -4.474017396569252014e-02 -5.320454388856887817e-02 -2.421787753701210022e-02 -5.359859205782413483e-03 -8.233540575020015240e-05 -7.220992119982838631e-04 -3.017344525148612137e-20 0.000000000000000000e+00 0.000000000000000000e+00 
6.359728299543121466e-10 2.124247888701802367e-09 5.180799123039037113e-10 1.810898771509528160e-03 3.406456672294666532e-09 2.575409041583043290e-07 4.950411636173157603e-09 1.586830791211468750e-07 6.494947709143161774e-03 2.859900472685694695e-03 2.165262214839458466e-02 5.369666963815689087e-02 7.329412549734115601e-02 1.950901299715042114e-01 2.233823090791702271e-01 1.730980575084686279e-01 1.255061775445938110e-01 3.789938613772392273e-02 6.470759864896535873e-03 1.632121275179088116e-03 2.787342527881264687e-03 1.364657498115207090e-09 0.000000000000000000e+00 0.000000000000000000e+00 
1.000044163690198828e-13 7.291701422350305162e-13 6.431470346525067217e-14 9.530782699584960938e-04 1.189226234848961283e-12 1.579013031438591952e-09 2.215625469551008031e-12 6.393473528376603099e-10 5.775677971541881561e-03 1.836442970670759678e-03 1.961337402462959290e-02 4.434690251946449280e-02 5.412038043141365051e-02 6.648495048284530640e-02 2.963315695524215698e-03 -7.727023214101791382e-02 -7.825712114572525024e-02 -2.968527749180793762e-02 -5.841157864779233932e-03 -5.817216588184237480e-04 -1.805297448299825191e-03 -3.035142124609147007e-13 0.000000000000000000e+00 0.000000000000000000e+00 
2.199409224999088983e-17 3.139253921476982661e-16 1.025534304822119691e-17 5.049378378316760063e-04 5.020389159969063705e-16 9.885359024408568729e-12 1.274383939033670726e-15 2.774270830424585554e-12 5.413895007222890854e-03 1.208805595524609089e-03 1.851533725857734680e-02 4.005130752921104431e-02 4.682546854019165039e-02 6.375011056661605835e-02 5.393839627504348755e-02 6.661745160818099976e-02 6.654092669486999512e-02 2.656950615346431732e-02 5.586287472397089005e-03 2.284805377712473273e-04 1.183085725642740726e-03 8.893785065677069657e-17 0.000000000000000000e+00 0.000000000000000000e+00 
5.307097509983243262e-21 1.426597948168374159e-19 1.680824239436629060e-21 2.675028517842292786e-04 2.230305889123531848e-19 6.193876927193878168e-14 7.752773555607979937e-19 1.232722877632852140e-14 5.145161412656307220e-03 7.964774849824607372e-04 1.762746833264827728e-02 3.612482920289039612e-02 4.016933590173721313e-02 3.606824204325675964e-02 1.567783067002892494e-03 -4.474655538797378540e-02 -5.324616283178329468e-02 -2.426778152585029602e-02 -5.384490825235843658e-03 -9.346139995614066720e-05 -7.754343678243458271e-04 -2.909127005924228399e-20 0.000000000000000000e+00 0.000000000000000000e+00 
6.139868058419040153e-10 2.044641789211709693e-09 4.954386900735130439e-10 1.757352030836045742e-03 3.261105829821531188e-09 2.449490636990958592e-07 4.738293757355904745e-09 1.498792414622585056e-07 6.465817335993051529e-03 2.825306262820959091e-03 2.161523699760437012e-02 5.359882488846778870e-02 7.313346862792968750e-02 1.950771510601043701e-01 2.234371900558471680e-01 1.733567863702774048e-01 1.256642341613769531e-01 3.803322091698646545e-02 6.480796262621879578e-03 1.658380613662302494e-03 2.805708209052681923e-03 1.326554088798559405e-09 0.000000000000000000e+00 0.000000000000000000e+00 
9.489244378333219765e-14 6.885924664669362816e-13 5.985894424445983852e-14 9.111220715567469597e-04 1.111373037869511915e-12 1.464385723792815952e-09 2.067011926204509464e-12 5.862220153751707130e-10 5.756252445280551910e-03 1.805374864488840103e-03 1.958006992936134338e-02 4.427322372794151306e-02 5.403751134872436523e-02 6.665991991758346558e-02 3.177478909492492676e-03 -7.732655107975006104e-02 -7.832377403974533081e-02 -2.976090833544731140e-02 -5.850256420671939850e-03 -5.971931968815624714e-04 -1.823231345042586327e-03 -2.910691978240398381e-13 0.000000000000000000e+00 0.000000000000000000e+00 
2.050855693354568232e-17 2.908147863961343255e-16 9.304789274486497709e-18 4.755198897328227758e-04 4.579197226315084423e-16 8.940195805884343372e-12 1.159289737435466837e-15 2.469960217257871626e-12 5.397496744990348816e-03 1.181739848107099533e-03 1.848688535392284393e-02 3.998185694217681885e-02 4.675501585006713867e-02 6.384002417325973511e-02 5.396876111626625061e-02 6.669117510318756104e-02 6.659957766532897949e-02 2.661784179508686066e-02 5.596904084086418152e-03 2.370010624872520566e-04 1.198783982545137405e-03 8.411191352701382251e-17 0.000000000000000000e+00 0.000000000000000000e+00 
4.861946305149353382e-21 1.296399848999498315e-19 1.486691957279626724e-21 2.481657720636576414e-04 1.984592275905567112e-19 5.462672686157993285e-14 6.877759156182542054e-19 1.065782509311217693e-14 5.128642078489065170e-03 7.742565358057618141e-04 1.760512962937355042e-02 3.606348857283592224e-02 4.011765494942665100e-02 3.618505224585533142e-02 1.669281162321567535e-03 -4.477084055542945862e-02 -5.328353121876716614e-02 -2.429730258882045746e-02 -5.397065542638301849e-03 -9.793966455617919564e-05 -7.883171783760190010e-04 -2.713519147453324401e-20 0.000000000000000000e+00 0.000000000000000000e+00 
6.026136811776439117e-10 2.004567623004049892e-09 4.817085064168225017e-10 1.770527916960418224e-03 3.196089837231852471e-09 2.434787802485516295e-07 4.637189743306180389e-09 1.476426660929064383e-07 6.475463975220918655e-03 2.851435681805014610e-03 2.165282145142555237e-02 5.366457253694534302e-02 7.327699661254882812e-02 1.952174007892608643e-01 2.235107421875000000e-01 1.732426434755325317e-01 1.255255192518234253e-01 3.785141184926033020e-02 6.463114172220230103e-03 1.610365812666714191e-03 2.740467665717005730e-03 1.270150540300107878e-09 0.000000000000000000e+00 0.000000000000000000e+00 
9.263536525317903059e-14 6.699060793938227398e-13 5.731018822485375863e-14 9.213905432261526585e-04 1.079256259015060060e-12 1.451660458506864870e-09 2.000411338312635401e-12 5.727080476525259201e-10 5.767968948930501938e-03 1.830769237130880356e-03 1.961672678589820862e-02 4.434145241975784302e-02 5.415245145559310913e-02 6.663224101066589355e-02 2.995247952640056610e-03 -7.736261188983917236e-02 -7.831039279699325562e-02 -2.968238480389118195e-02 -5.844472441822290421e-03 -5.738291074521839619e-04 -1.760547398589551449e-03 -2.721613353521418199e-13 0.000000000000000000e+00 0.000000000000000000e+00 
1.989817208773667767e-17 2.805332622543452127e-16 8.775621984301624633e-18 4.826787335332483053e-04 4.402979697874911729e-16 8.836991034766317199e-12 1.108726635044713412e-15 2.392979911447490338e-12 5.411678925156593323e-03 1.203968771733343601e-03 1.851998083293437958e-02 4.005528613924980164e-02 4.686870798468589783e-02 6.385911256074905396e-02 5.398451536893844604e-02 6.670878082513809204e-02 6.660234928131103516e-02 2.658420428633689880e-02 5.593407433480024338e-03 2.253475686302408576e-04 1.144167152233421803e-03 7.687369935537060575e-17 0.000000000000000000e+00 0.000000000000000000e+00 
4.686844528713451702e-21 1.239633545487281099e-19 1.381014484341988156e-21 2.528445911593735218e-04 1.888374885547340356e-19 5.383979598413100864e-14 6.500125874145825484e-19 1.024093919339613343e-14 5.145316477864980698e-03 7.925049867480993271e-04 1.763329841196537018e-02 3.613845631480216980e-02 4.022257030010223389e-02 3.616541996598243713e-02 1.583764562383294106e-03 -4.481716826558113098e-02 -5.331317707896232605e-02 -2.429387159645557404e-02 -5.393718834966421127e-03 -9.211583528667688370e-05 -7.436817977577447891e-04 -2.424310955910643644e-20 0.000000000000000000e+00 0.000000000000000000e+00 
5.868601715697252530e-10 1.948290417885800707e-09 4.646146523068495071e-10 1.751904492266476154e-03 3.096730427643024086e-09 2.369880860442208359e-07 4.491743421652927282e-09 1.425607791816219105e-07 6.466779392212629318e-03 2.848253119736909866e-03 2.165470086038112640e-02 5.365090444684028625e-02 7.327467203140258789e-02 1.952842324972152710e-01 2.235744148492813110e-01 1.733073741197586060e-01 1.255273818969726562e-01 3.781969845294952393e-02 6.458834279328584671e-03 1.597865601070225239e-03 2.714714268222451210e-03 1.225030299423224278e-09 0.000000000000000000e+00 0.000000000000000000e+00 
8.922672849057469713e-14 6.426890812073760006e-13 5.412908822880445336e-14 9.068932849913835526e-04 1.028517440486431678e-12 1.394108495311741081e-09 1.903615286236171045e-12 5.428547611430190045e-10 5.764947272837162018e-03 1.828859793022274971e-03 1.962002739310264587e-02 4.434054717421531677e-02 5.417202785611152649e-02 6.670124828815460205e-02 3.002614714205265045e-03 -7.740829885005950928e-02 -7.833455502986907959e-02 -2.967705763876438141e-02 -5.845885258167982101e-03 -5.690167308785021305e-04 -1.736079109832644463e-03 -2.576439495777238520e-13 0.000000000000000000e+00 0.000000000000000000e+00 
1.894594492762278370e-17 2.655249236899626802e-16 8.124749129049986936e-18 4.725793551187962294e-04 4.124861988297678569e-16 8.373042710563272095e-12 1.036330940801125176e-15 2.226829397961038737e-12 5.411331076174974442e-03 1.202358631417155266e-03 1.852371357381343842e-02 4.005920886993408203e-02 4.689347371459007263e-02 6.391198933124542236e-02 5.400696769356727600e-02 6.675328314304351807e-02 6.663126498460769653e-02 2.658941224217414856e-02 5.596723873168230057e-03 2.233206032542511821e-04 1.123024267144501209e-03 7.139896145779653933e-17 0.000000000000000000e+00 0.000000000000000000e+00 
4.410050831825028709e-21 1.157370562815853208e-19 1.253281823646014319e-21 2.462489646859467030e-04 1.738146607845492946e-19 5.033006075707419091e-14 5.967912181162496176e-19 9.356906999972817995e-15 5.146175157278776169e-03 7.911845459602773190e-04 1.763734966516494751e-02 3.614720702171325684e-02 4.025170207023620605e-02 3.621093183755874634e-02 1.587717444635927677e-03 -4.485286772251129150e-02 -5.334609001874923706e-02 -2.430598996579647064e-02 -5.398053210228681564e-03 -9.120463801082223654e-05 -7.265442400239408016e-04 -2.209208130612484032e-20 0.000000000000000000e+00 0.000000000000000000e+00 
5.666658253744571994e-10 1.875485766689166667e-09 4.441143008904191447e-10 1.692294725216925144e-03 2.958923772666821606e-09 2.247535348942619748e-07 4.300779732346882156e-09 1.344074433973219129e-07 6.434859242290258408e-03 2.808140823617577553e-03 2.161012962460517883e-02 5.353639647364616394e-02 7.308215647935867310e-02 1.952538043260574341e-01 2.236225455999374390e-01 1.735992729663848877e-01 1.257119178771972656e-01 3.798455372452735901e-02 6.471658591181039810e-03 1.631521852687001228e-03 2.741253469139337540e-03 1.194306431528957546e-09 0.000000000000000000e+00 0.000000000000000000e+00 
8.466441252501927250e-14 6.070465310981099094e-13 5.034170915416483205e-14 8.610044023953378201e-04 9.574690216021530809e-13 1.287273176941994279e-09 1.777118708266856029e-12 4.963776611965897700e-10 5.742941051721572876e-03 1.792489201761782169e-03 1.957985945045948029e-02 4.425120353698730469e-02 5.406560748815536499e-02 6.689235568046569824e-02 3.256775904446840286e-03 -7.746408879756927490e-02 -7.840556651353836060e-02 -2.976694703102111816e-02 -5.856319330632686615e-03 -5.882491241209208965e-04 -1.761589664965867996e-03 -2.483410883619835419e-13 0.000000000000000000e+00 0.000000000000000000e+00 
1.766089172188082840e-17 2.460386131010222806e-16 7.365486662232463257e-18 4.409679095260798931e-04 3.740099124891984759e-16 7.528500392539605457e-12 9.436142908781958334e-16 1.975278447752248923e-12 5.391930695623159409e-03 1.170699601061642170e-03 1.848918013274669647e-02 3.997401520609855652e-02 4.680071026086807251e-02 6.400650739669799805e-02 5.403723940253257751e-02 6.683012098073959351e-02 6.669175624847412109e-02 2.664462104439735413e-02 5.608553066849708557e-03 2.337590121896937490e-04 1.145079848356544971e-03 6.797017208731113156e-17 0.000000000000000000e+00 0.000000000000000000e+00 
4.037625685720099140e-21 1.052056253671074530e-19 1.107577977517794052e-21 2.258342137793079019e-04 1.534073008169506199e-19 4.406644862377240290e-14 5.300510292718094172e-19 8.052533012408661511e-15 5.126089323312044144e-03 7.652375497855246067e-04 1.760996505618095398e-02 3.607077151536941528e-02 4.018053784966468811e-02 3.633884340524673462e-02 1.708070863969624043e-03 -4.487310722470283508e-02 -5.338063463568687439e-02 -2.433738112449645996e-02 -5.411992315202951431e-03 -9.664727258495986462e-05 -7.444237708114087582e-04 -2.077417579517472898e-20 0.000000000000000000e+00 0.000000000000000000e+00 
5.536513469905912643e-10 1.829215889870283718e-09 4.293332911409208918e-10 1.679248176515102386e-03 2.872647453244780991e-09 2.198631676719742245e-07 4.182079571535268769e-09 1.305186287936521694e-07 6.429725792258977890e-03 2.810692414641380310e-03 2.161820232868194580e-02 5.353685468435287476e-02 7.310349494218826294e-02 1.953299045562744141e-01 2.236838042736053467e-01 1.736276298761367798e-01 1.256873011589050293e-01 3.792658820748329163e-02 6.465178914368152618e-03 1.613014377653598785e-03 2.707935869693756104e-03 1.151922779385472495e-09 0.000000000000000000e+00 0.000000000000000000e+00 
8.200445124383407003e-14 5.856596132537694732e-13 4.773134334610726337e-14 8.510686457157135010e-04 9.146452041933206267e-13 1.245633041158100696e-09 1.701619097363438193e-12 4.745522308446936677e-10 5.742654204368591309e-03 1.795819727703928947e-03 1.958882436156272888e-02 4.426197335124015808e-02 5.409915000200271606e-02 6.694175302982330322e-02 3.231601789593696594e-03 -7.750486582517623901e-02 -7.842037826776504517e-02 -2.974825724959373474e-02 -5.856318399310112000e-03 -5.801475490443408489e-04 -1.729875802993774414e-03 -2.345906672043818197e-13 0.000000000000000000e+00 0.000000000000000000e+00 
1.694520843845504843e-17 2.346505727625434329e-16 6.856168398026412633e-18 4.341960011515766382e-04 3.513020179644947517e-16 7.205641899127313010e-12 8.893489133541122686e-16 1.859268381615430954e-12 5.394123028963804245e-03 1.173647819086909294e-03 1.849783398211002350e-02 3.998949378728866577e-02 4.683833569288253784e-02 6.405118852853775024e-02 5.405711010098457336e-02 6.686681509017944336e-02 6.671314686536788940e-02 2.664227969944477081e-02 5.610403139144182205e-03 2.299671905348077416e-04 1.117687672376632690e-03 6.302263279006406200e-17 0.000000000000000000e+00 0.000000000000000000e+00 
3.836236691028630441e-21 9.916493861113436574e-20 1.012167863738630766e-21 2.215074346167966723e-04 1.415779588978916960e-19 4.171707060742282924e-14 4.917288888655699055e-19 7.463343670562148230e-15 5.129610653966665268e-03 7.676500244997441769e-04 1.761798746883869171e-02 3.609030693769454956e-02 4.022037237882614136e-02 3.637113422155380249e-02 1.696662278845906258e-03 -4.490831866860389709e-02 -5.341002345085144043e-02 -2.434591948986053467e-02 -5.414634011685848236e-03 -9.481422603130340576e-05 -7.222314598038792610e-04 -1.890473630169494918e-20 0.000000000000000000e+00 0.000000000000000000e+00 
5.457981844259052195e-10 1.801928051214929383e-09 4.191025304578488431e-10 1.709708012640476227e-03 2.825988110188859537e-09 2.209341545267307083e-07 4.118056118329604942e-09 1.299526672937645344e-07 6.448715925216674805e-03 2.852560952305793762e-03 2.167473360896110535e-02 5.364498868584632874e-02 7.332591712474822998e-02 1.955067366361618042e-01 2.237607091665267944e-01 1.734195649623870850e-01 1.254702359437942505e-01 3.766422718763351440e-02 6.441235542297363281e-03 1.546655897982418537e-03 2.619352657347917557e-03 1.098359736495524430e-09 0.000000000000000000e+00 0.000000000000000000e+00 
8.065294580198584251e-14 5.740596800002384370e-13 4.600967434191353955e-14 8.743319194763898849e-04 8.928897660305523676e-13 1.255257231491668790e-09 1.663711377865306762e-12 4.711759316045061041e-10 5.762117449194192886e-03 1.835934002883732319e-03 1.964325644075870514e-02 4.436728730797767639e-02 5.426611006259918213e-02 6.686210632324218750e-02 2.946510678157210350e-03 -7.753384113311767578e-02 -7.838612049818038940e-02 -2.963125146925449371e-02 -5.846959073096513748e-03 -5.472391494549810886e-04 -1.646243035793304443e-03 -2.180455116592913689e-13 0.000000000000000000e+00 0.000000000000000000e+00 
1.661017051186902032e-17 2.286609645644918599e-16 6.527406290747824337e-18 4.500922514125704765e-04 3.400002955772970376e-16 7.280216360316948965e-12 8.625992423029070402e-16 1.840644390377343953e-12 5.416185595095157623e-03 1.208720845170319080e-03 1.854662224650382996e-02 4.010011628270149231e-02 4.700051993131637573e-02 6.405164301395416260e-02 5.406870692968368530e-02 6.686866283416748047e-02 6.670194119215011597e-02 2.658872492611408234e-02 5.603260360658168793e-03 2.133756497642025352e-04 1.046245801262557507e-03 5.713308697635180369e-17 0.000000000000000000e+00 0.000000000000000000e+00 
3.746268682509984487e-21 9.603729116688894126e-20 9.516752327358972032e-22 2.316903410246595740e-04 1.357564943912907678e-19 4.225765042249231274e-14 4.730987135193443397e-19 7.367651817411988158e-15 5.155012942850589752e-03 7.964309770613908768e-04 1.765906810760498047e-02 3.620069846510887146e-02 4.036660864949226379e-02 3.631651774048805237e-02 1.562666147947311401e-03 -4.495831578969955444e-02 -5.343833193182945251e-02 -2.433508448302745819e-02 -5.407064221799373627e-03 -8.649513620184734464e-05 -6.649952265433967113e-04 -1.671818936557472355e-20 0.000000000000000000e+00 0.000000000000000000e+00 
5.340950459675752882e-10 1.761621293283610612e-09 4.061389280440863558e-10 1.706852577626705170e-03 2.752702954467167729e-09 2.175389397507387912e-07 4.013890109177964405e-09 1.268414990818200749e-07 6.448888685554265976e-03 2.863952191546559334e-03 2.169392630457878113e-02 5.366837233304977417e-02 7.339309155941009521e-02 1.956034451723098755e-01 2.238248437643051147e-01 1.733972281217575073e-01 1.254013627767562866e-01 3.756197914481163025e-02 6.431438960134983063e-03 1.518546720035374165e-03 2.573677804321050644e-03 1.057013365723946663e-09 0.000000000000000000e+00 0.000000000000000000e+00 
7.833536879060798430e-14 5.560076596182461639e-13 4.381508651447700575e-14 8.721440681256353855e-04 8.578435271161533038e-13 1.226669987808293172e-09 1.599396504993466639e-12 4.538635578477112631e-10 5.765974055975675583e-03 1.847599516622722149e-03 1.966278068721294403e-02 4.439802467823028564e-02 5.432999506592750549e-02 6.688188761472702026e-02 2.862492343410849571e-03 -7.757147401571273804e-02 -7.838957756757736206e-02 -2.959182858467102051e-02 -5.845141131430864334e-03 -5.343037191778421402e-04 -1.603685901500284672e-03 -2.057743488407745569e-13 0.000000000000000000e+00 0.000000000000000000e+00 
1.600022076306221856e-17 2.192509182114192145e-16 6.112888301414332279e-18 4.485913959797471762e-04 3.219442795291343291e-16 7.060114645685011681e-12 8.174396277804848142e-16 1.749775671577857850e-12 5.422425922006368637e-03 1.219005673192441463e-03 1.856468245387077332e-02 4.013568907976150513e-02 4.706641286611557007e-02 6.408580392599105835e-02 5.408652126789093018e-02 6.689733266830444336e-02 6.671591103076934814e-02 2.657591365277767181e-02 5.603278521448373795e-03 2.071544586215168238e-04 1.010350533761084080e-03 5.283333266912971138e-17 0.000000000000000000e+00 0.000000000000000000e+00 
3.577832818588523807e-21 9.113780346350932478e-20 8.764423886203107372e-22 2.307250251760706306e-04 1.266029137327789635e-19 4.066685478491295636e-14 4.419311684238056716e-19 6.912987824731929229e-15 5.162945948541164398e-03 8.049130556173622608e-04 1.767489872872829437e-02 3.623943403363227844e-02 4.043051972985267639e-02 3.632906451821327209e-02 1.523526269011199474e-03 -4.499606788158416748e-02 -5.346741527318954468e-02 -2.433995716273784637e-02 -5.407586228102445602e-03 -8.346829417860135436e-05 -6.366000743582844734e-04 -1.515131379935608812e-20 0.000000000000000000e+00 0.000000000000000000e+00 
5.209898068514462466e-10 1.716629505210676143e-09 3.926251546104708723e-10 1.697598956525325775e-03 2.672865706543348097e-09 2.130220337903665495e-07 3.898275480196389253e-09 1.231105102306173649e-07 6.445491220802068710e-03 2.868841635063290596e-03 2.170636318624019623e-02 5.367749929428100586e-02 7.343468815088272095e-02 1.956891566514968872e-01 2.238900065422058105e-01 1.734095066785812378e-01 1.253603249788284302e-01 3.748655319213867188e-02 6.423836108297109604e-03 1.496631535701453686e-03 2.535051899030804634e-03 1.017683159965088180e-09 0.000000000000000000e+00 0.000000000000000000e+00 
7.565944940869651081e-14 5.356947524459698684e-13 4.154850766278743446e-14 8.650639792904257774e-04 8.202448052371802412e-13 1.188843246069382076e-09 1.528921954319084620e-12 4.335382886022642879e-10 5.767078138887882233e-03 1.853176276199519634e-03 1.967599056661128998e-02 4.441670700907707214e-02 5.437828227877616882e-02 6.692133098840713501e-02 2.813586033880710602e-03 -7.761230319738388062e-02 -7.840270549058914185e-02 -2.956570126116275787e-02 -5.844586528837680817e-03 -5.246573709882795811e-04 -1.567994942888617516e-03 -1.946728504309894192e-13 0.000000000000000000e+00 0.000000000000000000e+00 
1.529192585686776223e-17 2.087323571932969061e-16 5.691255731632271630e-18 4.437421157490462065e-04 3.029614770877774076e-16 6.771429771068593340e-12 7.688960107546632516e-16 1.645018322948832434e-12 5.425994750112295151e-03 1.223957748152315617e-03 1.857718266546726227e-02 4.015935212373733521e-02 4.711793735623359680e-02 6.412785500288009644e-02 5.410660058259963989e-02 6.693241000175476074e-02 6.673774123191833496e-02 2.657028101384639740e-02 5.604538135230541229e-03 2.026461879722774029e-04 9.804901201277971268e-04 4.903190174141161485e-17 0.000000000000000000e+00 0.000000000000000000e+00 
3.382601634257886876e-21 8.571608691262171831e-20 8.011954081173027106e-22 2.276115556014701724e-04 1.171832006368752938e-19 3.859909489473470345e-14 4.090226149339960186e-19 6.397188382050843919e-15 5.167978350073099136e-03 8.090048795565962791e-04 1.768616773188114166e-02 3.626703470945358276e-02 4.048243537545204163e-02 3.635492548346519470e-02 1.500936457887291908e-03 -4.503312334418296814e-02 -5.350021645426750183e-02 -2.434784546494483948e-02 -5.409523379057645798e-03 -8.131333743222057819e-05 -6.131700938567519188e-04 -1.379795907551410464e-20 0.000000000000000000e+00 0.000000000000000000e+00 
5.110163958654823091e-10 1.683069128510794599e-09 3.816977844905977690e-10 1.714149373583495617e-03 2.615746952372433043e-09 2.119555944091189303e-07 3.814584204064885853e-09 1.213122544641009881e-07 6.456214468926191330e-03 2.897177357226610184e-03 2.174731716513633728e-02 5.374938249588012695e-02 7.359453290700912476e-02 1.958329975605010986e-01 2.239652723073959351e-01 1.732760220766067505e-01 1.252068430185317993e-01 3.729265928268432617e-02 6.406417582184076309e-03 1.447925344109535217e-03 2.463034121319651604e-03 9.731918604316547317e-10 0.000000000000000000e+00 0.000000000000000000e+00 
7.377582431685597575e-14 5.212280260180612856e-13 3.977913376300434845e-14 8.777475450187921524e-04 7.945459611427563296e-13 1.180303077497057984e-09 1.479926316043378431e-12 4.237196427059330972e-10 5.779607687145471573e-03 1.880913041532039642e-03 1.971634104847908020e-02 4.449028894305229187e-02 5.450416728854179382e-02 6.688275933265686035e-02 2.609924646094441414e-03 -7.764426618814468384e-02 -7.838845252990722656e-02 -2.948405407369136810e-02 -5.838574375957250595e-03 -5.014249472878873348e-04 -1.502038096077740192e-03 -1.818744129909385943e-13 0.000000000000000000e+00 0.000000000000000000e+00 
1.481124789419074764e-17 2.013940475500898726e-16 5.368760758264691347e-18 4.524383111856877804e-04 2.902739029197532513e-16 6.706834306674513968e-12 7.357269946335729012e-16 1.594530280382699949e-12 5.440996494144201279e-03 1.248453045263886452e-03 1.861398294568061829e-02 4.023828357458114624e-02 4.724185168743133545e-02 6.414277106523513794e-02 5.412208288908004761e-02 6.694543361663818359e-02 6.674213707447052002e-02 2.653668448328971863e-02 5.600360687822103500e-03 1.912879670271649957e-04 9.258997160941362381e-04 4.473032101939700546e-17 0.000000000000000000e+00 0.000000000000000000e+00 
3.253152917103131460e-21 8.198488842689668429e-20 7.446899956739182295e-22 2.332009316887706518e-04 1.109894919299284319e-19 3.813951514634525419e-14 3.868737683583347268e-19 6.150446837482718976e-15 5.185585469007492065e-03 8.292943239212036133e-04 1.771773397922515869e-02 3.634741529822349548e-02 4.059618338942527771e-02 3.632849454879760742e-02 1.405197195708751678e-03 -4.507844522595405579e-02 -5.353388935327529907e-02 -2.434609644114971161e-02 -5.405216477811336517e-03 -7.577518408652395010e-05 -5.707977106794714928e-04 -1.229367216265603673e-20 0.000000000000000000e+00 0.000000000000000000e+00 
4.888461857532888644e-10 1.605905852741784656e-09 3.617348087736615980e-10 1.615794259123504162e-03 2.471196358655447511e-09 1.963564528750794125e-07 3.607329546184701030e-09 1.116633399078637012e-07 6.404102779924869537e-03 2.820705296471714973e-03 2.165864035487174988e-02 5.353844538331031799e-02 7.322534173727035522e-02 1.957146376371383667e-01 2.239940315485000610e-01 1.737847477197647095e-01 1.255614757537841797e-01 3.762878105044364929e-02 6.433509755879640579e-03 1.521591329947113991e-03 2.538201166316866875e-03 9.579677051618773476e-10 0.000000000000000000e+00 0.000000000000000000e+00 
6.891180199175214738e-14 4.855535461548154963e-13 3.647114823145634899e-14 8.032977348193526268e-04 7.268229529518166476e-13 1.051980613731018366e-09 1.353607547230351038e-12 3.734703934998861996e-10 5.740782711654901505e-03 1.809780835174024105e-03 1.963371410965919495e-02 4.431524127721786499e-02 5.428000167012214661e-02 6.718750298023223877e-02 3.094963263720273972e-03 -7.771186530590057373e-02 -7.850132137537002563e-02 -2.965242974460124969e-02 -5.857004784047603607e-03 -5.407462595030665398e-04 -1.571131753735244274e-03 -1.778137912519101027e-13 0.000000000000000000e+00 0.000000000000000000e+00 
1.350995796020498896e-17 1.831575340748231931e-16 4.774120468235021025e-18 4.020082124043256044e-04 2.571352476358660473e-16 5.752494834643240296e-12 6.513545192136048750e-16 1.346363233574454643e-12 5.404090508818626404e-03 1.186050125397741795e-03 1.854116097092628479e-02 4.006708413362503052e-02 4.703884199261665344e-02 6.427592784166336060e-02 5.415803194046020508e-02 6.705368310213088989e-02 6.682945787906646729e-02 2.663013339042663574e-02 5.620238836854696274e-03 2.117017284035682678e-04 9.831123752519488335e-04 4.340673939508355524e-17 0.000000000000000000e+00 0.000000000000000000e+00 
2.897267950126602922e-21 7.279530602469321663e-20 6.424703840737892356e-22 2.011752949329093099e-04 9.514961004734590229e-20 3.148087056336658363e-14 3.315634061217874091e-19 4.975743429747828822e-15 5.145805887877941132e-03 7.778168073855340481e-04 1.765812933444976807e-02 3.618895262479782104e-02 4.043047502636909485e-02 3.653259947896003723e-02 1.634835032746195793e-03 -4.508502036333084106e-02 -5.356780067086219788e-02 -2.438917756080627441e-02 -5.428442265838384628e-03 -8.605478797107934952e-05 -6.152208661660552025e-04 -1.183985131336489552e-20 0.000000000000000000e+00 0.000000000000000000e+00 
4.670774322867998762e-10 1.529151028023534309e-09 3.425614514274144540e-10 1.514379284344613552e-03 2.329845871784641531e-09 1.811494030334870331e-07 3.406585902254732900e-09 1.024278191152916406e-07 6.349241361021995544e-03 2.738471841439604759e-03 2.156178839504718781e-02 5.330868437886238098e-02 7.282391935586929321e-02 1.955805867910385132e-01 2.240215241909027100e-01 1.743228882551193237e-01 1.259461492300033569e-01 3.800738230347633362e-02 6.463490892201662064e-03 1.606077887117862701e-03 2.623030683025717735e-03 9.453179350416007765e-10 0.000000000000000000e+00 0.000000000000000000e+00 
6.419877514795765960e-14 4.506329933772618146e-13 3.338279156686781157e-14 7.288692868314683437e-04 6.625549718239365227e-13 9.316973859085919685e-10 1.235223078335789815e-12 3.275618665199431234e-10 5.698920693248510361e-03 1.733881304971873760e-03 1.954458095133304596e-02 4.412270709872245789e-02 5.403028428554534912e-02 6.750425696372985840e-02 3.620681120082736015e-03 -7.777917385101318359e-02 -7.862167805433273315e-02 -2.984475530683994293e-02 -5.876367446035146713e-03 -5.868514417670667171e-04 -1.650289283134043217e-03 -1.743903280245970300e-13 0.000000000000000000e+00 0.000000000000000000e+00 
1.227478209103875613e-17 1.657061936718816483e-16 4.235461694111408232e-18 3.531283291522413492e-04 2.267111476594716639e-16 4.892482686341681486e-12 5.749244599818036094e-16 1.129601945835945198e-12 5.363205913454294205e-03 1.120327622629702091e-03 1.846380718052387238e-02 3.987922146916389465e-02 4.681222140789031982e-02 6.441348791122436523e-02 5.419677495956420898e-02 6.716673821210861206e-02 6.692190468311309814e-02 2.673806808888912201e-02 5.640624091029167175e-03 2.362355880904942751e-04 1.049693441018462181e-03 4.231758075636763306e-17 0.000000000000000000e+00 0.000000000000000000e+00 
2.566957525531203015e-21 6.421036680087186991e-20 5.526515649295386790e-22 1.710789947537705302e-04 8.109997319252686952e-20 2.571201037455603244e-14 2.831101385187574104e-19 3.993954316848947333e-15 5.101124290376901627e-03 7.243263535201549530e-04 1.759583503007888794e-02 3.601505979895591736e-02 4.024459049105644226e-02 3.674641624093055725e-02 1.883212942630052567e-03 -4.508978873491287231e-02 -5.360135808587074280e-02 -2.443942055106163025e-02 -5.452134646475315094e-03 -9.873198723653331399e-05 -6.677361088804900646e-04 -1.147207744261844284e-20 0.000000000000000000e+00 0.000000000000000000e+00 
4.518530272168419515e-10 1.476477495820915919e-09 3.282819294181393843e-10 1.470966148190200329e-03 2.235381657555990387e-09 1.731751666511627263e-07 3.273032289641264470e-09 9.728125860419822857e-08 6.327213719487190247e-03 2.710282336920499802e-03 2.153191901743412018e-02 5.322829261422157288e-02 7.270009815692901611e-02 1.955857127904891968e-01 2.240731865167617798e-01 1.745327860116958618e-01 1.260678470134735107e-01 3.810286521911621094e-02 6.469831336289644241e-03 1.623926800675690174e-03 2.630523638799786568e-03 9.177003046367815386e-10 0.000000000000000000e+00 0.000000000000000000e+00 
6.112052189236397148e-14 4.278162026027931830e-13 3.118505277686749178e-14 6.977540324442088604e-04 6.215375436546821675e-13 8.707655707596018146e-10 1.160257762262972836e-12 3.028083894740518645e-10 5.684197880327701569e-03 1.708538271486759186e-03 1.951828226447105408e-02 4.406199231743812561e-02 5.396639928221702576e-02 6.764679402112960815e-02 3.787641413509845734e-03 -7.783054560422897339e-02 -7.867694646120071411e-02 -2.990135736763477325e-02 -5.883263424038887024e-03 -5.981833091937005520e-04 -1.657458837144076824e-03 -1.667007189839336823e-13 0.000000000000000000e+00 0.000000000000000000e+00 
1.149684436753162274e-17 1.546296496997555696e-16 3.863813580794395663e-18 3.331727348268032074e-04 2.079159630159315699e-16 4.470561074110257493e-12 5.280453156368959504e-16 1.016588939764528909e-12 5.350013729184865952e-03 1.098611275665462017e-03 1.844182237982749939e-02 3.982383012771606445e-02 4.675909876823425293e-02 6.449156254529953003e-02 5.422440543770790100e-02 6.723187863826751709e-02 6.697185337543487549e-02 2.677578479051589966e-02 5.649081896990537643e-03 2.427273284411057830e-04 1.055780681781470776e-03 3.985350235580076956e-17 0.000000000000000000e+00 0.000000000000000000e+00 
2.364683592987144627e-21 5.888936595191113013e-20 4.924548388077971382e-22 1.590808387845754623e-04 7.267312886327972021e-20 2.297082710405861511e-14 2.542621371077881434e-19 3.499590525205789789e-15 5.087185185402631760e-03 7.068222039379179478e-04 1.757904142141342163e-02 3.596764430403709412e-02 4.020711034536361694e-02 3.684242814779281616e-02 1.962374662980437279e-03 -4.511552304029464722e-02 -5.363559722900390625e-02 -2.446374483406543732e-02 -5.462280940264463425e-03 -1.022307333187200129e-04 -6.725801504217088223e-04 -1.064369806441206683e-20 0.000000000000000000e+00 0.000000000000000000e+00 
4.411179199692583097e-10 1.439816599280163700e-09 3.178309004869817045e-10 1.469107577577233315e-03 2.173350166501109015e-09 1.701830569800222293e-07 3.185289587648298948e-09 9.475961348925920902e-08 6.328686140477657318e-03 2.721669850870966911e-03 2.155304700136184692e-02 5.325811356306076050e-02 7.278015464544296265e-02 1.956921219825744629e-01 2.241403162479400635e-01 1.745028346776962280e-01 1.259931474924087524e-01 3.798511251807212830e-02 6.458730902522802353e-03 1.592006999999284744e-03 2.580884611234068871e-03 8.816015140133970363e-10 0.000000000000000000e+00 0.000000000000000000e+00 
5.909857293210502016e-14 4.125400921480698591e-13 2.964292087617378946e-14 6.964337080717086792e-04 5.958423316375360823e-13 8.484536961894661999e-10 1.113253586537688022e-12 2.908863705464170835e-10 5.689383018761873245e-03 1.719849649816751480e-03 1.953909359872341156e-02 4.409885033965110779e-02 5.404065176844596863e-02 6.766386330127716064e-02 3.689797595143318176e-03 -7.786946743726730347e-02 -7.868293672800064087e-02 -2.985355816781520844e-02 -5.880993325263261795e-03 -5.829528090544044971e-04 -1.611089333891868591e-03 -1.569589456237169278e-13 0.000000000000000000e+00 0.000000000000000000e+00 
1.100394315694291206e-17 1.473700479461941817e-16 3.609410461090955513e-18 3.323323908261954784e-04 1.964632702407755776e-16 4.318557664251265749e-12 4.993555685595639504e-16 9.630791173234620750e-13 5.357638932764530182e-03 1.108343130908906460e-03 1.846061088144779205e-02 3.986600041389465332e-02 4.683474451303482056e-02 6.452618539333343506e-02 5.424251407384872437e-02 6.726054102182388306e-02 6.698967516422271729e-02 2.675805427134037018e-02 5.648805294185876846e-03 2.350982686039060354e-04 1.016593654640018940e-03 3.675695173270851046e-17 0.000000000000000000e+00 0.000000000000000000e+00 
2.239720755458033840e-21 5.545993329340309752e-20 4.521688609596380671e-22 1.585794379934668541e-04 6.765547065457866105e-20 2.199877039972368553e-14 2.369794906781997442e-19 3.269870319470976824e-15 5.096615292131900787e-03 7.146587595343589783e-04 1.759514212608337402e-02 3.601307049393653870e-02 4.027957096695899963e-02 3.685272485017776489e-02 1.916839508339762688e-03 -4.515517875552177429e-02 -5.367036908864974976e-02 -2.446628548204898834e-02 -5.462511442601680756e-03 -9.836735262069851160e-05 -6.415218231268227100e-04 -9.617600709379209655e-21 0.000000000000000000e+00 0.000000000000000000e+00 
4.325037550323429514e-10 1.410831340642459963e-09 3.087996802708659061e-10 1.478898455388844013e-03 2.124170839223893381e-09 1.688624280404837918e-07 3.114720481534050123e-09 9.315658644482027739e-08 6.336843129247426987e-03 2.737927017733454704e-03 2.158848196268081665e-02 5.331794917583465576e-02 7.291608303785324097e-02 1.958228498697280884e-01 2.242089807987213135e-01 1.744004040956497192e-01 1.258607953786849976e-01 3.780840709805488586e-02 6.443158257752656937e-03 1.547249616123735905e-03 2.514265477657318115e-03 8.450899979806081319e-10 0.000000000000000000e+00 0.000000000000000000e+00 
5.758284474244312889e-14 4.009870777435531330e-13 2.835764663453727019e-14 7.034090813249349594e-04 5.760757539399752325e-13 8.388383321289438754e-10 1.076211277213634521e-12 2.832766243798801042e-10 5.700021982192993164e-03 1.735457452014088631e-03 1.957324147224426270e-02 4.416158795356750488e-02 5.415146797895431519e-02 6.764294207096099854e-02 3.516836790367960930e-03 -7.790214568376541138e-02 -7.867240905761718750e-02 -2.977708913385868073e-02 -5.876276642084121704e-03 -5.609412328340113163e-04 -1.549468724988400936e-03 -1.471203123519157496e-13 0.000000000000000000e+00 0.000000000000000000e+00 
1.064632568117602395e-17 1.419811449264235179e-16 3.401958112956025214e-18 3.367778845131397247e-04 1.877859603266371054e-16 4.253530687392537146e-12 4.769427061983007397e-16 9.290006914783321967e-13 5.370872560888528824e-03 1.121781184338033199e-03 1.849104091525077820e-02 3.993367031216621399e-02 4.694423452019691467e-02 6.454634666442871094e-02 5.425691604614257812e-02 6.727635860443115234e-02 6.699579209089279175e-02 2.672519162297248840e-02 5.646101199090480804e-03 2.239172172266989946e-04 9.650950087234377861e-04 3.370302738094233398e-17 0.000000000000000000e+00 0.000000000000000000e+00 
2.150969889896384248e-21 5.294649976572097394e-20 4.199410530821009392e-22 1.612354535609483719e-04 6.389378927081134085e-20 2.158556062299872569e-14 2.236114764975185485e-19 3.124615392203415436e-15 5.112313665449619293e-03 7.255066302604973316e-04 1.762068644165992737e-02 3.608244284987449646e-02 4.038068652153015137e-02 3.683724626898765564e-02 1.835900242440402508e-03 -4.519686847925186157e-02 -5.370257422327995300e-02 -2.446289360523223877e-02 -5.459948442876338959e-03 -9.268933354178443551e-05 -6.011599907651543617e-04 -8.627610918995285865e-21 0.000000000000000000e+00 0.000000000000000000e+00 
4.148407728443714859e-10 1.349422906748998230e-09 2.931119791327319035e-10 1.386618707329034805e-03 2.010852373501847978e-09 1.567428853377350606e-07 2.955045319552596084e-09 8.609402613046768238e-08 6.287768017500638962e-03 2.659270772710442543e-03 2.149808965623378754e-02 5.310111120343208313e-02 7.253959774971008301e-02 1.956986933946609497e-01 2.242329418659210205e-01 1.748936921358108521e-01 1.262132525444030762e-01 3.816100955009460449e-02 6.470510736107826233e-03 1.625643926672637463e-03 2.590941498056054115e-03 8.335767631706403336e-10 0.000000000000000000e+00 0.000000000000000000e+00 
5.402130836846402717e-14 3.749777452519836851e-13 2.606791837239923887e-14 6.386105087585747242e-04 5.285616237228618619e-13 7.498370258041120451e-10 9.894873548993432522e-13 2.512087204920021577e-10 5.661487113684415817e-03 1.663260976783931255e-03 1.949085108935832977e-02 4.397854581475257874e-02 5.391228571534156799e-02 6.792989373207092285e-02 4.006240051239728928e-03 -7.796360552310943604e-02 -7.878013700246810913e-02 -2.995828725397586823e-02 -5.893863737583160400e-03 -6.044924375601112843e-04 -1.620666938833892345e-03 -1.443895865501851339e-13 0.000000000000000000e+00 0.000000000000000000e+00 
9.767706015050773693e-18 1.297899982399393858e-16 3.036788271401374819e-18 2.960609272122383118e-04 1.670146742869323304e-16 3.662577185981064076e-12 4.252149335050726519e-16 7.908226482521152345e-13 5.331966560333967209e-03 1.060086768120527267e-03 1.842041127383708954e-02 3.975602239370346069e-02 4.672736302018165588e-02 6.467165797948837280e-02 5.429332703351974487e-02 6.738102436065673828e-02 6.707751750946044922e-02 2.682806923985481262e-02 5.664622411131858826e-03 2.475047949701547623e-04 1.024663681164383888e-03 3.286004430996709326e-17 0.000000000000000000e+00 0.000000000000000000e+00 
1.929619912268888606e-21 4.731493137083778569e-20 3.641695715813851203e-22 1.372484402963891625e-04 5.504634298712658369e-20 1.790433171730901329e-14 1.933261970734501114e-19 2.553664575535418563e-15 5.069092847406864166e-03 6.759833777323365211e-04 1.756454817950725555e-02 3.591836243867874146e-02 4.020278900861740112e-02 3.703216463327407837e-02 2.066876273602247238e-03 -4.520218819379806519e-02 -5.372963100671768188e-02 -2.451156638562679291e-02 -5.481503903865814209e-03 -1.050814753398299217e-04 -6.478940485976636410e-04 -8.356241555908907384e-21 0.000000000000000000e+00 0.000000000000000000e+00 
4.017506605169529621e-10 1.305087593550524616e-09 2.814145028118275604e-10 1.343681127764284611e-03 1.933533555487088051e-09 1.502369002537307097e-07 2.842338586717119142e-09 8.188035138800842105e-08 6.266137119382619858e-03 2.625640248879790306e-03 2.146756649017333984e-02 5.301482975482940674e-02 7.240654528141021729e-02 1.956953406333923340e-01 2.242779433727264404e-01 1.751009076833724976e-01 1.263343095779418945e-01 3.826311230659484863e-02 6.477383431047201157e-03 1.646046643145382404e-03 2.599747385829687119e-03 8.108402838047368277e-10 0.000000000000000000e+00 0.000000000000000000e+00 
5.152435010764844225e-14 3.569224451584196434e-13 2.443387153846718340e-14 6.091794930398464203e-04 4.977223060781410524e-13 7.035760862805773286e-10 9.307857219351123312e-13 2.326383252704289362e-10 5.646178964525461197e-03 1.632891362532973289e-03 1.946407184004783630e-02 4.391130432486534119e-02 5.383851751685142517e-02 6.806790828704833984e-02 4.180857446044683456e-03 -7.801046222448348999e-02 -7.883111387491226196e-02 -3.001786209642887115e-02 -5.900658667087554932e-03 -6.173847359605133533e-04 -1.628993777558207512e-03 -1.385002003492438738e-13 0.000000000000000000e+00 0.000000000000000000e+00 
9.172359312777983084e-18 1.215361650947586612e-16 2.783615376063954160e-18 2.780098293442279100e-04 1.539962675785563656e-16 3.364420938026246866e-12 3.911995197114384419e-16 7.132553553855502937e-13 5.317373201251029968e-03 1.034403801895678043e-03 1.839818619191646576e-02 3.969419375061988831e-02 4.666481167078018188e-02 6.474585086107254028e-02 5.431946739554405212e-02 6.744281947612762451e-02 6.712288409471511841e-02 2.686702273786067963e-02 5.672791041433811188e-03 2.549428318161517382e-04 1.031690626405179501e-03 3.106516495112297978e-17 0.000000000000000000e+00 0.000000000000000000e+00 
1.783653634205606654e-21 4.358243718423136978e-20 3.265409821329897584e-22 1.268691848963499069e-04 4.967211177327834946e-20 1.610134924424477115e-14 1.739518176698682435e-19 2.243406994868009027e-15 5.053197033703327179e-03 6.555767031386494637e-04 1.754767820239067078e-02 3.586456179618835449e-02 4.015684872865676880e-02 3.712562099099159241e-02 2.149555366486310959e-03 -4.522471502423286438e-02 -5.375882983207702637e-02 -2.453576214611530304e-02 -5.491274874657392502e-03 -1.091346712200902402e-04 -6.534527637995779514e-04 -7.785254288700037750e-21 0.000000000000000000e+00 0.000000000000000000e+00 
3.939031323341168900e-10 1.279030437117967267e-09 2.733464565807253166e-10 1.349858939647674561e-03 1.889396639143114953e-09 1.489249257247138303e-07 2.778729468744245423e-09 8.042199084457024583e-08 6.272761616855859756e-03 2.639134647324681282e-03 2.150000445544719696e-02 5.306526273488998413e-02 7.252803444862365723e-02 1.958181709051132202e-01 2.243423014879226685e-01 1.750143170356750488e-01 1.262126266956329346e-01 3.809653967618942261e-02 6.462869700044393539e-03 1.606638426892459393e-03 2.536248881369829178e-03 7.783967359564769595e-10 0.000000000000000000e+00 0.000000000000000000e+00 
5.020411034594926547e-14 3.470776725918167660e-13 2.336665915283770573e-14 6.133870920166373253e-04 4.810782306373384554e-13 6.945785058221076724e-10 8.994733126724274719e-13 2.262215553772151111e-10 5.655521992594003677e-03 1.645682379603385925e-03 1.949493028223514557e-02 4.396521300077438354e-02 5.393920838832855225e-02 6.805586069822311401e-02 4.026074893772602081e-03 -7.804273813962936401e-02 -7.882173359394073486e-02 -2.994491718709468842e-02 -5.896495655179023743e-03 -5.981241702102124691e-04 -1.570008811540901661e-03 -1.300331776933269512e-13 0.000000000000000000e+00 0.000000000000000000e+00 
8.874078811071973858e-18 1.171645486446404121e-16 2.622847447340291636e-18 2.805729745887219906e-04 1.471466827110252625e-16 3.307257245843686633e-12 3.734336653872695347e-16 6.866308736863668827e-13 5.329236388206481934e-03 1.045229146257042885e-03 1.842531189322471619e-02 3.975284844636917114e-02 4.676451534032821655e-02 6.476846337318420410e-02 5.433313176035881042e-02 6.745956093072891235e-02 6.712907552719116211e-02 2.683506533503532410e-02 5.670640151947736740e-03 2.450752945151180029e-04 9.821949061006307602e-04 2.854762752192803921e-17 0.000000000000000000e+00 0.000000000000000000e+00 
1.712825284513794977e-21 4.163999738610665141e-20 3.032087232324102987e-22 1.283329911530017853e-04 4.689218068551210063e-20 1.576016267902484447e-14 1.640178438022009422e-19 2.138251030839939844e-15 5.067331250756978989e-03 6.641642539761960506e-04 1.757016777992248535e-02 3.592523932456970215e-02 4.024928808212280273e-02 3.711574524641036987e-02 2.077298704534769058e-03 -4.526401311159133911e-02 -5.378933995962142944e-02 -2.453173138201236725e-02 -5.489349365234375000e-03 -1.040406350512057543e-04 -6.145039224065840244e-04 -7.002811707265197899e-21 0.000000000000000000e+00 0.000000000000000000e+00 
3.790561475813802872e-10 1.228415591469911305e-09 2.609145399734558168e-10 1.288965344429016113e-03 1.802104687698147245e-09 1.405769438633797108e-07 2.652366326572064281e-09 7.540888447010729578e-08 6.240962538868188858e-03 2.587572438642382622e-03 2.144600264728069305e-02 5.292815342545509338e-02 7.230447232723236084e-02 1.957749277353286743e-01 2.243841141462326050e-01 1.753313392400741577e-01 1.264232993125915527e-01 3.829415515065193176e-02 6.476834882050752640e-03 1.649437239393591881e-03 2.570966957136988640e-03 7.599324503004822873e-10 0.000000000000000000e+00 0.000000000000000000e+00 
4.735463730127717485e-14 3.266812547472047745e-13 2.168017759133882005e-14 5.723535432480275631e-04 4.471456028793535653e-13 6.368511273890931079e-10 8.358595933455337246e-13 2.050805358866369943e-10 5.631145555526018143e-03 1.599040115252137184e-03 1.944674551486968994e-02 4.385341703891754150e-02 5.380395799875259399e-02 6.825090199708938599e-02 4.319455474615097046e-03 -7.809745520353317261e-02 -7.889765501022338867e-02 -3.005241788923740387e-02 -5.907134152948856354e-03 -6.234608590602874756e-04 -1.602328498847782612e-03 -1.255683518318687075e-13 0.000000000000000000e+00 0.000000000000000000e+00 
8.203815187900868086e-18 1.080581834554931347e-16 2.370819990356103782e-18 2.558302949182689190e-04 1.333054364339509483e-16 2.945891360711661022e-12 3.380033095250266177e-16 6.019777233114143034e-13 5.304673220962285995e-03 1.005973783321678638e-03 1.838488504290580750e-02 3.964737802743911743e-02 4.664506763219833374e-02 6.486438959836959839e-02 5.436524376273155212e-02 6.754039227962493896e-02 6.719195842742919922e-02 2.690020576119422913e-02 5.682562012225389481e-03 2.593408571556210518e-04 1.009244238957762718e-03 2.723939671542234807e-17 0.000000000000000000e+00 0.000000000000000000e+00 
1.551635530836234489e-21 3.762955435781107928e-20 2.671222621904133883e-22 1.143460031016729772e-04 4.138964277266438134e-20 1.363784454968099483e-14 1.446031264190600430e-19 1.813163173815528391e-15 5.039994604885578156e-03 6.331350305117666721e-04 1.753890886902809143e-02 3.583046048879623413e-02 4.015515372157096863e-02 3.724863752722740173e-02 2.215811749920248985e-03 -4.528276249766349792e-02 -5.382150784134864807e-02 -2.456695958971977234e-02 -5.503421183675527573e-03 -1.117447900469414890e-04 -6.357302772812545300e-04 -6.602358143871148527e-21 0.000000000000000000e+00 0.000000000000000000e+00 
3.698003570029584353e-10 1.197362209381935827e-09 2.525977205181106910e-10 1.279128016903996468e-03 1.750548705992116538e-09 1.377687652848180733e-07 2.576930002717858770e-09 7.319339090372523060e-08 6.238399539142847061e-03 2.585467183962464333e-03 2.145834267139434814e-02 5.293313041329383850e-02 7.234452664852142334e-02 1.958586722612380981e-01 2.244424819946289062e-01 1.753403842449188232e-01 1.263803541660308838e-01 3.821443021297454834e-02 6.469209212809801102e-03 1.630737446248531342e-03 2.531050238758325577e-03 7.320649642039711580e-10 0.000000000000000000e+00 0.000000000000000000e+00 
4.572230316796446759e-14 3.148006757613258655e-13 2.060979730248661129e-14 5.658148438669741154e-04 4.281028927622526625e-13 6.179585176901980503e-10 7.997292064687577806e-13 1.959167411635931444e-10 5.632437299937009811e-03 1.597546739503741264e-03 1.945909857749938965e-02 4.386718571186065674e-02 5.384955182671546936e-02 6.828834861516952515e-02 4.271714948117733002e-03 -7.813401520252227783e-02 -7.890959084033966064e-02 -3.002253547310829163e-02 -5.906472913920879364e-03 -6.154392613098025322e-04 -1.565397600643336773e-03 -1.184606476497054861e-13 0.000000000000000000e+00 0.000000000000000000e+00 
7.835465043686104438e-18 1.028869215810525230e-16 2.215458720911240986e-18 2.519408881198614836e-04 1.257651623723829676e-16 2.829989281111222610e-12 3.184011936503287942e-16 5.660230313966896354e-13 5.307815968990325928e-03 1.004739315249025822e-03 1.839610002934932709e-02 3.966631367802619934e-02 4.669372364878654480e-02 6.490460038185119629e-02 5.438316613435745239e-02 6.757172197103500366e-02 6.721313297748565674e-02 2.689137868583202362e-02 5.683687049895524979e-03 2.555262763053178787e-04 9.783562272787094116e-04 2.519753942364337670e-17 0.000000000000000000e+00 0.000000000000000000e+00 
1.465542306109838276e-21 3.539506164231832199e-20 2.454415624810046389e-22 1.121771347243338823e-04 3.846304545370909157e-20 1.297049693669248549e-14 1.341086213641144252e-19 1.678175874055465224e-15 5.044182762503623962e-03 6.321648252196609974e-04 1.754865050315856934e-02 3.585354611277580261e-02 4.020424187183380127e-02 3.727279603481292725e-02 2.193921944126486778e-03 -4.531645029783248901e-02 -5.385428667068481445e-02 -2.457222156226634979e-02 -5.505203735083341599e-03 -1.098408902180381119e-04 -6.115036085247993469e-04 -5.988354657532037141e-21 0.000000000000000000e+00 0.000000000000000000e+00 
3.616937582773260829e-10 1.170426089380782742e-09 2.452555381005083746e-10 1.281367382034659386e-03 1.707618602075910985e-09 1.361649850650792359e-07 2.511820529349506614e-09 7.155571779549063649e-08 6.242868956178426743e-03 2.595193218439817429e-03 2.148619294166564941e-02 5.297216400504112244e-02 7.244858890771865845e-02 1.959731578826904297e-01 2.245061844587326050e-01 1.752749234437942505e-01 1.262758821249008179e-01 3.806815668940544128e-02 6.456417962908744812e-03 1.597241731360554695e-03 2.472742926329374313e-03 7.030933057983190793e-10 0.000000000000000000e+00 0.000000000000000000e+00 
4.434360458037758801e-14 3.047096808813515301e-13 1.969374302849234704e-14 5.673026898875832558e-04 4.127573933684902663e-13 6.073463953981672603e-10 7.692870320798184114e-13 1.891800882614091961e-10 5.639930721372365952e-03 1.606828882358968258e-03 1.948566548526287079e-02 4.391116276383399963e-02 5.393930524587631226e-02 6.828827410936355591e-02 4.140347242355346680e-03 -7.816651463508605957e-02 -7.890597730875015259e-02 -2.996014989912509918e-02 -5.903098266571760178e-03 -5.994016537442803383e-04 -1.511907787062227726e-03 -1.113916427088364192e-13 0.000000000000000000e+00 0.000000000000000000e+00 
7.531001366901261330e-18 9.855350102289952251e-17 2.085091127264974197e-18 2.528245386201888323e-04 1.198107457463118506e-16 2.765433932197525202e-12 3.021495165984953556e-16 5.398224727469480566e-13 5.317688919603824615e-03 1.012539607472717762e-03 1.841948181390762329e-02 3.971523419022560120e-02 4.678343608975410461e-02 6.493175029754638672e-02 5.439801886677742004e-02 6.759139150381088257e-02 6.722439080476760864e-02 2.686536312103271484e-02 5.682176910340785980e-03 2.473653294146060944e-04 9.340466349385678768e-04 2.320674564543852883e-17 0.000000000000000000e+00 0.000000000000000000e+00 
1.395569308831226879e-21 3.354496234241837090e-20 2.275741027914639087e-22 1.126691568060778081e-04 3.619058644056985743e-20 1.260174961343479838e-14 1.255375826519930907e-19 1.580926115557067680e-15 5.056050140410661697e-03 6.383060826919972897e-04 1.756809465587139130e-02 3.590511903166770935e-02 4.028836265206336975e-02 3.727107867598533630e-02 2.132735215127468109e-03 -4.535407572984695435e-02 -5.388740450143814087e-02 -2.457085065543651581e-02 -5.503966473042964935e-03 -1.056297842296771705e-04 -5.770834977738559246e-04 -5.402237416814263006e-21 0.000000000000000000e+00 0.000000000000000000e+00 
3.559085526294580859e-10 1.151645889763130981e-09 2.392440967557973863e-10 1.300983130931854248e-03 1.677452399206913469e-09 1.364506800882736570e-07 2.466424620095608589e-09 7.092046416801167652e-08 6.257201079279184341e-03 2.621938940137624741e-03 2.153674699366092682e-02 5.305884405970573425e-02 7.264099270105361938e-02 1.961265206336975098e-01 2.245737761259078979e-01 1.750995367765426636e-01 1.260885149240493774e-01 3.782836720347404480e-02 6.436991505324840546e-03 1.543789403513073921e-03 2.388177672401070595e-03 6.723790968443665861e-10 0.000000000000000000e+00 0.000000000000000000e+00 
4.346921924519055180e-14 2.981345910164218127e-13 1.897581145492675814e-14 5.803804378956556320e-04 4.024585027219418354e-13 6.094930116162800005e-10 7.489670233833123358e-13 1.864854659583414787e-10 5.655867978930473328e-03 1.631661318242549896e-03 1.953328400850296021e-02 4.399668425321578979e-02 5.408851802349090576e-02 6.823239475488662720e-02 3.892000764608383179e-03 -7.819011807441711426e-02 -7.888144254684448242e-02 -2.985258027911186218e-02 -5.896090529859066010e-03 -5.725997034460306168e-04 -1.435345853678882122e-03 -1.039408359729265818e-13 0.000000000000000000e+00 0.000000000000000000e+00 
7.347223341487904959e-18 9.579496617659848242e-17 1.985259939906868117e-18 2.606253547128289938e-04 1.158807908037377148e-16 2.778560584740241701e-12 2.914469112028024488e-16 5.291688853596709929e-13 5.336618516594171524e-03 1.033453852869570255e-03 1.846107095479965210e-02 3.980501368641853333e-02 4.692827165126800537e-02 6.493817269802093506e-02 5.440734699368476868e-02 6.759179383516311646e-02 6.722160428762435913e-02 2.681573480367660522e-02 5.677024833858013153e-03 2.334346208954229951e-04 8.715285221114754677e-04 2.113521738508728035e-17 0.000000000000000000e+00 0.000000000000000000e+00 
1.354546320327425163e-21 3.238235676030082272e-20 2.141522845105142949e-22 1.170312461908906698e-04 3.470271470078570561e-20 1.267661377344492246e-14 1.199563753392476036e-19 1.541251409945031473e-15 5.078224465250968933e-03 6.548285600729286671e-04 1.760219037532806396e-02 3.599514812231063843e-02 4.041928797960281372e-02 3.723121434450149536e-02 2.016479615122079849e-03 -4.539505019783973694e-02 -5.391965061426162720e-02 -2.456058375537395477e-02 -5.498516838997602463e-03 -9.840488928603008389e-05 -5.292127607390284538e-04 -4.802115055129557115e-21 0.000000000000000000e+00 0.000000000000000000e+00 
3.394730607730878091e-10 1.095646795512550398e-09 2.260668180431579799e-10 1.191873801872134209e-03 1.577792341223016592e-09 1.248110947926761582e-07 2.323504277867982637e-09 6.460265922214603052e-08 6.197416689246892929e-03 2.521106274798512459e-03 2.141666598618030548e-02 5.277377367019653320e-02 7.214480638504028320e-02 1.959471553564071655e-01 2.245855629444122314e-01 1.757187992334365845e-01 1.265457421541213989e-01 3.830078989267349243e-02 6.472336128354072571e-03 1.649295096285641193e-03 2.496912609785795212e-03 6.671219132670103136e-10 0.000000000000000000e+00 0.000000000000000000e+00 
4.039275153504967575e-14 2.764322245499967190e-13 1.731172375048738166e-14 5.089208134450018406e-04 3.656287241287498047e-13 5.328719132613457532e-10 6.807933665593790540e-13 1.617320721791770666e-10 5.605590529739856720e-03 1.540342113003134727e-03 1.942438259720802307e-02 4.375240579247474670e-02 5.376080796122550964e-02 6.857550144195556641e-02 4.532141610980033875e-03 -7.825674116611480713e-02 -7.901119440793991089e-02 -3.009350784122943878e-02 -5.917521659284830093e-03 -6.320198299363255501e-04 -1.534196664579212666e-03 -1.028651447874950886e-13 0.000000000000000000e+00 0.000000000000000000e+00 
6.651971005601878498e-18 8.656176442104477394e-17 1.754188276561098665e-18 2.187425707234069705e-04 1.017378221264285583e-16 2.322768496640370550e-12 2.558430988748296121e-16 4.371575258906024164e-13 5.283019505441188812e-03 9.571374976076185703e-04 1.836864836513996124e-02 3.956831991672515869e-02 4.662961885333061218e-02 6.508249044418334961e-02 5.444967001676559448e-02 6.771624088287353516e-02 6.731573492288589478e-02 2.695093117654323578e-02 5.699209403246641159e-03 2.662357874214649200e-04 9.524531778879463673e-04 2.084301252498047311e-17 0.000000000000000000e+00 0.000000000000000000e+00 
1.194760006998238031e-21 2.851958162721730495e-20 1.833844246657133145e-22 9.401511488249525428e-05 2.942865635158735015e-20 1.013289336471026938e-14 1.016966928969148318e-19 1.213075270794930841e-15 5.017352756112813950e-03 5.949553451500833035e-04 1.752941310405731201e-02 3.577550128102302551e-02 4.017172008752822876e-02 3.746632114052772522e-02 2.318023238331079483e-03 -4.539380222558975220e-02 -5.394116416573524475e-02 -2.462206222116947174e-02 -5.524297710508108139e-03 -1.159766543423756957e-04 -5.913336062803864479e-04 -4.718067365663060712e-21 0.000000000000000000e+00 0.000000000000000000e+00 
3.258208425283015686e-10 1.049303088862529876e-09 2.150750272322810019e-10 1.109530101530253887e-03 1.496782697785192795e-09 1.161571887564605277e-07 2.207324989456083131e-09 5.978754558100263239e-08 6.150856614112854004e-03 2.443501492962241173e-03 2.132650464773178101e-02 5.255109816789627075e-02 7.176483422517776489e-02 1.958223283290863037e-01 2.246070802211761475e-01 1.761900931596755981e-01 1.268901526927947998e-01 3.866080567240715027e-02 6.498720962554216385e-03 1.730715041048824787e-03 2.573211444541811943e-03 6.584147671517825984e-10 0.000000000000000000e+00 0.000000000000000000e+00 
3.792848196973452879e-14 2.589903931506792878e-13 1.597534631707711594e-14 4.571021418087184429e-04 3.368104135436505997e-13 4.782134133130000464e-10 6.275066729254097364e-13 1.436868818371905832e-10 5.565856583416461945e-03 1.471125055104494095e-03 1.934435777366161346e-02 4.356329143047332764e-02 5.351028591394424438e-02 6.884104013442993164e-02 5.019050557166337967e-03 -7.831150293350219727e-02 -7.911302894353866577e-02 -3.028349950909614563e-02 -5.933609325438737869e-03 -6.796508096158504486e-04 -1.604844583198428154e-03 -1.010873310514255607e-13 0.000000000000000000e+00 0.000000000000000000e+00 
6.110463007858326801e-18 7.932656780427615063e-17 1.574410599987625305e-18 1.895617751870304346e-04 9.104215181299129601e-17 2.010591779871839790e-12 2.289447206018220505e-16 3.729865266470511198e-13 5.240115802735090256e-03 9.002752485685050488e-04 1.830222643911838531e-02 3.938680887222290039e-02 4.640345647931098938e-02 6.519924104213714600e-02 5.448706820607185364e-02 6.781636178493499756e-02 6.739216297864913940e-02 2.706173807382583618e-02 5.715795326977968216e-03 2.933998475782573223e-04 1.011369284242391586e-03 2.035398665556157336e-17 0.000000000000000000e+00 0.000000000000000000e+00 
1.073521097812749761e-21 2.556534484357538004e-20 1.601686395000679267e-22 7.860849291319027543e-05 2.557194451701733144e-20 8.460171006406582567e-15 8.835175576285415844e-20 9.941331357974552210e-16 4.968431778252124786e-03 5.511086783371865749e-04 1.747839525341987610e-02 3.560812771320343018e-02 3.998645022511482239e-02 3.764949366450309753e-02 2.547016134485602379e-03 -4.539868608117103577e-02 -5.396314710378646851e-02 -2.467648871243000031e-02 -5.543547216802835464e-03 -1.309747894993051887e-04 -6.374044460244476795e-04 -4.578055737878523529e-21 0.000000000000000000e+00 0.000000000000000000e+00 
3.166931161757702284e-10 1.018687689757769022e-09 2.071329774366859056e-10 1.072693848982453346e-03 1.444168451492089389e-09 1.118876795658252377e-07 2.131732124155405472e-09 5.714585427085694391e-08 6.131446454674005508e-03 2.412040252238512039e-03 2.129779197275638580e-02 5.246427282691001892e-02 7.163573056459426880e-02 1.958174258470535278e-01 2.246444225311279297e-01 1.763751506805419922e-01 1.270003616809844971e-01 3.875538706779479980e-02 6.504895631223917007e-03 1.753246760927140713e-03 2.578727435320615768e-03 6.413943820504641735e-10 0.000000000000000000e+00 0.000000000000000000e+00 
3.639672791671058616e-14 2.479938997212993712e-13 1.505590899349151801e-14 4.345285706222057343e-04 3.189201832308474760e-13 4.520625818127399498e-10 5.943200575772578098e-13 1.340502847613223025e-10 5.550595931708812714e-03 1.443469896912574768e-03 1.931977272033691406e-02 4.349428415298461914e-02 5.343412607908248901e-02 6.896339356899261475e-02 5.183035507798194885e-03 -7.835052907466888428e-02 -7.915687561035156250e-02 -3.034056723117828369e-02 -5.939411930739879608e-03 -6.946940557099878788e-04 -1.610048930160701275e-03 -9.717529244387262954e-14 0.000000000000000000e+00 0.000000000000000000e+00 
5.786094883993620188e-18 7.487691182644719864e-17 1.454483163045119987e-18 1.771839597495272756e-04 8.459870600877882909e-17 1.865340130621784276e-12 2.126320968824557049e-16 3.396871813780150129e-13 5.224173888564109802e-03 8.778044139035046101e-04 1.828248985111713409e-02 3.932370245456695557e-02 4.633904621005058289e-02 6.526563316583633423e-02 5.451070517301559448e-02 6.787052005529403687e-02 6.743095070123672485e-02 2.710006199777126312e-02 5.722695030272006989e-03 3.025243640877306461e-04 1.015745569020509720e-03 1.929730478205570816e-17 0.000000000000000000e+00 0.000000000000000000e+00 
1.002853095143976927e-21 2.378472548395561548e-20 1.451079973984014906e-22 7.224560977192595601e-05 2.330810466123741449e-20 7.703209001664462763e-15 8.045916024939116032e-20 8.839398668320647134e-16 4.950423259288072586e-03 5.339691997505724430e-04 1.746395975351333618e-02 3.555276989936828613e-02 3.993884846568107605e-02 3.773310780525207520e-02 2.624451648443937302e-03 -4.541759938001632690e-02 -5.398668348789215088e-02 -2.470079809427261353e-02 -5.551799666136503220e-03 -1.361902541248127818e-04 -6.408538902178406715e-04 -4.280410465646515279e-21 0.000000000000000000e+00 0.000000000000000000e+00 
3.124983050106777682e-10 1.005414751453770350e-09 2.026573353575145120e-10 1.098289270885288715e-03 1.424304452157798551e-09 1.129324616044868890e-07 2.100870366561480296e-09 5.701809513425359910e-08 6.151272915303707123e-03 2.447273582220077515e-03 2.135977335274219513e-02 5.257936194539070129e-02 7.188028842210769653e-02 1.959960758686065674e-01 2.247105091810226440e-01 1.761528998613357544e-01 1.267685890197753906e-01 3.845423832535743713e-02 6.481030955910682678e-03 1.685739145614206791e-03 2.479361835867166519e-03 6.127469087680026405e-10 0.000000000000000000e+00 0.000000000000000000e+00 
3.584766421964140359e-14 2.438047864723041913e-13 1.458223631092565170e-14 4.501749353948980570e-04 3.130371125075609440e-13 4.586252766447529439e-10 5.821315109642843932e-13 1.334791027707282751e-10 5.572202149778604507e-03 1.475052558816969395e-03 1.937598362565040588e-02 4.360485821962356567e-02 5.362172052264213562e-02 6.888624280691146851e-02 4.872053395956754684e-03 -7.837358117103576660e-02 -7.912051677703857422e-02 -3.019755333662033081e-02 -5.930652376264333725e-03 -6.587779498659074306e-04 -1.518295728601515293e-03 -9.061929808970581313e-14 0.000000000000000000e+00 0.000000000000000000e+00 
5.682101323793147272e-18 7.325088650040475981e-17 1.394852643264361344e-18 1.857412134995684028e-04 8.258763141631540608e-17 1.901606259610555405e-12 2.068062175061304280e-16 3.374726442306047458e-13 5.249765701591968536e-03 9.034989634528756142e-04 1.832984946668148041e-02 3.943780809640884399e-02 4.651874676346778870e-02 6.526459008455276489e-02 5.451532080769538879e-02 6.786321103572845459e-02 6.741960346698760986e-02 2.702803164720535278e-02 5.716296844184398651e-03 2.827628632076084614e-04 9.393203654326498508e-04 1.756507773716758610e-17 0.000000000000000000e+00 0.000000000000000000e+00 
9.816194334432260626e-22 2.314650232699553617e-20 1.378227848971513036e-22 7.663309224881231785e-05 2.261971267700856728e-20 7.890906420578332192e-15 7.769284856116362637e-20 8.762669659398024304e-16 4.980335477739572525e-03 5.535773234441876411e-04 1.750137284398078918e-02 3.566579893231391907e-02 4.009889811277389526e-02 3.767680004239082336e-02 2.479267306625843048e-03 -4.546104371547698975e-02 -5.401830002665519714e-02 -2.467830106616020203e-02 -5.545068066567182541e-03 -1.253713999176397920e-04 -5.811596056446433067e-04 -3.803592541297979389e-21 0.000000000000000000e+00 0.000000000000000000e+00 
3.080902755137060467e-10 9.916047982727604904e-10 1.982042169279552013e-10 1.123911817558109760e-03 1.403567262414640027e-09 1.138615317586300080e-07 2.068884841222029536e-09 5.683167714209957921e-08 6.170450709760189056e-03 2.482467563822865486e-03 2.142113074660301208e-02 5.269266292452812195e-02 7.212109118700027466e-02 1.961719840764999390e-01 2.247785925865173340e-01 1.759319007396697998e-01 1.265400648117065430e-01 3.816340491175651550e-02 6.458156276494264603e-03 1.620734110474586487e-03 2.381338970735669136e-03 5.850643858273940623e-10 0.000000000000000000e+00 0.000000000000000000e+00 
3.524799877430324913e-14 2.393985888433231013e-13 1.411165021641958006e-14 4.660216509364545345e-04 3.068515493781509562e-13 4.645076545628512577e-10 5.695683182906086106e-13 1.327173648757451474e-10 5.593164358288049698e-03 1.506841159425675869e-03 1.943228021264076233e-02 4.371400550007820129e-02 5.380662903189659119e-02 6.881025433540344238e-02 4.565600305795669556e-03 -7.839567214250564575e-02 -7.908655703067779541e-02 -3.006246685981750488e-02 -5.922148935496807098e-03 -6.246095290407538414e-04 -1.429500756785273552e-03 -8.413636540943736364e-14 0.000000000000000000e+00 0.000000000000000000e+00 
5.566834532614495419e-18 7.154404893723834038e-17 1.336067191876902188e-18 1.945097028510645032e-04 8.048260234115575998e-17 1.934267199535377735e-12 2.008774898011627579e-16 3.346505201857336020e-13 5.274621769785881042e-03 9.295472409576177597e-04 1.837781444191932678e-02 3.955061733722686768e-02 4.669625684618949890e-02 6.526437401771545410e-02 5.452105775475502014e-02 6.785620003938674927e-02 6.741093099117279053e-02 2.696204185485839844e-02 5.709887016564607620e-03 2.642043109517544508e-04 8.668074151501059532e-04 1.591111190439433110e-17 0.000000000000000000e+00 0.000000000000000000e+00 
9.579111971243310269e-22 2.247973820772810963e-20 1.307038516529472223e-22 8.118160621961578727e-05 2.190544060248189399e-20 8.060718738810927070e-15 7.491014835704988557e-20 8.666890879491652259e-16 5.009417422115802765e-03 5.735982558690011501e-04 1.753968372941017151e-02 3.577766194939613342e-02 4.025738686323165894e-02 3.762194886803627014e-02 2.336059696972370148e-03 -4.550427570939064026e-02 -5.405196174979209900e-02 -2.465997077524662018e-02 -5.538228433579206467e-03 -1.153553603217005730e-04 -5.256319418549537659e-04 -3.360692253238385418e-21 0.000000000000000000e+00 0.000000000000000000e+00 
3.006382642833926866e-10 9.675660272989716759e-10 1.919359532420727987e-10 1.111511141061782837e-03 1.363034241030902649e-09 1.115938701445884362e-07 2.010623445514170271e-09 5.513286183145282848e-08 6.166339851915836334e-03 2.477012341842055321e-03 2.142875082790851593e-02 5.268603563308715820e-02 7.214115560054779053e-02 1.962410509586334229e-01 2.248294502496719360e-01 1.759577840566635132e-01 1.265147328376770020e-01 3.810295835137367249e-02 6.452751345932483673e-03 1.607844023965299129e-03 2.345072804018855095e-03 5.649199996682341407e-10 0.000000000000000000e+00 0.000000000000000000e+00 
3.406081094795877784e-14 2.310811318771005540e-13 1.342761859546900277e-14 4.583313420880585909e-04 2.937032670020933711e-13 4.507684503440856361e-10 5.452328584280852208e-13 1.266296650870302187e-10 5.592357367277145386e-03 1.502254046499729156e-03 1.944013871252536774e-02 4.371672868728637695e-02 5.383667722344398499e-02 6.885579973459243774e-02 4.542310722172260284e-03 -7.842973619699478149e-02 -7.910066843032836914e-02 -3.004236333072185516e-02 -5.922423209995031357e-03 -6.195792229846119881e-04 -1.397126587107777596e-03 -7.997212104777357000e-14 0.000000000000000000e+00 0.000000000000000000e+00 
5.324109135208772637e-18 6.827034600543927466e-17 1.250605579324914166e-18 1.902417570818215609e-04 7.592584301761344198e-17 1.858388876813110713e-12 1.893569020413284130e-16 3.140370450661900126e-13 5.275003612041473389e-03 9.257893543690443039e-04 1.838506571948528290e-02 3.955849632620811462e-02 4.673029854893684387e-02 6.530578434467315674e-02 5.453803017735481262e-02 6.788767874240875244e-02 6.743234395980834961e-02 2.695853635668754578e-02 5.711729172617197037e-03 2.619239967316389084e-04 8.407367859035730362e-04 1.484218444910023087e-17 0.000000000000000000e+00 0.000000000000000000e+00 
9.065036184206509441e-22 2.120255518607489597e-20 1.203997252654013991e-22 7.896112947491928935e-05 2.036292970582949335e-20 7.667427788873599354e-15 6.952915106428490900e-20 7.999894255780661424e-16 5.010255146771669388e-03 5.707017262466251850e-04 1.754614152014255524e-02 3.578996285796165466e-02 4.029376804828643799e-02 3.765174746513366699e-02 2.325739013031125069e-03 -4.553417488932609558e-02 -5.408139154314994812e-02 -2.466728165745735168e-02 -5.540767218917608261e-03 -1.142345790867693722e-04 -5.059453542344272137e-04 -3.077135102762312657e-21 0.000000000000000000e+00 0.000000000000000000e+00 
2.850281122235287512e-10 9.148508062217786119e-10 1.808122263025069287e-10 9.983098134398460388e-04 1.275822891777522727e-09 1.009116914474361693e-07 1.882464406577355476e-09 4.958811317123945628e-08 6.098950281739234924e-03 2.360803307965397835e-03 2.128640748560428619e-02 5.235010385513305664e-02 7.155818492174148560e-02 1.960248947143554688e-01 2.248371839523315430e-01 1.766601204872131348e-01 1.270482540130615234e-01 3.867432847619056702e-02 6.493746303021907806e-03 1.736067235469818115e-03 2.478181617334485054e-03 5.626447641127185761e-10 0.000000000000000000e+00 0.000000000000000000e+00 
3.131788109552412214e-14 2.120441002688780441e-13 1.218247084564276148e-14 3.901270101778209209e-04 2.649322818418231584e-13 3.873356912986736234e-10 4.907784248442403907e-13 1.077102504409843675e-10 5.531640257686376572e-03 1.399403787218034267e-03 1.931344158947467804e-02 4.342826083302497864e-02 5.344224721193313599e-02 6.923059374094009399e-02 5.292333196848630905e-03 -7.849858701229095459e-02 -7.924694567918777466e-02 -3.033784404397010803e-02 -5.945975892245769501e-03 -6.943232729099690914e-04 -1.517415046691894531e-03 -7.940819361654596897e-14 0.000000000000000000e+00 0.000000000000000000e+00 
4.750321241240951589e-18 6.081681341162605459e-17 1.096554357175182227e-18 1.534644252387806773e-04 6.606758388654526324e-17 1.518069849514025460e-12 1.640721744723994970e-16 2.527681839878392900e-13 5.207458976656198502e-03 8.423133403994143009e-04 1.827989891171455383e-02 3.928039595484733582e-02 4.637165367603302002e-02 6.546141207218170166e-02 5.458768084645271301e-02 6.802661716938018799e-02 6.753633171319961548e-02 2.712685056030750275e-02 5.735547281801700592e-03 3.047076461371034384e-04 9.385994053445756435e-04 1.471360087724008783e-17 0.000000000000000000e+00 0.000000000000000000e+00 
7.848611153742771213e-22 1.834062658891506048e-20 1.020993828872860700e-22 6.036575723555870354e-05 1.709076799245737291e-20 5.954437060740969470e-15 5.799390416473126425e-20 6.094321057969109747e-16 4.932508338242769241e-03 5.071227205917239189e-04 1.746522448956966400e-02 3.553130105137825012e-02 3.999632596969604492e-02 3.791145607829093933e-02 2.678034128621220589e-03 -4.552999511361122131e-02 -5.409916862845420837e-02 -2.474545687437057495e-02 -5.568340420722961426e-03 -1.379823661409318447e-04 -5.806022090837359428e-04 -3.043845727920063235e-21 0.000000000000000000e+00 0.000000000000000000e+00 
2.755821959521398412e-10 8.840432275114551430e-10 1.734695581623313387e-10 9.532721596769988537e-04 1.224131018773277901e-09 9.625722441342077218e-08 1.807496152750331930e-09 4.691757737873558654e-08 6.073241587728261948e-03 2.317555248737335205e-03 2.124234102666378021e-02 5.222846195101737976e-02 7.136756926774978638e-02 1.959948390722274780e-01 2.248726934194564819e-01 1.769149452447891235e-01 1.272147148847579956e-01 3.883367776870727539e-02 6.504381541162729263e-03 1.772939926013350487e-03 2.499776659533381462e-03 5.492714616472937905e-10 0.000000000000000000e+00 0.000000000000000000e+00 
2.978994546702640189e-14 2.015594722376556902e-13 1.140689783298357018e-14 3.640271606855094433e-04 2.487220499003406360e-13 3.607981413633609691e-10 4.605634992306539832e-13 9.893112024039751873e-11 5.509462673217058182e-03 1.361821894533932209e-03 1.927551254630088806e-02 4.332936555147171021e-02 5.332198366522789001e-02 6.938552856445312500e-02 5.536197684705257416e-03 -7.854262739419937134e-02 -7.930513471364974976e-02 -3.042884916067123413e-02 -5.954124499112367630e-03 -7.179950480349361897e-04 -1.537282951176166534e-03 -7.677382628289500244e-14 0.000000000000000000e+00 0.000000000000000000e+00 
4.443999303210008104e-18 5.684058267686325225e-17 1.004048991514575467e-18 1.399301254423335195e-04 6.070992844159440256e-17 1.380989615197558695e-12 1.505080667877549492e-16 2.254225994237357700e-13 5.183098837733268738e-03 8.123105508275330067e-04 1.824943162500858307e-02 3.918882459402084351e-02 4.626702517271041870e-02 6.554033607244491577e-02 5.461599305272102356e-02 6.809365004301071167e-02 6.758469343185424805e-02 2.718477323651313782e-02 5.744718015193939209e-03 3.189886629115790129e-04 9.550200193189084530e-04 1.404789419206353668e-17 0.000000000000000000e+00 0.000000000000000000e+00 
7.219890779330052499e-22 1.685274030884670363e-20 9.146893314224290205e-23 5.378609785111621022e-05 1.536892369276862232e-20 5.290096414715212900e-15 5.199964938298625121e-20 5.277882940769634736e-16 4.904571920633316040e-03 4.846456868108361959e-04 1.744277402758598328e-02 3.544928506016731262e-02 3.991502523422241211e-02 3.801826760172843933e-02 2.792762359604239464e-03 -4.554740712046623230e-02 -5.412281304597854614e-02 -2.477893978357315063e-02 -5.579203832894563675e-03 -1.461955980630591512e-04 -5.933266947977244854e-04 -2.870126086277206701e-21 0.000000000000000000e+00 0.000000000000000000e+00 
2.654620967490473049e-10 8.509742910334239241e-10 1.659870435544164025e-10 9.001960279420018196e-04 1.170246566317700854e-09 9.106113196821752354e-08 1.727664566963937887e-09 4.400904174417519243e-08 6.040896289050579071e-03 2.263245405629277229e-03 2.118277922272682190e-02 5.207168310880661011e-02 7.111412286758422852e-02 1.959346830844879150e-01 2.249052524566650391e-01 1.772352904081344604e-01 1.274374872446060181e-01 3.906158357858657837e-02 6.519881542772054672e-03 1.825455692596733570e-03 2.539186272770166397e-03 5.380895728990253701e-10 0.000000000000000000e+00 0.000000000000000000e+00 
2.815269346042193616e-14 1.903817679676719776e-13 1.063223707480857178e-14 3.340519906487315893e-04 2.321786155261990059e-13 3.319031161019836418e-10 4.289719892237170429e-13 8.967467046705479561e-11 5.480330903083086014e-03 1.314984052442014217e-03 1.922445185482501984e-02 4.319961741566658020e-02 5.315681546926498413e-02 6.957062333822250366e-02 5.860528908669948578e-03 -7.858926057815551758e-02 -7.937657833099365234e-02 -3.055595792829990387e-02 -5.964472424238920212e-03 -7.511974545195698738e-04 -1.573712215758860111e-03 -7.438620981117458064e-14 0.000000000000000000e+00 0.000000000000000000e+00 
4.119962878770935255e-18 5.266662599719822439e-17 9.135974119173613056e-19 1.247819454874843359e-04 5.536484283323189770e-17 1.235509524549760485e-12 1.366524606552467144e-16 1.975039191437835684e-13 5.150500684976577759e-03 7.752982201054692268e-04 1.820864342153072357e-02 3.906714171171188354e-02 4.612137004733085632e-02 6.562956422567367554e-02 5.464851111173629761e-02 6.817129254341125488e-02 6.764160841703414917e-02 2.726362273097038269e-02 5.755788180977106094e-03 3.390754864085465670e-04 9.853111114352941513e-04 1.346394852017356446e-17 0.000000000000000000e+00 0.000000000000000000e+00 
6.565417441132105887e-22 1.531775158588970709e-20 8.129554309479754662e-23 4.660909326048567891e-05 1.369081495238147917e-20 4.602908325486692459e-15 4.602060696969397121e-20 4.470378903581324458e-16 4.867023788392543793e-03 4.572024918161332607e-04 1.741280965507030487e-02 3.533854708075523376e-02 3.979923203587532043e-02 3.814688697457313538e-02 2.945018932223320007e-03 -4.556167498230934143e-02 -5.414537340402603149e-02 -2.482227236032485962e-02 -5.592178087681531906e-03 -1.578571100253611803e-04 -6.169428233988583088e-04 -2.720389835636986293e-21 0.000000000000000000e+00 0.000000000000000000e+00 
2.529023934716434496e-10 8.089833247737487909e-10 1.570076707535505989e-10 8.109975024126470089e-04 1.101471691633548744e-09 8.322231792590173427e-08 1.627442958174185605e-09 3.999751285732600081e-08 5.979799665510654449e-03 2.161425771191716194e-03 2.105668187141418457e-02 5.176331475377082825e-02 7.058263570070266724e-02 1.957382559776306152e-01 2.249217927455902100e-01 1.778376400470733643e-01 1.279090046882629395e-01 3.959488868713378906e-02 6.557701621204614639e-03 1.948531251400709152e-03 2.655878197401762009e-03 5.342453146539583031e-10 0.000000000000000000e+00 0.000000000000000000e+00 
2.609877070047002950e-14 1.762564432513519241e-13 9.711718937182277356e-15 2.856517967302352190e-04 2.113108001295174732e-13 2.897934114898248481e-10 3.900549859232188554e-13 7.747912034172799167e-11 5.421244073659181595e-03 1.228291075676679611e-03 1.911743171513080597e-02 4.293582215905189514e-02 5.279085412621498108e-02 6.988677382469177246e-02 6.532418541610240936e-03 -7.864296436309814453e-02 -7.950590550899505615e-02 -3.084577433764934540e-02 -5.984810646623373032e-03 -8.274103747680783272e-04 -1.683050999417901039e-03 -7.380494192145078958e-14 0.000000000000000000e+00 0.000000000000000000e+00 
3.717769880564483309e-18 4.748863749001633154e-17 8.085516779777209386e-19 1.012780558085069060e-04 4.877366257161746003e-17 1.031006985514892893e-12 1.200653320865209712e-16 1.623139421263672388e-13 5.082628224045038223e-03 7.079379865899682045e-04 1.812413707375526428e-02 3.881406784057617188e-02 4.579218849539756775e-02 6.576271355152130127e-02 5.469809472560882568e-02 6.829156726598739624e-02 6.773532927036285400e-02 2.743801102042198181e-02 5.775356199592351913e-03 3.854715614579617977e-04 1.077616587281227112e-03 1.331696266122595420e-17 0.000000000000000000e+00 0.000000000000000000e+00 
5.766496476776736398e-22 1.345381558998153255e-20 6.976392389517886191e-23 3.590667984099127352e-05 1.167420516452688394e-20 3.671124226145442218e-15 3.907112983268640383e-20 3.495137990639429152e-16 4.788437858223915100e-03 4.081011575181037188e-04 1.735116727650165558e-02 3.510231897234916687e-02 3.952885046601295471e-02 3.837068378925323486e-02 3.259368473663926125e-03 -4.555859416723251343e-02 -5.416157841682434082e-02 -2.491173520684242249e-02 -5.614532157778739929e-03 -1.852532150223851204e-04 -6.900145672261714935e-04 -2.681845763641751084e-21 0.000000000000000000e+00 0.000000000000000000e+00 
2.467920312554383599e-10 7.899996212756832392e-10 1.520820552824986294e-10 7.999287336133420467e-04 1.070474375808316836e-09 8.157854836099431850e-08 1.581990982657544009e-09 3.880040821968577802e-08 5.975947715342044830e-03 2.155280672013759613e-03 2.106335572898387909e-02 5.175441876053810120e-02 7.059843838214874268e-02 1.958077400922775269e-01 2.249685972929000854e-01 1.778662055730819702e-01 1.278830170631408691e-01 3.952735662460327148e-02 6.551421713083982468e-03 1.934298663400113583e-03 2.618835540488362312e-03 5.162945071468527658e-10 0.000000000000000000e+00 0.000000000000000000e+00 
2.522297420839286763e-14 1.703917497548890214e-13 9.245578918616343539e-15 2.798242203425616026e-04 2.025676853903771168e-13 2.812971244825490658e-10 3.735902375217453608e-13 7.390549283670111436e-11 5.419900175184011459e-03 1.223293947987258434e-03 1.912390254437923431e-02 4.293696209788322449e-02 5.281684175133705139e-02 6.993157416582107544e-02 6.511853076517581940e-03 -7.867761701345443726e-02 -7.951740175485610962e-02 -3.081961721181869507e-02 -5.984848830848932266e-03 -8.215133566409349442e-04 -1.648167963139712811e-03 -7.001871142348764510e-14 0.000000000000000000e+00 0.000000000000000000e+00 
3.556214062307364027e-18 4.541306597083092386e-17 7.573854906100642896e-19 9.853261144598945975e-05 4.612072229359248925e-17 9.909168754637653898e-13 1.132701293811815544e-16 1.522348734702902440e-13 5.081903189420700073e-03 7.041068747639656067e-04 1.812988147139549255e-02 3.882085904479026794e-02 4.582232236862182617e-02 6.580340862274169922e-02 5.471410602331161499e-02 6.832321733236312866e-02 6.775369495153427124e-02 2.742961049079895020e-02 5.777224432677030563e-03 3.825979365501552820e-04 1.047946279868483543e-03 1.240501092513726715e-17 0.000000000000000000e+00 0.000000000000000000e+00 
5.458067261400190696e-22 1.272413646875249217e-20 6.432959364774338871e-23 3.469413059065118432e-05 1.088757821241526217e-20 3.493570026774943035e-15 3.630259509656263362e-20 3.223573139700392073e-16 4.787807818502187729e-03 4.053427255712449551e-04 1.735617592930793762e-02 3.511353209614753723e-02 3.956169635057449341e-02 3.839968144893646240e-02 3.250326495617628098e-03 -4.558845236897468567e-02 -5.418808013200759888e-02 -2.491540834307670593e-02 -5.617205053567886353e-03 -1.837167801568284631e-04 -6.663491949439048767e-04 -2.452760758713960992e-21 0.000000000000000000e+00 0.000000000000000000e+00 
2.407274657389990580e-10 7.706705829058080326e-10 1.473816207964162572e-10 7.875673472881317139e-04 1.040031283316977806e-09 7.991091877102007857e-08 1.536947347169359546e-09 3.758529842912139429e-08 5.970855709165334702e-03 2.146931597962975502e-03 2.106701768934726715e-02 5.173729732632637024e-02 7.059956341981887817e-02 1.958678066730499268e-01 2.250133156776428223e-01 1.779068857431411743e-01 1.278681457042694092e-01 3.947635367512702942e-02 6.546388845890760422e-03 1.924264361150562763e-03 2.585425740107893944e-03 4.995521774020517114e-10 0.000000000000000000e+00 0.000000000000000000e+00 
2.434840591408922450e-14 1.643790762144090034e-13 8.808401497615876014e-15 2.733636356424540281e-04 1.940709826999884036e-13 2.727535697299998674e-10 3.574002801608883173e-13 7.035210608519193443e-11 5.417310167104005814e-03 1.216437201946973801e-03 1.912779919803142548e-02 4.293082281947135925e-02 5.283179134130477905e-02 6.998234242200851440e-02 6.508606951683759689e-03 -7.871137559413909912e-02 -7.953110337257385254e-02 -3.080242127180099487e-02 -5.985285621136426926e-03 -8.181527373380959034e-04 -1.616900321096181870e-03 -6.658865489171314489e-14 0.000000000000000000e+00 0.000000000000000000e+00 
3.396000344594112032e-18 4.329917944567205994e-17 7.101923551220764017e-19 9.551110269967466593e-05 4.357698640003676918e-17 9.510050082497945034e-13 1.066785785426526930e-16 1.424020542326390193e-13 5.079719237983226776e-03 6.988564273342490196e-04 1.813358254730701447e-02 3.882050886750221252e-02 4.584214091300964355e-02 6.584557145833969116e-02 5.473057553172111511e-02 6.835585087537765503e-02 6.777342408895492554e-02 2.742653898894786835e-02 5.779311992228031158e-03 3.812565701082348824e-04 1.021528034470975399e-03 1.159176251564147012e-17 0.000000000000000000e+00 0.000000000000000000e+00 
5.155061370083730824e-22 1.198844009324326868e-20 5.939820324815338203e-23 3.336939334985800087e-05 1.014403735357742301e-20 3.318578102069888111e-15 3.365578192628060211e-20 2.963364353606074992e-16 4.785479977726936340e-03 4.015681915916502476e-04 1.735966466367244720e-02 3.511787205934524536e-02 3.958560526371002197e-02 3.843314573168754578e-02 3.249339293688535690e-03 -4.561657458543777466e-02 -5.421398952603340149e-02 -2.492167800664901733e-02 -5.620077718049287796e-03 -1.830883848015218973e-04 -6.454179529100656509e-04 -2.251842707672021996e-21 0.000000000000000000e+00 0.000000000000000000e+00 
2.313962355060539267e-10 7.396556145344845845e-10 1.407010757903393028e-10 7.317626732401549816e-04 9.904972397833944342e-10 7.494925569062615978e-08 1.465424448454655248e-09 3.500334244677105744e-08 5.930927582085132599e-03 2.081320621073246002e-03 2.099009044468402863e-02 5.153864622116088867e-02 7.026895135641098022e-02 1.957695782184600830e-01 2.250422686338424683e-01 1.782907098531723022e-01 1.281559914350509644e-01 3.979436308145523071e-02 6.567891687154769897e-03 1.998586812987923622e-03 2.645631087943911552e-03 4.912830697811898517e-10 0.000000000000000000e+00 0.000000000000000000e+00 
2.291788415672343232e-14 1.545001783844271448e-13 8.173188620580300323e-15 2.448295999784022570e-04 1.800119027364072144e-13 2.476588378819144509e-10 3.315836375004238556e-13 6.309541084048575499e-11 5.378324072808027267e-03 1.161730266176164150e-03 1.906407997012138367e-02 4.276470467448234558e-02 5.260822549462318420e-02 7.019139826297760010e-02 6.924427580088376999e-03 -7.875551283359527588e-02 -7.961669564247131348e-02 -3.098225966095924377e-02 -5.997685715556144714e-03 -8.664895431138575077e-04 -1.673532067798078060e-03 -6.506640793648918453e-14 0.000000000000000000e+00 0.000000000000000000e+00 
3.129956105335059985e-18 3.985062707599153523e-17 6.421939211683664771e-19 8.245524077210575342e-05 3.939761334172074410e-17 8.361475032324372503e-13 9.636519140366803758e-17 1.230308308572750087e-13 5.034661851823329926e-03 6.572843994945287704e-04 1.808456890285015106e-02 3.866343572735786438e-02 4.564468190073966980e-02 6.594199687242507935e-02 5.476874113082885742e-02 6.844167411327362061e-02 6.783946603536605835e-02 2.753958664834499359e-02 5.791653878986835480e-03 4.117177450098097324e-04 1.069503487087786198e-03 1.123600040598853844e-17 0.000000000000000000e+00 0.000000000000000000e+00 
4.651660575034125563e-22 1.080457903899866209e-20 5.237990341190653481e-23 2.776859219011384994e-05 8.939582410137087031e-21 2.825373263256811263e-15 2.960042880683708259e-20 2.466679585808322257e-16 4.733302630484104156e-03 3.719347005244344473e-04 1.732504181563854218e-02 3.497254848480224609e-02 3.942718729376792908e-02 3.858142718672752380e-02 3.443766152486205101e-03 -4.562525823712348938e-02 -5.423390492796897888e-02 -2.498449757695198059e-02 -5.634300876408815384e-03 -2.015888312598690391e-04 -6.835273234173655510e-04 -2.165129097486211013e-21 0.000000000000000000e+00 0.000000000000000000e+00 
2.269163607016011497e-10 7.260242962381369125e-10 1.369897251191076748e-10 7.349663064815104008e-04 9.687857183138248729e-10 7.450250194551699678e-08 1.433761331881555634e-09 3.438850271209048515e-08 5.938530433923006058e-03 2.093453658744692802e-03 2.102149277925491333e-02 5.158730223774909973e-02 7.039019465446472168e-02 1.958868056535720825e-01 2.250917851924896240e-01 1.782096922397613525e-01 1.280336827039718628e-01 3.960925340652465820e-02 6.553189828991889954e-03 1.957957632839679718e-03 2.578227547928690910e-03 4.723630375735865528e-10 0.000000000000000000e+00 0.000000000000000000e+00 
2.233035330538764296e-14 1.505643212103974227e-13 7.850125172299826648e-15 2.464398567099124193e-04 1.743309679556534486e-13 2.455252390287654407e-10 3.209732284646660272e-13 6.135952163033309148e-11 5.389027297496795654e-03 1.171986921690404415e-03 1.909109018743038177e-02 4.281663522124290466e-02 5.270954221487045288e-02 7.018688321113586426e-02 6.770707666873931885e-03 -7.878617942333221436e-02 -7.960535585880279541e-02 -3.089316748082637787e-02 -5.993823055177927017e-03 -8.443279657512903214e-04 -1.610280596651136875e-03 -6.115743220007352487e-14 0.000000000000000000e+00 0.000000000000000000e+00 
3.028049108229752082e-18 3.852480544657929142e-17 6.089552709153598815e-19 8.317909669131040573e-05 3.777530371098989346e-17 8.265784974884060610e-13 9.223997551441708432e-17 1.184100289607775691e-13 5.048107821494340897e-03 6.650349823758006096e-04 1.810618676245212555e-02 3.872001916170120239e-02 4.574321955442428589e-02 6.596556305885314941e-02 5.477724224328994751e-02 6.845569610595703125e-02 6.784313172101974487e-02 2.749395743012428284e-02 5.790115799754858017e-03 3.987483505625277758e-04 1.015959191136062145e-03 1.033688320428422416e-17 0.000000000000000000e+00 0.000000000000000000e+00 
4.466967663629478536e-22 1.035889428651380416e-20 4.905877375737710804e-23 2.807364217005670071e-05 8.485135520831562418e-21 2.785022519473747717e-15 2.801357973688213256e-20 2.349704600490299397e-16 4.749128594994544983e-03 3.774250799324363470e-04 1.734142750501632690e-02 3.503125160932540894e-02 3.951722010970115662e-02 3.857451677322387695e-02 3.372590523213148117e-03 -4.566069319844245911e-02 -5.426238104701042175e-02 -2.496985532343387604e-02 -5.633182823657989502e-03 -1.939213252626359463e-04 -6.410228670574724674e-04 -1.949093795684046921e-21 0.000000000000000000e+00 0.000000000000000000e+00 
2.235693158381124590e-10 7.164889792576900618e-10 1.339470478978199708e-10 7.481320644728839397e-04 9.529517175366208903e-10 7.492675990761199500e-08 1.410910166477208350e-09 3.414711002847070631e-08 5.953910760581493378e-03 2.118879230692982674e-03 2.107220701873302460e-02 5.167498812079429626e-02 7.058397680521011353e-02 1.960354149341583252e-01 2.251431941986083984e-01 1.780492514371871948e-01 1.278419196605682373e-01 3.934425488114356995e-02 6.533466279506683350e-03 1.900596660561859608e-03 2.489665057510137558e-03 4.531437447496955429e-10 0.000000000000000000e+00 0.000000000000000000e+00 
2.193908168199656950e-14 1.480236831545578280e-13 7.597582299075957002e-15 2.530921192374080420e-04 1.703888088564961545e-13 2.477346383589207335e-10 3.136384923475843411e-13 6.063952812107586965e-11 5.407648626714944839e-03 1.193378935568034649e-03 1.913455314934253693e-02 4.290273413062095642e-02 5.286233872175216675e-02 7.014550268650054932e-02 6.522719748318195343e-03 -7.881170511245727539e-02 -7.957650721073150635e-02 -3.076232038438320160e-02 -5.987485870718955994e-03 -8.119621779769659042e-04 -1.528348075225949287e-03 -5.735787279165238672e-14 0.000000000000000000e+00 0.000000000000000000e+00 
2.963711206980530727e-18 3.769143421432191688e-17 5.835792308786112367e-19 8.618620631750673056e-05 3.667554061682104147e-17 8.365404180997459971e-13 8.942191675123672837e-17 1.164271587125731422e-13 5.070834886282682419e-03 6.812679930590093136e-04 1.814079284667968750e-02 3.881002962589263916e-02 4.588858783245086670e-02 6.597561389207839966e-02 5.478022620081901550e-02 6.845562160015106201e-02 6.783534586429595947e-02 2.742434479296207428e-02 5.786242894828319550e-03 3.795604570768773556e-04 9.476355044171214104e-04 9.480001844656867478e-18 0.000000000000000000e+00 0.000000000000000000e+00 
4.354088610068317691e-22 1.008232596403055919e-20 4.657185819923165948e-23 2.934797703346703202e-05 8.181792072778314854e-21 2.827055047173584676e-15 2.693961818962700532e-20 2.298811684645708829e-16 4.775747656822204590e-03 3.889758372679352760e-04 1.736728288233280182e-02 3.512187302112579346e-02 3.964639827609062195e-02 3.854111954569816589e-02 3.257461823523044586e-03 -4.569853842258453369e-02 -5.429105088114738464e-02 -2.494404837489128113e-02 -5.629393737763166428e-03 -1.825719082262367010e-04 -5.875978968106210232e-04 -1.747847174608752511e-21 0.000000000000000000e+00 0.000000000000000000e+00 
2.182459768462763350e-10 6.999922863570873233e-10 1.297108948028480313e-10 7.306868210434913635e-04 9.253952604204584986e-10 7.322092443473593448e-08 1.371385671689040464e-09 3.301873263694687921e-08 5.944197531789541245e-03 2.103395527228713036e-03 2.106622606515884399e-02 5.163227021694183350e-02 7.053878903388977051e-02 1.960690915584564209e-01 2.251799702644348145e-01 1.781299114227294922e-01 1.278630346059799194e-01 3.933870047330856323e-02 6.532423663884401321e-03 1.902746269479393959e-03 2.466997131705284119e-03 4.402914421941517276e-10 0.000000000000000000e+00 0.000000000000000000e+00 
2.121377414552629015e-14 1.432125902242620263e-13 7.229769253159091386e-15 2.442915865685790777e-04 1.631000835691093220e-13 2.393500397879222419e-10 3.002926954407542093e-13 5.755611265367832630e-11 5.399825982749462128e-03 1.180567312985658646e-03 1.913018524646759033e-02 4.287343844771385193e-02 5.284238979220390320e-02 7.021459192037582397e-02 6.574456579983234406e-03 -7.884243130683898926e-02 -7.959552109241485596e-02 -3.076876699924468994e-02 -5.989476107060909271e-03 -8.159187273122370243e-04 -1.507611363194882870e-03 -5.493100142502441163e-14 0.000000000000000000e+00 0.000000000000000000e+00 
2.836664123108204930e-18 3.608343811691068384e-17 5.464408893265116767e-19 8.221372991101816297e-05 3.461286980646901081e-17 7.990131993540483535e-13 8.430857075456462952e-17 1.084647101952038173e-13 5.062315147370100021e-03 6.715403869748115540e-04 1.813789829611778259e-02 3.878665342926979065e-02 4.587633162736892700e-02 6.602220982313156128e-02 5.479740351438522339e-02 6.849103420972824097e-02 6.785713136196136475e-02 2.743484638631343842e-02 5.789489950984716415e-03 3.826419415418058634e-04 9.305335697717964649e-04 8.938505427441891524e-18 0.000000000000000000e+00 0.000000000000000000e+00 
4.124020671830847735e-22 9.548624024491230670e-21 4.293406715557203503e-23 2.766696161415893584e-05 7.612497133092197752e-21 2.669430686019031926e-15 2.500818538664549744e-20 2.102219969799416018e-16 4.766001366078853607e-03 3.820458950940519571e-04 1.736583560705184937e-02 3.510379046201705933e-02 3.964298591017723083e-02 3.858775272965431213e-02 3.282105317339301109e-03 -4.572069272398948669e-02 -5.431234091520309448e-02 -2.495645545423030853e-02 -5.633490625768899918e-03 -1.845674123615026474e-04 -5.743725341744720936e-04 -1.622485892902745453e-21 0.000000000000000000e+00 0.000000000000000000e+00 
2.128247716948195034e-10 6.829677379194265541e-10 1.255744813688508543e-10 7.141379755921661854e-04 8.985009403161825503e-10 7.153379044666507980e-08 1.331668109116890264e-09 3.190412556364208285e-08 5.935261491686105728e-03 2.088737906888127327e-03 2.106083184480667114e-02 5.159226432442665100e-02 7.050319761037826538e-02 1.961089223623275757e-01 2.252183556556701660e-01 1.782036572694778442e-01 1.278777271509170532e-01 3.932368010282516479e-02 6.530628073960542679e-03 1.902405987493693829e-03 2.442116849124431610e-03 4.270076792156629608e-10 0.000000000000000000e+00 0.000000000000000000e+00 
2.047397048719670071e-14 1.382238914255859430e-13 6.878957852559514086e-15 2.360398357268422842e-04 1.561253296783471356e-13 2.311503211060994545e-10 2.870287557979467330e-13 5.456421078853246343e-11 5.392774008214473724e-03 1.168489223346114159e-03 1.912634447216987610e-02 4.284647107124328613e-02 5.282962694764137268e-02 7.028100639581680298e-02 6.616003345698118210e-03 -7.887414842844009399e-02 -7.961428165435791016e-02 -3.077010624110698700e-02 -5.991228390485048294e-03 -8.183692116290330887e-04 -1.484962529502809048e-03 -5.240652475781842901e-14 0.000000000000000000e+00 0.000000000000000000e+00 
2.707973638153889406e-18 3.442734642996316756e-17 5.116326121623974265e-19 7.853202259866520762e-05 3.267052068801894356e-17 7.627338973088815255e-13 7.929752383860818872e-17 1.008785814756406329e-13 5.054679699242115021e-03 6.624017260037362576e-04 1.813545450568199158e-02 3.876544162631034851e-02 4.587068781256675720e-02 6.606859713792800903e-02 5.481466278433799744e-02 6.852640211582183838e-02 6.787928193807601929e-02 2.744237333536148071e-02 5.792591255158185959e-03 3.848032501991838217e-04 9.119436144828796387e-04 8.389718240307873185e-18 0.000000000000000000e+00 0.000000000000000000e+00 
3.893274186997142874e-22 9.004409459471662790e-21 3.957975801136901250e-23 2.612699790915939957e-05 7.084624231931953846e-21 2.518795617228748035e-15 2.314299165615358748e-20 1.918335204999815804e-16 4.757277201861143112e-03 3.755583020392805338e-04 1.736476831138134003e-02 3.508767858147621155e-02 3.964523598551750183e-02 3.863233700394630432e-02 3.302013967186212540e-03 -4.574435204267501831e-02 -5.433521419763565063e-02 -2.496751025319099426e-02 -5.637444555759429932e-03 -1.860146003309637308e-04 -5.600653239525854588e-04 -1.497835065638867681e-21 0.000000000000000000e+00 0.000000000000000000e+00 
2.016666555970658692e-10 6.463205526330284556e-10 1.183343423249993975e-10 6.277256761677563190e-04 8.418016839151221120e-10 6.466014923489638022e-08 1.247659864311856381e-09 2.867702164621732663e-08 5.865032318979501724e-03 1.973821548745036125e-03 2.091558463871479034e-02 5.123470351099967957e-02 6.988424062728881836e-02 1.958778649568557739e-01 2.252337634563446045e-01 1.788778752088546753e-01 1.284231096506118774e-01 3.995537012815475464e-02 6.573638878762722015e-03 2.049111993983387947e-03 2.583249704912304878e-03 4.257107166782958529e-10 0.000000000000000000e+00 0.000000000000000000e+00 
1.880279650512059475e-14 1.270896094526102749e-13 6.240019301105440355e-15 1.945205294759944081e-04 1.411276558940452452e-13 1.984992448189615288e-10 2.588357317107742306e-13 4.635101677474828819e-11 5.319721996784210205e-03 1.074195257388055325e-03 1.900634728372097015e-02 4.254136979579925537e-02 5.239627137780189514e-02 7.061729580163955688e-02 7.396366912871599197e-03 -7.892661541700363159e-02 -7.975752651691436768e-02 -3.111720085144042969e-02 -6.013175006955862045e-03 -9.128671954385936260e-04 -1.615118468180298805e-03 -5.233079662420210554e-14 0.000000000000000000e+00 0.000000000000000000e+00 
2.411650245777180643e-18 3.076044153962579502e-17 4.484231403650632556e-19 6.067646609153598547e-05 2.853303605592260380e-17 6.225425990685762301e-13 6.891842547176232079e-17 8.103753941762076307e-14 4.968554712831974030e-03 5.921255215071141720e-04 1.804343983530998230e-02 3.847189247608184814e-02 4.548352211713790894e-02 6.620801240205764771e-02 5.487215146422386169e-02 6.865714490413665771e-02 6.798105686902999878e-02 2.765440940856933594e-02 5.813144147396087646e-03 4.447150276973843575e-04 1.020033727400004864e-03 8.369581355475882279e-18 0.000000000000000000e+00 0.000000000000000000e+00 
3.362164305552851277e-22 7.819213122460893932e-21 3.354672020219424195e-23 1.892589170893188566e-05 5.979850206859226325e-21 1.954048046349968031e-15 1.938561419651095726e-20 1.457518312051342435e-16 4.657228942960500717e-03 3.264327242504805326e-04 1.729969866573810577e-02 3.481050208210945129e-02 3.932846337556838989e-02 3.887411952018737793e-02 3.666043980047106743e-03 -4.573692008852958679e-02 -5.434625595808029175e-02 -2.507902495563030243e-02 -5.660809576511383057e-03 -2.227966469945386052e-04 -6.442382000386714935e-04 -1.492679727094616292e-21 0.000000000000000000e+00 0.000000000000000000e+00 
1.957870671143169261e-10 6.279927688979114464e-10 1.141952435390614085e-10 6.075418205000460148e-04 8.137104323679977824e-10 6.264211549478204688e-08 1.205908040091685507e-09 2.747673555347773799e-08 5.851310212165117264e-03 1.951190526597201824e-03 2.089945040643215179e-02 5.117167532444000244e-02 6.980367749929428101e-02 1.959007829427719116e-01 2.252740561962127686e-01 1.790018379688262939e-01 1.284802258014678955e-01 3.999203443527221680e-02 6.574902217835187912e-03 2.059678547084331512e-03 2.571720164269208908e-03 4.135164710650229836e-10 0.000000000000000000e+00 0.000000000000000000e+00 
1.800460686573676639e-14 1.218768873800443742e-13 5.900918978034601012e-15 1.852146524470299482e-04 1.341388751376765276e-13 1.892856565932632407e-10 2.456543811684558376e-13 4.338894868394227444e-11 5.307151470333337784e-03 1.056024921126663685e-03 1.899392530322074890e-02 4.249536991119384766e-02 5.235144868493080139e-02 7.070505619049072266e-02 7.497478742152452469e-03 -7.896237820386886597e-02 -7.978784292936325073e-02 -3.114711306989192963e-02 -6.016376893967390060e-03 -9.226230904459953308e-04 -1.604400342330336571e-03 -4.998667360025729756e-14 0.000000000000000000e+00 0.000000000000000000e+00 
2.277033011733922674e-18 2.909873164195781858e-17 4.161992339285060867e-19 5.683727431460283697e-05 2.667585510770222138e-17 5.843188888472738984e-13 6.422983341091375144e-17 7.411278079953731446e-14 4.954204894602298737e-03 5.788145936094224453e-04 1.803468167781829834e-02 3.843237087130546570e-02 4.544949531555175781e-02 6.626304984092712402e-02 5.489411205053329468e-02 6.870237737894058228e-02 6.801153719425201416e-02 2.767948992550373077e-02 5.817561410367488861e-03 4.517229099292308092e-04 1.011020154692232609e-03 7.871794816189433414e-18 0.000000000000000000e+00 0.000000000000000000e+00 
3.129556613853804169e-22 7.295283061700914994e-21 3.057726473921234224e-23 1.744104883982799947e-05 5.499186377338459024e-21 1.805246380374016073e-15 1.774018393708106038e-20 1.302401830165152456e-16 4.640687257051467896e-03 3.172860888298600912e-04 1.729436032474040985e-02 3.477675095200538635e-02 3.930756449699401855e-02 3.893458098173141479e-02 3.713535610586404800e-03 -4.576024040579795837e-02 -5.437051504850387573e-02 -2.509937435388565063e-02 -5.666255019605159760e-03 -2.273502905154600739e-04 -6.371301133185625076e-04 -1.381797640205142609e-21 0.000000000000000000e+00 0.000000000000000000e+00 
1.907523999866711506e-10 6.127234275510318184e-10 1.105539132462141083e-10 5.969958147034049034e-04 7.902863918829439172e-10 6.131941177045518998e-08 1.170930130633962563e-09 2.658666176102997269e-08 5.846462678164243698e-03 1.942304428666830063e-03 2.090346440672874451e-02 5.115411803126335144e-02 6.980767846107482910e-02 1.959640979766845703e-01 2.253173440694808960e-01 1.790423989295959473e-01 1.284605115652084351e-01 3.993268311023712158e-02 6.569533608853816986e-03 2.048578811809420586e-03 2.536112908273935318e-03 3.997833730728928003e-10 0.000000000000000000e+00 0.000000000000000000e+00 
1.735015871750199279e-14 1.176777588134808594e-13 5.612401768507893976e-15 1.804133789846673608e-04 1.284877694691932692e-13 1.833519724936394368e-10 2.349513812671677471e-13 4.122454461130686809e-11 5.304160993546247482e-03 1.048987149260938168e-03 1.899792812764644623e-02 4.248961061239242554e-02 5.236782133579254150e-02 7.075583189725875854e-02 7.491793483495712280e-03 -7.899650931358337402e-02 -7.980059087276458740e-02 -3.112499602138996124e-02 -6.016762927174568176e-03 -9.186248644255101681e-04 -1.571356784552335739e-03 -4.745127020803173445e-14 0.000000000000000000e+00 0.000000000000000000e+00 
2.169205676189419614e-18 2.778424238693755124e-17 3.893670716703285482e-19 5.488131864694878459e-05 2.520430410669283536e-17 5.600331396543589690e-13 6.049896429816887839e-17 6.913409054216598792e-14 4.951241891831159592e-03 5.736809107474982738e-04 1.803834922611713409e-02 3.843253478407859802e-02 4.547083750367164612e-02 6.630586832761764526e-02 5.491018295288085938e-02 6.873504072427749634e-02 6.803090870380401611e-02 2.767335996031761169e-02 5.819680169224739075e-03 4.499452479649335146e-04 9.833573130890727043e-04 7.337746333209884921e-18 0.000000000000000000e+00 0.000000000000000000e+00 
2.946618129102368672e-22 6.886757621089154559e-21 2.815273545689539218e-23 1.669404809945262969e-05 5.125010742573956787e-21 1.711954065684309027e-15 1.645500375911507819e-20 1.192884440552111677e-16 4.637372214347124100e-03 3.137724415864795446e-04 1.729772426187992096e-02 3.478127717971801758e-02 3.933290019631385803e-02 3.896774351596832275e-02 3.711368888616561890e-03 -4.578873515129089355e-02 -5.439697206020355225e-02 -2.510400675237178802e-02 -5.669189151376485825e-03 -2.264264621771872044e-04 -6.154144648462533951e-04 -1.264618196616147183e-21 0.000000000000000000e+00 0.000000000000000000e+00 
1.874773253307537857e-10 6.032415122980694377e-10 1.078591452263744088e-10 6.028198986314237118e-04 7.752863906418383522e-10 6.128490070977932191e-08 1.148932060601737248e-09 2.624128647710222140e-08 5.857133772224187851e-03 1.958277774974703789e-03 2.094170451164245605e-02 5.121454969048500061e-02 6.995403021574020386e-02 1.960912048816680908e-01 2.253624349832534790e-01 1.789339184761047363e-01 1.283095180988311768e-01 3.971305489540100098e-02 6.553529296070337296e-03 2.002281602472066879e-03 2.459614770486950874e-03 3.844918827766719005e-10 0.000000000000000000e+00 0.000000000000000000e+00 
1.697060494790323532e-14 1.152463676790463354e-13 5.412061959339780487e-15 1.830603578127920628e-04 1.250584244450944627e-13 1.832649032529332089e-10 2.285190266182457464e-13 4.036517300964881372e-11 5.318170413374900818e-03 1.061984919942915440e-03 1.902993582189083099e-02 4.255172610282897949e-02 5.248639360070228577e-02 7.074047625064849854e-02 7.304054219275712967e-03 -7.902361452579498291e-02 -7.978123426437377930e-02 -3.101632185280323029e-02 -6.012335419654846191e-03 -8.921153494156897068e-04 -1.501057413406670094e-03 -4.487698800352719897e-14 0.000000000000000000e+00 0.000000000000000000e+00 
2.109731183351703785e-18 2.704063679475443127e-17 3.713264693057001528e-19 5.595754555542953312e-05 2.433542201073855935e-17 5.596950854169779888e-13 5.828644806549164166e-17 6.713182662760122654e-14 4.968577530235052109e-03 5.831786547787487507e-04 1.806326955556869507e-02 3.849909082055091858e-02 4.558444023132324219e-02 6.632499396800994873e-02 5.491496250033378601e-02 6.874234974384307861e-02 6.802908331155776978e-02 2.761541306972503662e-02 5.817614030092954636e-03 4.337602003943175077e-04 9.251483133994042873e-04 6.796345455355658842e-18 0.000000000000000000e+00 0.000000000000000000e+00 
2.848764288321898977e-22 6.658684781500748201e-21 2.656457228351186326e-23 1.710426113277208060e-05 4.908287402601146171e-21 1.710668904945087439e-15 1.570125158179747065e-20 1.148794787460749242e-16 4.657654557377099991e-03 3.202793013770133257e-04 1.731600426137447357e-02 3.484952077269554138e-02 3.943502530455589294e-02 3.895223513245582581e-02 3.624491626396775246e-03 -4.582300409674644470e-02 -5.442465096712112427e-02 -2.508255094289779663e-02 -5.667457357048988342e-03 -2.165290061384439468e-04 -5.702206399291753769e-04 -1.147499741441456203e-21 0.000000000000000000e+00 0.000000000000000000e+00 
1.848825537109632933e-10 5.960779647651293089e-10 1.056499610019301372e-10 6.202663062140345573e-04 7.643979338389783607e-10 6.199558555408657412e-08 1.132573035356188029e-09 2.617294647677681496e-08 5.878283176571130753e-03 1.991434255614876747e-03 2.100470475852489471e-02 5.133112892508506775e-02 7.020439207553863525e-02 1.962671130895614624e-01 2.254149168729782104e-01 1.787225008010864258e-01 1.280644536018371582e-01 3.938386216759681702e-02 6.530134938657283783e-03 1.931313658133149147e-03 2.354355761781334877e-03 3.676093873750119201e-10 0.000000000000000000e+00 0.000000000000000000e+00 
1.669437225721055740e-14 1.135069821337278406e-13 5.255047461907250833e-15 1.910653809318318963e-04 1.227087279443567214e-13 1.865556459312855964e-10 2.239697278550237258e-13 4.015872356877281391e-11 5.343717522919178009e-03 1.089014927856624126e-03 1.908282935619354248e-02 4.266364499926567078e-02 5.268074199557304382e-02 7.067937403917312622e-02 6.985422223806381226e-03 -7.904881983995437622e-02 -7.974258810281753540e-02 -3.085132129490375519e-02 -6.004627794027328491e-03 -8.502346463501453400e-04 -1.406045397743582726e-03 -4.177069456924760449e-14 0.000000000000000000e+00 0.000000000000000000e+00 
2.068277647339068218e-18 2.651923342179898091e-17 3.574770877073013796e-19 5.924368088017217815e-05 2.375441696592621313e-17 5.731576780028391216e-13 5.675047292965417563e-17 6.659087072990316214e-14 4.999732598662376404e-03 6.030516815371811390e-04 1.810452900826931000e-02 3.861493244767189026e-02 4.576687887310981750e-02 6.632950156927108765e-02 5.491377785801887512e-02 6.873521953821182251e-02 6.801662594079971313e-02 2.752548083662986755e-02 5.812643095850944519e-03 4.079840437043458223e-04 8.479134994558990002e-04 6.172035023934323969e-18 0.000000000000000000e+00 0.000000000000000000e+00 
2.782393949377672281e-22 6.500406921683637446e-21 2.536587289447956875e-23 1.836891897255554795e-05 4.765495753255963241e-21 1.762265705168846331e-15 1.518505210547316796e-20 1.136204701490998135e-16 4.694049246609210968e-03 3.339796094223856926e-04 1.734613440930843353e-02 3.496548160910606384e-02 3.959488123655319214e-02 3.890360891819000244e-02 3.476696088910102844e-03 -4.586456343531608582e-02 -5.445806682109832764e-02 -2.504663728177547455e-02 -5.662449169903993607e-03 -2.008219889830797911e-04 -5.113502265885472298e-04 -1.016387979280750058e-21 0.000000000000000000e+00 0.000000000000000000e+00 
1.815364109036821105e-10 5.863121099736190445e-10 1.030717247663126557e-10 6.268246797844767570e-04 7.497749643370354988e-10 6.197770829885485000e-08 1.110200931186966500e-09 2.581335145634966466e-08 5.888978485018014908e-03 2.008158946409821510e-03 2.104507945477962494e-02 5.139354616403579712e-02 7.035602629184722900e-02 1.963951140642166138e-01 2.254628688097000122e-01 1.786067336797714233e-01 1.279062479734420776e-01 3.916518017649650574e-02 6.514718290418386459e-03 1.885532517917454243e-03 2.276705345138907433e-03 3.532975301201446428e-10 0.000000000000000000e+00 0.000000000000000000e+00 
1.630125918419215308e-14 1.109787649690267830e-13 5.067978117923770467e-15 1.941041264217346907e-04 1.194228499727320592e-13 1.865424481550803648e-10 2.174824854711196465e-13 3.927308478424151872e-11 5.357636138796806335e-03 1.102790352888405323e-03 1.911733485758304596e-02 4.272766783833503723e-02 5.280311405658721924e-02 7.066090404987335205e-02 6.790609564632177353e-03 -7.907535135746002197e-02 -7.972369343042373657e-02 -3.074656054377555847e-02 -6.000375375151634216e-03 -8.242910844273865223e-04 -1.337267225608229637e-03 -3.932661149313142201e-14 0.000000000000000000e+00 0.000000000000000000e+00 
2.006814405513621773e-18 2.575039054912686806e-17 3.409417472623663564e-19 6.050333468010649085e-05 2.293375619096132842e-17 5.731197851369107532e-13 5.455408671892172294e-17 6.455042934633975493e-14 5.016960669308900833e-03 6.132443086244165897e-04 1.813190057873725891e-02 3.868351131677627563e-02 4.588406533002853394e-02 6.634802371263504028e-02 5.491908267140388489e-02 6.874212622642517090e-02 6.801670044660568237e-02 2.747193910181522369e-02 5.810515955090522766e-03 3.923785116057842970e-04 7.930727442726492882e-04 5.684104755236750705e-18 0.000000000000000000e+00 0.000000000000000000e+00 
2.681981422473900131e-22 6.266910556086753522e-21 2.393548979074929440e-23 1.885841265902854502e-05 4.563615620075791183e-21 1.762126368249022999e-15 1.444904876840850487e-20 1.091763000330933132e-16 4.714247304946184158e-03 3.410505596548318863e-04 1.736653968691825867e-02 3.503577038645744324e-02 3.970012813806533813e-02 3.888662159442901611e-02 3.386518917977809906e-03 -4.589977115392684937e-02 -5.448877438902854919e-02 -2.502924948930740356e-02 -5.660549737513065338e-03 -1.914623135235160589e-04 -4.703491867985576391e-04 -9.155571667705935183e-22 0.000000000000000000e+00 0.000000000000000000e+00 
1.772709756764356825e-10 5.730143581850200007e-10 9.999693434403766901e-11 6.180765922181308270e-04 7.297398241234986926e-10 6.091629245474905474e-08 1.080667111352795473e-09 2.507343666025008133e-08 5.885966122150421143e-03 2.002186374738812447e-03 2.105310559272766113e-02 5.138427764177322388e-02 7.037508487701416016e-02 1.964625567197799683e-01 2.255038022994995117e-01 1.786252707242965698e-01 1.278688162565231323e-01 3.909048810601234436e-02 6.509062368422746658e-03 1.873091096058487892e-03 2.236082218587398529e-03 3.417357230528494938e-10 0.000000000000000000e+00 0.000000000000000000e+00 
1.576246999677316518e-14 1.073874198115679079e-13 4.838464376469850739e-15 1.900551869766786695e-04 1.147564438223544481e-13 1.818021705402017574e-10 2.087676955137354740e-13 3.753383714943936411e-11 5.356681998819112778e-03 1.098029897548258305e-03 1.912476308643817902e-02 4.272890836000442505e-02 5.282988771796226501e-02 7.070300728082656860e-02 6.764092482626438141e-03 -7.910554856061935425e-02 -7.973216474056243896e-02 -3.071787394583225250e-02 -6.000404711812734604e-03 -8.192387176677584648e-04 -1.301745767705142498e-03 -3.741601009598673200e-14 0.000000000000000000e+00 0.000000000000000000e+00 
1.920347975312534961e-18 2.465427863018182514e-17 3.206867306991452214e-19 5.882643017685040832e-05 2.176130377328376657e-17 5.537925261596410298e-13 5.163099587028183374e-17 6.068875870596235345e-14 5.016437731683254242e-03 6.097207660786807537e-04 1.813826151192188263e-02 3.869044408202171326e-02 4.591474682092666626e-02 6.638712435960769653e-02 5.493308231234550476e-02 6.876943260431289673e-02 6.803359091281890869e-02 2.746284939348697662e-02 5.812070798128843307e-03 3.898503782693296671e-04 7.651125197298824787e-04 5.316170682870101230e-18 0.000000000000000000e+00 0.000000000000000000e+00 
2.539208705790442506e-22 5.935782644401603943e-21 2.219285187490538694e-23 1.820734541979618371e-05 4.276068575224178830e-21 1.688165357118908815e-15 1.348121756335948548e-20 1.009806209936975167e-16 4.713769070804119110e-03 3.386029857210814953e-04 1.737183704972267151e-02 3.504671901464462280e-02 3.973317146301269531e-02 3.891365975141525269e-02 3.374655963853001595e-03 -4.592703282833099365e-02 -5.451551452279090881e-02 -2.503320761024951935e-02 -5.662753246724605560e-03 -1.900656206998974085e-04 -4.497133777476847172e-04 -8.417182209418708548e-22 0.000000000000000000e+00 0.000000000000000000e+00 
1.734133947550731136e-10 5.614692044630942291e-10 9.718931215374482235e-11 6.145822699181735516e-04 7.123390766139436892e-10 6.025744880844285944e-08 1.054369591635406778e-09 2.448416935862951505e-08 5.887533072382211685e-03 2.003767760470509529e-03 2.107230573892593384e-02 5.139885097742080688e-02 7.043839991092681885e-02 1.965486258268356323e-01 2.255459874868392944e-01 1.785963922739028931e-01 1.277893334627151489e-01 3.896770253777503967e-02 6.500381510704755783e-03 1.849681488238275051e-03 2.182956552132964134e-03 3.297159212323208521e-10 0.000000000000000000e+00 0.000000000000000000e+00 
1.529159421699913257e-14 1.043643795516080441e-13 4.634853749575914769e-15 1.884461671579629183e-04 1.108166835205037781e-13 1.789059456136499193e-10 2.011767488707683071e-13 3.615477014995427396e-11 5.360589828342199326e-03 1.099453656934201717e-03 1.914164051413536072e-02 4.275099560618400574e-02 5.288838595151901245e-02 7.072383165359497070e-02 6.680604536086320877e-03 -7.913348823785781860e-02 -7.973101735115051270e-02 -3.066437132656574249e-02 -5.999038927257061005e-03 -8.072438649833202362e-04 -1.255758921615779400e-03 -3.530593582789544327e-14 0.000000000000000000e+00 0.000000000000000000e+00 
1.846366802482170410e-18 2.374573818693930677e-17 3.030418567094410230e-19 5.816331031383015215e-05 2.078887686261132766e-17 5.420720296245296055e-13 4.912105195911012996e-17 5.765063448327778506e-14 5.021689459681510925e-03 6.107779336161911488e-04 1.815201528370380402e-02 3.871782869100570679e-02 4.597411677241325378e-02 6.641856580972671509e-02 5.494390428066253662e-02 6.878895312547683716e-02 6.804461032152175903e-02 2.743959426879882812e-02 5.812350660562515259e-03 3.829691850114613771e-04 7.292903610505163670e-04 4.918369600125999585e-18 0.000000000000000000e+00 0.000000000000000000e+00 
2.419067588062434280e-22 5.664513447717526806e-21 2.069936620964467341e-23 1.795115531422197819e-05 4.041055981102136671e-21 1.643627941235804076e-15 1.266145249575102499e-20 9.460274083355845300e-17 4.720013588666915894e-03 3.393370134290307760e-04 1.738248765468597412e-02 3.507732599973678589e-02 3.979015350341796875e-02 3.892536088824272156e-02 3.336268709972500801e-03 -4.595639929175376892e-02 -5.454345792531967163e-02 -2.503063715994358063e-02 -5.663505289703607559e-03 -1.860305055743083358e-04 -4.235501692164689302e-04 -7.631298023491893917e-22 0.000000000000000000e+00 0.000000000000000000e+00 
1.677233629759911082e-10 5.431546878931214906e-10 9.343173457132536441e-11 5.788190755993127823e-04 6.848275280191273851e-10 5.752426446292702167e-08 1.013581663045215464e-09 2.313803726394780824e-08 5.858729127794504166e-03 1.955794868990778923e-03 2.102039195597171783e-02 5.125298723578453064e-02 7.020689547061920166e-02 1.964988708496093750e-01 2.255688756704330444e-01 1.788680553436279297e-01 1.279762983322143555e-01 3.916161879897117615e-02 6.512689869850873947e-03 1.899208640679717064e-03 2.212602877989411354e-03 3.232050738155578529e-10 0.000000000000000000e+00 0.000000000000000000e+00 
1.454299158041346546e-14 9.935158435964847046e-14 4.354369800520967518e-15 1.722388697089627385e-04 1.044122131962053890e-13 1.668468280202617393e-10 1.891662418070441665e-13 3.313355839695830696e-11 5.330936051905155182e-03 1.060547772794961929e-03 1.909852772951126099e-02 4.263216629624366760e-02 5.273293331265449524e-02 7.087600231170654297e-02 6.972196977585554123e-03 -7.917041331529617310e-02 -7.978583872318267822e-02 -3.077507950365543365e-02 -6.007000338286161423e-03 -8.410681621171534061e-04 -1.281379372812807560e-03 -3.425452399486404731e-14 0.000000000000000000e+00 0.000000000000000000e+00 
1.726356337285680081e-18 2.223669108876289200e-17 2.788086183877226705e-19 5.159105421626009047e-05 1.920995285500888333e-17 4.939055349602317069e-13 4.519079261407057469e-17 5.123842566597328063e-14 4.986676853150129318e-03 5.821392987854778767e-04 1.811885088682174683e-02 3.860633820295333862e-02 4.583949968218803406e-02 6.649295240640640259e-02 5.497270449995994568e-02 6.885380297899246216e-02 6.808784604072570801e-02 2.751057036221027374e-02 5.820862948894500732e-03 4.047763941343873739e-04 7.491954020224511623e-04 4.721608561408317169e-18 0.000000000000000000e+00 0.000000000000000000e+00 
2.223397519389455829e-22 5.217729288188054948e-21 1.866289180610223304e-23 1.545250961498823017e-05 3.662908021472175925e-21 1.463142160834857760e-15 1.139594370672731949e-20 8.154773965488314224e-17 4.679311066865921021e-03 3.195663448423147202e-04 1.735910773277282715e-02 3.497364744544029236e-02 3.968468680977821350e-02 3.903210908174514771e-02 3.472468117251992226e-03 -4.596812278032302856e-02 -5.455772578716278076e-02 -2.507170103490352631e-02 -5.673526786267757416e-03 -1.994216290768235922e-04 -4.380494356155395508e-04 -7.246839782465340287e-22 0.000000000000000000e+00 0.000000000000000000e+00 
1.601742072310230469e-10 5.183237727912626269e-10 8.871711004720950200e-11 5.147850024513900280e-04 6.481206682451556844e-10 5.293786031757008459e-08 9.584861793143772957e-10 2.114863484337092814e-08 5.798657424747943878e-03 1.858710893429815769e-03 2.089856192469596863e-02 5.094644799828529358e-02 6.967932730913162231e-02 1.963123232126235962e-01 2.255788892507553101e-01 1.794284731149673462e-01 1.284273862838745117e-01 3.967510908842086792e-02 6.546190939843654633e-03 2.022586995735764503e-03 2.323285909369587898e-03 3.215604449380293772e-10 0.000000000000000000e+00 0.000000000000000000e+00 
1.353501729098316453e-14 9.255209852633214385e-14 4.004617614621931720e-15 1.444622757844626904e-04 9.596152133551152930e-14 1.472143656977564774e-10 1.731145066706518687e-13 2.885594888035747374e-11 5.265418905764818192e-03 9.830577764660120010e-04 1.899849064648151398e-02 4.237191006541252136e-02 5.236199498176574707e-02 7.115177810192108154e-02 7.636131253093481064e-03 -7.921410351991653442e-02 -7.989711314439773560e-02 -3.105601668357849121e-02 -6.024133879691362381e-03 -9.230960858985781670e-04 -1.378477900288999081e-03 -3.411755876729302694e-14 0.000000000000000000e+00 0.000000000000000000e+00 
1.566253875364816469e-18 2.022050121139144107e-17 2.491182886192329985e-19 4.080738290213048458e-05 1.716818986181974300e-17 4.179617806368551847e-13 4.005673070613769782e-17 4.253373572945216841e-14 4.908357746899127960e-03 5.261388723738491535e-04 1.804274320602416992e-02 3.835452720522880554e-02 4.551120474934577942e-02 6.660752743482589722e-02 5.502182245254516602e-02 6.896211206912994385e-02 6.816457211971282959e-02 2.768248692154884338e-02 5.837197881191968918e-03 4.579899250529706478e-04 8.258241578005254269e-04 4.689643820997430520e-18 0.000000000000000000e+00 0.000000000000000000e+00 
1.966389034605602054e-22 4.631811572481316553e-21 1.621477242727555384e-23 1.152668573922710493e-05 3.184697662962616322e-21 1.187545803643804635e-15 9.783149922989187674e-21 6.452959704745806825e-17 4.588245879858732224e-03 2.816134074237197638e-04 1.730573922395706177e-02 3.473316878080368042e-02 3.941829502582550049e-02 3.923030942678451538e-02 3.781668609008193016e-03 -4.596256464719772339e-02 -5.455961078405380249e-02 -2.516278065741062164e-02 -5.692256614565849304e-03 -2.326604299014434218e-04 -4.947530687786638737e-04 -7.177080749507773795e-22 0.000000000000000000e+00 0.000000000000000000e+00 
1.557081685810146610e-10 5.043055417708330879e-10 8.577572679913103570e-11 4.982718965038657188e-04 6.278742525900327109e-10 5.145297166109230602e-08 9.279079726809413842e-10 2.031472590147131996e-08 5.785387940704822540e-03 1.836822368204593658e-03 2.088349312543869019e-02 5.088509619235992432e-02 6.960301846265792847e-02 1.963357180356979370e-01 2.256131321191787720e-01 1.795405596494674683e-01 1.284733116626739502e-01 3.970213979482650757e-02 6.547150667756795883e-03 2.034214092418551445e-03 2.308500465005636215e-03 3.126237602124604109e-10 0.000000000000000000e+00 0.000000000000000000e+00 
1.298686838949701661e-14 8.892305701458866340e-14 3.800469545322962897e-15 1.375674182781949639e-04 9.154851356163451470e-14 1.410718486472006816e-10 1.647039031852856605e-13 2.710896958302289050e-11 5.252358969300985336e-03 9.659266215749084949e-04 1.898686774075031281e-02 4.232764616608619690e-02 5.231938138604164124e-02 7.123336195945739746e-02 7.731791585683822632e-03 -7.924675196409225464e-02 -7.992192357778549194e-02 -3.108082711696624756e-02 -6.027006544172763824e-03 -9.337424999102950096e-04 -1.365388976410031319e-03 -3.273754558457200869e-14 0.000000000000000000e+00 0.000000000000000000e+00 
1.482853803694463730e-18 1.917470007166309840e-17 2.323928000309873480e-19 3.823140286840498447e-05 1.613487584061850083e-17 3.948748879961661018e-13 3.745428484142541406e-17 3.907563224272818381e-14 4.893090575933456421e-03 5.139533313922584057e-04 1.803454384207725525e-02 3.831615298986434937e-02 4.547969251871109009e-02 6.665905565023422241e-02 5.504193529486656189e-02 6.900347024202346802e-02 6.819066405296325684e-02 2.770479768514633179e-02 5.841198842972517014e-03 4.656450473703444004e-04 8.153866510838270187e-04 4.434265868942096627e-18 0.000000000000000000e+00 0.000000000000000000e+00 
1.836689320843467037e-22 4.334471646217614010e-21 1.487765477064774927e-23 1.062444698618492112e-05 2.948766607554956202e-21 1.106125502742813863e-15 8.989335223718877585e-21 5.797477302812656125e-17 4.570591729134321213e-03 2.734844456426799297e-04 1.730071753263473511e-02 3.469960391521453857e-02 3.939977288246154785e-02 3.928621858358383179e-02 3.826566273346543312e-03 -4.598438367247581482e-02 -5.458116531372070312e-02 -2.518198825418949127e-02 -5.697196815162897110e-03 -2.376626071054488420e-04 -4.869492258876562119e-04 -6.686455714590403865e-22 0.000000000000000000e+00 0.000000000000000000e+00 
1.508527053273311935e-10 4.889776361594044829e-10 8.264846446115470258e-11 4.764441400766372681e-04 6.057979673457225545e-10 4.957093580060245586e-08 8.946462459746840068e-10 1.935467963676273939e-08 5.765758454799652100e-03 1.805566251277923584e-03 2.085499465465545654e-02 5.079364031553268433e-02 6.946875154972076416e-02 1.963349133729934692e-01 2.256472706794738770e-01 1.797119528055191040e-01 1.285716891288757324e-01 3.979227319359779358e-02 6.552116945385932922e-03 2.059516729786992073e-03 2.309936797246336937e-03 3.044275387331651928e-10 0.000000000000000000e+00 0.000000000000000000e+00 
1.238954668432391479e-14 8.497959687282438668e-14 3.585187227932336296e-15 1.286274782614782453e-04 8.678037536615987313e-14 1.333987642571088372e-10 1.556906052647619165e-13 2.515106699296776327e-11 5.231881514191627502e-03 9.415881359018385410e-04 1.896445825695991516e-02 4.225705564022064209e-02 5.223498493432998657e-02 7.133997976779937744e-02 7.900137454271316528e-03 -7.928222417831420898e-02 -7.995929569005966187e-02 -3.113964200019836426e-02 -6.031745579093694687e-03 -9.534172713756561279e-04 -1.366679556667804718e-03 -3.143646570813972418e-14 0.000000000000000000e+00 0.000000000000000000e+00 
1.392715208561524320e-18 1.805230862465724578e-17 2.149934823609377586e-19 3.495515920803882182e-05 1.503377271385731293e-17 3.665008021461885201e-13 3.471783571747953981e-17 3.530120938404976427e-14 4.868842195719480515e-03 4.967635613866150379e-04 1.801831647753715515e-02 3.825157135725021362e-02 4.541097953915596008e-02 6.671961396932601929e-02 5.506678298115730286e-02 6.905484944581985474e-02 6.822491437196731567e-02 2.774755097925662994e-02 5.846875719726085663e-03 4.792684921994805336e-04 8.164146565832197666e-04 4.196704560100542397e-18 0.000000000000000000e+00 0.000000000000000000e+00 
1.698061721118147532e-22 4.019693072430674396e-21 1.350637943682387489e-23 9.498829967924393713e-06 2.701130219465460488e-21 1.007682380700853416e-15 8.170493464157436731e-21 5.100060152545517135e-17 4.542510490864515305e-03 2.620989980641752481e-04 1.729017868638038635e-02 3.464037552475929260e-02 3.935063257813453674e-02 3.936074674129486084e-02 3.905236721038818359e-03 -4.600390419363975525e-02 -5.460190027952194214e-02 -2.521165087819099426e-02 -5.704031325876712799e-03 -2.464948338456451893e-04 -4.877166647929698229e-04 -6.235429730066701033e-22 0.000000000000000000e+00 0.000000000000000000e+00 
1.477150207707111917e-10 4.796884001123657981e-10 8.043304910998472224e-11 4.727542982436716557e-04 5.922157209070633144e-10 4.911277073915698566e-08 8.736696921474162991e-10 1.891615397653367836e-08 5.766301881521940231e-03 1.805384526960551739e-03 2.087140269577503204e-02 5.080218240618705750e-02 6.952102482318878174e-02 1.964156776666641235e-01 2.256827205419540405e-01 1.796913146972656250e-01 1.284964829683303833e-01 3.967421501874923706e-02 6.543721072375774384e-03 2.038535894826054573e-03 2.257756423205137253e-03 2.945568233769790822e-10 0.000000000000000000e+00 0.000000000000000000e+00 
1.203956876414443572e-14 8.273352299472194749e-14 3.443036464658225104e-15 1.271364017156884074e-04 8.401278669056475024e-14 1.315886150043965586e-10 1.502171732272947202e-13 2.425337361500190525e-11 5.234227515757083893e-03 9.415328386239707470e-04 1.897826790809631348e-02 4.227364808320999146e-02 5.228475481271743774e-02 7.136428356170654297e-02 7.829536683857440948e-03 -7.930913567543029785e-02 -7.995572686195373535e-02 -3.108653053641319275e-02 -6.030473392456769943e-03 -9.426012984476983547e-04 -1.320753130130469799e-03 -2.981532596225792975e-14 0.000000000000000000e+00 0.000000000000000000e+00 
1.342228136476773707e-18 1.742755565160819504e-17 2.039036657588953836e-19 3.441591616137884557e-05 1.441369331126918680e-17 3.598924814846721221e-13 3.308047139960022408e-17 3.357495623754550018e-14 4.872051533311605453e-03 4.967264831066131592e-04 1.802915520966053009e-02 3.827304765582084656e-02 4.546235129237174988e-02 6.675106287002563477e-02 5.507626757025718689e-02 6.907399743795394897e-02 6.823288649320602417e-02 2.772330865263938904e-02 5.847283639013767242e-03 4.728467902168631554e-04 7.800441817380487919e-04 3.908213327353791977e-18 0.000000000000000000e+00 0.000000000000000000e+00 
1.622735602089127733e-22 3.847105553471893124e-21 1.265719591590242276e-23 9.316016075899824500e-06 2.564736901015667592e-21 9.850246728782745091e-16 7.687260851093780145e-21 4.784193956452753051e-17 4.546307027339935303e-03 2.620745799504220486e-04 1.729830168187618256e-02 3.466466441750526428e-02 3.940076753497123718e-02 3.937427327036857605e-02 3.872928675264120102e-03 -4.603126645088195801e-02 -5.462597683072090149e-02 -2.520743571221828461e-02 -5.704955663532018661e-03 -2.425483980914577842e-04 -4.607105802278965712e-04 -5.698703411412725503e-22 0.000000000000000000e+00 0.000000000000000000e+00 
1.451293252241470100e-10 4.721783519734401580e-10 7.852105771144479718e-11 4.744270408991724253e-04 5.811624514961977184e-10 4.906094730472432275e-08 8.565816944638982022e-10 1.862146170594769501e-08 5.772853270173072815e-03 1.814829767681658268e-03 2.090130932629108429e-02 5.084004998207092285e-02 6.962835788726806641e-02 1.965205371379852295e-01 2.257195562124252319e-01 1.796145141124725342e-01 1.283701807260513306e-01 3.949677199125289917e-02 6.531716324388980865e-03 2.004493027925491333e-03 2.190511906519532204e-03 2.841457624747079080e-10 0.000000000000000000e+00 0.000000000000000000e+00 
1.176634727557924684e-14 8.097362569955274259e-14 3.324710832366246059e-15 1.278120180359110236e-04 8.182728583258636057e-14 1.314249958861424261e-10 1.458604423224332813e-13 2.364393750231563729e-11 5.243433639407157898e-03 9.489849326200783253e-04 1.900309324264526367e-02 4.231620952486991882e-02 5.237424001097679138e-02 7.136459648609161377e-02 7.688142359256744385e-03 -7.933322340250015259e-02 -7.994085550308227539e-02 -3.100215457379817963e-02 -6.027565337717533112e-03 -9.231813019141554832e-04 -1.262325677089393139e-03 -2.825942638803955603e-14 0.000000000000000000e+00 0.000000000000000000e+00 
1.303866601593861357e-18 1.694421747608120991e-17 1.948618191065635938e-19 3.465999179752543569e-05 1.393241646982868381e-17 3.593052775880539729e-13 3.179155526039764614e-17 3.239873579380207758e-14 4.883532878011465073e-03 5.019764648750424385e-04 1.804829947650432587e-02 3.832042217254638672e-02 4.554926976561546326e-02 6.677418947219848633e-02 5.508160591125488281e-02 6.908365339040756226e-02 6.823410093784332275e-02 2.768075838685035706e-02 5.846221465617418289e-03 4.607820301316678524e-04 7.343800389207899570e-04 3.634263516185417506e-18 0.000000000000000000e+00 0.000000000000000000e+00 
1.566554064378990791e-22 3.714801084109590744e-21 1.197685387224723422e-23 9.398673682881053537e-06 2.460277479802788200e-21 9.830192164965315463e-16 7.310847628148836613e-21 4.569576652569949681e-17 4.559712484478950500e-03 2.655415446497499943e-04 1.731221564114093781e-02 3.471428155899047852e-02 3.948029503226280212e-02 3.937004134058952332e-02 3.807804547250270844e-03 -4.606076702475547791e-02 -5.465198680758476257e-02 -2.519431151449680328e-02 -5.704212002456188202e-03 -2.350230934098362923e-04 -4.272482765372842550e-04 -5.198804906346811864e-22 0.000000000000000000e+00 0.000000000000000000e+00 
1.445059766291834080e-10 4.716270152194113052e-10 7.761969539332724821e-11 5.061313277110457420e-04 5.798184155025865039e-10 5.095134980592774809e-08 8.544705498714222358e-10 1.900223445261417510e-08 5.812784191220998764e-03 1.876985188573598862e-03 2.100761793553829193e-02 5.104844272136688232e-02 7.005137950181961060e-02 1.967665106058120728e-01 2.257757484912872314e-01 1.792209893465042114e-01 1.279593557119369507e-01 3.898958489298820496e-02 6.498600356280803680e-03 1.893679145723581314e-03 2.036822959780693054e-03 2.699168666353557455e-10 0.000000000000000000e+00 0.000000000000000000e+00 
1.176592291207267243e-14 8.112932390778523906e-14 3.281260795029179028e-15 1.408362877555191517e-04 8.182044858263612386e-14 1.391986664822653097e-10 1.457518052647502338e-13 2.434995434452691399e-11 5.290951579809188843e-03 9.980193572118878365e-04 1.909133233129978180e-02 4.250879958271980286e-02 5.269293114542961121e-02 7.123135030269622803e-02 7.146388292312622070e-03 -7.934701442718505859e-02 -7.986864447593688965e-02 -3.074691630899906158e-02 -6.015343125909566879e-03 -8.537937537766993046e-04 -1.132091623730957508e-03 -2.614217097462144535e-14 0.000000000000000000e+00 0.000000000000000000e+00 
1.307646300005345848e-18 1.700690453162292856e-17 1.918890353826245815e-19 3.944743366446346045e-05 1.395127122471121752e-17 3.879395448543737634e-13 3.178210885780229057e-17 3.364599180863403483e-14 4.941321909427642822e-03 5.368514102883636951e-04 1.811618916690349579e-02 3.851696103811264038e-02 4.584235325455665588e-02 6.675408780574798584e-02 5.506671965122222900e-02 6.904478371143341064e-02 6.820363551378250122e-02 2.753960713744163513e-02 5.836881697177886963e-03 4.164402780588716269e-04 6.351433694362640381e-04 3.267763568205781843e-18 0.000000000000000000e+00 0.000000000000000000e+00 
1.575169435205962923e-22 3.733567340360104086e-21 1.177177528043873822e-23 1.104852981370640919e-05 2.466485575313162376e-21 1.081908724901695009e-15 7.310925176331263459e-21 4.784962572677937324e-17 4.627019632607698441e-03 2.887990849558264017e-04 1.736082695424556732e-02 3.490963205695152283e-02 3.973135352134704590e-02 3.926830738782882690e-02 3.556845244020223618e-03 -4.610774293541908264e-02 -5.469518527388572693e-02 -2.513475529849529266e-02 -5.694103892892599106e-03 -2.073524083243682981e-04 -3.563437785487622023e-04 -4.543976138979408873e-22 0.000000000000000000e+00 0.000000000000000000e+00 
1.423491463592441164e-10 4.657766394799978116e-10 7.603988966264907390e-11 5.193955148570239544e-04 5.714927975297712237e-10 5.151747473064460792e-08 8.412848750971591016e-10 1.890112599767235224e-08 5.831297021359205246e-03 1.906467950902879238e-03 2.106637507677078247e-02 5.115026608109474182e-02 7.027759402990341187e-02 1.969234347343444824e-01 2.258264124393463135e-01 1.790233552455902100e-01 1.277291923761367798e-01 3.870311751961708069e-02 6.479830481112003326e-03 1.832920825108885765e-03 1.939438865520060062e-03 2.585279212929947334e-10 0.000000000000000000e+00 0.000000000000000000e+00 
1.154791441914130787e-14 7.982817965684896322e-14 3.186878878331947731e-15 1.464091910747811198e-04 8.024684432575424076e-14 1.415910444446666361e-10 1.425642915352243190e-13 2.411845723138128506e-11 5.313951987773180008e-03 1.021621050313115120e-03 1.914127916097640991e-02 4.260801523923873901e-02 5.286974087357521057e-02 7.118141651153564453e-02 6.856146734207868576e-03 -7.936674356460571289e-02 -7.983766496181488037e-02 -3.061020001769065857e-02 -6.009316537529230118e-03 -8.173700771294534206e-04 -1.052020350471138954e-03 -2.445233685671732715e-14 0.000000000000000000e+00 0.000000000000000000e+00 
1.277701844843043401e-18 1.665702863920892423e-17 1.848064823333982780e-19 4.154229463892988861e-05 1.360978046216666324e-17 3.968687357913669445e-13 3.086305825769667343e-17 3.316654066730199968e-14 4.969544708728790283e-03 5.538451368920505047e-04 1.815555244684219360e-02 3.862094134092330933e-02 4.600840806961059570e-02 6.676210463047027588e-02 5.506685376167297363e-02 6.903676688671112061e-02 6.819905340671539307e-02 2.746924944221973419e-02 5.832794588059186935e-03 3.937795409001410007e-04 5.759671912528574467e-04 2.986766385013608715e-18 0.000000000000000000e+00 0.000000000000000000e+00 
1.531874224372537088e-22 3.638801845847363960e-21 1.124707391566184487e-23 1.178675211122026667e-05 2.392859432602232132e-21 1.113130253458370113e-15 7.047620016423710052e-21 4.693933000627701735e-17 4.659996833652257919e-03 3.002712037414312363e-04 1.738981716334819794e-02 3.501481935381889343e-02 3.987735137343406677e-02 3.922853991389274597e-02 3.422599984332919121e-03 -4.614444449543952942e-02 -5.473313480615615845e-02 -2.511079981923103333e-02 -5.689834244549274445e-03 -1.935132459038868546e-04 -3.153383149765431881e-04 -4.057440558994704668e-22 0.000000000000000000e+00 0.000000000000000000e+00 
1.398001991947950273e-10 4.584119750461468357e-10 7.426165932189476848e-11 5.258642486296594143e-04 5.609409603479775797e-10 5.162238991829326551e-08 8.250181093849562330e-10 1.864903786952254450e-08 5.842377897351980209e-03 1.923932461068034172e-03 2.110843546688556671e-02 5.121310427784919739e-02 7.043241709470748901e-02 1.970478147268295288e-01 2.258736789226531982e-01 1.788955032825469971e-01 1.275622397661209106e-01 3.849286213517189026e-02 6.466140970587730408e-03 1.789997564628720284e-03 1.861740951426327229e-03 2.486727490591533751e-10 0.000000000000000000e+00 0.000000000000000000e+00 
1.127547813011822372e-14 7.812024952705970415e-14 3.078271678560290901e-15 1.491531875217333436e-04 7.817661448750179431e-14 1.420767947735157577e-10 1.385548170336828311e-13 2.359924582140404681e-11 5.328479222953319550e-03 1.035729073919355869e-03 1.917758956551551819e-02 4.267327487468719482e-02 5.299464240670204163e-02 7.116216421127319336e-02 6.654032506048679352e-03 -7.938823848962783813e-02 -7.982080429792404175e-02 -3.051436319947242737e-02 -6.005470175296068192e-03 -7.925165118649601936e-04 -9.895398980006575584e-04 -2.299478458393875574e-14 0.000000000000000000e+00 0.000000000000000000e+00 
1.239375361738587985e-18 1.619454534128562603e-17 1.766439803709986412e-19 4.258363696862943470e-05 1.315667077494481595e-17 3.986964838137430078e-13 2.971217540167204432e-17 3.216730267568967960e-14 4.987547639757394791e-03 5.640671588480472565e-04 1.818458735942840576e-02 3.869146481156349182e-02 4.612787440419197083e-02 6.678041070699691772e-02 5.507161840796470642e-02 6.903926283121109009e-02 6.820312142372131348e-02 2.742325328290462494e-02 5.830558016896247864e-03 3.786065208259969950e-04 5.308172549121081829e-04 2.751406410577211230e-18 0.000000000000000000e+00 0.000000000000000000e+00 
1.475756679059031674e-22 3.513778827697515673e-21 1.064316066080899407e-23 1.215722477354574949e-05 2.295194363080938205e-21 1.119545681000874184e-15 6.720296812438877622e-21 4.512249065653084609e-17 4.681086167693138123e-03 3.072145045734941959e-04 1.741157658398151398e-02 3.508751466870307922e-02 3.998469561338424683e-02 3.921141475439071655e-02 3.329324303194880486e-03 -4.617701470851898193e-02 -5.476871505379676819e-02 -2.509901858866214752e-02 -5.687623284757137299e-03 -1.843735662987455726e-04 -2.847482101060450077e-04 -3.660077815736183638e-22 0.000000000000000000e+00 0.000000000000000000e+00 
1.352462586368119446e-10 4.437260003875564962e-10 7.143395597264401431e-11 4.956644261255860329e-04 5.399415359264025938e-10 4.939869668874052877e-08 7.933489976075236427e-10 1.765559431987639982e-08 5.815842188894748688e-03 1.879427698440849781e-03 2.106093429028987885e-02 5.108212307095527649e-02 7.022465020418167114e-02 1.970156133174896240e-01 2.258962690830230713e-01 1.791406422853469849e-01 1.277223527431488037e-01 3.865097090601921082e-02 6.475729867815971375e-03 1.832427689805626869e-03 1.880502910353243351e-03 2.432826440301738558e-10 0.000000000000000000e+00 0.000000000000000000e+00 
1.072903938815258224e-14 7.444575961549834697e-14 2.895630199308582391e-15 1.364908093819394708e-04 7.383156586104888675e-14 1.329835547236868365e-10 1.303568255943410303e-13 2.168074400565878079e-11 5.300199147313833237e-03 1.000261167064309120e-03 1.913779601454734802e-02 4.256860539317131042e-02 5.285634100437164307e-02 7.130240648984909058e-02 6.914458237588405609e-03 -7.942437380552291870e-02 -7.986851036548614502e-02 -3.060551546514034271e-02 -6.012375466525554657e-03 -8.222483447752892971e-04 -1.004517660476267338e-03 -2.223135378857845484e-14 0.000000000000000000e+00 0.000000000000000000e+00 
1.159668961696014223e-18 1.518738677105331059e-17 1.628071357287588748e-19 3.783299325732514262e-05 1.219979072388531119e-17 3.650396499833841180e-13 2.735673393967422016e-17 2.867451827197331493e-14 4.953794647008180618e-03 5.384651012718677521e-04 1.815376244485378265e-02 3.859330341219902039e-02 4.600996896624565125e-02 6.685135513544082642e-02 5.509895086288452148e-02 6.909950822591781616e-02 6.824171543121337891e-02 2.748282440006732941e-02 5.838320124894380569e-03 3.979361208621412516e-04 5.415562191046774387e-04 2.628758066407289296e-18 0.000000000000000000e+00 0.000000000000000000e+00 
1.357629365449871646e-22 3.242596670770277001e-21 9.618014615229848257e-24 1.048623107635648921e-05 2.090206446100331932e-21 1.002682874608803315e-15 6.054801736865123736e-21 3.902708605813374088e-17 4.641799256205558777e-03 2.898848324548453093e-04 1.738969609141349792e-02 3.499554842710494995e-02 3.989415243268013000e-02 3.930893540382385254e-02 3.451008815318346024e-03 -4.619010910391807556e-02 -5.478325858712196350e-02 -2.513480186462402344e-02 -5.696874111890792847e-03 -1.962674432434141636e-04 -2.919672406278550625e-04 -3.454315123750679980e-22 0.000000000000000000e+00 0.000000000000000000e+00 
1.318583020548658169e-10 4.333215175567062261e-10 6.928767282143866169e-11 4.853871359955519438e-04 5.254480184291310252e-10 4.848148194014356704e-08 7.705803217739060074e-10 1.708194652394467994e-08 5.809323396533727646e-03 1.868477091193199158e-03 2.106180228292942047e-02 5.105496197938919067e-02 7.021117955446243286e-02 1.970667093992233276e-01 2.259313166141510010e-01 1.791848987340927124e-01 1.277058273553848267e-01 3.861104696989059448e-02 6.472917739301919937e-03 1.829140121117234230e-03 1.847584033384919167e-03 2.359821227315705983e-10 0.000000000000000000e+00 0.000000000000000000e+00 
1.034761536980628727e-14 7.195183712076572147e-14 2.764479852920462798e-15 1.322679599979892373e-04 7.096772713759136320e-14 1.293188611750650807e-10 1.246845779834943047e-13 2.058379335034832280e-11 5.294528789818286896e-03 9.916694834828376770e-04 1.913906075060367584e-02 4.255525022745132446e-02 5.285899341106414795e-02 7.135639339685440063e-02 6.926278118044137955e-03 -7.945194840431213379e-02 -7.988121360540390015e-02 -3.059620037674903870e-02 -6.013540551066398621e-03 -8.227057405747473240e-04 -9.783009300008416176e-04 -2.127137916220316061e-14 0.000000000000000000e+00 0.000000000000000000e+00 
1.105841630900197914e-18 1.451795611875904572e-17 1.531456661741395115e-19 3.628042759373784065e-05 1.158404409334573782e-17 3.516936362361194890e-13 2.576305468430505492e-17 2.670400792853522276e-14 4.947331268340349197e-03 5.323098157532513142e-04 1.815520599484443665e-02 3.858582302927970886e-02 4.601921141147613525e-02 6.689353287220001221e-02 5.511398240923881531e-02 6.912805885076522827e-02 6.826162338256835938e-02 2.748573385179042816e-02 5.840729456394910812e-03 3.987452946603298187e-04 5.227941437624394894e-04 2.473772130165372436e-18 0.000000000000000000e+00 0.000000000000000000e+00 
1.279775736080523726e-22 3.065202174242989939e-21 8.918971834955490414e-24 9.951108950190246105e-06 1.960691489873086917e-21 9.570724797397641911e-16 5.613647898497267701e-21 3.564873816140181674e-17 4.634338431060314178e-03 2.857486251741647720e-04 1.739130541682243347e-02 3.499203920364379883e-02 3.990961983799934387e-02 3.934444487094879150e-02 3.457190934568643570e-03 -4.621309041976928711e-02 -5.480908229947090149e-02 -2.514510229229927063e-02 -5.699983797967433929e-03 -1.968644646694883704e-04 -2.793786115944385529e-04 -3.196880654078006859e-22 0.000000000000000000e+00 0.000000000000000000e+00 
1.303467195290508585e-10 4.294121724868205092e-10 6.803830415735845349e-11 5.007484578527510166e-04 5.197095531705997473e-10 4.932672936774906702e-08 7.612130370482361741e-10 1.709121022486215224e-08 5.829808302223682404e-03 1.901967218145728111e-03 2.112559601664543152e-02 5.116490274667739868e-02 7.045339792966842651e-02 1.972224414348602295e-01 2.259801179170608521e-01 1.789551079273223877e-01 1.274526864290237427e-01 3.831136971712112427e-02 6.454135291278362274e-03 1.766190514899790287e-03 1.746385125443339348e-03 2.261789644464329285e-10 0.000000000000000000e+00 0.000000000000000000e+00 
1.021980826246098040e-14 7.117888228694649322e-14 2.697778337664791595e-15 1.385967188980430365e-04 7.000023932897392331e-14 1.327827708896833769e-10 1.225788947342015822e-13 2.056550936491152726e-11 5.319622810930013657e-03 1.018418581224977970e-03 1.919384114444255829e-02 4.266130551695823669e-02 5.304571241140365601e-02 7.129389047622680664e-02 6.605356931686401367e-03 -7.946459203958511353e-02 -7.984644174575805664e-02 -3.045563586056232452e-02 -6.007158197462558746e-03 -7.846247171983122826e-04 -8.991378708742558956e-04 -1.988077129137788557e-14 0.000000000000000000e+00 0.000000000000000000e+00 
1.089989024653348846e-18 1.432149741455525144e-17 1.485105596116986209e-19 3.861327422782778740e-05 1.138957972159880888e-17 3.643231007675884481e-13 2.518338636336259440e-17 2.662216252297382874e-14 4.978074692189693451e-03 5.515394732356071472e-04 1.819874718785285950e-02 3.869672864675521851e-02 4.619382694363594055e-02 6.689546257257461548e-02 5.511124804615974426e-02 6.911114603281021118e-02 6.825542449951171875e-02 2.741462737321853638e-02 5.835968535393476486e-03 3.750704054255038500e-04 4.671657807193696499e-04 2.258449778887459493e-18 0.000000000000000000e+00 0.000000000000000000e+00 
1.258508172293510083e-22 3.014251402801417998e-21 8.598006420726406898e-24 1.075726413546362892e-05 1.921351943162801324e-21 1.000229126039726014e-15 5.455162839630235216e-21 3.545784472835927922e-17 4.670265596359968185e-03 2.987097250297665596e-04 1.742359064519405365e-02 3.510412201285362244e-02 4.006238654255867004e-02 3.929651528596878052e-02 3.308792132884263992e-03 -4.624680057168006897e-02 -5.484825372695922852e-02 -2.512200735509395599e-02 -5.694821476936340332e-03 -1.825004583224654198e-04 -2.427273138891905546e-04 -2.849453184773210382e-22 0.000000000000000000e+00 0.000000000000000000e+00 
1.272509597693982641e-10 4.199315895014876787e-10 6.607919073031709445e-11 4.923274391330778599e-04 5.065652342040039002e-10 4.857456659124181897e-08 7.405526192272304797e-10 1.658912296420567145e-08 5.825339816510677338e-03 1.894306624308228493e-03 2.112756110727787018e-02 5.114753544330596924e-02 7.045877724885940552e-02 1.972800493240356445e-01 2.260151952505111694e-01 1.789774298667907715e-01 1.274166852235794067e-01 3.825617581605911255e-02 6.450361106544733047e-03 1.759136910550296307e-03 1.709006726741790771e-03 2.191929554529181701e-10 0.000000000000000000e+00 0.000000000000000000e+00 
9.877911883631254608e-15 6.894386049473982814e-14 2.581569228949764233e-15 1.351154496660456061e-04 6.745760905164238652e-14 1.297818658096971944e-10 1.175438869502332118e-13 1.961968781882816870e-11 5.316288210451602936e-03 1.012395834550261497e-03 1.919604465365409851e-02 4.265643656253814697e-02 5.306123942136764526e-02 7.133859395980834961e-02 6.591551005840301514e-03 -7.948982715606689453e-02 -7.985562831163406372e-02 -3.043874725699424744e-02 -6.007835734635591507e-03 -7.825074717402458191e-04 -8.704610518179833889e-04 -1.897063777768492887e-14 0.000000000000000000e+00 0.000000000000000000e+00 
1.042490556121752322e-18 1.373014516746047940e-17 1.401458636883180534e-19 3.732553886948153377e-05 1.085272130607841775e-17 3.533914697331774768e-13 2.379722852570950763e-17 2.495151200725912594e-14 4.974431358277797699e-03 5.471972399391233921e-04 1.820095069706439972e-02 3.869764134287834167e-02 4.621437937021255493e-02 6.693416088819503784e-02 5.512456223368644714e-02 6.913520395755767822e-02 6.827370077371597290e-02 2.741316705942153931e-02 5.837871693074703217e-03 3.741945547517389059e-04 4.474066954571753740e-04 2.119791974347033123e-18 0.000000000000000000e+00 0.000000000000000000e+00 
1.190815828689877807e-22 2.859758863639017681e-21 8.005479584179516174e-24 1.031071133184013888e-05 1.810344345347863357e-21 9.628571853739190285e-16 5.079255295458200078e-21 3.264521888744217155e-17 4.666087217628955841e-03 2.957729739136993885e-04 1.742577739059925079e-02 3.510875627398490906e-02 4.008700698614120483e-02 3.932546451687812805e-02 3.303107107058167458e-03 -4.626965522766113281e-02 -5.487551912665367126e-02 -2.513020671904087067e-02 -5.697330925613641739e-03 -1.820542383939027786e-04 -2.299630286870524287e-04 -2.630639830407219975e-22 0.000000000000000000e+00 0.000000000000000000e+00 
1.227296042571879298e-10 4.051897706247586939e-10 6.338959218643580584e-11 4.547602147795259953e-04 4.858561886145196240e-10 4.601726644182235759e-08 7.091628950739448101e-10 1.556344564335176983e-08 5.788569338619709015e-03 1.833882415667176247e-03 2.105562388896942139e-02 5.096418038010597229e-02 7.015338540077209473e-02 1.972065269947052002e-01 2.260268032550811768e-01 1.793202608823776245e-01 1.276602149009704590e-01 3.850841149687767029e-02 6.465572398155927658e-03 1.825167564675211906e-03 1.751616946421563625e-03 2.157721085138675221e-10 0.000000000000000000e+00 0.000000000000000000e+00 
9.349697055525789391e-15 6.536232059067836886e-14 2.417494923660106800e-15 1.199490943690761924e-04 6.336278751033555534e-14 1.196446969276010464e-10 1.098077724126338139e-13 1.777298794247705871e-11 5.275546573102474213e-03 9.646237012930214405e-04 1.913530379533767700e-02 4.250572994351387024e-02 5.285154283046722412e-02 7.151778787374496460e-02 6.975959520787000656e-03 -7.952813059091567993e-02 -7.991600036621093750e-02 -3.057634457945823669e-02 -6.017263047397136688e-03 -8.277135784737765789e-04 -9.031714289449155331e-04 -1.853858660008124437e-14 0.000000000000000000e+00 0.000000000000000000e+00 
9.681914357434377013e-19 1.278526750708911907e-17 1.283811194052206925e-19 3.184653905918821692e-05 9.992665227260082546e-18 3.170709951105105118e-13 2.169482657617532995e-17 2.182231819021756419e-14 4.925396293401718140e-03 5.130484350956976414e-04 1.815355196595191956e-02 3.855282068252563477e-02 4.603255540132522583e-02 6.701667606830596924e-02 5.515674501657485962e-02 6.920864433050155640e-02 6.831732392311096191e-02 2.749845944344997406e-02 5.848005879670381546e-03 4.034370358567684889e-04 4.699619021266698837e-04 2.053924616145201220e-18 0.000000000000000000e+00 0.000000000000000000e+00 
1.085024658807691545e-22 2.615524902053499850e-21 7.178749411203369697e-24 8.454907401755917817e-06 1.634680041666779436e-21 8.407886203671416370e-16 4.518318595809276508e-21 2.756252489554883770e-17 4.608968738466501236e-03 2.728831314016133547e-04 1.739170961081981659e-02 3.497011214494705200e-02 3.994339704513549805e-02 3.945062309503555298e-02 3.482332220301032066e-03 -4.627584293484687805e-02 -5.488099902868270874e-02 -2.517716772854328156e-02 -5.709323100745677948e-03 -2.000363747356459498e-04 -2.445446152705699205e-04 -2.525865975548406730e-22 0.000000000000000000e+00 0.000000000000000000e+00 
1.188732029477890251e-10 3.927335956444011345e-10 6.103964556025687216e-11 4.255277744960039854e-04 4.681894316682644330e-10 4.404854081485609640e-08 6.827530207864640488e-10 1.474179267546560368e-08 5.758112762123346329e-03 1.785559114068746567e-03 2.099913172423839569e-02 5.081676319241523743e-02 6.991285085678100586e-02 1.971580237150192261e-01 2.260414063930511475e-01 1.795899122953414917e-01 1.278427988290786743e-01 3.869777172803878784e-02 6.476983893662691116e-03 1.877726987004280090e-03 1.777683151885867119e-03 2.118221709146439480e-10 0.000000000000000000e+00 0.000000000000000000e+00 
8.913072747039878924e-15 6.241204384901943847e-14 2.278685070088203382e-15 1.085711992345750332e-04 5.995739657798510036e-14 1.120371850849011253e-10 1.034864197373835948e-13 1.633702374770340526e-11 5.241436418145895004e-03 9.269646252505481243e-04 1.908836327493190765e-02 4.238591343164443970e-02 5.268837139010429382e-02 7.166353613138198853e-02 7.275484502315521240e-03 -7.956077158451080322e-02 -7.996334880590438843e-02 -3.068305552005767822e-02 -6.024686153978109360e-03 -8.648569928482174873e-04 -9.233723976649343967e-04 -1.809886130397543591e-14 0.000000000000000000e+00 0.000000000000000000e+00 
9.081189947204226033e-19 1.202129672822494356e-17 1.186747365282791141e-19 2.788383426377549767e-05 9.292933294766775163e-18 2.904772776479713770e-13 2.001741182739742172e-17 1.946227264093026987e-14 4.884294234216213226e-03 4.865217779297381639e-04 1.811753399670124054e-02 3.843800723552703857e-02 4.589309915900230408e-02 6.708692014217376709e-02 5.518439039587974548e-02 6.926888972520828247e-02 6.835357099771499634e-02 2.756698988378047943e-02 5.856099072843790054e-03 4.279729910194873810e-04 4.840283654630184174e-04 1.984450336882331841e-18 0.000000000000000000e+00 0.000000000000000000e+00 
1.001166725098780624e-22 2.421434120290999381e-21 6.512332734677595070e-24 7.160967015806818381e-06 1.494683560011622497e-21 7.535829785572855863e-16 4.081120118641973110e-21 2.384749629153435512e-17 4.561166744679212570e-03 2.553623053245246410e-04 1.736633107066154480e-02 3.486018255352973938e-02 3.983528167009353638e-02 3.955246135592460632e-02 3.621978918090462685e-03 -4.628368094563484192e-02 -5.488911643624305725e-02 -2.521724626421928406e-02 -5.718925967812538147e-03 -2.153988170903176069e-04 -2.537279506213963032e-04 -2.415334824476673287e-22 0.000000000000000000e+00 0.000000000000000000e+00 
