0.000000000000000000e+00 0.000000000000000000e+00 0.000000000000000000e+00 0.000000000000000000e+00 0.000000000000000000e+00 0.000000000000000000e+00 0.000000000000000000e+00 0.000000000000000000e+00 0.000000000000000000e+00 0.000000000000000000e+00 0.000000000000000000e+00 0.000000000000000000e+00 0.000000000000000000e+00 0.000000000000000000e+00 0.000000000000000000e+00 0.000000000000000000e+00 0.000000000000000000e+00 0.000000000000000000e+00 0.000000000000000000e+00 5.000000000000000000e-01 5.000000000000000000e-01 5.000000000000000000e-01 5.000000000000000000e-01 5.000000000000000000e-01 5.000000000000000000e-01 5.000000000000000000e-01 5.000000000000000000e-01 5.000000000000000000e-01 5.000000000000000000e-01 5.000000000000000000e-01 5.000000000000000000e-01 5.000000000000000000e-01 5.000000000000000000e-01 5.000000000000000000e-01 5.000000000000000000e-01 5.000000000000000000e-01 5.000000000000000000e-01 5.000000000000000000e-01 
0.000000000000000000e+00 0.000000000000000000e+00 0.000000000000000000e+00 0.000000000000000000e+00 0.000000000000000000e+00 0.000000000000000000e+00 0.000000000000000000e+00 0.000000000000000000e+00 0.000000000000000000e+00 0.000000000000000000e+00 0.000000000000000000e+00 0.000000000000000000e+00 0.000000000000000000e+00 0.000000000000000000e+00 0.000000000000000000e+00 0.000000000000000000e+00 0.000000000000000000e+00 0.000000000000000000e+00 6.190476190476190688e-01 5.000000000000000000e-01 5.000000000000000000e-01 5.000000000000000000e-01 5.000000000000000000e-01 5.000000000000000000e-01 5.000000000000000000e-01 5.000000000000000000e-01 5.000000000000000000e-01 5.000000000000000000e-01 5.000000000000000000e-01 5.000000000000000000e-01 5.000000000000000000e-01 5.000000000000000000e-01 5.000000000000000000e-01 5.000000000000000000e-01 5.000000000000000000e-01 5.000000000000000000e-01 5.000000000000000000e-01 4.958540630182421416e-01 
0.000000000000000000e+00 0.000000000000000000e+00 0.000000000000000000e+00 0.000000000000000000e+00 0.000000000000000000e+00 0.000000000000000000e+00 0.000000000000000000e+00 0.000000000000000000e+00 0.000000000000000000e+00 0.000000000000000000e+00 0.000000000000000000e+00 0.000000000000000000e+00 0.000000000000000000e+00 0.000000000000000000e+00 0.000000000000000000e+00 0.000000000000000000e+00 0.000000000000000000e+00 5.000000000000000000e-01 5.000000000000000000e-01 5.000000000000000000e-01 5.000000000000000000e-01 5.000000000000000000e-01 5.000000000000000000e-01 5.000000000000000000e-01 5.000000000000000000e-01 5.000000000000000000e-01 5.000000000000000000e-01 5.000000000000000000e-01 5.000000000000000000e-01 5.000000000000000000e-01 5.000000000000000000e-01 5.000000000000000000e-01 5.000000000000000000e-01 5.000000000000000000e-01 5.000000000000000000e-01 5.000000000000000000e-01 0.000000000000000000e+00 0.000000000000000000e+00 
0.000000000000000000e+00 0.000000000000000000e+00 0.000000000000000000e+00 0.000000000000000000e+00 0.000000000000000000e+00 0.000000000000000000e+00 0.000000000000000000e+00 0.000000000000000000e+00 0.000000000000000000e+00 0.000000000000000000e+00 0.000000000000000000e+00 0.000000000000000000e+00 0.000000000000000000e+00 0.000000000000000000e+00 0.000000000000000000e+00 5.000000000000000000e-01 5.000000000000000000e-01 5.000000000000000000e-01 5.000000000000000000e-01 5.000000000000000000e-01 5.000000000000000000e-01 5.000000000000000000e-01 5.000000000000000000e-01 5.000000000000000000e-01 5.000000000000000000e-01 5.000000000000000000e-01 5.000000000000000000e-01 5.000000000000000000e-01 5.000000000000000000e-01 5.000000000000000000e-01 5.000000000000000000e-01 5.000000000000000000e-01 5.000000000000000000e-01 5.000000000000000000e-01 0.000000000000000000e+00 0.000000000000000000e+00 0.000000000000000000e+00 0.000000000000000000e+00 
0.000000000000000000e+00 0.000000000000000000e+00 0.000000000000000000e+00 0.000000000000000000e+00 0.000000000000000000e+00 0.000000000000000000e+00 0.000000000000000000e+00 0.000000000000000000e+00 0.000000000000000000e+00 0.000000000000000000e+00 0.000000000000000000e+00 0.000000000000000000e+00 4.747081712062256598e-01 5.000000000000000000e-01 5.000000000000000000e-01 5.000000000000000000e-01 5.000000000000000000e-01 5.000000000000000000e-01 5.000000000000000000e-01 5.000000000000000000e-01 5.000000000000000000e-01 5.000000000000000000e-01 5.000000000000000000e-01 5.000000000000000000e-01 5.000000000000000000e-01 5.000000000000000000e-01 5.000000000000000000e-01 5.000000000000000000e-01 5.000000000000000000e-01 5.000000000000000000e-01 5.000000000000000000e-01 5.177111716621253246e-01 0.000000000000000000e+00 0.000000000000000000e+00 0.000000000000000000e+00 0.000000000000000000e+00 0.000000000000000000e+00 0.000000000000000000e+00 
0.000000000000000000e+00 0.000000000000000000e+00 0.000000000000000000e+00 0.000000000000000000e+00 0.000000000000000000e+00 0.000000000000000000e+00 0.000000000000000000e+00 0.000000000000000000e+00 0.000000000000000000e+00 0.000000000000000000e+00 0.000000000000000000e+00 5.000000000000000000e-01 5.000000000000000000e-01 5.000000000000000000e-01 5.000000000000000000e-01 5.000000000000000000e-01 5.000000000000000000e-01 5.000000000000000000e-01 5.000000000000000000e-01 5.000000000000000000e-01 5.000000000000000000e-01 5.000000000000000000e-01 5.000000000000000000e-01 5.000000000000000000e-01 5.000000000000000000e-01 5.000000000000000000e-01 5.000000000000000000e-01 5.000000000000000000e-01 5.000000000000000000e-01 5.000000000000000000e-01 0.000000000000000000e+00 0.000000000000000000e+00 0.000000000000000000e+00 0.000000000000000000e+00 0.000000000000000000e+00 0.000000000000000000e+00 0.000000000000000000e+00 0.000000000000000000e+00 
0.000000000000000000e+00 0.000000000000000000e+00 0.000000000000000000e+00 0.000000000000000000e+00 0.000000000000000000e+00 0.000000000000000000e+00 0.000000000000000000e+00 0.000000000000000000e+00 0.000000000000000000e+00 0.000000000000000000e+00 5.000000000000000000e-01 5.000000000000000000e-01 5.000000000000000000e-01 5.000000000000000000e-01 5.000000000000000000e-01 5.000000000000000000e-01 5.000000000000000000e-01 5.000000000000000000e-01 5.000000000000000000e-01 5.000000000000000000e-01 5.000000000000000000e-01 5.000000000000000000e-01 5.000000000000000000e-01 5.000000000000000000e-01 5.000000000000000000e-01 5.000000000000000000e-01 5.000000000000000000e-01 5.000000000000000000e-01 5.000000000000000000e-01 0.000000000000000000e+00 0.000000000000000000e+00 0.000000000000000000e+00 0.000000000000000000e+00 0.000000000000000000e+00 0.000000000000000000e+00 0.000000000000000000e+00 0.000000000000000000e+00 0.000000000000000000e+00 
0.000000000000000000e+00 0.000000000000000000e+00 0.000000000000000000e+00 0.000000000000000000e+00 0.000000000000000000e+00 0.000000000000000000e+00 0.000000000000000000e+00 0.000000000000000000e+00 0.000000000000000000e+00 7.530864197530864335e-01 5.657051282051281937e-01 5.657051282051281937e-01 5.657051282051281937e-01 5.657051282051281937e-01 5.657051282051281937e-01 5.657051282051281937e-01 5.657051282051281937e-01 5.657051282051281937e-01 5.657051282051281937e-01 5.657051282051281937e-01 5.657051282051281937e-01 5.657051282051281937e-01 5.657051282051281937e-01 5.657051282051281937e-01 5.657051282051281937e-01 5.657051282051281937e-01 5.657051282051281937e-01 5.657051282051281937e-01 5.377532228360957234e-01 0.000000000000000000e+00 0.000000000000000000e+00 0.000000000000000000e+00 0.000000000000000000e+00 0.000000000000000000e+00 0.000000000000000000e+00 0.000000000000000000e+00 0.000000000000000000e+00 0.000000000000000000e+00 
0.000000000000000000e+00 0.000000000000000000e+00 0.000000000000000000e+00 0.000000000000000000e+00 0.000000000000000000e+00 0.000000000000000000e+00 0.000000000000000000e+00 0.000000000000000000e+00 0.000000000000000000e+00 7.684729064039408364e-01 6.746794871794872250e-01 6.746794871794872250e-01 6.746794871794872250e-01 6.746794871794872250e-01 6.746794871794872250e-01 6.746794871794872250e-01 6.746794871794872250e-01 6.746794871794872250e-01 6.746794871794872250e-01 6.746794871794872250e-01 6.746794871794872250e-01 6.746794871794872250e-01 6.746794871794872250e-01 6.746794871794872250e-01 6.746794871794872250e-01 6.746794871794872250e-01 6.746794871794872250e-01 6.746794871794872250e-01 6.294536817102137638e-01 0.000000000000000000e+00 0.000000000000000000e+00 0.000000000000000000e+00 0.000000000000000000e+00 0.000000000000000000e+00 0.000000000000000000e+00 0.000000000000000000e+00 0.000000000000000000e+00 0.000000000000000000e+00 
0.000000000000000000e+00 0.000000000000000000e+00 0.000000000000000000e+00 0.000000000000000000e+00 0.000000000000000000e+00 0.000000000000000000e+00 0.000000000000000000e+00 0.000000000000000000e+00 0.000000000000000000e+00 9.290780141843971718e-01 6.939102564102563875e-01 6.939102564102563875e-01 6.939102564102563875e-01 6.939102564102563875e-01 6.939102564102563875e-01 6.939102564102563875e-01 6.939102564102563875e-01 6.939102564102563875e-01 6.939102564102563875e-01 6.939102564102563875e-01 6.939102564102563875e-01 6.939102564102563875e-01 6.939102564102563875e-01 6.939102564102563875e-01 6.939102564102563875e-01 6.939102564102563875e-01 6.939102564102563875e-01 6.939102564102563875e-01 6.252587991718426830e-01 0.000000000000000000e+00 0.000000000000000000e+00 0.000000000000000000e+00 0.000000000000000000e+00 0.000000000000000000e+00 0.000000000000000000e+00 0.000000000000000000e+00 0.000000000000000000e+00 0.000000000000000000e+00 
0.000000000000000000e+00 0.000000000000000000e+00 0.000000000000000000e+00 0.000000000000000000e+00 0.000000000000000000e+00 0.000000000000000000e+00 0.000000000000000000e+00 0.000000000000000000e+00 0.000000000000000000e+00 1.000000000000000000e+00 2.500000000000000000e-01 5.000000000000000000e-01 5.600649350649350433e-01 5.650080256821830016e-01 5.657051282051281937e-01 5.657051282051281937e-01 5.657051282051281937e-01 5.657051282051281937e-01 5.657051282051281937e-01 5.657051282051281937e-01 5.657051282051281937e-01 5.657051282051281937e-01 5.657051282051281937e-01 5.657051282051281937e-01 5.657051282051281937e-01 5.657051282051281937e-01 5.657051282051281937e-01 5.657051282051281937e-01 5.351629502572898822e-01 9.637681159420289356e-01 1.000000000000000000e+00 1.000000000000000000e+00 1.000000000000000000e+00 0.000000000000000000e+00 0.000000000000000000e+00 0.000000000000000000e+00 0.000000000000000000e+00 0.000000000000000000e+00 
0.000000000000000000e+00 0.000000000000000000e+00 0.000000000000000000e+00 0.000000000000000000e+00 0.000000000000000000e+00 0.000000000000000000e+00 0.000000000000000000e+00 0.000000000000000000e+00 1.000000000000000000e+00 1.000000000000000000e+00 7.012987012987013102e-01 7.178770949720670869e-01 7.617924528301887044e-01 8.023483365949118928e-01 8.264604810996563078e-01 8.346972176759410722e-01 8.378812199036917985e-01 8.381410256410256610e-01 8.381410256410256610e-01 8.381410256410256610e-01 8.381410256410256610e-01 8.381410256410256610e-01 8.381410256410256610e-01 8.381410256410256610e-01 8.381410256410256610e-01 8.381410256410256610e-01 8.381410256410256610e-01 8.322259136212624142e-01 7.554479418886198561e-01 9.715189873417721111e-01 1.000000000000000000e+00 1.000000000000000000e+00 1.000000000000000000e+00 1.000000000000000000e+00 1.000000000000000000e+00 1.000000000000000000e+00 0.000000000000000000e+00 0.000000000000000000e+00 
0.000000000000000000e+00 0.000000000000000000e+00 0.000000000000000000e+00 0.000000000000000000e+00 0.000000000000000000e+00 0.000000000000000000e+00 1.000000000000000000e+00 1.000000000000000000e+00 1.000000000000000000e+00 1.000000000000000000e+00 9.738562091503267792e-01 9.623824451410658565e-01 9.582089552238806096e-01 9.593495934959349603e-01 9.635036496350365409e-01 9.676724137931034253e-01 9.718574108818011092e-01 9.747048903878583470e-01 9.759615384615384359e-01 9.759615384615384359e-01 9.759615384615384359e-01 9.759615384615384359e-01 9.759615384615384359e-01 9.759615384615384359e-01 9.759615384615384359e-01 9.752475247524752255e-01 9.682875264270612847e-01 9.592391304347825942e-01 9.541284403669725300e-01 9.779874213836478036e-01 9.901639344262295195e-01 9.965397923875431996e-01 1.000000000000000000e+00 1.000000000000000000e+00 1.000000000000000000e+00 1.000000000000000000e+00 1.000000000000000000e+00 0.000000000000000000e+00 
0.000000000000000000e+00 0.000000000000000000e+00 0.000000000000000000e+00 0.000000000000000000e+00 1.000000000000000000e+00 1.000000000000000000e+00 1.000000000000000000e+00 1.000000000000000000e+00 1.000000000000000000e+00 9.967426710097719855e-01 9.839228295819936188e-01 9.841772151898734444e-01 9.847094801223241767e-01 9.824561403508771384e-01 9.809782608695651884e-01 9.826302729528535451e-01 9.838709677419354982e-01 9.861111111111111605e-01 9.883333333333332860e-01 9.887820512820513219e-01 9.887820512820513219e-01 9.887820512820513219e-01 9.887820512820513219e-01 9.884297520661157188e-01 9.841628959276017552e-01 9.806629834254143585e-01 9.789156626506023695e-01 9.781931464174454804e-01 9.810725552050473253e-01 9.936102236421725520e-01 9.935064935064935598e-01 9.932659932659932966e-01 9.964539007092199085e-01 1.000000000000000000e+00 1.000000000000000000e+00 1.000000000000000000e+00 1.000000000000000000e+00 1.000000000000000000e+00 
0.000000000000000000e+00 0.000000000000000000e+00 0.000000000000000000e+00 1.000000000000000000e+00 1.000000000000000000e+00 1.000000000000000000e+00 1.000000000000000000e+00 1.000000000000000000e+00 9.967532467532467244e-01 9.967741935483871440e-01 9.936305732484076447e-01 9.937500000000000222e-01 9.938080495356037547e-01 9.909909909909909720e-01 9.887955182072829530e-01 9.894459102902374292e-01 9.900990099009900902e-01 9.910514541387024368e-01 9.927927927927927554e-01 9.935897435897436125e-01 9.935897435897436125e-01 9.935897435897436125e-01 9.924812030075187419e-01 9.896640826873385199e-01 9.882005899705014196e-01 9.878419452887537977e-01 9.874213836477987449e-01 9.905063291139240000e-01 9.904458598726114671e-01 9.935483870967741771e-01 9.934210526315789824e-01 9.933554817275747073e-01 9.965635738831615242e-01 1.000000000000000000e+00 1.000000000000000000e+00 1.000000000000000000e+00 1.000000000000000000e+00 1.000000000000000000e+00 
0.000000000000000000e+00 0.000000000000000000e+00 1.000000000000000000e+00 1.000000000000000000e+00 1.000000000000000000e+00 1.000000000000000000e+00 1.000000000000000000e+00 9.967741935483871440e-01 9.935691318327973809e-01 9.810126582278481111e-01 9.811912225705329282e-01 9.813664596273291574e-01 9.784615384615384936e-01 9.761904761904761640e-01 9.771428571428570908e-01 9.783197831978319714e-01 9.798994974874372099e-01 9.812646370023418996e-01 9.845559845559845868e-01 9.871794871794872250e-01 9.871794871794872250e-01 9.852398523985239631e-01 9.780219780219779890e-01 9.760479041916167997e-01 9.752321981424149078e-01 9.748427672955974899e-01 9.777070063694267565e-01 9.808306709265175449e-01 9.935064935064935598e-01 9.934426229508196426e-01 9.933774834437085755e-01 9.966555183946488317e-01 1.000000000000000000e+00 1.000000000000000000e+00 1.000000000000000000e+00 1.000000000000000000e+00 1.000000000000000000e+00 1.000000000000000000e+00 
0.000000000000000000e+00 0.000000000000000000e+00 1.000000000000000000e+00 1.000000000000000000e+00 1.000000000000000000e+00 1.000000000000000000e+00 9.935275080906148526e-01 9.935691318327973809e-01 9.841269841269840724e-01 9.810126582278481111e-01 9.812499999999999556e-01 9.783281733746129749e-01 9.783950617283950768e-01 9.758308157099697677e-01 9.768786127167630173e-01 9.775280898876403946e-01 9.789473684210526772e-01 9.803921568627450567e-01 9.830866807610993963e-01 9.871794871794872250e-01 9.871794871794872250e-01 9.795918367346938549e-01 9.764705882352940902e-01 9.753086419753086433e-01 9.748427672955974899e-01 9.809523809523809090e-01 9.808306709265175449e-01 9.902912621359223344e-01 9.935064935064935598e-01 9.934210526315789824e-01 9.966777408637873537e-01 9.966666666666667007e-01 1.000000000000000000e+00 1.000000000000000000e+00 1.000000000000000000e+00 1.000000000000000000e+00 1.000000000000000000e+00 1.000000000000000000e+00 
0.000000000000000000e+00 1.000000000000000000e+00 1.000000000000000000e+00 1.000000000000000000e+00 1.000000000000000000e+00 9.967426710097719855e-01 9.935483870967741771e-01 9.872611464968152895e-01 9.841269841269840724e-01 9.717868338557993368e-01 9.688473520249221149e-01 9.689440993788820400e-01 9.691358024691357764e-01 9.665653495440729159e-01 9.674556213017750927e-01 9.690140845070422948e-01 9.704301075268817467e-01 9.722921914357682827e-01 9.754464285714286031e-01 9.823717948717948234e-01 9.788461538461538103e-01 9.682997118155619587e-01 9.661538461538461409e-01 9.655172413793103869e-01 9.684542586750788384e-01 9.713375796178344013e-01 9.774193548387096753e-01 9.805825242718446688e-01 9.934426229508196426e-01 9.966996699669966597e-01 9.966887417218542877e-01 9.966666666666667007e-01 1.000000000000000000e+00 1.000000000000000000e+00 1.000000000000000000e+00 1.000000000000000000e+00 1.000000000000000000e+00 1.000000000000000000e+00 
0.000000000000000000e+00 1.000000000000000000e+00 1.000000000000000000e+00 1.000000000000000000e+00 9.967426710097719855e-01 9.935483870967741771e-01 9.903846153846154188e-01 9.841269841269840724e-01 9.810725552050473253e-01 9.718750000000000444e-01 9.720496894409937916e-01 9.721362229102167296e-01 9.721362229102167296e-01 9.696969696969697239e-01 9.701492537313433084e-01 9.715909090909090606e-01 9.725274725274725141e-01 9.742268041237113207e-01 9.769585253456221086e-01 9.839743589743589203e-01 9.747474747474746959e-01 9.696969696969697239e-01 9.687500000000000000e-01 9.716088328075709324e-01 9.745222929936305789e-01 9.775641025641025328e-01 9.838187702265371870e-01 9.869706840390879421e-01 9.967105263157894912e-01 9.966887417218542877e-01 9.966777408637873537e-01 9.966777408637873537e-01 1.000000000000000000e+00 1.000000000000000000e+00 1.000000000000000000e+00 1.000000000000000000e+00 1.000000000000000000e+00 1.000000000000000000e+00 
0.000000000000000000e+00 1.000000000000000000e+00 1.000000000000000000e+00 1.000000000000000000e+00 9.967532467532467244e-01 9.903846153846154188e-01 9.872204472843449929e-01 9.841772151898734444e-01 9.779874213836478036e-01 9.749216300940438673e-01 9.751552795031055432e-01 9.752321981424149078e-01 9.752321981424149078e-01 9.724770642201835402e-01 9.729729729729730270e-01 9.738372093023255349e-01 9.747191011235954994e-01 9.765625000000000000e-01 9.785714285714285365e-01 9.855769230769231282e-01 9.747899159663865332e-01 9.723076923076923173e-01 9.716981132075471761e-01 9.746835443037974445e-01 9.807692307692307265e-01 9.839228295819936188e-01 9.870129870129870087e-01 9.934640522875817226e-01 9.967213114754098768e-01 9.966887417218542877e-01 9.966777408637873537e-01 9.966777408637873537e-01 1.000000000000000000e+00 1.000000000000000000e+00 1.000000000000000000e+00 1.000000000000000000e+00 1.000000000000000000e+00 1.000000000000000000e+00 
0.000000000000000000e+00 1.000000000000000000e+00 1.000000000000000000e+00 9.967426710097719855e-01 9.935691318327973809e-01 9.903846153846154188e-01 9.872611464968152895e-01 9.810725552050473253e-01 9.779874213836478036e-01 9.749216300940438673e-01 9.751552795031055432e-01 9.752321981424149078e-01 9.722222222222222099e-01 9.723926380368098643e-01 9.728096676737160164e-01 9.733727810650887324e-01 9.744318181818182323e-01 9.761273209549071739e-01 9.778869778869778706e-01 9.855769230769231282e-01 9.736070381231671789e-01 9.719626168224299034e-01 9.747634069400631374e-01 9.776357827476038764e-01 9.807692307692307265e-01 9.838709677419354982e-01 9.902280130293159566e-01 9.934640522875817226e-01 9.967213114754098768e-01 9.966887417218542877e-01 9.966777408637873537e-01 1.000000000000000000e+00 1.000000000000000000e+00 1.000000000000000000e+00 1.000000000000000000e+00 1.000000000000000000e+00 1.000000000000000000e+00 1.000000000000000000e+00 
1.000000000000000000e+00 1.000000000000000000e+00 1.000000000000000000e+00 9.967426710097719855e-01 9.903846153846154188e-01 9.904153354632587725e-01 9.872611464968152895e-01 9.810725552050473253e-01 9.779874213836478036e-01 9.749216300940438673e-01 9.750778816199376919e-01 9.751552795031055432e-01 9.722222222222222099e-01 9.724770642201835402e-01 9.727272727272727737e-01 9.731343283582088999e-01 9.738372093023255349e-01 9.757412398921833097e-01 9.776119402985075091e-01 9.855537720706259996e-01 9.728915662650602370e-01 9.718750000000000444e-01 9.747634069400631374e-01 9.807692307692307265e-01 9.807073954983922537e-01 9.838709677419354982e-01 9.902280130293159566e-01 9.934640522875817226e-01 9.967213114754098768e-01 9.966996699669966597e-01 9.966887417218542877e-01 1.000000000000000000e+00 1.000000000000000000e+00 1.000000000000000000e+00 1.000000000000000000e+00 1.000000000000000000e+00 1.000000000000000000e+00 1.000000000000000000e+00 
1.000000000000000000e+00 1.000000000000000000e+00 9.967213114754098768e-01 9.967637540453074818e-01 9.903846153846154188e-01 9.904153354632587725e-01 9.872611464968152895e-01 9.810725552050473253e-01 9.779874213836478036e-01 9.749216300940438673e-01 9.749999999999999778e-01 9.721362229102167296e-01 9.722222222222222099e-01 9.723076923076923173e-01 9.727272727272727737e-01 9.730538922155688164e-01 9.735294117647058654e-01 9.750692520775623429e-01 9.772727272727272929e-01 9.833024118738404873e-01 9.723076923076923173e-01 9.749216300940438673e-01 9.746031746031745824e-01 9.807692307692307265e-01 9.807073954983922537e-01 9.838709677419354982e-01 9.902280130293159566e-01 9.934640522875817226e-01 9.967213114754098768e-01 9.967105263157894912e-01 1.000000000000000000e+00 1.000000000000000000e+00 1.000000000000000000e+00 1.000000000000000000e+00 1.000000000000000000e+00 1.000000000000000000e+00 1.000000000000000000e+00 1.000000000000000000e+00 
1.000000000000000000e+00 1.000000000000000000e+00 9.967426710097719855e-01 9.935691318327973809e-01 9.903846153846154188e-01 9.904153354632587725e-01 9.872611464968152895e-01 9.810725552050473253e-01 9.779874213836478036e-01 9.749216300940438673e-01 9.749216300940438673e-01 9.721362229102167296e-01 9.722222222222222099e-01 9.723076923076923173e-01 9.726443768996960726e-01 9.729729729729730270e-01 9.733727810650887324e-01 9.743589743589743390e-01 9.769230769230768940e-01 9.798206278026906357e-01 9.720496894409937916e-01 9.747634069400631374e-01 9.776357827476038764e-01 9.807692307692307265e-01 9.807073954983922537e-01 9.838709677419354982e-01 9.902280130293159566e-01 9.934640522875817226e-01 9.967213114754098768e-01 9.967213114754098768e-01 1.000000000000000000e+00 1.000000000000000000e+00 1.000000000000000000e+00 1.000000000000000000e+00 1.000000000000000000e+00 1.000000000000000000e+00 1.000000000000000000e+00 1.000000000000000000e+00 
1.000000000000000000e+00 1.000000000000000000e+00 9.967532467532467244e-01 9.935691318327973809e-01 9.904153354632587725e-01 9.904153354632587725e-01 9.904153354632587725e-01 9.810725552050473253e-01 9.779874213836478036e-01 9.749216300940438673e-01 9.749216300940438673e-01 9.720496894409937916e-01 9.722222222222222099e-01 9.723076923076923173e-01 9.725609756097560732e-01 9.728096676737160164e-01 9.731343283582088999e-01 9.739884393063583667e-01 9.764397905759162333e-01 9.766839378238342251e-01 9.720496894409937916e-01 9.746835443037974445e-01 9.776357827476038764e-01 9.807073954983922537e-01 9.807073954983922537e-01 9.807073954983922537e-01 9.902280130293159566e-01 9.934640522875817226e-01 9.967213114754098768e-01 9.967213114754098768e-01 1.000000000000000000e+00 1.000000000000000000e+00 1.000000000000000000e+00 1.000000000000000000e+00 1.000000000000000000e+00 1.000000000000000000e+00 1.000000000000000000e+00 1.000000000000000000e+00 
1.000000000000000000e+00 1.000000000000000000e+00 9.967637540453074818e-01 9.935691318327973809e-01 9.904153354632587725e-01 9.904153354632587725e-01 9.872611464968152895e-01 9.779874213836478036e-01 9.779874213836478036e-01 9.779874213836478036e-01 9.749999999999999778e-01 9.751552795031055432e-01 9.753086419753086433e-01 9.753846153846154055e-01 9.756838905775075954e-01 9.758308157099697677e-01 9.761194029850746023e-01 9.767441860465115866e-01 9.788359788359788372e-01 9.779005524861877907e-01 9.751552795031055432e-01 9.777777777777777457e-01 9.808306709265175449e-01 9.839228295819936188e-01 9.839228295819936188e-01 9.870967741935483541e-01 9.967320261437908613e-01 9.967320261437908613e-01 9.967320261437908613e-01 1.000000000000000000e+00 1.000000000000000000e+00 1.000000000000000000e+00 1.000000000000000000e+00 1.000000000000000000e+00 1.000000000000000000e+00 1.000000000000000000e+00 1.000000000000000000e+00 1.000000000000000000e+00 
1.000000000000000000e+00 9.966996699669966597e-01 9.967637540453074818e-01 9.935691318327973809e-01 9.904153354632587725e-01 9.904153354632587725e-01 9.904153354632587725e-01 9.810725552050473253e-01 9.779874213836478036e-01 9.779874213836478036e-01 9.749999999999999778e-01 9.749999999999999778e-01 9.752321981424149078e-01 9.753086419753086433e-01 9.755351681957186161e-01 9.758308157099697677e-01 9.760479041916167997e-01 9.766081871345029253e-01 9.783783783783783772e-01 9.772079772079772519e-01 9.781931464174454804e-01 9.777777777777777457e-01 9.808306709265175449e-01 9.839228295819936188e-01 9.839228295819936188e-01 9.839228295819936188e-01 9.934853420195439710e-01 9.967320261437908613e-01 9.967320261437908613e-01 1.000000000000000000e+00 1.000000000000000000e+00 1.000000000000000000e+00 1.000000000000000000e+00 1.000000000000000000e+00 1.000000000000000000e+00 1.000000000000000000e+00 1.000000000000000000e+00 1.000000000000000000e+00 
1.000000000000000000e+00 9.967105263157894912e-01 9.967741935483871440e-01 9.935897435897436125e-01 9.904153354632587725e-01 9.904153354632587725e-01 9.904153354632587725e-01 9.810725552050473253e-01 9.779874213836478036e-01 9.779874213836478036e-01 9.749999999999999778e-01 9.749999999999999778e-01 9.751552795031055432e-01 9.753846153846154055e-01 9.755351681957186161e-01 9.758308157099697677e-01 9.759759759759759623e-01 9.764705882352940902e-01 9.781420765027322162e-01 9.766081871345029253e-01 9.781250000000000222e-01 9.777070063694267565e-01 9.807692307692307265e-01 9.839228295819936188e-01 9.839228295819936188e-01 9.839228295819936188e-01 9.934853420195439710e-01 9.967320261437908613e-01 9.967320261437908613e-01 1.000000000000000000e+00 1.000000000000000000e+00 1.000000000000000000e+00 1.000000000000000000e+00 1.000000000000000000e+00 1.000000000000000000e+00 1.000000000000000000e+00 1.000000000000000000e+00 1.000000000000000000e+00 
1.000000000000000000e+00 9.967213114754098768e-01 9.967637540453074818e-01 9.935691318327973809e-01 9.904153354632587725e-01 9.904153354632587725e-01 9.904153354632587725e-01 9.904153354632587725e-01 9.841772151898734444e-01 9.779874213836478036e-01 9.779874213836478036e-01 9.749999999999999778e-01 9.749999999999999778e-01 9.750778816199376919e-01 9.753846153846154055e-01 9.755351681957186161e-01 9.758308157099697677e-01 9.760479041916167997e-01 9.775910364145657949e-01 9.764011799410029502e-01 9.780564263322883978e-01 9.777777777777777457e-01 9.808306709265175449e-01 9.839228295819936188e-01 9.839228295819936188e-01 9.839228295819936188e-01 9.839228295819936188e-01 9.902597402597402843e-01 9.967320261437908613e-01 9.967320261437908613e-01 1.000000000000000000e+00 1.000000000000000000e+00 1.000000000000000000e+00 1.000000000000000000e+00 1.000000000000000000e+00 1.000000000000000000e+00 1.000000000000000000e+00 1.000000000000000000e+00 
1.000000000000000000e+00 9.967426710097719855e-01 9.967637540453074818e-01 9.935897435897436125e-01 9.904153354632587725e-01 9.904153354632587725e-01 9.904153354632587725e-01 9.841772151898734444e-01 9.779874213836478036e-01 9.780564263322883978e-01 9.780564263322883978e-01 9.781250000000000222e-01 9.781250000000000222e-01 9.783950617283950768e-01 9.785276073619632031e-01 9.787878787878787623e-01 9.788519637462235190e-01 9.792284866468842219e-01 9.804469273743017244e-01 9.789789789789790087e-01 9.810725552050473253e-01 9.809523809523809090e-01 9.839743589743589203e-01 9.871382636655948728e-01 9.871382636655948728e-01 9.871382636655948728e-01 9.935064935064935598e-01 1.000000000000000000e+00 1.000000000000000000e+00 1.000000000000000000e+00 1.000000000000000000e+00 1.000000000000000000e+00 1.000000000000000000e+00 1.000000000000000000e+00 1.000000000000000000e+00 1.000000000000000000e+00 1.000000000000000000e+00 1.000000000000000000e+00 
1.000000000000000000e+00 9.967426710097719855e-01 9.967637540453074818e-01 9.935897435897436125e-01 9.904153354632587725e-01 9.904153354632587725e-01 9.904153354632587725e-01 9.904153354632587725e-01 9.841772151898734444e-01 9.780564263322883978e-01 9.780564263322883978e-01 9.781250000000000222e-01 9.781250000000000222e-01 9.782608695652174058e-01 9.784615384615384936e-01 9.786585365853658347e-01 9.788519637462235190e-01 9.790419161676646720e-01 9.799999999999999822e-01 9.787234042553191182e-01 9.810725552050473253e-01 9.809523809523809090e-01 9.839743589743589203e-01 9.871382636655948728e-01 9.871382636655948728e-01 9.871382636655948728e-01 9.871382636655948728e-01 9.935064935064935598e-01 1.000000000000000000e+00 1.000000000000000000e+00 1.000000000000000000e+00 1.000000000000000000e+00 1.000000000000000000e+00 1.000000000000000000e+00 1.000000000000000000e+00 1.000000000000000000e+00 1.000000000000000000e+00 1.000000000000000000e+00 
1.000000000000000000e+00 9.967426710097719855e-01 9.967637540453074818e-01 9.935897435897436125e-01 9.904153354632587725e-01 9.904153354632587725e-01 9.904153354632587725e-01 9.873015873015873467e-01 9.810725552050473253e-01 9.780564263322883978e-01 9.780564263322883978e-01 9.781250000000000222e-01 9.781250000000000222e-01 9.782608695652174058e-01 9.783950617283950768e-01 9.786585365853658347e-01 9.788519637462235190e-01 9.791044776119403048e-01 9.799426934097421604e-01 9.785276073619632031e-01 9.810725552050473253e-01 9.809523809523809090e-01 9.839743589743589203e-01 9.871382636655948728e-01 9.871382636655948728e-01 9.871382636655948728e-01 9.902912621359223344e-01 9.967426710097719855e-01 1.000000000000000000e+00 1.000000000000000000e+00 1.000000000000000000e+00 1.000000000000000000e+00 1.000000000000000000e+00 1.000000000000000000e+00 1.000000000000000000e+00 1.000000000000000000e+00 1.000000000000000000e+00 1.000000000000000000e+00 
1.000000000000000000e+00 9.967426710097719855e-01 9.967637540453074818e-01 9.935897435897436125e-01 9.904153354632587725e-01 9.904153354632587725e-01 9.904153354632587725e-01 9.904458598726114671e-01 9.811320754716981174e-01 9.811320754716981174e-01 9.811912225705329282e-01 9.811912225705329282e-01 9.812499999999999556e-01 9.813084112149532690e-01 9.814241486068111531e-01 9.817073170731707155e-01 9.818731117824773813e-01 9.819819819819819440e-01 9.827089337175792805e-01 9.814814814814815103e-01 9.842271293375394192e-01 9.841269841269840724e-01 9.871794871794872250e-01 9.903536977491961268e-01 9.903536977491961268e-01 9.903536977491961268e-01 9.903225806451613211e-01 1.000000000000000000e+00 1.000000000000000000e+00 1.000000000000000000e+00 1.000000000000000000e+00 1.000000000000000000e+00 1.000000000000000000e+00 1.000000000000000000e+00 1.000000000000000000e+00 1.000000000000000000e+00 1.000000000000000000e+00 1.000000000000000000e+00 
1.000000000000000000e+00 9.967426710097719855e-01 9.967637540453074818e-01 9.935897435897436125e-01 9.904153354632587725e-01 9.904153354632587725e-01 9.904153354632587725e-01 9.904458598726114671e-01 9.842271293375394192e-01 9.811320754716981174e-01 9.811320754716981174e-01 9.811912225705329282e-01 9.812499999999999556e-01 9.813084112149532690e-01 9.813664596273291574e-01 9.816513761467889898e-01 9.818731117824773813e-01 9.818731117824773813e-01 9.825072886297375740e-01 9.814814814814815103e-01 9.842271293375394192e-01 9.841269841269840724e-01 9.871794871794872250e-01 9.903536977491961268e-01 9.903536977491961268e-01 9.903536977491961268e-01 9.903225806451613211e-01 9.967426710097719855e-01 1.000000000000000000e+00 1.000000000000000000e+00 1.000000000000000000e+00 1.000000000000000000e+00 1.000000000000000000e+00 1.000000000000000000e+00 1.000000000000000000e+00 1.000000000000000000e+00 1.000000000000000000e+00 1.000000000000000000e+00 
1.000000000000000000e+00 9.967426710097719855e-01 9.935483870967741771e-01 9.935897435897436125e-01 9.904153354632587725e-01 9.904153354632587725e-01 9.904153354632587725e-01 9.904458598726114671e-01 9.842271293375394192e-01 9.811320754716981174e-01 9.811320754716981174e-01 9.811320754716981174e-01 9.813084112149532690e-01 9.813084112149532690e-01 9.813664596273291574e-01 9.816513761467889898e-01 9.818731117824773813e-01 9.818731117824773813e-01 9.825072886297375740e-01 9.814814814814815103e-01 9.842271293375394192e-01 9.872611464968152895e-01 9.871794871794872250e-01 9.903536977491961268e-01 9.903536977491961268e-01 9.903536977491961268e-01 9.903225806451613211e-01 9.967426710097719855e-01 1.000000000000000000e+00 1.000000000000000000e+00 1.000000000000000000e+00 1.000000000000000000e+00 1.000000000000000000e+00 1.000000000000000000e+00 1.000000000000000000e+00 1.000000000000000000e+00 1.000000000000000000e+00 1.000000000000000000e+00 
1.000000000000000000e+00 9.967426710097719855e-01 9.935483870967741771e-01 9.935897435897436125e-01 9.904153354632587725e-01 9.904153354632587725e-01 9.904153354632587725e-01 9.904458598726114671e-01 9.873417721518987777e-01 9.811320754716981174e-01 9.811320754716981174e-01 9.811320754716981174e-01 9.811912225705329282e-01 9.813084112149532690e-01 9.813084112149532690e-01 9.814814814814815103e-01 9.817629179331307521e-01 9.818731117824773813e-01 9.824046920821114526e-01 9.814814814814815103e-01 9.842271293375394192e-01 9.872611464968152895e-01 9.871794871794872250e-01 9.903536977491961268e-01 9.903536977491961268e-01 9.903536977491961268e-01 9.903225806451613211e-01 9.935064935064935598e-01 1.000000000000000000e+00 1.000000000000000000e+00 1.000000000000000000e+00 1.000000000000000000e+00 1.000000000000000000e+00 1.000000000000000000e+00 1.000000000000000000e+00 1.000000000000000000e+00 1.000000000000000000e+00 1.000000000000000000e+00 
1.000000000000000000e+00 9.967426710097719855e-01 9.935483870967741771e-01 9.935897435897436125e-01 9.904153354632587725e-01 9.904153354632587725e-01 9.904153354632587725e-01 9.904458598726114671e-01 9.873417721518987777e-01 9.811320754716981174e-01 9.811320754716981174e-01 9.811320754716981174e-01 9.811912225705329282e-01 9.813084112149532690e-01 9.813084112149532690e-01 9.814241486068111531e-01 9.817629179331307521e-01 9.818731117824773813e-01 9.823008849557521849e-01 9.814241486068111531e-01 9.842271293375394192e-01 9.872611464968152895e-01 9.871794871794872250e-01 9.903536977491961268e-01 9.903536977491961268e-01 9.903536977491961268e-01 9.903225806451613211e-01 9.935064935064935598e-01 1.000000000000000000e+00 1.000000000000000000e+00 1.000000000000000000e+00 1.000000000000000000e+00 1.000000000000000000e+00 1.000000000000000000e+00 1.000000000000000000e+00 1.000000000000000000e+00 1.000000000000000000e+00 1.000000000000000000e+00 
9.966887417218542877e-01 9.967532467532467244e-01 9.935483870967741771e-01 9.935897435897436125e-01 9.904153354632587725e-01 9.904153354632587725e-01 9.904153354632587725e-01 9.904458598726114671e-01 9.873417721518987777e-01 9.842271293375394192e-01 9.842767295597484312e-01 9.842767295597484312e-01 9.843260188087774587e-01 9.843750000000000000e-01 9.844236760124610575e-01 9.844720496894410200e-01 9.847560975609755962e-01 9.848942598187311326e-01 9.851632047477745235e-01 9.875776397515527716e-01 9.873417721518987777e-01 9.904458598726114671e-01 9.903846153846154188e-01 9.935691318327973809e-01 9.935691318327973809e-01 9.935691318327973809e-01 9.935483870967741771e-01 9.967532467532467244e-01 1.000000000000000000e+00 1.000000000000000000e+00 1.000000000000000000e+00 1.000000000000000000e+00 1.000000000000000000e+00 1.000000000000000000e+00 1.000000000000000000e+00 1.000000000000000000e+00 1.000000000000000000e+00 1.000000000000000000e+00 
9.966996699669966597e-01 9.967532467532467244e-01 9.935691318327973809e-01 9.935897435897436125e-01 9.904153354632587725e-01 9.904153354632587725e-01 9.904153354632587725e-01 9.904761904761905100e-01 9.873417721518987777e-01 9.842271293375394192e-01 9.842767295597484312e-01 9.842767295597484312e-01 9.843260188087774587e-01 9.843750000000000000e-01 9.844236760124610575e-01 9.845201238390093312e-01 9.847560975609755962e-01 9.848942598187311326e-01 9.851632047477745235e-01 9.875389408099688460e-01 9.873417721518987777e-01 9.904153354632587725e-01 9.903846153846154188e-01 9.935691318327973809e-01 9.935691318327973809e-01 9.935691318327973809e-01 9.935275080906148526e-01 9.967532467532467244e-01 1.000000000000000000e+00 1.000000000000000000e+00 1.000000000000000000e+00 1.000000000000000000e+00 1.000000000000000000e+00 1.000000000000000000e+00 1.000000000000000000e+00 1.000000000000000000e+00 1.000000000000000000e+00 1.000000000000000000e+00 
9.966996699669966597e-01 9.967532467532467244e-01 9.935483870967741771e-01 9.935897435897436125e-01 9.904153354632587725e-01 9.904153354632587725e-01 9.904153354632587725e-01 9.904761904761905100e-01 9.873417721518987777e-01 9.842271293375394192e-01 9.842767295597484312e-01 9.842767295597484312e-01 9.843260188087774587e-01 9.843750000000000000e-01 9.843750000000000000e-01 9.844720496894410200e-01 9.847560975609755962e-01 9.848942598187311326e-01 9.851632047477745235e-01 9.875389408099688460e-01 9.873417721518987777e-01 9.904458598726114671e-01 9.903846153846154188e-01 9.935691318327973809e-01 9.935691318327973809e-01 9.935691318327973809e-01 9.935275080906148526e-01 9.967532467532467244e-01 1.000000000000000000e+00 1.000000000000000000e+00 1.000000000000000000e+00 1.000000000000000000e+00 1.000000000000000000e+00 1.000000000000000000e+00 1.000000000000000000e+00 1.000000000000000000e+00 1.000000000000000000e+00 1.000000000000000000e+00 
9.966996699669966597e-01 9.967532467532467244e-01 9.935483870967741771e-01 9.935691318327973809e-01 9.904153354632587725e-01 9.904153354632587725e-01 9.904153354632587725e-01 9.904761904761905100e-01 9.904761904761905100e-01 9.873417721518987777e-01 9.874213836477987449e-01 9.874213836477987449e-01 9.874608150470219892e-01 9.874608150470219892e-01 9.875000000000000444e-01 9.875389408099688460e-01 9.878048780487804770e-01 9.878787878787879118e-01 9.880952380952381375e-01 9.906542056074766345e-01 9.905063291139240000e-01 9.936305732484076447e-01 9.936102236421725520e-01 9.967845659163987460e-01 9.967845659163987460e-01 9.967845659163987460e-01 9.967637540453074818e-01 9.967637540453074818e-01 1.000000000000000000e+00 1.000000000000000000e+00 1.000000000000000000e+00 1.000000000000000000e+00 1.000000000000000000e+00 1.000000000000000000e+00 1.000000000000000000e+00 1.000000000000000000e+00 1.000000000000000000e+00 1.000000000000000000e+00 
9.966996699669966597e-01 9.967532467532467244e-01 9.935483870967741771e-01 9.935691318327973809e-01 9.904153354632587725e-01 9.904153354632587725e-01 9.904153354632587725e-01 9.904761904761905100e-01 9.904761904761905100e-01 9.873417721518987777e-01 9.874213836477987449e-01 9.874213836477987449e-01 9.874608150470219892e-01 9.874608150470219892e-01 9.875000000000000444e-01 9.875389408099688460e-01 9.876923076923076472e-01 9.878419452887537977e-01 9.880597014925373012e-01 9.906542056074766345e-01 9.905063291139240000e-01 9.936305732484076447e-01 9.936102236421725520e-01 9.967845659163987460e-01 9.967845659163987460e-01 9.967845659163987460e-01 9.967637540453074818e-01 9.967637540453074818e-01 1.000000000000000000e+00 1.000000000000000000e+00 1.000000000000000000e+00 1.000000000000000000e+00 1.000000000000000000e+00 1.000000000000000000e+00 1.000000000000000000e+00 1.000000000000000000e+00 1.000000000000000000e+00 1.000000000000000000e+00 
9.966996699669966597e-01 9.967532467532467244e-01 9.935691318327973809e-01 9.903846153846154188e-01 9.904153354632587725e-01 9.904153354632587725e-01 9.904458598726114671e-01 9.904761904761905100e-01 9.873417721518987777e-01 9.873417721518987777e-01 9.874213836477987449e-01 9.874213836477987449e-01 9.874608150470219892e-01 9.874608150470219892e-01 9.875000000000000444e-01 9.875389408099688460e-01 9.876923076923076472e-01 9.878419452887537977e-01 9.880239520958083999e-01 9.906542056074766345e-01 9.905063291139240000e-01 9.936102236421725520e-01 9.967948717948718063e-01 9.967845659163987460e-01 9.967845659163987460e-01 9.967741935483871440e-01 9.967637540453074818e-01 1.000000000000000000e+00 1.000000000000000000e+00 1.000000000000000000e+00 1.000000000000000000e+00 1.000000000000000000e+00 1.000000000000000000e+00 1.000000000000000000e+00 1.000000000000000000e+00 1.000000000000000000e+00 1.000000000000000000e+00 1.000000000000000000e+00 
9.967105263157894912e-01 9.967532467532467244e-01 9.935691318327973809e-01 9.903846153846154188e-01 9.904153354632587725e-01 9.904153354632587725e-01 9.904458598726114671e-01 9.904761904761905100e-01 9.873417721518987777e-01 9.873417721518987777e-01 9.874213836477987449e-01 9.874213836477987449e-01 9.874608150470219892e-01 9.874608150470219892e-01 9.875000000000000444e-01 9.875000000000000444e-01 9.876543209876542662e-01 9.878048780487804770e-01 9.880239520958083999e-01 9.906249999999999778e-01 9.905063291139240000e-01 9.936102236421725520e-01 9.967948717948718063e-01 9.967845659163987460e-01 9.967845659163987460e-01 9.967741935483871440e-01 9.967637540453074818e-01 1.000000000000000000e+00 1.000000000000000000e+00 1.000000000000000000e+00 1.000000000000000000e+00 1.000000000000000000e+00 1.000000000000000000e+00 1.000000000000000000e+00 1.000000000000000000e+00 1.000000000000000000e+00 1.000000000000000000e+00 1.000000000000000000e+00 
9.967105263157894912e-01 9.967532467532467244e-01 9.935691318327973809e-01 9.903846153846154188e-01 9.904153354632587725e-01 9.904153354632587725e-01 9.904458598726114671e-01 9.904761904761905100e-01 9.904761904761905100e-01 9.873417721518987777e-01 9.874213836477987449e-01 9.874213836477987449e-01 9.874608150470219892e-01 9.874608150470219892e-01 9.875000000000000444e-01 9.875000000000000444e-01 9.876160990712073984e-01 9.878048780487804770e-01 9.880239520958083999e-01 9.906249999999999778e-01 9.905063291139240000e-01 9.936102236421725520e-01 9.967948717948718063e-01 9.967845659163987460e-01 9.967845659163987460e-01 9.967741935483871440e-01 9.967637540453074818e-01 9.967637540453074818e-01 1.000000000000000000e+00 1.000000000000000000e+00 1.000000000000000000e+00 1.000000000000000000e+00 1.000000000000000000e+00 1.000000000000000000e+00 1.000000000000000000e+00 1.000000000000000000e+00 1.000000000000000000e+00 1.000000000000000000e+00 
9.967105263157894912e-01 9.967532467532467244e-01 9.935691318327973809e-01 9.903846153846154188e-01 9.904153354632587725e-01 9.904153354632587725e-01 9.904458598726114671e-01 9.904761904761905100e-01 9.904761904761905100e-01 9.873417721518987777e-01 9.873817034700315132e-01 9.874213836477987449e-01 9.874608150470219892e-01 9.874608150470219892e-01 9.875000000000000444e-01 9.875000000000000444e-01 9.876160990712073984e-01 9.877675840978593635e-01 9.879879879879880367e-01 9.906249999999999778e-01 9.905063291139240000e-01 9.936102236421725520e-01 9.967948717948718063e-01 9.967845659163987460e-01 9.967845659163987460e-01 9.967741935483871440e-01 9.967637540453074818e-01 9.967637540453074818e-01 1.000000000000000000e+00 1.000000000000000000e+00 1.000000000000000000e+00 1.000000000000000000e+00 1.000000000000000000e+00 1.000000000000000000e+00 1.000000000000000000e+00 1.000000000000000000e+00 1.000000000000000000e+00 1.000000000000000000e+00 
9.967105263157894912e-01 9.967532467532467244e-01 9.935691318327973809e-01 9.903846153846154188e-01 9.904153354632587725e-01 9.904458598726114671e-01 9.904761904761905100e-01 9.904761904761905100e-01 9.904761904761905100e-01 9.873417721518987777e-01 9.874213836477987449e-01 9.874213836477987449e-01 9.874608150470219892e-01 9.874608150470219892e-01 9.875000000000000444e-01 9.875000000000000444e-01 9.876160990712073984e-01 9.877675840978593635e-01 9.880239520958083999e-01 9.906249999999999778e-01 9.905063291139240000e-01 9.936102236421725520e-01 9.967948717948718063e-01 9.967845659163987460e-01 9.967741935483871440e-01 9.967637540453074818e-01 9.967637540453074818e-01 9.967637540453074818e-01 1.000000000000000000e+00 1.000000000000000000e+00 1.000000000000000000e+00 1.000000000000000000e+00 1.000000000000000000e+00 1.000000000000000000e+00 1.000000000000000000e+00 1.000000000000000000e+00 1.000000000000000000e+00 1.000000000000000000e+00 
9.967213114754098768e-01 9.967532467532467244e-01 9.935691318327973809e-01 9.903846153846154188e-01 9.904153354632587725e-01 9.904458598726114671e-01 9.904761904761905100e-01 9.904761904761905100e-01 9.904761904761905100e-01 9.873417721518987777e-01 9.874213836477987449e-01 9.874213836477987449e-01 9.874608150470219892e-01 9.874608150470219892e-01 9.875000000000000444e-01 9.875000000000000444e-01 9.876160990712073984e-01 9.877675840978593635e-01 9.879879879879880367e-01 9.905956112852664086e-01 9.905063291139240000e-01 9.936102236421725520e-01 9.967948717948718063e-01 9.967845659163987460e-01 9.967741935483871440e-01 9.967637540453074818e-01 9.967637540453074818e-01 9.967637540453074818e-01 1.000000000000000000e+00 1.000000000000000000e+00 1.000000000000000000e+00 1.000000000000000000e+00 1.000000000000000000e+00 1.000000000000000000e+00 1.000000000000000000e+00 1.000000000000000000e+00 1.000000000000000000e+00 1.000000000000000000e+00 
9.967213114754098768e-01 9.967532467532467244e-01 9.935691318327973809e-01 9.903846153846154188e-01 9.904153354632587725e-01 9.904458598726114671e-01 9.904761904761905100e-01 9.904761904761905100e-01 9.904761904761905100e-01 9.873417721518987777e-01 9.874213836477987449e-01 9.874213836477987449e-01 9.874608150470219892e-01 9.874608150470219892e-01 9.874608150470219892e-01 9.875000000000000444e-01 9.876160990712073984e-01 9.877675840978593635e-01 9.879879879879880367e-01 9.905956112852664086e-01 9.905063291139240000e-01 9.936102236421725520e-01 9.967948717948718063e-01 9.967845659163987460e-01 9.967741935483871440e-01 9.967637540453074818e-01 9.967637540453074818e-01 9.967637540453074818e-01 1.000000000000000000e+00 1.000000000000000000e+00 1.000000000000000000e+00 1.000000000000000000e+00 1.000000000000000000e+00 1.000000000000000000e+00 1.000000000000000000e+00 1.000000000000000000e+00 1.000000000000000000e+00 1.000000000000000000e+00 
9.967320261437908613e-01 9.967532467532467244e-01 9.935691318327973809e-01 9.903846153846154188e-01 9.904153354632587725e-01 9.904458598726114671e-01 9.904761904761905100e-01 9.904761904761905100e-01 9.904761904761905100e-01 9.873417721518987777e-01 9.874213836477987449e-01 9.874213836477987449e-01 9.874608150470219892e-01 9.874608150470219892e-01 9.874608150470219892e-01 9.875000000000000444e-01 9.876160990712073984e-01 9.877675840978593635e-01 9.879879879879880367e-01 9.905660377358490587e-01 9.905063291139240000e-01 9.936102236421725520e-01 9.967948717948718063e-01 9.967845659163987460e-01 9.967741935483871440e-01 9.967637540453074818e-01 9.967637540453074818e-01 9.967637540453074818e-01 1.000000000000000000e+00 1.000000000000000000e+00 1.000000000000000000e+00 1.000000000000000000e+00 1.000000000000000000e+00 1.000000000000000000e+00 1.000000000000000000e+00 1.000000000000000000e+00 1.000000000000000000e+00 1.000000000000000000e+00 
9.967320261437908613e-01 9.967532467532467244e-01 9.935691318327973809e-01 9.903846153846154188e-01 9.904153354632587725e-01 9.904458598726114671e-01 9.904761904761905100e-01 9.904761904761905100e-01 9.904761904761905100e-01 9.873417721518987777e-01 9.873417721518987777e-01 9.874213836477987449e-01 9.874608150470219892e-01 9.874608150470219892e-01 9.874608150470219892e-01 9.875000000000000444e-01 9.876160990712073984e-01 9.876923076923076472e-01 9.879154078549848839e-01 9.905660377358490587e-01 9.905063291139240000e-01 9.936102236421725520e-01 9.967948717948718063e-01 9.967845659163987460e-01 9.967741935483871440e-01 9.967637540453074818e-01 9.967637540453074818e-01 9.967637540453074818e-01 1.000000000000000000e+00 1.000000000000000000e+00 1.000000000000000000e+00 1.000000000000000000e+00 1.000000000000000000e+00 1.000000000000000000e+00 1.000000000000000000e+00 1.000000000000000000e+00 1.000000000000000000e+00 1.000000000000000000e+00 
9.967320261437908613e-01 9.967532467532467244e-01 9.935691318327973809e-01 9.903846153846154188e-01 9.904153354632587725e-01 9.904458598726114671e-01 9.904761904761905100e-01 9.904761904761905100e-01 9.904761904761905100e-01 9.873417721518987777e-01 9.873417721518987777e-01 9.874213836477987449e-01 9.874608150470219892e-01 9.874608150470219892e-01 9.874608150470219892e-01 9.875000000000000444e-01 9.876160990712073984e-01 9.876923076923076472e-01 9.879154078549848839e-01 9.905660377358490587e-01 9.905063291139240000e-01 9.936102236421725520e-01 9.967948717948718063e-01 9.967845659163987460e-01 9.967741935483871440e-01 9.967637540453074818e-01 9.967637540453074818e-01 9.967637540453074818e-01 1.000000000000000000e+00 1.000000000000000000e+00 1.000000000000000000e+00 1.000000000000000000e+00 1.000000000000000000e+00 1.000000000000000000e+00 1.000000000000000000e+00 1.000000000000000000e+00 1.000000000000000000e+00 1.000000000000000000e+00 
9.967320261437908613e-01 9.967532467532467244e-01 9.935691318327973809e-01 9.903846153846154188e-01 9.904153354632587725e-01 9.904458598726114671e-01 9.904761904761905100e-01 9.904761904761905100e-01 9.904761904761905100e-01 9.873417721518987777e-01 9.873417721518987777e-01 9.874213836477987449e-01 9.874608150470219892e-01 9.874608150470219892e-01 9.874608150470219892e-01 9.875000000000000444e-01 9.876160990712073984e-01 9.876923076923076472e-01 9.879154078549848839e-01 9.905660377358490587e-01 9.905063291139240000e-01 9.936102236421725520e-01 9.967948717948718063e-01 9.967845659163987460e-01 9.967741935483871440e-01 9.967637540453074818e-01 9.967637540453074818e-01 9.967637540453074818e-01 1.000000000000000000e+00 1.000000000000000000e+00 1.000000000000000000e+00 1.000000000000000000e+00 1.000000000000000000e+00 1.000000000000000000e+00 1.000000000000000000e+00 1.000000000000000000e+00 1.000000000000000000e+00 1.000000000000000000e+00 
9.967320261437908613e-01 9.967532467532467244e-01 9.935691318327973809e-01 9.903846153846154188e-01 9.904153354632587725e-01 9.904458598726114671e-01 9.904761904761905100e-01 9.904761904761905100e-01 9.904761904761905100e-01 9.873417721518987777e-01 9.873417721518987777e-01 9.874213836477987449e-01 9.874608150470219892e-01 9.874608150470219892e-01 9.874608150470219892e-01 9.875000000000000444e-01 9.875776397515527716e-01 9.876923076923076472e-01 9.878787878787879118e-01 9.905660377358490587e-01 9.905063291139240000e-01 9.936102236421725520e-01 9.967948717948718063e-01 9.967845659163987460e-01 9.967741935483871440e-01 9.967637540453074818e-01 9.967637540453074818e-01 9.967637540453074818e-01 1.000000000000000000e+00 1.000000000000000000e+00 1.000000000000000000e+00 1.000000000000000000e+00 1.000000000000000000e+00 1.000000000000000000e+00 1.000000000000000000e+00 1.000000000000000000e+00 1.000000000000000000e+00 1.000000000000000000e+00 
9.967320261437908613e-01 9.967532467532467244e-01 9.935691318327973809e-01 9.903846153846154188e-01 9.904153354632587725e-01 9.904458598726114671e-01 9.904761904761905100e-01 9.904761904761905100e-01 9.904761904761905100e-01 9.873417721518987777e-01 9.873417721518987777e-01 9.874213836477987449e-01 9.874608150470219892e-01 9.874608150470219892e-01 9.874608150470219892e-01 9.875000000000000444e-01 9.875776397515527716e-01 9.876923076923076472e-01 9.878419452887537977e-01 9.905660377358490587e-01 9.905063291139240000e-01 9.936102236421725520e-01 9.967948717948718063e-01 9.967845659163987460e-01 9.967741935483871440e-01 9.967637540453074818e-01 9.967637540453074818e-01 9.967637540453074818e-01 1.000000000000000000e+00 1.000000000000000000e+00 1.000000000000000000e+00 1.000000000000000000e+00 1.000000000000000000e+00 1.000000000000000000e+00 1.000000000000000000e+00 1.000000000000000000e+00 1.000000000000000000e+00 1.000000000000000000e+00 
9.967320261437908613e-01 9.967532467532467244e-01 9.935691318327973809e-01 9.903846153846154188e-01 9.904153354632587725e-01 9.904458598726114671e-01 9.904761904761905100e-01 9.904761904761905100e-01 9.904761904761905100e-01 9.873417721518987777e-01 9.873417721518987777e-01 9.874213836477987449e-01 9.874608150470219892e-01 9.874608150470219892e-01 9.874608150470219892e-01 9.875000000000000444e-01 9.875776397515527716e-01 9.876923076923076472e-01 9.878419452887537977e-01 9.905660377358490587e-01 9.905063291139240000e-01 9.936102236421725520e-01 9.967948717948718063e-01 9.967845659163987460e-01 9.967741935483871440e-01 9.967637540453074818e-01 9.967637540453074818e-01 9.967637540453074818e-01 1.000000000000000000e+00 1.000000000000000000e+00 1.000000000000000000e+00 1.000000000000000000e+00 1.000000000000000000e+00 1.000000000000000000e+00 1.000000000000000000e+00 1.000000000000000000e+00 1.000000000000000000e+00 1.000000000000000000e+00 
9.967426710097719855e-01 9.967532467532467244e-01 9.935691318327973809e-01 9.903846153846154188e-01 9.904153354632587725e-01 9.904761904761905100e-01 9.904761904761905100e-01 9.904761904761905100e-01 9.904761904761905100e-01 9.873417721518987777e-01 9.873817034700315132e-01 9.874213836477987449e-01 9.874608150470219892e-01 9.874608150470219892e-01 9.874608150470219892e-01 9.875000000000000444e-01 9.875776397515527716e-01 9.876923076923076472e-01 9.878419452887537977e-01 9.905362776025236071e-01 9.905063291139240000e-01 9.936102236421725520e-01 9.967948717948718063e-01 9.967845659163987460e-01 9.967637540453074818e-01 9.967637540453074818e-01 9.967637540453074818e-01 9.967637540453074818e-01 1.000000000000000000e+00 1.000000000000000000e+00 1.000000000000000000e+00 1.000000000000000000e+00 1.000000000000000000e+00 1.000000000000000000e+00 1.000000000000000000e+00 1.000000000000000000e+00 1.000000000000000000e+00 1.000000000000000000e+00 
9.967426710097719855e-01 9.967532467532467244e-01 9.935691318327973809e-01 9.903846153846154188e-01 9.904153354632587725e-01 9.904761904761905100e-01 9.904761904761905100e-01 9.904761904761905100e-01 9.904761904761905100e-01 9.873417721518987777e-01 9.873417721518987777e-01 9.874213836477987449e-01 9.874608150470219892e-01 9.874608150470219892e-01 9.874608150470219892e-01 9.875000000000000444e-01 9.875776397515527716e-01 9.876923076923076472e-01 9.878048780487804770e-01 9.905362776025236071e-01 9.905063291139240000e-01 9.936102236421725520e-01 9.967948717948718063e-01 9.967845659163987460e-01 9.967637540453074818e-01 9.967637540453074818e-01 9.967637540453074818e-01 9.967637540453074818e-01 1.000000000000000000e+00 1.000000000000000000e+00 1.000000000000000000e+00 1.000000000000000000e+00 1.000000000000000000e+00 1.000000000000000000e+00 1.000000000000000000e+00 1.000000000000000000e+00 1.000000000000000000e+00 1.000000000000000000e+00 
9.967426710097719855e-01 9.967532467532467244e-01 9.935691318327973809e-01 9.903846153846154188e-01 9.904153354632587725e-01 9.904458598726114671e-01 9.904761904761905100e-01 9.904761904761905100e-01 9.904761904761905100e-01 9.904761904761905100e-01 9.905063291139240000e-01 9.905660377358490587e-01 9.905956112852664086e-01 9.905956112852664086e-01 9.905956112852664086e-01 9.906249999999999778e-01 9.906832298136646342e-01 9.907692307692307354e-01 9.908536585365853577e-01 9.936908517350158121e-01 9.936708860759493334e-01 9.968051118210862205e-01 1.000000000000000000e+00 1.000000000000000000e+00 1.000000000000000000e+00 1.000000000000000000e+00 1.000000000000000000e+00 1.000000000000000000e+00 1.000000000000000000e+00 1.000000000000000000e+00 1.000000000000000000e+00 1.000000000000000000e+00 1.000000000000000000e+00 1.000000000000000000e+00 1.000000000000000000e+00 1.000000000000000000e+00 1.000000000000000000e+00 1.000000000000000000e+00 
9.967426710097719855e-01 9.967532467532467244e-01 9.935691318327973809e-01 9.903846153846154188e-01 9.904153354632587725e-01 9.904458598726114671e-01 9.904761904761905100e-01 9.904761904761905100e-01 9.904761904761905100e-01 9.904761904761905100e-01 9.905063291139240000e-01 9.905660377358490587e-01 9.905956112852664086e-01 9.905956112852664086e-01 9.905956112852664086e-01 9.906249999999999778e-01 9.906542056074766345e-01 9.907692307692307354e-01 9.908536585365853577e-01 9.936908517350158121e-01 9.936708860759493334e-01 9.968051118210862205e-01 1.000000000000000000e+00 1.000000000000000000e+00 1.000000000000000000e+00 1.000000000000000000e+00 1.000000000000000000e+00 1.000000000000000000e+00 1.000000000000000000e+00 1.000000000000000000e+00 1.000000000000000000e+00 1.000000000000000000e+00 1.000000000000000000e+00 1.000000000000000000e+00 1.000000000000000000e+00 1.000000000000000000e+00 1.000000000000000000e+00 1.000000000000000000e+00 
9.967426710097719855e-01 9.967532467532467244e-01 9.935691318327973809e-01 9.903846153846154188e-01 9.904153354632587725e-01 9.904458598726114671e-01 9.904761904761905100e-01 9.904761904761905100e-01 9.904761904761905100e-01 9.904761904761905100e-01 9.905063291139240000e-01 9.905063291139240000e-01 9.905660377358490587e-01 9.905956112852664086e-01 9.905956112852664086e-01 9.906249999999999778e-01 9.906249999999999778e-01 9.907692307692307354e-01 9.908536585365853577e-01 9.936908517350158121e-01 9.936708860759493334e-01 9.968051118210862205e-01 1.000000000000000000e+00 1.000000000000000000e+00 1.000000000000000000e+00 1.000000000000000000e+00 1.000000000000000000e+00 1.000000000000000000e+00 1.000000000000000000e+00 1.000000000000000000e+00 1.000000000000000000e+00 1.000000000000000000e+00 1.000000000000000000e+00 1.000000000000000000e+00 1.000000000000000000e+00 1.000000000000000000e+00 1.000000000000000000e+00 1.000000000000000000e+00 
9.967426710097719855e-01 9.967532467532467244e-01 9.935691318327973809e-01 9.904153354632587725e-01 9.904153354632587725e-01 9.904761904761905100e-01 9.904761904761905100e-01 9.904761904761905100e-01 9.904761904761905100e-01 9.904761904761905100e-01 9.905063291139240000e-01 9.905660377358490587e-01 9.905660377358490587e-01 9.905956112852664086e-01 9.905956112852664086e-01 9.906249999999999778e-01 9.906249999999999778e-01 9.907692307692307354e-01 9.908536585365853577e-01 9.936908517350158121e-01 9.936708860759493334e-01 9.968051118210862205e-01 1.000000000000000000e+00 1.000000000000000000e+00 1.000000000000000000e+00 1.000000000000000000e+00 1.000000000000000000e+00 1.000000000000000000e+00 1.000000000000000000e+00 1.000000000000000000e+00 1.000000000000000000e+00 1.000000000000000000e+00 1.000000000000000000e+00 1.000000000000000000e+00 1.000000000000000000e+00 1.000000000000000000e+00 1.000000000000000000e+00 1.000000000000000000e+00 
9.967426710097719855e-01 9.967532467532467244e-01 9.935691318327973809e-01 9.904153354632587725e-01 9.904153354632587725e-01 9.904761904761905100e-01 9.904761904761905100e-01 9.904761904761905100e-01 9.904761904761905100e-01 9.904761904761905100e-01 9.905063291139240000e-01 9.905660377358490587e-01 9.905956112852664086e-01 9.905956112852664086e-01 9.905956112852664086e-01 9.906249999999999778e-01 9.906832298136646342e-01 9.907692307692307354e-01 9.908536585365853577e-01 9.936908517350158121e-01 9.936708860759493334e-01 9.968051118210862205e-01 1.000000000000000000e+00 1.000000000000000000e+00 1.000000000000000000e+00 1.000000000000000000e+00 1.000000000000000000e+00 1.000000000000000000e+00 1.000000000000000000e+00 1.000000000000000000e+00 1.000000000000000000e+00 1.000000000000000000e+00 1.000000000000000000e+00 1.000000000000000000e+00 1.000000000000000000e+00 1.000000000000000000e+00 1.000000000000000000e+00 1.000000000000000000e+00 
9.967426710097719855e-01 9.967532467532467244e-01 9.903846153846154188e-01 9.904153354632587725e-01 9.904153354632587725e-01 9.904761904761905100e-01 9.904761904761905100e-01 9.904761904761905100e-01 9.904761904761905100e-01 9.904761904761905100e-01 9.905063291139240000e-01 9.905660377358490587e-01 9.905956112852664086e-01 9.905956112852664086e-01 9.905956112852664086e-01 9.906249999999999778e-01 9.906832298136646342e-01 9.907692307692307354e-01 9.908536585365853577e-01 9.936908517350158121e-01 9.936708860759493334e-01 1.000000000000000000e+00 1.000000000000000000e+00 1.000000000000000000e+00 1.000000000000000000e+00 1.000000000000000000e+00 1.000000000000000000e+00 1.000000000000000000e+00 1.000000000000000000e+00 1.000000000000000000e+00 1.000000000000000000e+00 1.000000000000000000e+00 1.000000000000000000e+00 1.000000000000000000e+00 1.000000000000000000e+00 1.000000000000000000e+00 1.000000000000000000e+00 1.000000000000000000e+00 
9.967426710097719855e-01 9.967532467532467244e-01 9.935691318327973809e-01 9.904153354632587725e-01 9.904153354632587725e-01 9.904761904761905100e-01 9.904761904761905100e-01 9.904761904761905100e-01 9.904761904761905100e-01 9.904761904761905100e-01 9.905063291139240000e-01 9.905660377358490587e-01 9.905660377358490587e-01 9.905956112852664086e-01 9.905956112852664086e-01 9.906249999999999778e-01 9.906542056074766345e-01 9.907692307692307354e-01 9.908536585365853577e-01 9.936908517350158121e-01 9.936708860759493334e-01 9.968051118210862205e-01 1.000000000000000000e+00 1.000000000000000000e+00 1.000000000000000000e+00 1.000000000000000000e+00 1.000000000000000000e+00 1.000000000000000000e+00 1.000000000000000000e+00 1.000000000000000000e+00 1.000000000000000000e+00 1.000000000000000000e+00 1.000000000000000000e+00 1.000000000000000000e+00 1.000000000000000000e+00 1.000000000000000000e+00 1.000000000000000000e+00 1.000000000000000000e+00 
9.967426710097719855e-01 9.967532467532467244e-01 9.935691318327973809e-01 9.904153354632587725e-01 9.904153354632587725e-01 9.904761904761905100e-01 9.904761904761905100e-01 9.904761904761905100e-01 9.904761904761905100e-01 9.904761904761905100e-01 9.905063291139240000e-01 9.905063291139240000e-01 9.905660377358490587e-01 9.905956112852664086e-01 9.905956112852664086e-01 9.906249999999999778e-01 9.906249999999999778e-01 9.907692307692307354e-01 9.908536585365853577e-01 9.936908517350158121e-01 9.936708860759493334e-01 9.968051118210862205e-01 1.000000000000000000e+00 1.000000000000000000e+00 1.000000000000000000e+00 1.000000000000000000e+00 1.000000000000000000e+00 1.000000000000000000e+00 1.000000000000000000e+00 1.000000000000000000e+00 1.000000000000000000e+00 1.000000000000000000e+00 1.000000000000000000e+00 1.000000000000000000e+00 1.000000000000000000e+00 1.000000000000000000e+00 1.000000000000000000e+00 1.000000000000000000e+00 
9.967426710097719855e-01 9.967532467532467244e-01 9.903846153846154188e-01 9.904153354632587725e-01 9.904153354632587725e-01 9.904761904761905100e-01 9.904761904761905100e-01 9.904761904761905100e-01 9.904761904761905100e-01 9.904761904761905100e-01 9.905063291139240000e-01 9.905660377358490587e-01 9.905660377358490587e-01 9.905956112852664086e-01 9.905956112852664086e-01 9.906249999999999778e-01 9.906542056074766345e-01 9.907692307692307354e-01 9.908536585365853577e-01 9.936908517350158121e-01 9.936708860759493334e-01 1.000000000000000000e+00 1.000000000000000000e+00 1.000000000000000000e+00 1.000000000000000000e+00 1.000000000000000000e+00 1.000000000000000000e+00 1.000000000000000000e+00 1.000000000000000000e+00 1.000000000000000000e+00 1.000000000000000000e+00 1.000000000000000000e+00 1.000000000000000000e+00 1.000000000000000000e+00 1.000000000000000000e+00 1.000000000000000000e+00 1.000000000000000000e+00 1.000000000000000000e+00 
9.967426710097719855e-01 9.967532467532467244e-01 9.904153354632587725e-01 9.904153354632587725e-01 9.904458598726114671e-01 9.904761904761905100e-01 9.904761904761905100e-01 9.904761904761905100e-01 9.904761904761905100e-01 9.904761904761905100e-01 9.905063291139240000e-01 9.905660377358490587e-01 9.905660377358490587e-01 9.905956112852664086e-01 9.905956112852664086e-01 9.906249999999999778e-01 9.906542056074766345e-01 9.907692307692307354e-01 9.908536585365853577e-01 9.936908517350158121e-01 9.936708860759493334e-01 1.000000000000000000e+00 1.000000000000000000e+00 1.000000000000000000e+00 1.000000000000000000e+00 1.000000000000000000e+00 1.000000000000000000e+00 1.000000000000000000e+00 1.000000000000000000e+00 1.000000000000000000e+00 1.000000000000000000e+00 1.000000000000000000e+00 1.000000000000000000e+00 1.000000000000000000e+00 1.000000000000000000e+00 1.000000000000000000e+00 1.000000000000000000e+00 1.000000000000000000e+00 
9.967426710097719855e-01 9.967532467532467244e-01 9.904153354632587725e-01 9.904153354632587725e-01 9.904458598726114671e-01 9.904761904761905100e-01 9.904761904761905100e-01 9.904761904761905100e-01 9.904761904761905100e-01 9.904761904761905100e-01 9.905063291139240000e-01 9.905660377358490587e-01 9.905660377358490587e-01 9.905956112852664086e-01 9.905956112852664086e-01 9.906249999999999778e-01 9.906542056074766345e-01 9.907692307692307354e-01 9.908536585365853577e-01 9.936908517350158121e-01 9.936708860759493334e-01 1.000000000000000000e+00 1.000000000000000000e+00 1.000000000000000000e+00 1.000000000000000000e+00 1.000000000000000000e+00 1.000000000000000000e+00 1.000000000000000000e+00 1.000000000000000000e+00 1.000000000000000000e+00 1.000000000000000000e+00 1.000000000000000000e+00 1.000000000000000000e+00 1.000000000000000000e+00 1.000000000000000000e+00 1.000000000000000000e+00 1.000000000000000000e+00 1.000000000000000000e+00 
9.967426710097719855e-01 9.967532467532467244e-01 9.904153354632587725e-01 9.904153354632587725e-01 9.904153354632587725e-01 9.904761904761905100e-01 9.904761904761905100e-01 9.904761904761905100e-01 9.904761904761905100e-01 9.904761904761905100e-01 9.904761904761905100e-01 9.905063291139240000e-01 9.905660377358490587e-01 9.905956112852664086e-01 9.905956112852664086e-01 9.906249999999999778e-01 9.906249999999999778e-01 9.907407407407406996e-01 9.908256880733945504e-01 9.936908517350158121e-01 9.936708860759493334e-01 1.000000000000000000e+00 1.000000000000000000e+00 1.000000000000000000e+00 1.000000000000000000e+00 1.000000000000000000e+00 1.000000000000000000e+00 1.000000000000000000e+00 1.000000000000000000e+00 1.000000000000000000e+00 1.000000000000000000e+00 1.000000000000000000e+00 1.000000000000000000e+00 1.000000000000000000e+00 1.000000000000000000e+00 1.000000000000000000e+00 1.000000000000000000e+00 1.000000000000000000e+00 
9.967426710097719855e-01 9.967532467532467244e-01 9.903846153846154188e-01 9.904153354632587725e-01 9.904458598726114671e-01 9.904761904761905100e-01 9.904761904761905100e-01 9.904761904761905100e-01 9.904761904761905100e-01 9.904761904761905100e-01 9.904761904761905100e-01 9.905063291139240000e-01 9.905660377358490587e-01 9.905956112852664086e-01 9.905956112852664086e-01 9.905956112852664086e-01 9.906249999999999778e-01 9.907407407407406996e-01 9.908256880733945504e-01 9.936908517350158121e-01 9.936708860759493334e-01 1.000000000000000000e+00 1.000000000000000000e+00 1.000000000000000000e+00 1.000000000000000000e+00 1.000000000000000000e+00 1.000000000000000000e+00 1.000000000000000000e+00 1.000000000000000000e+00 1.000000000000000000e+00 1.000000000000000000e+00 1.000000000000000000e+00 1.000000000000000000e+00 1.000000000000000000e+00 1.000000000000000000e+00 1.000000000000000000e+00 1.000000000000000000e+00 1.000000000000000000e+00 
9.967426710097719855e-01 9.967637540453074818e-01 9.904153354632587725e-01 9.904153354632587725e-01 9.904458598726114671e-01 9.904761904761905100e-01 9.904761904761905100e-01 9.904761904761905100e-01 9.904761904761905100e-01 9.904761904761905100e-01 9.904761904761905100e-01 9.905063291139240000e-01 9.905660377358490587e-01 9.905956112852664086e-01 9.905956112852664086e-01 9.906249999999999778e-01 9.906542056074766345e-01 9.907692307692307354e-01 9.908256880733945504e-01 9.936908517350158121e-01 9.936507936507936734e-01 1.000000000000000000e+00 1.000000000000000000e+00 1.000000000000000000e+00 1.000000000000000000e+00 1.000000000000000000e+00 1.000000000000000000e+00 1.000000000000000000e+00 1.000000000000000000e+00 1.000000000000000000e+00 1.000000000000000000e+00 1.000000000000000000e+00 1.000000000000000000e+00 1.000000000000000000e+00 1.000000000000000000e+00 1.000000000000000000e+00 1.000000000000000000e+00 1.000000000000000000e+00 
9.967426710097719855e-01 9.967637540453074818e-01 9.904153354632587725e-01 9.904153354632587725e-01 9.904458598726114671e-01 9.904761904761905100e-01 9.904761904761905100e-01 9.904761904761905100e-01 9.904761904761905100e-01 9.904761904761905100e-01 9.904761904761905100e-01 9.905063291139240000e-01 9.905660377358490587e-01 9.905956112852664086e-01 9.905956112852664086e-01 9.906249999999999778e-01 9.906249999999999778e-01 9.907692307692307354e-01 9.908256880733945504e-01 9.936908517350158121e-01 9.936507936507936734e-01 1.000000000000000000e+00 1.000000000000000000e+00 1.000000000000000000e+00 1.000000000000000000e+00 1.000000000000000000e+00 1.000000000000000000e+00 1.000000000000000000e+00 1.000000000000000000e+00 1.000000000000000000e+00 1.000000000000000000e+00 1.000000000000000000e+00 1.000000000000000000e+00 1.000000000000000000e+00 1.000000000000000000e+00 1.000000000000000000e+00 1.000000000000000000e+00 1.000000000000000000e+00 
9.967426710097719855e-01 9.967637540453074818e-01 9.903846153846154188e-01 9.904153354632587725e-01 9.904458598726114671e-01 9.904761904761905100e-01 9.904761904761905100e-01 9.904761904761905100e-01 9.904761904761905100e-01 9.904761904761905100e-01 9.904761904761905100e-01 9.905063291139240000e-01 9.905660377358490587e-01 9.905956112852664086e-01 9.905956112852664086e-01 9.905956112852664086e-01 9.906249999999999778e-01 9.907120743034055765e-01 9.908256880733945504e-01 9.936908517350158121e-01 9.936507936507936734e-01 1.000000000000000000e+00 1.000000000000000000e+00 1.000000000000000000e+00 1.000000000000000000e+00 1.000000000000000000e+00 1.000000000000000000e+00 1.000000000000000000e+00 1.000000000000000000e+00 1.000000000000000000e+00 1.000000000000000000e+00 1.000000000000000000e+00 1.000000000000000000e+00 1.000000000000000000e+00 1.000000000000000000e+00 1.000000000000000000e+00 1.000000000000000000e+00 1.000000000000000000e+00 
9.967426710097719855e-01 9.967637540453074818e-01 9.904153354632587725e-01 9.904153354632587725e-01 9.904458598726114671e-01 9.904761904761905100e-01 9.904761904761905100e-01 9.904761904761905100e-01 9.904761904761905100e-01 9.904761904761905100e-01 9.904761904761905100e-01 9.905063291139240000e-01 9.905660377358490587e-01 9.905956112852664086e-01 9.905956112852664086e-01 9.905956112852664086e-01 9.906249999999999778e-01 9.907120743034055765e-01 9.908256880733945504e-01 9.936908517350158121e-01 9.936507936507936734e-01 1.000000000000000000e+00 1.000000000000000000e+00 1.000000000000000000e+00 1.000000000000000000e+00 1.000000000000000000e+00 1.000000000000000000e+00 1.000000000000000000e+00 1.000000000000000000e+00 1.000000000000000000e+00 1.000000000000000000e+00 1.000000000000000000e+00 1.000000000000000000e+00 1.000000000000000000e+00 1.000000000000000000e+00 1.000000000000000000e+00 1.000000000000000000e+00 1.000000000000000000e+00 
9.967426710097719855e-01 9.967637540453074818e-01 9.903846153846154188e-01 9.904153354632587725e-01 9.904458598726114671e-01 9.904761904761905100e-01 9.904761904761905100e-01 9.904761904761905100e-01 9.904761904761905100e-01 9.904761904761905100e-01 9.904761904761905100e-01 9.905063291139240000e-01 9.905660377358490587e-01 9.905956112852664086e-01 9.905956112852664086e-01 9.905956112852664086e-01 9.906249999999999778e-01 9.907120743034055765e-01 9.908256880733945504e-01 9.936908517350158121e-01 9.936507936507936734e-01 1.000000000000000000e+00 1.000000000000000000e+00 1.000000000000000000e+00 1.000000000000000000e+00 1.000000000000000000e+00 1.000000000000000000e+00 1.000000000000000000e+00 1.000000000000000000e+00 1.000000000000000000e+00 1.000000000000000000e+00 1.000000000000000000e+00 1.000000000000000000e+00 1.000000000000000000e+00 1.000000000000000000e+00 1.000000000000000000e+00 1.000000000000000000e+00 1.000000000000000000e+00 
9.967426710097719855e-01 9.967637540453074818e-01 9.903846153846154188e-01 9.904153354632587725e-01 9.904458598726114671e-01 9.904761904761905100e-01 9.904761904761905100e-01 9.904761904761905100e-01 9.904761904761905100e-01 9.904761904761905100e-01 9.904761904761905100e-01 9.904761904761905100e-01 9.905660377358490587e-01 9.905956112852664086e-01 9.905956112852664086e-01 9.905956112852664086e-01 9.906249999999999778e-01 9.907120743034055765e-01 9.908256880733945504e-01 9.936908517350158121e-01 9.936507936507936734e-01 1.000000000000000000e+00 1.000000000000000000e+00 1.000000000000000000e+00 1.000000000000000000e+00 1.000000000000000000e+00 1.000000000000000000e+00 1.000000000000000000e+00 1.000000000000000000e+00 1.000000000000000000e+00 1.000000000000000000e+00 1.000000000000000000e+00 1.000000000000000000e+00 1.000000000000000000e+00 1.000000000000000000e+00 1.000000000000000000e+00 1.000000000000000000e+00 1.000000000000000000e+00 
9.967426710097719855e-01 9.967637540453074818e-01 9.903846153846154188e-01 9.904153354632587725e-01 9.904458598726114671e-01 9.904761904761905100e-01 9.904761904761905100e-01 9.904761904761905100e-01 9.904761904761905100e-01 9.904761904761905100e-01 9.904761904761905100e-01 9.904761904761905100e-01 9.905660377358490587e-01 9.905660377358490587e-01 9.905956112852664086e-01 9.905956112852664086e-01 9.906249999999999778e-01 9.907120743034055765e-01 9.907975460122699918e-01 9.936908517350158121e-01 9.936507936507936734e-01 1.000000000000000000e+00 1.000000000000000000e+00 1.000000000000000000e+00 1.000000000000000000e+00 1.000000000000000000e+00 1.000000000000000000e+00 1.000000000000000000e+00 1.000000000000000000e+00 1.000000000000000000e+00 1.000000000000000000e+00 1.000000000000000000e+00 1.000000000000000000e+00 1.000000000000000000e+00 1.000000000000000000e+00 1.000000000000000000e+00 1.000000000000000000e+00 1.000000000000000000e+00 
9.967426710097719855e-01 9.967637540453074818e-01 9.903846153846154188e-01 9.904153354632587725e-01 9.904458598726114671e-01 9.904761904761905100e-01 9.904761904761905100e-01 9.904761904761905100e-01 9.904761904761905100e-01 9.904761904761905100e-01 9.904761904761905100e-01 9.904761904761905100e-01 9.905660377358490587e-01 9.905660377358490587e-01 9.905956112852664086e-01 9.905956112852664086e-01 9.906249999999999778e-01 9.906832298136646342e-01 9.907975460122699918e-01 9.936908517350158121e-01 9.936507936507936734e-01 1.000000000000000000e+00 1.000000000000000000e+00 1.000000000000000000e+00 1.000000000000000000e+00 1.000000000000000000e+00 1.000000000000000000e+00 1.000000000000000000e+00 1.000000000000000000e+00 1.000000000000000000e+00 1.000000000000000000e+00 1.000000000000000000e+00 1.000000000000000000e+00 1.000000000000000000e+00 1.000000000000000000e+00 1.000000000000000000e+00 1.000000000000000000e+00 1.000000000000000000e+00 
9.967426710097719855e-01 9.967741935483871440e-01 9.903846153846154188e-01 9.904458598726114671e-01 9.904458598726114671e-01 9.904761904761905100e-01 9.904761904761905100e-01 9.904761904761905100e-01 9.904761904761905100e-01 9.904761904761905100e-01 9.904761904761905100e-01 9.904761904761905100e-01 9.905660377358490587e-01 9.905660377358490587e-01 9.905956112852664086e-01 9.905956112852664086e-01 9.906249999999999778e-01 9.906832298136646342e-01 9.907975460122699918e-01 9.936908517350158121e-01 9.936305732484076447e-01 1.000000000000000000e+00 1.000000000000000000e+00 1.000000000000000000e+00 1.000000000000000000e+00 1.000000000000000000e+00 1.000000000000000000e+00 1.000000000000000000e+00 1.000000000000000000e+00 1.000000000000000000e+00 1.000000000000000000e+00 1.000000000000000000e+00 1.000000000000000000e+00 1.000000000000000000e+00 1.000000000000000000e+00 1.000000000000000000e+00 1.000000000000000000e+00 1.000000000000000000e+00 
9.967532467532467244e-01 9.967741935483871440e-01 9.903846153846154188e-01 9.904458598726114671e-01 9.904458598726114671e-01 9.904761904761905100e-01 9.904761904761905100e-01 9.904761904761905100e-01 9.904761904761905100e-01 9.904761904761905100e-01 9.904761904761905100e-01 9.904761904761905100e-01 9.905660377358490587e-01 9.905660377358490587e-01 9.905956112852664086e-01 9.905956112852664086e-01 9.906249999999999778e-01 9.907407407407406996e-01 9.907975460122699918e-01 9.936708860759493334e-01 9.936305732484076447e-01 1.000000000000000000e+00 1.000000000000000000e+00 1.000000000000000000e+00 1.000000000000000000e+00 1.000000000000000000e+00 1.000000000000000000e+00 1.000000000000000000e+00 1.000000000000000000e+00 1.000000000000000000e+00 1.000000000000000000e+00 1.000000000000000000e+00 1.000000000000000000e+00 1.000000000000000000e+00 1.000000000000000000e+00 1.000000000000000000e+00 1.000000000000000000e+00 1.000000000000000000e+00 
9.967532467532467244e-01 9.967741935483871440e-01 9.903846153846154188e-01 9.904458598726114671e-01 9.904458598726114671e-01 9.904761904761905100e-01 9.904761904761905100e-01 9.904761904761905100e-01 9.904761904761905100e-01 9.904761904761905100e-01 9.904761904761905100e-01 9.904761904761905100e-01 9.905660377358490587e-01 9.905660377358490587e-01 9.905956112852664086e-01 9.905956112852664086e-01 9.906249999999999778e-01 9.907407407407406996e-01 9.907975460122699918e-01 9.936708860759493334e-01 9.936305732484076447e-01 1.000000000000000000e+00 1.000000000000000000e+00 1.000000000000000000e+00 1.000000000000000000e+00 1.000000000000000000e+00 1.000000000000000000e+00 1.000000000000000000e+00 1.000000000000000000e+00 1.000000000000000000e+00 1.000000000000000000e+00 1.000000000000000000e+00 1.000000000000000000e+00 1.000000000000000000e+00 1.000000000000000000e+00 1.000000000000000000e+00 1.000000000000000000e+00 1.000000000000000000e+00 
9.967532467532467244e-01 9.967741935483871440e-01 9.903846153846154188e-01 9.904458598726114671e-01 9.904458598726114671e-01 9.904761904761905100e-01 9.904761904761905100e-01 9.904761904761905100e-01 9.904761904761905100e-01 9.904761904761905100e-01 9.904761904761905100e-01 9.904761904761905100e-01 9.905660377358490587e-01 9.905660377358490587e-01 9.905956112852664086e-01 9.905956112852664086e-01 9.906249999999999778e-01 9.907407407407406996e-01 9.908256880733945504e-01 9.936708860759493334e-01 9.936305732484076447e-01 1.000000000000000000e+00 1.000000000000000000e+00 1.000000000000000000e+00 1.000000000000000000e+00 1.000000000000000000e+00 1.000000000000000000e+00 1.000000000000000000e+00 1.000000000000000000e+00 1.000000000000000000e+00 1.000000000000000000e+00 1.000000000000000000e+00 1.000000000000000000e+00 1.000000000000000000e+00 1.000000000000000000e+00 1.000000000000000000e+00 1.000000000000000000e+00 1.000000000000000000e+00 
9.967532467532467244e-01 9.967741935483871440e-01 9.903846153846154188e-01 9.904458598726114671e-01 9.904458598726114671e-01 9.904761904761905100e-01 9.904761904761905100e-01 9.904761904761905100e-01 9.904761904761905100e-01 9.904761904761905100e-01 9.904761904761905100e-01 9.904761904761905100e-01 9.905660377358490587e-01 9.905660377358490587e-01 9.905956112852664086e-01 9.905956112852664086e-01 9.906249999999999778e-01 9.907120743034055765e-01 9.907975460122699918e-01 9.936708860759493334e-01 9.936305732484076447e-01 1.000000000000000000e+00 1.000000000000000000e+00 1.000000000000000000e+00 1.000000000000000000e+00 1.000000000000000000e+00 1.000000000000000000e+00 1.000000000000000000e+00 1.000000000000000000e+00 1.000000000000000000e+00 1.000000000000000000e+00 1.000000000000000000e+00 1.000000000000000000e+00 1.000000000000000000e+00 1.000000000000000000e+00 1.000000000000000000e+00 1.000000000000000000e+00 1.000000000000000000e+00 
9.967532467532467244e-01 9.967741935483871440e-01 9.903846153846154188e-01 9.904458598726114671e-01 9.904458598726114671e-01 9.904761904761905100e-01 9.904761904761905100e-01 9.904761904761905100e-01 9.904761904761905100e-01 9.904761904761905100e-01 9.904761904761905100e-01 9.904761904761905100e-01 9.905362776025236071e-01 9.905660377358490587e-01 9.905956112852664086e-01 9.905956112852664086e-01 9.906249999999999778e-01 9.907120743034055765e-01 9.907975460122699918e-01 9.936708860759493334e-01 9.936305732484076447e-01 1.000000000000000000e+00 1.000000000000000000e+00 1.000000000000000000e+00 1.000000000000000000e+00 1.000000000000000000e+00 1.000000000000000000e+00 1.000000000000000000e+00 1.000000000000000000e+00 1.000000000000000000e+00 1.000000000000000000e+00 1.000000000000000000e+00 1.000000000000000000e+00 1.000000000000000000e+00 1.000000000000000000e+00 1.000000000000000000e+00 1.000000000000000000e+00 1.000000000000000000e+00 
9.967532467532467244e-01 9.967741935483871440e-01 9.903846153846154188e-01 9.904458598726114671e-01 9.904458598726114671e-01 9.904761904761905100e-01 9.904761904761905100e-01 9.904761904761905100e-01 9.904761904761905100e-01 9.904761904761905100e-01 9.904761904761905100e-01 9.904761904761905100e-01 9.905362776025236071e-01 9.905660377358490587e-01 9.905956112852664086e-01 9.905956112852664086e-01 9.906249999999999778e-01 9.907120743034055765e-01 9.907975460122699918e-01 9.936708860759493334e-01 9.936305732484076447e-01 1.000000000000000000e+00 1.000000000000000000e+00 1.000000000000000000e+00 1.000000000000000000e+00 1.000000000000000000e+00 1.000000000000000000e+00 1.000000000000000000e+00 1.000000000000000000e+00 1.000000000000000000e+00 1.000000000000000000e+00 1.000000000000000000e+00 1.000000000000000000e+00 1.000000000000000000e+00 1.000000000000000000e+00 1.000000000000000000e+00 1.000000000000000000e+00 1.000000000000000000e+00 
9.967532467532467244e-01 9.967741935483871440e-01 9.903846153846154188e-01 9.904458598726114671e-01 9.904458598726114671e-01 9.904761904761905100e-01 9.904761904761905100e-01 9.904761904761905100e-01 9.904761904761905100e-01 9.904761904761905100e-01 9.904761904761905100e-01 9.904761904761905100e-01 9.905660377358490587e-01 9.905660377358490587e-01 9.905956112852664086e-01 9.905956112852664086e-01 9.906542056074766345e-01 9.907407407407406996e-01 9.907975460122699918e-01 9.936708860759493334e-01 9.936305732484076447e-01 1.000000000000000000e+00 1.000000000000000000e+00 1.000000000000000000e+00 1.000000000000000000e+00 1.000000000000000000e+00 1.000000000000000000e+00 1.000000000000000000e+00 1.000000000000000000e+00 1.000000000000000000e+00 1.000000000000000000e+00 1.000000000000000000e+00 1.000000000000000000e+00 1.000000000000000000e+00 1.000000000000000000e+00 1.000000000000000000e+00 1.000000000000000000e+00 1.000000000000000000e+00 
9.967532467532467244e-01 9.967741935483871440e-01 9.903846153846154188e-01 9.904458598726114671e-01 9.904458598726114671e-01 9.904761904761905100e-01 9.904761904761905100e-01 9.904761904761905100e-01 9.904761904761905100e-01 9.904761904761905100e-01 9.904761904761905100e-01 9.904761904761905100e-01 9.905063291139240000e-01 9.905660377358490587e-01 9.905660377358490587e-01 9.905956112852664086e-01 9.906249999999999778e-01 9.907120743034055765e-01 9.907975460122699918e-01 9.936708860759493334e-01 9.936305732484076447e-01 1.000000000000000000e+00 1.000000000000000000e+00 1.000000000000000000e+00 1.000000000000000000e+00 1.000000000000000000e+00 1.000000000000000000e+00 1.000000000000000000e+00 1.000000000000000000e+00 1.000000000000000000e+00 1.000000000000000000e+00 1.000000000000000000e+00 1.000000000000000000e+00 1.000000000000000000e+00 1.000000000000000000e+00 1.000000000000000000e+00 1.000000000000000000e+00 1.000000000000000000e+00 
9.967532467532467244e-01 9.967741935483871440e-01 9.903846153846154188e-01 9.904458598726114671e-01 9.904458598726114671e-01 9.904761904761905100e-01 9.904761904761905100e-01 9.904761904761905100e-01 9.904761904761905100e-01 9.904761904761905100e-01 9.904761904761905100e-01 9.904761904761905100e-01 9.905063291139240000e-01 9.905660377358490587e-01 9.905660377358490587e-01 9.905956112852664086e-01 9.906249999999999778e-01 9.907120743034055765e-01 9.907975460122699918e-01 9.936708860759493334e-01 9.936305732484076447e-01 1.000000000000000000e+00 1.000000000000000000e+00 1.000000000000000000e+00 1.000000000000000000e+00 1.000000000000000000e+00 1.000000000000000000e+00 1.000000000000000000e+00 1.000000000000000000e+00 1.000000000000000000e+00 1.000000000000000000e+00 1.000000000000000000e+00 1.000000000000000000e+00 1.000000000000000000e+00 1.000000000000000000e+00 1.000000000000000000e+00 1.000000000000000000e+00 1.000000000000000000e+00 
9.967532467532467244e-01 9.967741935483871440e-01 9.903846153846154188e-01 9.904458598726114671e-01 9.904458598726114671e-01 9.904761904761905100e-01 9.904761904761905100e-01 9.904761904761905100e-01 9.904761904761905100e-01 9.904761904761905100e-01 9.904761904761905100e-01 9.904761904761905100e-01 9.905063291139240000e-01 9.905660377358490587e-01 9.905660377358490587e-01 9.905956112852664086e-01 9.906249999999999778e-01 9.907120743034055765e-01 9.907975460122699918e-01 9.936708860759493334e-01 9.936305732484076447e-01 1.000000000000000000e+00 1.000000000000000000e+00 1.000000000000000000e+00 1.000000000000000000e+00 1.000000000000000000e+00 1.000000000000000000e+00 1.000000000000000000e+00 1.000000000000000000e+00 1.000000000000000000e+00 1.000000000000000000e+00 1.000000000000000000e+00 1.000000000000000000e+00 1.000000000000000000e+00 1.000000000000000000e+00 1.000000000000000000e+00 1.000000000000000000e+00 1.000000000000000000e+00 
9.967532467532467244e-01 9.967741935483871440e-01 9.904153354632587725e-01 9.904458598726114671e-01 9.904458598726114671e-01 9.904761904761905100e-01 9.904761904761905100e-01 9.904761904761905100e-01 9.904761904761905100e-01 9.904761904761905100e-01 9.904761904761905100e-01 9.904761904761905100e-01 9.905063291139240000e-01 9.905660377358490587e-01 9.905660377358490587e-01 9.905956112852664086e-01 9.906249999999999778e-01 9.907120743034055765e-01 9.907975460122699918e-01 9.936708860759493334e-01 9.936305732484076447e-01 1.000000000000000000e+00 1.000000000000000000e+00 1.000000000000000000e+00 1.000000000000000000e+00 1.000000000000000000e+00 1.000000000000000000e+00 1.000000000000000000e+00 1.000000000000000000e+00 1.000000000000000000e+00 1.000000000000000000e+00 1.000000000000000000e+00 1.000000000000000000e+00 1.000000000000000000e+00 1.000000000000000000e+00 1.000000000000000000e+00 1.000000000000000000e+00 1.000000000000000000e+00 
9.967532467532467244e-01 9.967741935483871440e-01 9.904153354632587725e-01 9.904458598726114671e-01 9.904458598726114671e-01 9.904761904761905100e-01 9.904761904761905100e-01 9.904761904761905100e-01 9.904761904761905100e-01 9.904761904761905100e-01 9.904761904761905100e-01 9.904761904761905100e-01 9.905063291139240000e-01 9.905362776025236071e-01 9.905660377358490587e-01 9.905956112852664086e-01 9.906249999999999778e-01 9.907120743034055765e-01 9.907975460122699918e-01 9.936708860759493334e-01 9.936305732484076447e-01 1.000000000000000000e+00 1.000000000000000000e+00 1.000000000000000000e+00 1.000000000000000000e+00 1.000000000000000000e+00 1.000000000000000000e+00 1.000000000000000000e+00 1.000000000000000000e+00 1.000000000000000000e+00 1.000000000000000000e+00 1.000000000000000000e+00 1.000000000000000000e+00 1.000000000000000000e+00 1.000000000000000000e+00 1.000000000000000000e+00 1.000000000000000000e+00 1.000000000000000000e+00 
9.967532467532467244e-01 9.967741935483871440e-01 9.904153354632587725e-01 9.904458598726114671e-01 9.904458598726114671e-01 9.904761904761905100e-01 9.904761904761905100e-01 9.904761904761905100e-01 9.904761904761905100e-01 9.904761904761905100e-01 9.904761904761905100e-01 9.904761904761905100e-01 9.905063291139240000e-01 9.905362776025236071e-01 9.905660377358490587e-01 9.905956112852664086e-01 9.906249999999999778e-01 9.907120743034055765e-01 9.907975460122699918e-01 9.936708860759493334e-01 9.936305732484076447e-01 1.000000000000000000e+00 1.000000000000000000e+00 1.000000000000000000e+00 1.000000000000000000e+00 1.000000000000000000e+00 1.000000000000000000e+00 1.000000000000000000e+00 1.000000000000000000e+00 1.000000000000000000e+00 1.000000000000000000e+00 1.000000000000000000e+00 1.000000000000000000e+00 1.000000000000000000e+00 1.000000000000000000e+00 1.000000000000000000e+00 1.000000000000000000e+00 1.000000000000000000e+00 
9.967532467532467244e-01 9.967741935483871440e-01 9.904153354632587725e-01 9.904458598726114671e-01 9.904458598726114671e-01 9.904761904761905100e-01 9.904761904761905100e-01 9.904761904761905100e-01 9.904761904761905100e-01 9.904761904761905100e-01 9.904761904761905100e-01 9.904761904761905100e-01 9.905063291139240000e-01 9.905362776025236071e-01 9.905660377358490587e-01 9.905956112852664086e-01 9.906249999999999778e-01 9.906832298136646342e-01 9.907975460122699918e-01 9.936708860759493334e-01 9.936305732484076447e-01 1.000000000000000000e+00 1.000000000000000000e+00 1.000000000000000000e+00 1.000000000000000000e+00 1.000000000000000000e+00 1.000000000000000000e+00 1.000000000000000000e+00 1.000000000000000000e+00 1.000000000000000000e+00 1.000000000000000000e+00 1.000000000000000000e+00 1.000000000000000000e+00 1.000000000000000000e+00 1.000000000000000000e+00 1.000000000000000000e+00 1.000000000000000000e+00 1.000000000000000000e+00 
9.967532467532467244e-01 9.935691318327973809e-01 9.904153354632587725e-01 9.904458598726114671e-01 9.904458598726114671e-01 9.904761904761905100e-01 9.904761904761905100e-01 9.904761904761905100e-01 9.904761904761905100e-01 9.904761904761905100e-01 9.904761904761905100e-01 9.904761904761905100e-01 9.905063291139240000e-01 9.905362776025236071e-01 9.905660377358490587e-01 9.905956112852664086e-01 9.906249999999999778e-01 9.906832298136646342e-01 9.907975460122699918e-01 9.936708860759493334e-01 9.968051118210862205e-01 1.000000000000000000e+00 1.000000000000000000e+00 1.000000000000000000e+00 1.000000000000000000e+00 1.000000000000000000e+00 1.000000000000000000e+00 1.000000000000000000e+00 1.000000000000000000e+00 1.000000000000000000e+00 1.000000000000000000e+00 1.000000000000000000e+00 1.000000000000000000e+00 1.000000000000000000e+00 1.000000000000000000e+00 1.000000000000000000e+00 1.000000000000000000e+00 1.000000000000000000e+00 
9.967532467532467244e-01 9.935691318327973809e-01 9.904153354632587725e-01 9.904458598726114671e-01 9.904458598726114671e-01 9.904761904761905100e-01 9.904761904761905100e-01 9.904761904761905100e-01 9.904761904761905100e-01 9.904761904761905100e-01 9.904761904761905100e-01 9.904761904761905100e-01 9.905063291139240000e-01 9.905362776025236071e-01 9.905660377358490587e-01 9.905956112852664086e-01 9.906249999999999778e-01 9.907120743034055765e-01 9.907975460122699918e-01 9.936708860759493334e-01 9.968051118210862205e-01 1.000000000000000000e+00 1.000000000000000000e+00 1.000000000000000000e+00 1.000000000000000000e+00 1.000000000000000000e+00 1.000000000000000000e+00 1.000000000000000000e+00 1.000000000000000000e+00 1.000000000000000000e+00 1.000000000000000000e+00 1.000000000000000000e+00 1.000000000000000000e+00 1.000000000000000000e+00 1.000000000000000000e+00 1.000000000000000000e+00 1.000000000000000000e+00 1.000000000000000000e+00 
9.967532467532467244e-01 9.935691318327973809e-01 9.904153354632587725e-01 9.904153354632587725e-01 9.904458598726114671e-01 9.904761904761905100e-01 9.904761904761905100e-01 9.904761904761905100e-01 9.904761904761905100e-01 9.904761904761905100e-01 9.904761904761905100e-01 9.904761904761905100e-01 9.905063291139240000e-01 9.905362776025236071e-01 9.905660377358490587e-01 9.905660377358490587e-01 9.906249999999999778e-01 9.906832298136646342e-01 9.907975460122699918e-01 9.936708860759493334e-01 9.968051118210862205e-01 1.000000000000000000e+00 1.000000000000000000e+00 1.000000000000000000e+00 1.000000000000000000e+00 1.000000000000000000e+00 1.000000000000000000e+00 1.000000000000000000e+00 1.000000000000000000e+00 1.000000000000000000e+00 1.000000000000000000e+00 1.000000000000000000e+00 1.000000000000000000e+00 1.000000000000000000e+00 1.000000000000000000e+00 1.000000000000000000e+00 1.000000000000000000e+00 1.000000000000000000e+00 
9.967637540453074818e-01 9.935691318327973809e-01 9.904153354632587725e-01 9.904458598726114671e-01 9.904458598726114671e-01 9.904761904761905100e-01 9.904761904761905100e-01 9.904761904761905100e-01 9.904761904761905100e-01 9.904761904761905100e-01 9.904761904761905100e-01 9.904761904761905100e-01 9.905063291139240000e-01 9.905362776025236071e-01 9.905660377358490587e-01 9.905660377358490587e-01 9.906249999999999778e-01 9.906832298136646342e-01 9.907975460122699918e-01 9.936507936507936734e-01 9.968051118210862205e-01 1.000000000000000000e+00 1.000000000000000000e+00 1.000000000000000000e+00 1.000000000000000000e+00 1.000000000000000000e+00 1.000000000000000000e+00 1.000000000000000000e+00 1.000000000000000000e+00 1.000000000000000000e+00 1.000000000000000000e+00 1.000000000000000000e+00 1.000000000000000000e+00 1.000000000000000000e+00 1.000000000000000000e+00 1.000000000000000000e+00 1.000000000000000000e+00 1.000000000000000000e+00 
9.967637540453074818e-01 9.935691318327973809e-01 9.904153354632587725e-01 9.904153354632587725e-01 9.904458598726114671e-01 9.904761904761905100e-01 9.904761904761905100e-01 9.904761904761905100e-01 9.904761904761905100e-01 9.904761904761905100e-01 9.904761904761905100e-01 9.904761904761905100e-01 9.905063291139240000e-01 9.905362776025236071e-01 9.905362776025236071e-01 9.905660377358490587e-01 9.906249999999999778e-01 9.906832298136646342e-01 9.907975460122699918e-01 9.936507936507936734e-01 9.968051118210862205e-01 1.000000000000000000e+00 1.000000000000000000e+00 1.000000000000000000e+00 1.000000000000000000e+00 1.000000000000000000e+00 1.000000000000000000e+00 1.000000000000000000e+00 1.000000000000000000e+00 1.000000000000000000e+00 1.000000000000000000e+00 1.000000000000000000e+00 1.000000000000000000e+00 1.000000000000000000e+00 1.000000000000000000e+00 1.000000000000000000e+00 1.000000000000000000e+00 1.000000000000000000e+00 
9.967637540453074818e-01 9.935691318327973809e-01 9.904153354632587725e-01 9.904153354632587725e-01 9.904458598726114671e-01 9.904761904761905100e-01 9.904761904761905100e-01 9.904761904761905100e-01 9.904761904761905100e-01 9.904761904761905100e-01 9.904761904761905100e-01 9.904761904761905100e-01 9.904761904761905100e-01 9.905362776025236071e-01 9.905362776025236071e-01 9.905660377358490587e-01 9.906249999999999778e-01 9.906832298136646342e-01 9.907975460122699918e-01 9.936507936507936734e-01 9.968051118210862205e-01 1.000000000000000000e+00 1.000000000000000000e+00 1.000000000000000000e+00 1.000000000000000000e+00 1.000000000000000000e+00 1.000000000000000000e+00 1.000000000000000000e+00 1.000000000000000000e+00 1.000000000000000000e+00 1.000000000000000000e+00 1.000000000000000000e+00 1.000000000000000000e+00 1.000000000000000000e+00 1.000000000000000000e+00 1.000000000000000000e+00 1.000000000000000000e+00 1.000000000000000000e+00 
9.967637540453074818e-01 9.935691318327973809e-01 9.904153354632587725e-01 9.904153354632587725e-01 9.904458598726114671e-01 9.904761904761905100e-01 9.904761904761905100e-01 9.904761904761905100e-01 9.904761904761905100e-01 9.904761904761905100e-01 9.904761904761905100e-01 9.904761904761905100e-01 9.904761904761905100e-01 9.905362776025236071e-01 9.905362776025236071e-01 9.905660377358490587e-01 9.906249999999999778e-01 9.906832298136646342e-01 9.907975460122699918e-01 9.936507936507936734e-01 9.968051118210862205e-01 1.000000000000000000e+00 1.000000000000000000e+00 1.000000000000000000e+00 1.000000000000000000e+00 1.000000000000000000e+00 1.000000000000000000e+00 1.000000000000000000e+00 1.000000000000000000e+00 1.000000000000000000e+00 1.000000000000000000e+00 1.000000000000000000e+00 1.000000000000000000e+00 1.000000000000000000e+00 1.000000000000000000e+00 1.000000000000000000e+00 1.000000000000000000e+00 1.000000000000000000e+00 
9.967637540453074818e-01 9.935691318327973809e-01 9.904153354632587725e-01 9.904153354632587725e-01 9.904458598726114671e-01 9.904761904761905100e-01 9.904761904761905100e-01 9.904761904761905100e-01 9.904761904761905100e-01 9.904761904761905100e-01 9.904761904761905100e-01 9.904761904761905100e-01 9.904761904761905100e-01 9.905362776025236071e-01 9.905362776025236071e-01 9.905660377358490587e-01 9.906249999999999778e-01 9.906832298136646342e-01 9.907975460122699918e-01 9.936507936507936734e-01 9.968051118210862205e-01 1.000000000000000000e+00 1.000000000000000000e+00 1.000000000000000000e+00 1.000000000000000000e+00 1.000000000000000000e+00 1.000000000000000000e+00 1.000000000000000000e+00 1.000000000000000000e+00 1.000000000000000000e+00 1.000000000000000000e+00 1.000000000000000000e+00 1.000000000000000000e+00 1.000000000000000000e+00 1.000000000000000000e+00 1.000000000000000000e+00 1.000000000000000000e+00 1.000000000000000000e+00 
9.967637540453074818e-01 9.935691318327973809e-01 9.904153354632587725e-01 9.904153354632587725e-01 9.904458598726114671e-01 9.904761904761905100e-01 9.904761904761905100e-01 9.904761904761905100e-01 9.904761904761905100e-01 9.904761904761905100e-01 9.904761904761905100e-01 9.904761904761905100e-01 9.904761904761905100e-01 9.905063291139240000e-01 9.905362776025236071e-01 9.905660377358490587e-01 9.906249999999999778e-01 9.906832298136646342e-01 9.907975460122699918e-01 9.936507936507936734e-01 9.968051118210862205e-01 1.000000000000000000e+00 1.000000000000000000e+00 1.000000000000000000e+00 1.000000000000000000e+00 1.000000000000000000e+00 1.000000000000000000e+00 1.000000000000000000e+00 1.000000000000000000e+00 1.000000000000000000e+00 1.000000000000000000e+00 1.000000000000000000e+00 1.000000000000000000e+00 1.000000000000000000e+00 1.000000000000000000e+00 1.000000000000000000e+00 1.000000000000000000e+00 1.000000000000000000e+00 
9.967637540453074818e-01 9.935691318327973809e-01 9.904153354632587725e-01 9.904153354632587725e-01 9.904458598726114671e-01 9.904761904761905100e-01 9.904761904761905100e-01 9.904761904761905100e-01 9.904761904761905100e-01 9.904761904761905100e-01 9.904761904761905100e-01 9.904761904761905100e-01 9.904761904761905100e-01 9.905063291139240000e-01 9.905362776025236071e-01 9.905362776025236071e-01 9.906249999999999778e-01 9.906832298136646342e-01 9.907975460122699918e-01 9.936507936507936734e-01 9.968051118210862205e-01 1.000000000000000000e+00 1.000000000000000000e+00 1.000000000000000000e+00 1.000000000000000000e+00 1.000000000000000000e+00 1.000000000000000000e+00 1.000000000000000000e+00 1.000000000000000000e+00 1.000000000000000000e+00 1.000000000000000000e+00 1.000000000000000000e+00 1.000000000000000000e+00 1.000000000000000000e+00 1.000000000000000000e+00 1.000000000000000000e+00 1.000000000000000000e+00 1.000000000000000000e+00 
9.967637540453074818e-01 9.935691318327973809e-01 9.904153354632587725e-01 9.904153354632587725e-01 9.904458598726114671e-01 9.904761904761905100e-01 9.904761904761905100e-01 9.904761904761905100e-01 9.904761904761905100e-01 9.904761904761905100e-01 9.904761904761905100e-01 9.904761904761905100e-01 9.904761904761905100e-01 9.905063291139240000e-01 9.905362776025236071e-01 9.905362776025236071e-01 9.906249999999999778e-01 9.906832298136646342e-01 9.907975460122699918e-01 9.936507936507936734e-01 9.968051118210862205e-01 1.000000000000000000e+00 1.000000000000000000e+00 1.000000000000000000e+00 1.000000000000000000e+00 1.000000000000000000e+00 1.000000000000000000e+00 1.000000000000000000e+00 1.000000000000000000e+00 1.000000000000000000e+00 1.000000000000000000e+00 1.000000000000000000e+00 1.000000000000000000e+00 1.000000000000000000e+00 1.000000000000000000e+00 1.000000000000000000e+00 1.000000000000000000e+00 1.000000000000000000e+00 
9.967637540453074818e-01 9.935691318327973809e-01 9.904153354632587725e-01 9.904153354632587725e-01 9.904458598726114671e-01 9.904761904761905100e-01 9.904761904761905100e-01 9.904761904761905100e-01 9.904761904761905100e-01 9.904761904761905100e-01 9.904761904761905100e-01 9.904761904761905100e-01 9.904761904761905100e-01 9.905063291139240000e-01 9.905362776025236071e-01 9.905362776025236071e-01 9.906249999999999778e-01 9.906832298136646342e-01 9.907975460122699918e-01 9.936507936507936734e-01 9.968051118210862205e-01 1.000000000000000000e+00 1.000000000000000000e+00 1.000000000000000000e+00 1.000000000000000000e+00 1.000000000000000000e+00 1.000000000000000000e+00 1.000000000000000000e+00 1.000000000000000000e+00 1.000000000000000000e+00 1.000000000000000000e+00 1.000000000000000000e+00 1.000000000000000000e+00 1.000000000000000000e+00 1.000000000000000000e+00 1.000000000000000000e+00 1.000000000000000000e+00 1.000000000000000000e+00 
9.967637540453074818e-01 9.935691318327973809e-01 9.904153354632587725e-01 9.904153354632587725e-01 9.904458598726114671e-01 9.904761904761905100e-01 9.904761904761905100e-01 9.904761904761905100e-01 9.904761904761905100e-01 9.904761904761905100e-01 9.904761904761905100e-01 9.904761904761905100e-01 9.904761904761905100e-01 9.905063291139240000e-01 9.905362776025236071e-01 9.905362776025236071e-01 9.906249999999999778e-01 9.906832298136646342e-01 9.907975460122699918e-01 9.936507936507936734e-01 9.968051118210862205e-01 1.000000000000000000e+00 1.000000000000000000e+00 1.000000000000000000e+00 1.000000000000000000e+00 1.000000000000000000e+00 1.000000000000000000e+00 1.000000000000000000e+00 1.000000000000000000e+00 1.000000000000000000e+00 1.000000000000000000e+00 1.000000000000000000e+00 1.000000000000000000e+00 1.000000000000000000e+00 1.000000000000000000e+00 1.000000000000000000e+00 1.000000000000000000e+00 1.000000000000000000e+00 
9.967637540453074818e-01 9.935691318327973809e-01 9.904153354632587725e-01 9.904153354632587725e-01 9.904761904761905100e-01 9.904761904761905100e-01 9.904761904761905100e-01 9.904761904761905100e-01 9.904761904761905100e-01 9.904761904761905100e-01 9.904761904761905100e-01 9.904761904761905100e-01 9.904761904761905100e-01 9.905362776025236071e-01 9.905362776025236071e-01 9.905362776025236071e-01 9.906249999999999778e-01 9.906832298136646342e-01 9.907975460122699918e-01 9.936507936507936734e-01 9.968051118210862205e-01 1.000000000000000000e+00 1.000000000000000000e+00 1.000000000000000000e+00 1.000000000000000000e+00 1.000000000000000000e+00 1.000000000000000000e+00 1.000000000000000000e+00 1.000000000000000000e+00 1.000000000000000000e+00 1.000000000000000000e+00 1.000000000000000000e+00 1.000000000000000000e+00 1.000000000000000000e+00 1.000000000000000000e+00 1.000000000000000000e+00 1.000000000000000000e+00 1.000000000000000000e+00 
9.967637540453074818e-01 9.935691318327973809e-01 9.904153354632587725e-01 9.904153354632587725e-01 9.904761904761905100e-01 9.904761904761905100e-01 9.904761904761905100e-01 9.904761904761905100e-01 9.904761904761905100e-01 9.904761904761905100e-01 9.904761904761905100e-01 9.904761904761905100e-01 9.904761904761905100e-01 9.905362776025236071e-01 9.905362776025236071e-01 9.905362776025236071e-01 9.905956112852664086e-01 9.906832298136646342e-01 9.907975460122699918e-01 9.936507936507936734e-01 9.968051118210862205e-01 1.000000000000000000e+00 1.000000000000000000e+00 1.000000000000000000e+00 1.000000000000000000e+00 1.000000000000000000e+00 1.000000000000000000e+00 1.000000000000000000e+00 1.000000000000000000e+00 1.000000000000000000e+00 1.000000000000000000e+00 1.000000000000000000e+00 1.000000000000000000e+00 1.000000000000000000e+00 1.000000000000000000e+00 1.000000000000000000e+00 1.000000000000000000e+00 1.000000000000000000e+00 
9.967637540453074818e-01 9.935691318327973809e-01 9.904153354632587725e-01 9.904153354632587725e-01 9.904153354632587725e-01 9.904761904761905100e-01 9.904761904761905100e-01 9.904761904761905100e-01 9.904761904761905100e-01 9.904761904761905100e-01 9.904761904761905100e-01 9.904761904761905100e-01 9.904761904761905100e-01 9.905063291139240000e-01 9.905362776025236071e-01 9.905362776025236071e-01 9.905956112852664086e-01 9.906832298136646342e-01 9.907975460122699918e-01 9.936507936507936734e-01 9.968051118210862205e-01 1.000000000000000000e+00 1.000000000000000000e+00 1.000000000000000000e+00 1.000000000000000000e+00 1.000000000000000000e+00 1.000000000000000000e+00 1.000000000000000000e+00 1.000000000000000000e+00 1.000000000000000000e+00 1.000000000000000000e+00 1.000000000000000000e+00 1.000000000000000000e+00 1.000000000000000000e+00 1.000000000000000000e+00 1.000000000000000000e+00 1.000000000000000000e+00 1.000000000000000000e+00 
9.967741935483871440e-01 9.935691318327973809e-01 9.904153354632587725e-01 9.904153354632587725e-01 9.904153354632587725e-01 9.904761904761905100e-01 9.904761904761905100e-01 9.904761904761905100e-01 9.904761904761905100e-01 9.904761904761905100e-01 9.904761904761905100e-01 9.904761904761905100e-01 9.904761904761905100e-01 9.905063291139240000e-01 9.905362776025236071e-01 9.905362776025236071e-01 9.905956112852664086e-01 9.906832298136646342e-01 9.907975460122699918e-01 9.936305732484076447e-01 9.968051118210862205e-01 1.000000000000000000e+00 1.000000000000000000e+00 1.000000000000000000e+00 1.000000000000000000e+00 1.000000000000000000e+00 1.000000000000000000e+00 1.000000000000000000e+00 1.000000000000000000e+00 1.000000000000000000e+00 1.000000000000000000e+00 1.000000000000000000e+00 1.000000000000000000e+00 1.000000000000000000e+00 1.000000000000000000e+00 1.000000000000000000e+00 1.000000000000000000e+00 1.000000000000000000e+00 
9.967741935483871440e-01 9.935897435897436125e-01 9.904153354632587725e-01 9.904153354632587725e-01 9.904458598726114671e-01 9.904761904761905100e-01 9.904761904761905100e-01 9.904761904761905100e-01 9.904761904761905100e-01 9.904761904761905100e-01 9.904761904761905100e-01 9.904761904761905100e-01 9.904761904761905100e-01 9.905063291139240000e-01 9.905362776025236071e-01 9.905362776025236071e-01 9.905660377358490587e-01 9.906832298136646342e-01 9.907975460122699918e-01 9.936305732484076447e-01 9.967948717948718063e-01 1.000000000000000000e+00 1.000000000000000000e+00 1.000000000000000000e+00 1.000000000000000000e+00 1.000000000000000000e+00 1.000000000000000000e+00 1.000000000000000000e+00 1.000000000000000000e+00 1.000000000000000000e+00 1.000000000000000000e+00 1.000000000000000000e+00 1.000000000000000000e+00 1.000000000000000000e+00 1.000000000000000000e+00 1.000000000000000000e+00 1.000000000000000000e+00 1.000000000000000000e+00 
9.967741935483871440e-01 9.935897435897436125e-01 9.904153354632587725e-01 9.904153354632587725e-01 9.904458598726114671e-01 9.904761904761905100e-01 9.904761904761905100e-01 9.904761904761905100e-01 9.904761904761905100e-01 9.904761904761905100e-01 9.904761904761905100e-01 9.904761904761905100e-01 9.904761904761905100e-01 9.905063291139240000e-01 9.905362776025236071e-01 9.905362776025236071e-01 9.905660377358490587e-01 9.906832298136646342e-01 9.907975460122699918e-01 9.936305732484076447e-01 9.967948717948718063e-01 1.000000000000000000e+00 1.000000000000000000e+00 1.000000000000000000e+00 1.000000000000000000e+00 1.000000000000000000e+00 1.000000000000000000e+00 1.000000000000000000e+00 1.000000000000000000e+00 1.000000000000000000e+00 1.000000000000000000e+00 1.000000000000000000e+00 1.000000000000000000e+00 1.000000000000000000e+00 1.000000000000000000e+00 1.000000000000000000e+00 1.000000000000000000e+00 1.000000000000000000e+00 
9.967741935483871440e-01 9.935897435897436125e-01 9.904153354632587725e-01 9.904153354632587725e-01 9.904458598726114671e-01 9.904761904761905100e-01 9.904761904761905100e-01 9.904761904761905100e-01 9.904761904761905100e-01 9.904761904761905100e-01 9.904761904761905100e-01 9.904761904761905100e-01 9.904761904761905100e-01 9.905063291139240000e-01 9.905362776025236071e-01 9.905362776025236071e-01 9.905660377358490587e-01 9.906832298136646342e-01 9.907975460122699918e-01 9.936305732484076447e-01 9.967948717948718063e-01 1.000000000000000000e+00 1.000000000000000000e+00 1.000000000000000000e+00 1.000000000000000000e+00 1.000000000000000000e+00 1.000000000000000000e+00 1.000000000000000000e+00 1.000000000000000000e+00 1.000000000000000000e+00 1.000000000000000000e+00 1.000000000000000000e+00 1.000000000000000000e+00 1.000000000000000000e+00 1.000000000000000000e+00 1.000000000000000000e+00 1.000000000000000000e+00 1.000000000000000000e+00 
9.967741935483871440e-01 9.935897435897436125e-01 9.904153354632587725e-01 9.904153354632587725e-01 9.904458598726114671e-01 9.904761904761905100e-01 9.904761904761905100e-01 9.904761904761905100e-01 9.904761904761905100e-01 9.904761904761905100e-01 9.904761904761905100e-01 9.904761904761905100e-01 9.904761904761905100e-01 9.905063291139240000e-01 9.905362776025236071e-01 9.905362776025236071e-01 9.905660377358490587e-01 9.906832298136646342e-01 9.907975460122699918e-01 9.936305732484076447e-01 9.967948717948718063e-01 1.000000000000000000e+00 1.000000000000000000e+00 1.000000000000000000e+00 1.000000000000000000e+00 1.000000000000000000e+00 1.000000000000000000e+00 1.000000000000000000e+00 1.000000000000000000e+00 1.000000000000000000e+00 1.000000000000000000e+00 1.000000000000000000e+00 1.000000000000000000e+00 1.000000000000000000e+00 1.000000000000000000e+00 1.000000000000000000e+00 1.000000000000000000e+00 1.000000000000000000e+00 
9.967741935483871440e-01 9.935897435897436125e-01 9.904153354632587725e-01 9.904153354632587725e-01 9.904458598726114671e-01 9.904761904761905100e-01 9.904761904761905100e-01 9.904761904761905100e-01 9.904761904761905100e-01 9.904761904761905100e-01 9.904761904761905100e-01 9.904761904761905100e-01 9.904761904761905100e-01 9.905063291139240000e-01 9.905362776025236071e-01 9.905362776025236071e-01 9.905660377358490587e-01 9.906832298136646342e-01 9.907975460122699918e-01 9.936305732484076447e-01 9.967948717948718063e-01 1.000000000000000000e+00 1.000000000000000000e+00 1.000000000000000000e+00 1.000000000000000000e+00 1.000000000000000000e+00 1.000000000000000000e+00 1.000000000000000000e+00 1.000000000000000000e+00 1.000000000000000000e+00 1.000000000000000000e+00 1.000000000000000000e+00 1.000000000000000000e+00 1.000000000000000000e+00 1.000000000000000000e+00 1.000000000000000000e+00 1.000000000000000000e+00 1.000000000000000000e+00 
9.967741935483871440e-01 9.935897435897436125e-01 9.904153354632587725e-01 9.904153354632587725e-01 9.904458598726114671e-01 9.904761904761905100e-01 9.904761904761905100e-01 9.904761904761905100e-01 9.904761904761905100e-01 9.904761904761905100e-01 9.904761904761905100e-01 9.904761904761905100e-01 9.904761904761905100e-01 9.905063291139240000e-01 9.905362776025236071e-01 9.905362776025236071e-01 9.905660377358490587e-01 9.906832298136646342e-01 9.907975460122699918e-01 9.936305732484076447e-01 9.967948717948718063e-01 1.000000000000000000e+00 1.000000000000000000e+00 1.000000000000000000e+00 1.000000000000000000e+00 1.000000000000000000e+00 1.000000000000000000e+00 1.000000000000000000e+00 1.000000000000000000e+00 1.000000000000000000e+00 1.000000000000000000e+00 1.000000000000000000e+00 1.000000000000000000e+00 1.000000000000000000e+00 1.000000000000000000e+00 1.000000000000000000e+00 1.000000000000000000e+00 1.000000000000000000e+00 
9.967741935483871440e-01 9.935897435897436125e-01 9.904153354632587725e-01 9.904153354632587725e-01 9.904458598726114671e-01 9.904761904761905100e-01 9.904761904761905100e-01 9.904761904761905100e-01 9.904761904761905100e-01 9.904761904761905100e-01 9.904761904761905100e-01 9.904761904761905100e-01 9.904761904761905100e-01 9.905063291139240000e-01 9.905362776025236071e-01 9.905362776025236071e-01 9.905660377358490587e-01 9.906832298136646342e-01 9.907975460122699918e-01 9.936305732484076447e-01 9.967948717948718063e-01 1.000000000000000000e+00 1.000000000000000000e+00 1.000000000000000000e+00 1.000000000000000000e+00 1.000000000000000000e+00 1.000000000000000000e+00 1.000000000000000000e+00 1.000000000000000000e+00 1.000000000000000000e+00 1.000000000000000000e+00 1.000000000000000000e+00 1.000000000000000000e+00 1.000000000000000000e+00 1.000000000000000000e+00 1.000000000000000000e+00 1.000000000000000000e+00 1.000000000000000000e+00 
9.967741935483871440e-01 9.935691318327973809e-01 9.904153354632587725e-01 9.904153354632587725e-01 9.904153354632587725e-01 9.904458598726114671e-01 9.904458598726114671e-01 9.904761904761905100e-01 9.904761904761905100e-01 9.904761904761905100e-01 9.904761904761905100e-01 9.904761904761905100e-01 9.904761904761905100e-01 9.904761904761905100e-01 9.905063291139240000e-01 9.905063291139240000e-01 9.905660377358490587e-01 9.905956112852664086e-01 9.907407407407406996e-01 9.936305732484076447e-01 9.968051118210862205e-01 1.000000000000000000e+00 1.000000000000000000e+00 1.000000000000000000e+00 1.000000000000000000e+00 1.000000000000000000e+00 1.000000000000000000e+00 1.000000000000000000e+00 1.000000000000000000e+00 1.000000000000000000e+00 1.000000000000000000e+00 1.000000000000000000e+00 1.000000000000000000e+00 1.000000000000000000e+00 1.000000000000000000e+00 1.000000000000000000e+00 1.000000000000000000e+00 1.000000000000000000e+00 
9.967741935483871440e-01 9.935691318327973809e-01 9.935897435897436125e-01 9.904153354632587725e-01 9.904153354632587725e-01 9.904458598726114671e-01 9.904458598726114671e-01 9.904761904761905100e-01 9.904761904761905100e-01 9.904761904761905100e-01 9.904761904761905100e-01 9.904761904761905100e-01 9.904761904761905100e-01 9.904761904761905100e-01 9.904761904761905100e-01 9.905063291139240000e-01 9.905362776025236071e-01 9.905956112852664086e-01 9.907120743034055765e-01 9.936305732484076447e-01 9.968051118210862205e-01 9.967948717948718063e-01 1.000000000000000000e+00 1.000000000000000000e+00 1.000000000000000000e+00 1.000000000000000000e+00 1.000000000000000000e+00 1.000000000000000000e+00 1.000000000000000000e+00 1.000000000000000000e+00 1.000000000000000000e+00 1.000000000000000000e+00 1.000000000000000000e+00 1.000000000000000000e+00 1.000000000000000000e+00 1.000000000000000000e+00 1.000000000000000000e+00 1.000000000000000000e+00 
9.967741935483871440e-01 9.935897435897436125e-01 9.904153354632587725e-01 9.904153354632587725e-01 9.904153354632587725e-01 9.904458598726114671e-01 9.904761904761905100e-01 9.904761904761905100e-01 9.904761904761905100e-01 9.904761904761905100e-01 9.904761904761905100e-01 9.904761904761905100e-01 9.904761904761905100e-01 9.904761904761905100e-01 9.905063291139240000e-01 9.905362776025236071e-01 9.905660377358490587e-01 9.905956112852664086e-01 9.907407407407406996e-01 9.936305732484076447e-01 9.967948717948718063e-01 1.000000000000000000e+00 1.000000000000000000e+00 1.000000000000000000e+00 1.000000000000000000e+00 1.000000000000000000e+00 1.000000000000000000e+00 1.000000000000000000e+00 1.000000000000000000e+00 1.000000000000000000e+00 1.000000000000000000e+00 1.000000000000000000e+00 1.000000000000000000e+00 1.000000000000000000e+00 1.000000000000000000e+00 1.000000000000000000e+00 1.000000000000000000e+00 1.000000000000000000e+00 
9.967741935483871440e-01 9.935897435897436125e-01 9.904153354632587725e-01 9.904153354632587725e-01 9.904153354632587725e-01 9.904458598726114671e-01 9.904761904761905100e-01 9.904761904761905100e-01 9.904761904761905100e-01 9.904761904761905100e-01 9.904761904761905100e-01 9.904761904761905100e-01 9.904761904761905100e-01 9.904761904761905100e-01 9.905063291139240000e-01 9.905362776025236071e-01 9.905660377358490587e-01 9.905956112852664086e-01 9.907407407407406996e-01 9.936305732484076447e-01 9.967948717948718063e-01 1.000000000000000000e+00 1.000000000000000000e+00 1.000000000000000000e+00 1.000000000000000000e+00 1.000000000000000000e+00 1.000000000000000000e+00 1.000000000000000000e+00 1.000000000000000000e+00 1.000000000000000000e+00 1.000000000000000000e+00 1.000000000000000000e+00 1.000000000000000000e+00 1.000000000000000000e+00 1.000000000000000000e+00 1.000000000000000000e+00 1.000000000000000000e+00 1.000000000000000000e+00 
9.967741935483871440e-01 9.935897435897436125e-01 9.904153354632587725e-01 9.904153354632587725e-01 9.904458598726114671e-01 9.904761904761905100e-01 9.904761904761905100e-01 9.904761904761905100e-01 9.904761904761905100e-01 9.904761904761905100e-01 9.904761904761905100e-01 9.904761904761905100e-01 9.904761904761905100e-01 9.905063291139240000e-01 9.905063291139240000e-01 9.905362776025236071e-01 9.905660377358490587e-01 9.906249999999999778e-01 9.907975460122699918e-01 9.936305732484076447e-01 9.967948717948718063e-01 1.000000000000000000e+00 1.000000000000000000e+00 1.000000000000000000e+00 1.000000000000000000e+00 1.000000000000000000e+00 1.000000000000000000e+00 1.000000000000000000e+00 1.000000000000000000e+00 1.000000000000000000e+00 1.000000000000000000e+00 1.000000000000000000e+00 1.000000000000000000e+00 1.000000000000000000e+00 1.000000000000000000e+00 1.000000000000000000e+00 1.000000000000000000e+00 1.000000000000000000e+00 
9.967741935483871440e-01 9.935897435897436125e-01 9.904153354632587725e-01 9.904153354632587725e-01 9.904458598726114671e-01 9.904761904761905100e-01 9.904761904761905100e-01 9.904761904761905100e-01 9.904761904761905100e-01 9.904761904761905100e-01 9.904761904761905100e-01 9.904761904761905100e-01 9.904761904761905100e-01 9.905063291139240000e-01 9.905362776025236071e-01 9.905362776025236071e-01 9.905660377358490587e-01 9.906249999999999778e-01 9.907975460122699918e-01 9.936305732484076447e-01 9.967948717948718063e-01 1.000000000000000000e+00 1.000000000000000000e+00 1.000000000000000000e+00 1.000000000000000000e+00 1.000000000000000000e+00 1.000000000000000000e+00 1.000000000000000000e+00 1.000000000000000000e+00 1.000000000000000000e+00 1.000000000000000000e+00 1.000000000000000000e+00 1.000000000000000000e+00 1.000000000000000000e+00 1.000000000000000000e+00 1.000000000000000000e+00 1.000000000000000000e+00 1.000000000000000000e+00 
9.967741935483871440e-01 9.935897435897436125e-01 9.904153354632587725e-01 9.904153354632587725e-01 9.904458598726114671e-01 9.904761904761905100e-01 9.904761904761905100e-01 9.904761904761905100e-01 9.904761904761905100e-01 9.904761904761905100e-01 9.904761904761905100e-01 9.904761904761905100e-01 9.904761904761905100e-01 9.905063291139240000e-01 9.905362776025236071e-01 9.905362776025236071e-01 9.905660377358490587e-01 9.906249999999999778e-01 9.907975460122699918e-01 9.936305732484076447e-01 9.967948717948718063e-01 1.000000000000000000e+00 1.000000000000000000e+00 1.000000000000000000e+00 1.000000000000000000e+00 1.000000000000000000e+00 1.000000000000000000e+00 1.000000000000000000e+00 1.000000000000000000e+00 1.000000000000000000e+00 1.000000000000000000e+00 1.000000000000000000e+00 1.000000000000000000e+00 1.000000000000000000e+00 1.000000000000000000e+00 1.000000000000000000e+00 1.000000000000000000e+00 1.000000000000000000e+00 
9.967741935483871440e-01 9.935897435897436125e-01 9.904153354632587725e-01 9.904153354632587725e-01 9.904458598726114671e-01 9.904761904761905100e-01 9.904761904761905100e-01 9.904761904761905100e-01 9.904761904761905100e-01 9.904761904761905100e-01 9.904761904761905100e-01 9.904761904761905100e-01 9.904761904761905100e-01 9.905063291139240000e-01 9.905063291139240000e-01 9.905362776025236071e-01 9.905660377358490587e-01 9.906249999999999778e-01 9.907975460122699918e-01 9.936305732484076447e-01 9.967948717948718063e-01 1.000000000000000000e+00 1.000000000000000000e+00 1.000000000000000000e+00 1.000000000000000000e+00 1.000000000000000000e+00 1.000000000000000000e+00 1.000000000000000000e+00 1.000000000000000000e+00 1.000000000000000000e+00 1.000000000000000000e+00 1.000000000000000000e+00 1.000000000000000000e+00 1.000000000000000000e+00 1.000000000000000000e+00 1.000000000000000000e+00 1.000000000000000000e+00 1.000000000000000000e+00 
9.967741935483871440e-01 9.935897435897436125e-01 9.904153354632587725e-01 9.904153354632587725e-01 9.904458598726114671e-01 9.904458598726114671e-01 9.904761904761905100e-01 9.904761904761905100e-01 9.904761904761905100e-01 9.904761904761905100e-01 9.904761904761905100e-01 9.904761904761905100e-01 9.904761904761905100e-01 9.905063291139240000e-01 9.905063291139240000e-01 9.905362776025236071e-01 9.905660377358490587e-01 9.905956112852664086e-01 9.907692307692307354e-01 9.936305732484076447e-01 9.967948717948718063e-01 1.000000000000000000e+00 1.000000000000000000e+00 1.000000000000000000e+00 1.000000000000000000e+00 1.000000000000000000e+00 1.000000000000000000e+00 1.000000000000000000e+00 1.000000000000000000e+00 1.000000000000000000e+00 1.000000000000000000e+00 1.000000000000000000e+00 1.000000000000000000e+00 1.000000000000000000e+00 1.000000000000000000e+00 1.000000000000000000e+00 1.000000000000000000e+00 1.000000000000000000e+00 
9.967741935483871440e-01 9.935897435897436125e-01 9.904153354632587725e-01 9.904153354632587725e-01 9.904458598726114671e-01 9.904458598726114671e-01 9.904761904761905100e-01 9.904761904761905100e-01 9.904761904761905100e-01 9.904761904761905100e-01 9.904761904761905100e-01 9.904761904761905100e-01 9.904761904761905100e-01 9.905063291139240000e-01 9.905063291139240000e-01 9.905362776025236071e-01 9.905660377358490587e-01 9.906249999999999778e-01 9.907975460122699918e-01 9.936305732484076447e-01 9.967948717948718063e-01 1.000000000000000000e+00 1.000000000000000000e+00 1.000000000000000000e+00 1.000000000000000000e+00 1.000000000000000000e+00 1.000000000000000000e+00 1.000000000000000000e+00 1.000000000000000000e+00 1.000000000000000000e+00 1.000000000000000000e+00 1.000000000000000000e+00 1.000000000000000000e+00 1.000000000000000000e+00 1.000000000000000000e+00 1.000000000000000000e+00 1.000000000000000000e+00 1.000000000000000000e+00 
9.967741935483871440e-01 9.935897435897436125e-01 9.904153354632587725e-01 9.904153354632587725e-01 9.904458598726114671e-01 9.904458598726114671e-01 9.904761904761905100e-01 9.904761904761905100e-01 9.904761904761905100e-01 9.904761904761905100e-01 9.904761904761905100e-01 9.904761904761905100e-01 9.904761904761905100e-01 9.905063291139240000e-01 9.905063291139240000e-01 9.905362776025236071e-01 9.905956112852664086e-01 9.906249999999999778e-01 9.907975460122699918e-01 9.936305732484076447e-01 9.967948717948718063e-01 1.000000000000000000e+00 1.000000000000000000e+00 1.000000000000000000e+00 1.000000000000000000e+00 1.000000000000000000e+00 1.000000000000000000e+00 1.000000000000000000e+00 1.000000000000000000e+00 1.000000000000000000e+00 1.000000000000000000e+00 1.000000000000000000e+00 1.000000000000000000e+00 1.000000000000000000e+00 1.000000000000000000e+00 1.000000000000000000e+00 1.000000000000000000e+00 1.000000000000000000e+00 
9.967741935483871440e-01 9.935897435897436125e-01 9.904153354632587725e-01 9.904153354632587725e-01 9.904458598726114671e-01 9.904458598726114671e-01 9.904761904761905100e-01 9.904761904761905100e-01 9.904761904761905100e-01 9.904761904761905100e-01 9.904761904761905100e-01 9.904761904761905100e-01 9.904761904761905100e-01 9.905063291139240000e-01 9.905063291139240000e-01 9.905362776025236071e-01 9.905956112852664086e-01 9.906249999999999778e-01 9.907975460122699918e-01 9.936305732484076447e-01 9.967948717948718063e-01 1.000000000000000000e+00 1.000000000000000000e+00 1.000000000000000000e+00 1.000000000000000000e+00 1.000000000000000000e+00 1.000000000000000000e+00 1.000000000000000000e+00 1.000000000000000000e+00 1.000000000000000000e+00 1.000000000000000000e+00 1.000000000000000000e+00 1.000000000000000000e+00 1.000000000000000000e+00 1.000000000000000000e+00 1.000000000000000000e+00 1.000000000000000000e+00 1.000000000000000000e+00 
9.967741935483871440e-01 9.935897435897436125e-01 9.904153354632587725e-01 9.904153354632587725e-01 9.904458598726114671e-01 9.904458598726114671e-01 9.904761904761905100e-01 9.904761904761905100e-01 9.904761904761905100e-01 9.904761904761905100e-01 9.904761904761905100e-01 9.904761904761905100e-01 9.904761904761905100e-01 9.905063291139240000e-01 9.905063291139240000e-01 9.905362776025236071e-01 9.905956112852664086e-01 9.906249999999999778e-01 9.907692307692307354e-01 9.936305732484076447e-01 9.967948717948718063e-01 1.000000000000000000e+00 1.000000000000000000e+00 1.000000000000000000e+00 1.000000000000000000e+00 1.000000000000000000e+00 1.000000000000000000e+00 1.000000000000000000e+00 1.000000000000000000e+00 1.000000000000000000e+00 1.000000000000000000e+00 1.000000000000000000e+00 1.000000000000000000e+00 1.000000000000000000e+00 1.000000000000000000e+00 1.000000000000000000e+00 1.000000000000000000e+00 1.000000000000000000e+00 
9.967741935483871440e-01 9.935897435897436125e-01 9.904153354632587725e-01 9.904153354632587725e-01 9.904458598726114671e-01 9.904458598726114671e-01 9.904761904761905100e-01 9.904761904761905100e-01 9.904761904761905100e-01 9.904761904761905100e-01 9.904761904761905100e-01 9.904761904761905100e-01 9.904761904761905100e-01 9.905063291139240000e-01 9.905063291139240000e-01 9.905362776025236071e-01 9.905660377358490587e-01 9.905956112852664086e-01 9.907692307692307354e-01 9.936305732484076447e-01 9.967948717948718063e-01 1.000000000000000000e+00 1.000000000000000000e+00 1.000000000000000000e+00 1.000000000000000000e+00 1.000000000000000000e+00 1.000000000000000000e+00 1.000000000000000000e+00 1.000000000000000000e+00 1.000000000000000000e+00 1.000000000000000000e+00 1.000000000000000000e+00 1.000000000000000000e+00 1.000000000000000000e+00 1.000000000000000000e+00 1.000000000000000000e+00 1.000000000000000000e+00 1.000000000000000000e+00 
9.967741935483871440e-01 9.935897435897436125e-01 9.904153354632587725e-01 9.904153354632587725e-01 9.904458598726114671e-01 9.904458598726114671e-01 9.904761904761905100e-01 9.904761904761905100e-01 9.904761904761905100e-01 9.904761904761905100e-01 9.904761904761905100e-01 9.904761904761905100e-01 9.904761904761905100e-01 9.905063291139240000e-01 9.905063291139240000e-01 9.905362776025236071e-01 9.905660377358490587e-01 9.905956112852664086e-01 9.907407407407406996e-01 9.936305732484076447e-01 9.967948717948718063e-01 1.000000000000000000e+00 1.000000000000000000e+00 1.000000000000000000e+00 1.000000000000000000e+00 1.000000000000000000e+00 1.000000000000000000e+00 1.000000000000000000e+00 1.000000000000000000e+00 1.000000000000000000e+00 1.000000000000000000e+00 1.000000000000000000e+00 1.000000000000000000e+00 1.000000000000000000e+00 1.000000000000000000e+00 1.000000000000000000e+00 1.000000000000000000e+00 1.000000000000000000e+00 
9.967741935483871440e-01 9.935897435897436125e-01 9.904153354632587725e-01 9.904153354632587725e-01 9.904458598726114671e-01 9.904458598726114671e-01 9.904761904761905100e-01 9.904761904761905100e-01 9.904761904761905100e-01 9.904761904761905100e-01 9.904761904761905100e-01 9.904761904761905100e-01 9.904761904761905100e-01 9.905063291139240000e-01 9.905063291139240000e-01 9.905362776025236071e-01 9.905956112852664086e-01 9.905956112852664086e-01 9.907692307692307354e-01 9.936305732484076447e-01 9.967948717948718063e-01 1.000000000000000000e+00 1.000000000000000000e+00 1.000000000000000000e+00 1.000000000000000000e+00 1.000000000000000000e+00 1.000000000000000000e+00 1.000000000000000000e+00 1.000000000000000000e+00 1.000000000000000000e+00 1.000000000000000000e+00 1.000000000000000000e+00 1.000000000000000000e+00 1.000000000000000000e+00 1.000000000000000000e+00 1.000000000000000000e+00 1.000000000000000000e+00 1.000000000000000000e+00 
9.967741935483871440e-01 9.935897435897436125e-01 9.904153354632587725e-01 9.904153354632587725e-01 9.904458598726114671e-01 9.904458598726114671e-01 9.904761904761905100e-01 9.904761904761905100e-01 9.904761904761905100e-01 9.904761904761905100e-01 9.904761904761905100e-01 9.904761904761905100e-01 9.904761904761905100e-01 9.905063291139240000e-01 9.905063291139240000e-01 9.905362776025236071e-01 9.905956112852664086e-01 9.905956112852664086e-01 9.907692307692307354e-01 9.936305732484076447e-01 9.967948717948718063e-01 1.000000000000000000e+00 1.000000000000000000e+00 1.000000000000000000e+00 1.000000000000000000e+00 1.000000000000000000e+00 1.000000000000000000e+00 1.000000000000000000e+00 1.000000000000000000e+00 1.000000000000000000e+00 1.000000000000000000e+00 1.000000000000000000e+00 1.000000000000000000e+00 1.000000000000000000e+00 1.000000000000000000e+00 1.000000000000000000e+00 1.000000000000000000e+00 1.000000000000000000e+00 
9.967741935483871440e-01 9.935897435897436125e-01 9.904153354632587725e-01 9.904153354632587725e-01 9.904458598726114671e-01 9.904458598726114671e-01 9.904761904761905100e-01 9.904761904761905100e-01 9.904761904761905100e-01 9.904761904761905100e-01 9.904761904761905100e-01 9.904761904761905100e-01 9.904761904761905100e-01 9.905063291139240000e-01 9.905063291139240000e-01 9.905362776025236071e-01 9.905956112852664086e-01 9.906249999999999778e-01 9.907692307692307354e-01 9.936305732484076447e-01 9.967948717948718063e-01 1.000000000000000000e+00 1.000000000000000000e+00 1.000000000000000000e+00 1.000000000000000000e+00 1.000000000000000000e+00 1.000000000000000000e+00 1.000000000000000000e+00 1.000000000000000000e+00 1.000000000000000000e+00 1.000000000000000000e+00 1.000000000000000000e+00 1.000000000000000000e+00 1.000000000000000000e+00 1.000000000000000000e+00 1.000000000000000000e+00 1.000000000000000000e+00 1.000000000000000000e+00 
9.967741935483871440e-01 9.935897435897436125e-01 9.904153354632587725e-01 9.904153354632587725e-01 9.904458598726114671e-01 9.904458598726114671e-01 9.904761904761905100e-01 9.904761904761905100e-01 9.904761904761905100e-01 9.904761904761905100e-01 9.904761904761905100e-01 9.904761904761905100e-01 9.904761904761905100e-01 9.905063291139240000e-01 9.905063291139240000e-01 9.905362776025236071e-01 9.905956112852664086e-01 9.905956112852664086e-01 9.907692307692307354e-01 9.936305732484076447e-01 9.967948717948718063e-01 1.000000000000000000e+00 1.000000000000000000e+00 1.000000000000000000e+00 1.000000000000000000e+00 1.000000000000000000e+00 1.000000000000000000e+00 1.000000000000000000e+00 1.000000000000000000e+00 1.000000000000000000e+00 1.000000000000000000e+00 1.000000000000000000e+00 1.000000000000000000e+00 1.000000000000000000e+00 1.000000000000000000e+00 1.000000000000000000e+00 1.000000000000000000e+00 1.000000000000000000e+00 
9.967741935483871440e-01 9.935897435897436125e-01 9.904153354632587725e-01 9.904153354632587725e-01 9.904458598726114671e-01 9.904458598726114671e-01 9.904761904761905100e-01 9.904761904761905100e-01 9.904761904761905100e-01 9.904761904761905100e-01 9.904761904761905100e-01 9.904761904761905100e-01 9.904761904761905100e-01 9.905063291139240000e-01 9.905063291139240000e-01 9.905362776025236071e-01 9.905956112852664086e-01 9.905956112852664086e-01 9.907407407407406996e-01 9.936305732484076447e-01 9.967948717948718063e-01 1.000000000000000000e+00 1.000000000000000000e+00 1.000000000000000000e+00 1.000000000000000000e+00 1.000000000000000000e+00 1.000000000000000000e+00 1.000000000000000000e+00 1.000000000000000000e+00 1.000000000000000000e+00 1.000000000000000000e+00 1.000000000000000000e+00 1.000000000000000000e+00 1.000000000000000000e+00 1.000000000000000000e+00 1.000000000000000000e+00 1.000000000000000000e+00 1.000000000000000000e+00 
9.967741935483871440e-01 9.935897435897436125e-01 9.904153354632587725e-01 9.904153354632587725e-01 9.904458598726114671e-01 9.904458598726114671e-01 9.904458598726114671e-01 9.904761904761905100e-01 9.904761904761905100e-01 9.904761904761905100e-01 9.904761904761905100e-01 9.904761904761905100e-01 9.904761904761905100e-01 9.905063291139240000e-01 9.905063291139240000e-01 9.905362776025236071e-01 9.905956112852664086e-01 9.905956112852664086e-01 9.907120743034055765e-01 9.936305732484076447e-01 9.967948717948718063e-01 1.000000000000000000e+00 1.000000000000000000e+00 1.000000000000000000e+00 1.000000000000000000e+00 1.000000000000000000e+00 1.000000000000000000e+00 1.000000000000000000e+00 1.000000000000000000e+00 1.000000000000000000e+00 1.000000000000000000e+00 1.000000000000000000e+00 1.000000000000000000e+00 1.000000000000000000e+00 1.000000000000000000e+00 1.000000000000000000e+00 1.000000000000000000e+00 1.000000000000000000e+00 
9.967741935483871440e-01 9.935897435897436125e-01 9.904153354632587725e-01 9.904153354632587725e-01 9.904458598726114671e-01 9.904458598726114671e-01 9.904458598726114671e-01 9.904761904761905100e-01 9.904761904761905100e-01 9.904761904761905100e-01 9.904761904761905100e-01 9.904761904761905100e-01 9.904761904761905100e-01 9.905063291139240000e-01 9.905063291139240000e-01 9.905362776025236071e-01 9.905956112852664086e-01 9.905956112852664086e-01 9.907120743034055765e-01 9.936305732484076447e-01 9.967948717948718063e-01 1.000000000000000000e+00 1.000000000000000000e+00 1.000000000000000000e+00 1.000000000000000000e+00 1.000000000000000000e+00 1.000000000000000000e+00 1.000000000000000000e+00 1.000000000000000000e+00 1.000000000000000000e+00 1.000000000000000000e+00 1.000000000000000000e+00 1.000000000000000000e+00 1.000000000000000000e+00 1.000000000000000000e+00 1.000000000000000000e+00 1.000000000000000000e+00 1.000000000000000000e+00 
9.967741935483871440e-01 9.935897435897436125e-01 9.904153354632587725e-01 9.904153354632587725e-01 9.904458598726114671e-01 9.904458598726114671e-01 9.904458598726114671e-01 9.904761904761905100e-01 9.904761904761905100e-01 9.904761904761905100e-01 9.904761904761905100e-01 9.904761904761905100e-01 9.904761904761905100e-01 9.905063291139240000e-01 9.905063291139240000e-01 9.905362776025236071e-01 9.905956112852664086e-01 9.905956112852664086e-01 9.906832298136646342e-01 9.936305732484076447e-01 9.967948717948718063e-01 1.000000000000000000e+00 1.000000000000000000e+00 1.000000000000000000e+00 1.000000000000000000e+00 1.000000000000000000e+00 1.000000000000000000e+00 1.000000000000000000e+00 1.000000000000000000e+00 1.000000000000000000e+00 1.000000000000000000e+00 1.000000000000000000e+00 1.000000000000000000e+00 1.000000000000000000e+00 1.000000000000000000e+00 1.000000000000000000e+00 1.000000000000000000e+00 1.000000000000000000e+00 
9.967741935483871440e-01 9.935897435897436125e-01 9.904153354632587725e-01 9.904153354632587725e-01 9.904458598726114671e-01 9.904458598726114671e-01 9.904458598726114671e-01 9.904761904761905100e-01 9.904761904761905100e-01 9.904761904761905100e-01 9.904761904761905100e-01 9.904761904761905100e-01 9.904761904761905100e-01 9.905063291139240000e-01 9.905063291139240000e-01 9.905362776025236071e-01 9.905956112852664086e-01 9.905956112852664086e-01 9.906832298136646342e-01 9.936305732484076447e-01 9.967948717948718063e-01 1.000000000000000000e+00 1.000000000000000000e+00 1.000000000000000000e+00 1.000000000000000000e+00 1.000000000000000000e+00 1.000000000000000000e+00 1.000000000000000000e+00 1.000000000000000000e+00 1.000000000000000000e+00 1.000000000000000000e+00 1.000000000000000000e+00 1.000000000000000000e+00 1.000000000000000000e+00 1.000000000000000000e+00 1.000000000000000000e+00 1.000000000000000000e+00 1.000000000000000000e+00 
9.967741935483871440e-01 9.935897435897436125e-01 9.904153354632587725e-01 9.904153354632587725e-01 9.904458598726114671e-01 9.904458598726114671e-01 9.904458598726114671e-01 9.904761904761905100e-01 9.904761904761905100e-01 9.904761904761905100e-01 9.904761904761905100e-01 9.904761904761905100e-01 9.904761904761905100e-01 9.905063291139240000e-01 9.905063291139240000e-01 9.905362776025236071e-01 9.905956112852664086e-01 9.905956112852664086e-01 9.906832298136646342e-01 9.936305732484076447e-01 9.967948717948718063e-01 1.000000000000000000e+00 1.000000000000000000e+00 1.000000000000000000e+00 1.000000000000000000e+00 1.000000000000000000e+00 1.000000000000000000e+00 1.000000000000000000e+00 1.000000000000000000e+00 1.000000000000000000e+00 1.000000000000000000e+00 1.000000000000000000e+00 1.000000000000000000e+00 1.000000000000000000e+00 1.000000000000000000e+00 1.000000000000000000e+00 1.000000000000000000e+00 1.000000000000000000e+00 
9.967741935483871440e-01 9.935897435897436125e-01 9.904153354632587725e-01 9.904153354632587725e-01 9.904458598726114671e-01 9.904458598726114671e-01 9.904458598726114671e-01 9.904761904761905100e-01 9.904761904761905100e-01 9.904761904761905100e-01 9.904761904761905100e-01 9.904761904761905100e-01 9.904761904761905100e-01 9.905063291139240000e-01 9.905063291139240000e-01 9.905362776025236071e-01 9.905956112852664086e-01 9.905956112852664086e-01 9.906832298136646342e-01 9.936305732484076447e-01 9.967948717948718063e-01 1.000000000000000000e+00 1.000000000000000000e+00 1.000000000000000000e+00 1.000000000000000000e+00 1.000000000000000000e+00 1.000000000000000000e+00 1.000000000000000000e+00 1.000000000000000000e+00 1.000000000000000000e+00 1.000000000000000000e+00 1.000000000000000000e+00 1.000000000000000000e+00 1.000000000000000000e+00 1.000000000000000000e+00 1.000000000000000000e+00 1.000000000000000000e+00 1.000000000000000000e+00 
9.967741935483871440e-01 9.935897435897436125e-01 9.904153354632587725e-01 9.904153354632587725e-01 9.904458598726114671e-01 9.904458598726114671e-01 9.904458598726114671e-01 9.904458598726114671e-01 9.904761904761905100e-01 9.904761904761905100e-01 9.904761904761905100e-01 9.904761904761905100e-01 9.904761904761905100e-01 9.905063291139240000e-01 9.905063291139240000e-01 9.905362776025236071e-01 9.905660377358490587e-01 9.905956112852664086e-01 9.906832298136646342e-01 9.936305732484076447e-01 9.967948717948718063e-01 1.000000000000000000e+00 1.000000000000000000e+00 1.000000000000000000e+00 1.000000000000000000e+00 1.000000000000000000e+00 1.000000000000000000e+00 1.000000000000000000e+00 1.000000000000000000e+00 1.000000000000000000e+00 1.000000000000000000e+00 1.000000000000000000e+00 1.000000000000000000e+00 1.000000000000000000e+00 1.000000000000000000e+00 1.000000000000000000e+00 1.000000000000000000e+00 1.000000000000000000e+00 
9.967741935483871440e-01 9.935897435897436125e-01 9.904153354632587725e-01 9.904153354632587725e-01 9.904458598726114671e-01 9.904458598726114671e-01 9.904458598726114671e-01 9.904458598726114671e-01 9.904761904761905100e-01 9.904761904761905100e-01 9.904761904761905100e-01 9.904761904761905100e-01 9.904761904761905100e-01 9.905063291139240000e-01 9.905063291139240000e-01 9.905362776025236071e-01 9.905660377358490587e-01 9.905956112852664086e-01 9.906832298136646342e-01 9.936305732484076447e-01 9.967948717948718063e-01 1.000000000000000000e+00 1.000000000000000000e+00 1.000000000000000000e+00 1.000000000000000000e+00 1.000000000000000000e+00 1.000000000000000000e+00 1.000000000000000000e+00 1.000000000000000000e+00 1.000000000000000000e+00 1.000000000000000000e+00 1.000000000000000000e+00 1.000000000000000000e+00 1.000000000000000000e+00 1.000000000000000000e+00 1.000000000000000000e+00 1.000000000000000000e+00 1.000000000000000000e+00 
9.967741935483871440e-01 9.935897435897436125e-01 9.904153354632587725e-01 9.904153354632587725e-01 9.904458598726114671e-01 9.904458598726114671e-01 9.904458598726114671e-01 9.904458598726114671e-01 9.904761904761905100e-01 9.904761904761905100e-01 9.904761904761905100e-01 9.904761904761905100e-01 9.904761904761905100e-01 9.905063291139240000e-01 9.905063291139240000e-01 9.905362776025236071e-01 9.905660377358490587e-01 9.905956112852664086e-01 9.906832298136646342e-01 9.936305732484076447e-01 9.967948717948718063e-01 1.000000000000000000e+00 1.000000000000000000e+00 1.000000000000000000e+00 1.000000000000000000e+00 1.000000000000000000e+00 1.000000000000000000e+00 1.000000000000000000e+00 1.000000000000000000e+00 1.000000000000000000e+00 1.000000000000000000e+00 1.000000000000000000e+00 1.000000000000000000e+00 1.000000000000000000e+00 1.000000000000000000e+00 1.000000000000000000e+00 1.000000000000000000e+00 1.000000000000000000e+00 
9.967741935483871440e-01 9.935897435897436125e-01 9.904153354632587725e-01 9.904153354632587725e-01 9.904458598726114671e-01 9.904458598726114671e-01 9.904458598726114671e-01 9.904458598726114671e-01 9.904761904761905100e-01 9.904761904761905100e-01 9.904761904761905100e-01 9.904761904761905100e-01 9.904761904761905100e-01 9.905063291139240000e-01 9.905063291139240000e-01 9.905362776025236071e-01 9.905660377358490587e-01 9.905956112852664086e-01 9.906832298136646342e-01 9.936305732484076447e-01 9.967948717948718063e-01 1.000000000000000000e+00 1.000000000000000000e+00 1.000000000000000000e+00 1.000000000000000000e+00 1.000000000000000000e+00 1.000000000000000000e+00 1.000000000000000000e+00 1.000000000000000000e+00 1.000000000000000000e+00 1.000000000000000000e+00 1.000000000000000000e+00 1.000000000000000000e+00 1.000000000000000000e+00 1.000000000000000000e+00 1.000000000000000000e+00 1.000000000000000000e+00 1.000000000000000000e+00 
9.935897435897436125e-01 9.935897435897436125e-01 9.904153354632587725e-01 9.904458598726114671e-01 9.904458598726114671e-01 9.904458598726114671e-01 9.904458598726114671e-01 9.904761904761905100e-01 9.904761904761905100e-01 9.904761904761905100e-01 9.904761904761905100e-01 9.904761904761905100e-01 9.904761904761905100e-01 9.905063291139240000e-01 9.905063291139240000e-01 9.905660377358490587e-01 9.905956112852664086e-01 9.905956112852664086e-01 9.906832298136646342e-01 9.967948717948718063e-01 9.967948717948718063e-01 1.000000000000000000e+00 1.000000000000000000e+00 1.000000000000000000e+00 1.000000000000000000e+00 1.000000000000000000e+00 1.000000000000000000e+00 1.000000000000000000e+00 1.000000000000000000e+00 1.000000000000000000e+00 1.000000000000000000e+00 1.000000000000000000e+00 1.000000000000000000e+00 1.000000000000000000e+00 1.000000000000000000e+00 1.000000000000000000e+00 1.000000000000000000e+00 1.000000000000000000e+00 
9.935897435897436125e-01 9.935897435897436125e-01 9.904153354632587725e-01 9.904458598726114671e-01 9.904458598726114671e-01 9.904458598726114671e-01 9.904458598726114671e-01 9.904458598726114671e-01 9.904761904761905100e-01 9.904761904761905100e-01 9.904761904761905100e-01 9.904761904761905100e-01 9.904761904761905100e-01 9.905063291139240000e-01 9.905063291139240000e-01 9.905660377358490587e-01 9.905660377358490587e-01 9.905956112852664086e-01 9.906832298136646342e-01 9.967948717948718063e-01 9.967948717948718063e-01 1.000000000000000000e+00 1.000000000000000000e+00 1.000000000000000000e+00 1.000000000000000000e+00 1.000000000000000000e+00 1.000000000000000000e+00 1.000000000000000000e+00 1.000000000000000000e+00 1.000000000000000000e+00 1.000000000000000000e+00 1.000000000000000000e+00 1.000000000000000000e+00 1.000000000000000000e+00 1.000000000000000000e+00 1.000000000000000000e+00 1.000000000000000000e+00 1.000000000000000000e+00 
9.935897435897436125e-01 9.935897435897436125e-01 9.904153354632587725e-01 9.904458598726114671e-01 9.904458598726114671e-01 9.904458598726114671e-01 9.904458598726114671e-01 9.904458598726114671e-01 9.904761904761905100e-01 9.904761904761905100e-01 9.904761904761905100e-01 9.904761904761905100e-01 9.904761904761905100e-01 9.905063291139240000e-01 9.905063291139240000e-01 9.905660377358490587e-01 9.905660377358490587e-01 9.905956112852664086e-01 9.906832298136646342e-01 9.967948717948718063e-01 9.967948717948718063e-01 1.000000000000000000e+00 1.000000000000000000e+00 1.000000000000000000e+00 1.000000000000000000e+00 1.000000000000000000e+00 1.000000000000000000e+00 1.000000000000000000e+00 1.000000000000000000e+00 1.000000000000000000e+00 1.000000000000000000e+00 1.000000000000000000e+00 1.000000000000000000e+00 1.000000000000000000e+00 1.000000000000000000e+00 1.000000000000000000e+00 1.000000000000000000e+00 1.000000000000000000e+00 
9.935897435897436125e-01 9.935897435897436125e-01 9.904153354632587725e-01 9.904458598726114671e-01 9.904458598726114671e-01 9.904458598726114671e-01 9.904458598726114671e-01 9.904458598726114671e-01 9.904761904761905100e-01 9.904761904761905100e-01 9.904761904761905100e-01 9.904761904761905100e-01 9.904761904761905100e-01 9.905063291139240000e-01 9.905063291139240000e-01 9.905362776025236071e-01 9.905660377358490587e-01 9.905956112852664086e-01 9.906832298136646342e-01 9.967948717948718063e-01 9.967948717948718063e-01 1.000000000000000000e+00 1.000000000000000000e+00 1.000000000000000000e+00 1.000000000000000000e+00 1.000000000000000000e+00 1.000000000000000000e+00 1.000000000000000000e+00 1.000000000000000000e+00 1.000000000000000000e+00 1.000000000000000000e+00 1.000000000000000000e+00 1.000000000000000000e+00 1.000000000000000000e+00 1.000000000000000000e+00 1.000000000000000000e+00 1.000000000000000000e+00 1.000000000000000000e+00 
9.935897435897436125e-01 9.935897435897436125e-01 9.904153354632587725e-01 9.904458598726114671e-01 9.904458598726114671e-01 9.904458598726114671e-01 9.904458598726114671e-01 9.904458598726114671e-01 9.904761904761905100e-01 9.904761904761905100e-01 9.904761904761905100e-01 9.904761904761905100e-01 9.904761904761905100e-01 9.905063291139240000e-01 9.905063291139240000e-01 9.905063291139240000e-01 9.905660377358490587e-01 9.905956112852664086e-01 9.906542056074766345e-01 9.967948717948718063e-01 9.967948717948718063e-01 1.000000000000000000e+00 1.000000000000000000e+00 1.000000000000000000e+00 1.000000000000000000e+00 1.000000000000000000e+00 1.000000000000000000e+00 1.000000000000000000e+00 1.000000000000000000e+00 1.000000000000000000e+00 1.000000000000000000e+00 1.000000000000000000e+00 1.000000000000000000e+00 1.000000000000000000e+00 1.000000000000000000e+00 1.000000000000000000e+00 1.000000000000000000e+00 1.000000000000000000e+00 
9.935897435897436125e-01 9.935897435897436125e-01 9.904153354632587725e-01 9.904458598726114671e-01 9.904458598726114671e-01 9.904458598726114671e-01 9.904458598726114671e-01 9.904458598726114671e-01 9.904761904761905100e-01 9.904761904761905100e-01 9.904761904761905100e-01 9.904761904761905100e-01 9.904761904761905100e-01 9.905063291139240000e-01 9.905063291139240000e-01 9.905362776025236071e-01 9.905660377358490587e-01 9.905956112852664086e-01 9.906832298136646342e-01 9.967948717948718063e-01 9.967948717948718063e-01 1.000000000000000000e+00 1.000000000000000000e+00 1.000000000000000000e+00 1.000000000000000000e+00 1.000000000000000000e+00 1.000000000000000000e+00 1.000000000000000000e+00 1.000000000000000000e+00 1.000000000000000000e+00 1.000000000000000000e+00 1.000000000000000000e+00 1.000000000000000000e+00 1.000000000000000000e+00 1.000000000000000000e+00 1.000000000000000000e+00 1.000000000000000000e+00 1.000000000000000000e+00 
9.935897435897436125e-01 9.935897435897436125e-01 9.904153354632587725e-01 9.904458598726114671e-01 9.904458598726114671e-01 9.904458598726114671e-01 9.904458598726114671e-01 9.904458598726114671e-01 9.904761904761905100e-01 9.904761904761905100e-01 9.904761904761905100e-01 9.904761904761905100e-01 9.904761904761905100e-01 9.905063291139240000e-01 9.905063291139240000e-01 9.905362776025236071e-01 9.905660377358490587e-01 9.905956112852664086e-01 9.906832298136646342e-01 9.967948717948718063e-01 9.967948717948718063e-01 1.000000000000000000e+00 1.000000000000000000e+00 1.000000000000000000e+00 1.000000000000000000e+00 1.000000000000000000e+00 1.000000000000000000e+00 1.000000000000000000e+00 1.000000000000000000e+00 1.000000000000000000e+00 1.000000000000000000e+00 1.000000000000000000e+00 1.000000000000000000e+00 1.000000000000000000e+00 1.000000000000000000e+00 1.000000000000000000e+00 1.000000000000000000e+00 1.000000000000000000e+00 
9.935897435897436125e-01 9.935897435897436125e-01 9.904153354632587725e-01 9.904458598726114671e-01 9.904458598726114671e-01 9.904458598726114671e-01 9.904458598726114671e-01 9.904458598726114671e-01 9.904458598726114671e-01 9.904761904761905100e-01 9.904761904761905100e-01 9.904761904761905100e-01 9.904761904761905100e-01 9.905063291139240000e-01 9.905063291139240000e-01 9.905362776025236071e-01 9.905660377358490587e-01 9.905956112852664086e-01 9.906542056074766345e-01 9.967948717948718063e-01 9.967948717948718063e-01 1.000000000000000000e+00 1.000000000000000000e+00 1.000000000000000000e+00 1.000000000000000000e+00 1.000000000000000000e+00 1.000000000000000000e+00 1.000000000000000000e+00 1.000000000000000000e+00 1.000000000000000000e+00 1.000000000000000000e+00 1.000000000000000000e+00 1.000000000000000000e+00 1.000000000000000000e+00 1.000000000000000000e+00 1.000000000000000000e+00 1.000000000000000000e+00 1.000000000000000000e+00 
9.935897435897436125e-01 9.935897435897436125e-01 9.904153354632587725e-01 9.904458598726114671e-01 9.904458598726114671e-01 9.904458598726114671e-01 9.904458598726114671e-01 9.904458598726114671e-01 9.904458598726114671e-01 9.904761904761905100e-01 9.904761904761905100e-01 9.904761904761905100e-01 9.904761904761905100e-01 9.905063291139240000e-01 9.905063291139240000e-01 9.905362776025236071e-01 9.905660377358490587e-01 9.905956112852664086e-01 9.906542056074766345e-01 9.967948717948718063e-01 9.967948717948718063e-01 1.000000000000000000e+00 1.000000000000000000e+00 1.000000000000000000e+00 1.000000000000000000e+00 1.000000000000000000e+00 1.000000000000000000e+00 1.000000000000000000e+00 1.000000000000000000e+00 1.000000000000000000e+00 1.000000000000000000e+00 1.000000000000000000e+00 1.000000000000000000e+00 1.000000000000000000e+00 1.000000000000000000e+00 1.000000000000000000e+00 1.000000000000000000e+00 1.000000000000000000e+00 
9.935897435897436125e-01 9.935897435897436125e-01 9.904153354632587725e-01 9.904458598726114671e-01 9.904458598726114671e-01 9.904458598726114671e-01 9.904458598726114671e-01 9.904458598726114671e-01 9.904458598726114671e-01 9.904761904761905100e-01 9.904761904761905100e-01 9.904761904761905100e-01 9.904761904761905100e-01 9.905063291139240000e-01 9.905063291139240000e-01 9.905362776025236071e-01 9.905660377358490587e-01 9.905956112852664086e-01 9.906542056074766345e-01 9.967948717948718063e-01 9.967948717948718063e-01 1.000000000000000000e+00 1.000000000000000000e+00 1.000000000000000000e+00 1.000000000000000000e+00 1.000000000000000000e+00 1.000000000000000000e+00 1.000000000000000000e+00 1.000000000000000000e+00 1.000000000000000000e+00 1.000000000000000000e+00 1.000000000000000000e+00 1.000000000000000000e+00 1.000000000000000000e+00 1.000000000000000000e+00 1.000000000000000000e+00 1.000000000000000000e+00 1.000000000000000000e+00 
9.935897435897436125e-01 9.935897435897436125e-01 9.904153354632587725e-01 9.904458598726114671e-01 9.904458598726114671e-01 9.904458598726114671e-01 9.904458598726114671e-01 9.904458598726114671e-01 9.904458598726114671e-01 9.904458598726114671e-01 9.873015873015873467e-01 9.873015873015873467e-01 9.873015873015873467e-01 9.873417721518987777e-01 9.873417721518987777e-01 9.873817034700315132e-01 9.874213836477987449e-01 9.874608150470219892e-01 9.875389408099688460e-01 9.935897435897436125e-01 9.935897435897436125e-01 9.967845659163987460e-01 9.967741935483871440e-01 9.967741935483871440e-01 9.967741935483871440e-01 9.967741935483871440e-01 9.967741935483871440e-01 9.967741935483871440e-01 9.967741935483871440e-01 1.000000000000000000e+00 1.000000000000000000e+00 1.000000000000000000e+00 1.000000000000000000e+00 1.000000000000000000e+00 1.000000000000000000e+00 1.000000000000000000e+00 1.000000000000000000e+00 1.000000000000000000e+00 
9.935897435897436125e-01 9.935897435897436125e-01 9.904153354632587725e-01 9.904458598726114671e-01 9.904458598726114671e-01 9.904458598726114671e-01 9.904458598726114671e-01 9.904458598726114671e-01 9.904458598726114671e-01 9.904458598726114671e-01 9.873015873015873467e-01 9.873015873015873467e-01 9.873015873015873467e-01 9.873417721518987777e-01 9.873417721518987777e-01 9.873817034700315132e-01 9.874213836477987449e-01 9.874608150470219892e-01 9.875389408099688460e-01 9.935897435897436125e-01 9.935897435897436125e-01 9.967845659163987460e-01 9.967741935483871440e-01 9.967741935483871440e-01 9.967741935483871440e-01 9.967741935483871440e-01 9.967741935483871440e-01 9.967741935483871440e-01 9.967741935483871440e-01 1.000000000000000000e+00 1.000000000000000000e+00 1.000000000000000000e+00 1.000000000000000000e+00 1.000000000000000000e+00 1.000000000000000000e+00 1.000000000000000000e+00 1.000000000000000000e+00 1.000000000000000000e+00 
9.935897435897436125e-01 9.935897435897436125e-01 9.904153354632587725e-01 9.904458598726114671e-01 9.904458598726114671e-01 9.904458598726114671e-01 9.904458598726114671e-01 9.904458598726114671e-01 9.904458598726114671e-01 9.904458598726114671e-01 9.873015873015873467e-01 9.873015873015873467e-01 9.873015873015873467e-01 9.873417721518987777e-01 9.873417721518987777e-01 9.873817034700315132e-01 9.874213836477987449e-01 9.874608150470219892e-01 9.875389408099688460e-01 9.935897435897436125e-01 9.935897435897436125e-01 9.967845659163987460e-01 9.967741935483871440e-01 9.967741935483871440e-01 9.967741935483871440e-01 9.967741935483871440e-01 9.967741935483871440e-01 9.967741935483871440e-01 9.967741935483871440e-01 1.000000000000000000e+00 1.000000000000000000e+00 1.000000000000000000e+00 1.000000000000000000e+00 1.000000000000000000e+00 1.000000000000000000e+00 1.000000000000000000e+00 1.000000000000000000e+00 1.000000000000000000e+00 
9.935897435897436125e-01 9.935897435897436125e-01 9.904153354632587725e-01 9.904458598726114671e-01 9.904458598726114671e-01 9.904458598726114671e-01 9.904458598726114671e-01 9.904458598726114671e-01 9.904458598726114671e-01 9.904458598726114671e-01 9.873015873015873467e-01 9.873015873015873467e-01 9.873015873015873467e-01 9.873417721518987777e-01 9.873417721518987777e-01 9.873817034700315132e-01 9.874213836477987449e-01 9.874608150470219892e-01 9.875389408099688460e-01 9.935897435897436125e-01 9.935897435897436125e-01 9.967845659163987460e-01 9.967741935483871440e-01 9.967741935483871440e-01 9.967741935483871440e-01 9.967741935483871440e-01 9.967741935483871440e-01 9.967741935483871440e-01 9.967741935483871440e-01 1.000000000000000000e+00 1.000000000000000000e+00 1.000000000000000000e+00 1.000000000000000000e+00 1.000000000000000000e+00 1.000000000000000000e+00 1.000000000000000000e+00 1.000000000000000000e+00 1.000000000000000000e+00 
9.935897435897436125e-01 9.935897435897436125e-01 9.904153354632587725e-01 9.904458598726114671e-01 9.904458598726114671e-01 9.904458598726114671e-01 9.904458598726114671e-01 9.904458598726114671e-01 9.904458598726114671e-01 9.904458598726114671e-01 9.873015873015873467e-01 9.873015873015873467e-01 9.873015873015873467e-01 9.873417721518987777e-01 9.873417721518987777e-01 9.873817034700315132e-01 9.874213836477987449e-01 9.874608150470219892e-01 9.875389408099688460e-01 9.935897435897436125e-01 9.935897435897436125e-01 9.967845659163987460e-01 9.967741935483871440e-01 9.967741935483871440e-01 9.967741935483871440e-01 9.967741935483871440e-01 9.967741935483871440e-01 9.967741935483871440e-01 9.967741935483871440e-01 1.000000000000000000e+00 1.000000000000000000e+00 1.000000000000000000e+00 1.000000000000000000e+00 1.000000000000000000e+00 1.000000000000000000e+00 1.000000000000000000e+00 1.000000000000000000e+00 1.000000000000000000e+00 
9.935897435897436125e-01 9.935897435897436125e-01 9.904153354632587725e-01 9.904458598726114671e-01 9.904458598726114671e-01 9.904458598726114671e-01 9.904458598726114671e-01 9.904458598726114671e-01 9.904458598726114671e-01 9.904458598726114671e-01 9.873015873015873467e-01 9.873015873015873467e-01 9.873015873015873467e-01 9.873417721518987777e-01 9.873417721518987777e-01 9.873817034700315132e-01 9.874213836477987449e-01 9.874608150470219892e-01 9.875389408099688460e-01 9.935897435897436125e-01 9.935897435897436125e-01 9.967845659163987460e-01 9.967741935483871440e-01 9.967741935483871440e-01 9.967741935483871440e-01 9.967741935483871440e-01 9.967741935483871440e-01 9.967741935483871440e-01 9.967741935483871440e-01 1.000000000000000000e+00 1.000000000000000000e+00 1.000000000000000000e+00 1.000000000000000000e+00 1.000000000000000000e+00 1.000000000000000000e+00 1.000000000000000000e+00 1.000000000000000000e+00 1.000000000000000000e+00 
9.935897435897436125e-01 9.935897435897436125e-01 9.904153354632587725e-01 9.904458598726114671e-01 9.904458598726114671e-01 9.904458598726114671e-01 9.904458598726114671e-01 9.904458598726114671e-01 9.904458598726114671e-01 9.904458598726114671e-01 9.873015873015873467e-01 9.873015873015873467e-01 9.873015873015873467e-01 9.873417721518987777e-01 9.873417721518987777e-01 9.873817034700315132e-01 9.874213836477987449e-01 9.874608150470219892e-01 9.875389408099688460e-01 9.935897435897436125e-01 9.935897435897436125e-01 9.967845659163987460e-01 9.967741935483871440e-01 9.967741935483871440e-01 9.967741935483871440e-01 9.967741935483871440e-01 9.967741935483871440e-01 9.967741935483871440e-01 9.967741935483871440e-01 1.000000000000000000e+00 1.000000000000000000e+00 1.000000000000000000e+00 1.000000000000000000e+00 1.000000000000000000e+00 1.000000000000000000e+00 1.000000000000000000e+00 1.000000000000000000e+00 1.000000000000000000e+00 
9.935897435897436125e-01 9.935897435897436125e-01 9.904458598726114671e-01 9.904458598726114671e-01 9.904458598726114671e-01 9.904458598726114671e-01 9.904458598726114671e-01 9.904458598726114671e-01 9.904458598726114671e-01 9.904761904761905100e-01 9.904761904761905100e-01 9.904761904761905100e-01 9.905063291139240000e-01 9.905063291139240000e-01 9.905362776025236071e-01 9.905362776025236071e-01 9.905660377358490587e-01 9.906249999999999778e-01 9.906542056074766345e-01 9.967948717948718063e-01 9.967948717948718063e-01 1.000000000000000000e+00 1.000000000000000000e+00 1.000000000000000000e+00 1.000000000000000000e+00 1.000000000000000000e+00 1.000000000000000000e+00 1.000000000000000000e+00 1.000000000000000000e+00 1.000000000000000000e+00 1.000000000000000000e+00 1.000000000000000000e+00 1.000000000000000000e+00 1.000000000000000000e+00 1.000000000000000000e+00 1.000000000000000000e+00 1.000000000000000000e+00 1.000000000000000000e+00 
9.935897435897436125e-01 9.935897435897436125e-01 9.904153354632587725e-01 9.904458598726114671e-01 9.904458598726114671e-01 9.904458598726114671e-01 9.904458598726114671e-01 9.904458598726114671e-01 9.904458598726114671e-01 9.904458598726114671e-01 9.873015873015873467e-01 9.873015873015873467e-01 9.873015873015873467e-01 9.873417721518987777e-01 9.873417721518987777e-01 9.873817034700315132e-01 9.874213836477987449e-01 9.874608150470219892e-01 9.875389408099688460e-01 9.935897435897436125e-01 9.935897435897436125e-01 9.967845659163987460e-01 9.967741935483871440e-01 9.967741935483871440e-01 9.967741935483871440e-01 9.967741935483871440e-01 9.967741935483871440e-01 9.967741935483871440e-01 9.967741935483871440e-01 1.000000000000000000e+00 1.000000000000000000e+00 1.000000000000000000e+00 1.000000000000000000e+00 1.000000000000000000e+00 1.000000000000000000e+00 1.000000000000000000e+00 1.000000000000000000e+00 1.000000000000000000e+00 
9.935897435897436125e-01 9.935897435897436125e-01 9.904458598726114671e-01 9.904458598726114671e-01 9.904458598726114671e-01 9.904458598726114671e-01 9.904458598726114671e-01 9.904458598726114671e-01 9.904458598726114671e-01 9.904458598726114671e-01 9.873015873015873467e-01 9.873015873015873467e-01 9.873015873015873467e-01 9.873417721518987777e-01 9.873817034700315132e-01 9.873817034700315132e-01 9.874213836477987449e-01 9.874608150470219892e-01 9.875389408099688460e-01 9.935897435897436125e-01 9.935897435897436125e-01 9.967741935483871440e-01 9.967741935483871440e-01 9.967741935483871440e-01 9.967741935483871440e-01 9.967741935483871440e-01 9.967741935483871440e-01 9.967741935483871440e-01 9.967741935483871440e-01 1.000000000000000000e+00 1.000000000000000000e+00 1.000000000000000000e+00 1.000000000000000000e+00 1.000000000000000000e+00 1.000000000000000000e+00 1.000000000000000000e+00 1.000000000000000000e+00 1.000000000000000000e+00 
9.935897435897436125e-01 9.935897435897436125e-01 9.904458598726114671e-01 9.904458598726114671e-01 9.904458598726114671e-01 9.904458598726114671e-01 9.904458598726114671e-01 9.904458598726114671e-01 9.904458598726114671e-01 9.904458598726114671e-01 9.873015873015873467e-01 9.873015873015873467e-01 9.873015873015873467e-01 9.873417721518987777e-01 9.873817034700315132e-01 9.873817034700315132e-01 9.874213836477987449e-01 9.874608150470219892e-01 9.875389408099688460e-01 9.935897435897436125e-01 9.935897435897436125e-01 9.967741935483871440e-01 9.967741935483871440e-01 9.967741935483871440e-01 9.967741935483871440e-01 9.967741935483871440e-01 9.967741935483871440e-01 9.967741935483871440e-01 9.967741935483871440e-01 1.000000000000000000e+00 1.000000000000000000e+00 1.000000000000000000e+00 1.000000000000000000e+00 1.000000000000000000e+00 1.000000000000000000e+00 1.000000000000000000e+00 1.000000000000000000e+00 1.000000000000000000e+00 
9.935897435897436125e-01 9.935897435897436125e-01 9.904458598726114671e-01 9.904458598726114671e-01 9.904458598726114671e-01 9.904458598726114671e-01 9.904458598726114671e-01 9.904458598726114671e-01 9.904458598726114671e-01 9.904458598726114671e-01 9.873015873015873467e-01 9.873015873015873467e-01 9.873015873015873467e-01 9.873417721518987777e-01 9.873417721518987777e-01 9.873817034700315132e-01 9.873817034700315132e-01 9.874608150470219892e-01 9.875389408099688460e-01 9.935897435897436125e-01 9.935897435897436125e-01 9.967741935483871440e-01 9.967741935483871440e-01 9.967741935483871440e-01 9.967741935483871440e-01 9.967741935483871440e-01 9.967741935483871440e-01 9.967741935483871440e-01 9.967741935483871440e-01 1.000000000000000000e+00 1.000000000000000000e+00 1.000000000000000000e+00 1.000000000000000000e+00 1.000000000000000000e+00 1.000000000000000000e+00 1.000000000000000000e+00 1.000000000000000000e+00 1.000000000000000000e+00 
9.935897435897436125e-01 9.935897435897436125e-01 9.904458598726114671e-01 9.904458598726114671e-01 9.904458598726114671e-01 9.904458598726114671e-01 9.904458598726114671e-01 9.904458598726114671e-01 9.904458598726114671e-01 9.904458598726114671e-01 9.904458598726114671e-01 9.873015873015873467e-01 9.873015873015873467e-01 9.873417721518987777e-01 9.873417721518987777e-01 9.873817034700315132e-01 9.873817034700315132e-01 9.874608150470219892e-01 9.875000000000000444e-01 9.935897435897436125e-01 9.935897435897436125e-01 9.967741935483871440e-01 9.967741935483871440e-01 9.967741935483871440e-01 9.967741935483871440e-01 9.967741935483871440e-01 9.967741935483871440e-01 9.967741935483871440e-01 9.967741935483871440e-01 9.967741935483871440e-01 1.000000000000000000e+00 1.000000000000000000e+00 1.000000000000000000e+00 1.000000000000000000e+00 1.000000000000000000e+00 1.000000000000000000e+00 1.000000000000000000e+00 1.000000000000000000e+00 
9.935897435897436125e-01 9.935897435897436125e-01 9.904458598726114671e-01 9.904458598726114671e-01 9.904458598726114671e-01 9.904458598726114671e-01 9.904458598726114671e-01 9.904458598726114671e-01 9.904458598726114671e-01 9.904458598726114671e-01 9.873015873015873467e-01 9.873015873015873467e-01 9.873015873015873467e-01 9.873417721518987777e-01 9.873817034700315132e-01 9.873817034700315132e-01 9.873817034700315132e-01 9.874608150470219892e-01 9.875000000000000444e-01 9.935897435897436125e-01 9.935897435897436125e-01 9.967741935483871440e-01 9.967741935483871440e-01 9.967741935483871440e-01 9.967741935483871440e-01 9.967741935483871440e-01 9.967741935483871440e-01 9.967741935483871440e-01 9.967741935483871440e-01 1.000000000000000000e+00 1.000000000000000000e+00 1.000000000000000000e+00 1.000000000000000000e+00 1.000000000000000000e+00 1.000000000000000000e+00 1.000000000000000000e+00 1.000000000000000000e+00 1.000000000000000000e+00 
9.935897435897436125e-01 9.935897435897436125e-01 9.904458598726114671e-01 9.904458598726114671e-01 9.904458598726114671e-01 9.904458598726114671e-01 9.904458598726114671e-01 9.904458598726114671e-01 9.904458598726114671e-01 9.904458598726114671e-01 9.873015873015873467e-01 9.873015873015873467e-01 9.873015873015873467e-01 9.873417721518987777e-01 9.873817034700315132e-01 9.873817034700315132e-01 9.874213836477987449e-01 9.874608150470219892e-01 9.875000000000000444e-01 9.935897435897436125e-01 9.935897435897436125e-01 9.967741935483871440e-01 9.967741935483871440e-01 9.967741935483871440e-01 9.967741935483871440e-01 9.967741935483871440e-01 9.967741935483871440e-01 9.967741935483871440e-01 9.967741935483871440e-01 1.000000000000000000e+00 1.000000000000000000e+00 1.000000000000000000e+00 1.000000000000000000e+00 1.000000000000000000e+00 1.000000000000000000e+00 1.000000000000000000e+00 1.000000000000000000e+00 1.000000000000000000e+00 
9.935897435897436125e-01 9.935897435897436125e-01 9.904458598726114671e-01 9.904458598726114671e-01 9.904458598726114671e-01 9.904458598726114671e-01 9.904458598726114671e-01 9.904458598726114671e-01 9.904458598726114671e-01 9.904458598726114671e-01 9.904458598726114671e-01 9.873015873015873467e-01 9.873015873015873467e-01 9.873417721518987777e-01 9.873817034700315132e-01 9.873817034700315132e-01 9.873817034700315132e-01 9.874608150470219892e-01 9.875000000000000444e-01 9.935897435897436125e-01 9.935897435897436125e-01 9.967741935483871440e-01 9.967741935483871440e-01 9.967741935483871440e-01 9.967741935483871440e-01 9.967741935483871440e-01 9.967741935483871440e-01 9.967741935483871440e-01 9.967741935483871440e-01 9.967741935483871440e-01 1.000000000000000000e+00 1.000000000000000000e+00 1.000000000000000000e+00 1.000000000000000000e+00 1.000000000000000000e+00 1.000000000000000000e+00 1.000000000000000000e+00 1.000000000000000000e+00 
9.935897435897436125e-01 9.935897435897436125e-01 9.904458598726114671e-01 9.904458598726114671e-01 9.904458598726114671e-01 9.904458598726114671e-01 9.904458598726114671e-01 9.904458598726114671e-01 9.904458598726114671e-01 9.904458598726114671e-01 9.904458598726114671e-01 9.873015873015873467e-01 9.873015873015873467e-01 9.873417721518987777e-01 9.873817034700315132e-01 9.873817034700315132e-01 9.873817034700315132e-01 9.874608150470219892e-01 9.875000000000000444e-01 9.935897435897436125e-01 9.935897435897436125e-01 9.967741935483871440e-01 9.967741935483871440e-01 9.967741935483871440e-01 9.967741935483871440e-01 9.967741935483871440e-01 9.967741935483871440e-01 9.967741935483871440e-01 9.967741935483871440e-01 9.967741935483871440e-01 1.000000000000000000e+00 1.000000000000000000e+00 1.000000000000000000e+00 1.000000000000000000e+00 1.000000000000000000e+00 1.000000000000000000e+00 1.000000000000000000e+00 1.000000000000000000e+00 
9.935897435897436125e-01 9.935897435897436125e-01 9.904458598726114671e-01 9.904458598726114671e-01 9.904458598726114671e-01 9.904458598726114671e-01 9.904458598726114671e-01 9.904458598726114671e-01 9.904458598726114671e-01 9.904458598726114671e-01 9.904458598726114671e-01 9.873015873015873467e-01 9.873015873015873467e-01 9.873417721518987777e-01 9.873817034700315132e-01 9.873817034700315132e-01 9.873817034700315132e-01 9.874608150470219892e-01 9.875000000000000444e-01 9.935897435897436125e-01 9.935897435897436125e-01 9.967741935483871440e-01 9.967741935483871440e-01 9.967741935483871440e-01 9.967741935483871440e-01 9.967741935483871440e-01 9.967741935483871440e-01 9.967741935483871440e-01 9.967741935483871440e-01 9.967741935483871440e-01 1.000000000000000000e+00 1.000000000000000000e+00 1.000000000000000000e+00 1.000000000000000000e+00 1.000000000000000000e+00 1.000000000000000000e+00 1.000000000000000000e+00 1.000000000000000000e+00 
9.935897435897436125e-01 9.935897435897436125e-01 9.904458598726114671e-01 9.904458598726114671e-01 9.904458598726114671e-01 9.904458598726114671e-01 9.904458598726114671e-01 9.904458598726114671e-01 9.904458598726114671e-01 9.904458598726114671e-01 9.904458598726114671e-01 9.873015873015873467e-01 9.873015873015873467e-01 9.873417721518987777e-01 9.873817034700315132e-01 9.873817034700315132e-01 9.873817034700315132e-01 9.874608150470219892e-01 9.875000000000000444e-01 9.935897435897436125e-01 9.935897435897436125e-01 9.967741935483871440e-01 9.967741935483871440e-01 9.967741935483871440e-01 9.967741935483871440e-01 9.967741935483871440e-01 9.967741935483871440e-01 9.967741935483871440e-01 9.967741935483871440e-01 9.967741935483871440e-01 1.000000000000000000e+00 1.000000000000000000e+00 1.000000000000000000e+00 1.000000000000000000e+00 1.000000000000000000e+00 1.000000000000000000e+00 1.000000000000000000e+00 1.000000000000000000e+00 
9.935897435897436125e-01 9.935897435897436125e-01 9.904458598726114671e-01 9.904458598726114671e-01 9.904458598726114671e-01 9.904458598726114671e-01 9.904458598726114671e-01 9.904458598726114671e-01 9.904458598726114671e-01 9.904458598726114671e-01 9.904458598726114671e-01 9.873015873015873467e-01 9.873015873015873467e-01 9.873417721518987777e-01 9.873817034700315132e-01 9.873817034700315132e-01 9.873817034700315132e-01 9.874608150470219892e-01 9.875000000000000444e-01 9.935897435897436125e-01 9.935897435897436125e-01 9.967741935483871440e-01 9.967741935483871440e-01 9.967741935483871440e-01 9.967741935483871440e-01 9.967741935483871440e-01 9.967741935483871440e-01 9.967741935483871440e-01 9.967741935483871440e-01 9.967741935483871440e-01 1.000000000000000000e+00 1.000000000000000000e+00 1.000000000000000000e+00 1.000000000000000000e+00 1.000000000000000000e+00 1.000000000000000000e+00 1.000000000000000000e+00 1.000000000000000000e+00 
9.935897435897436125e-01 9.935897435897436125e-01 9.904458598726114671e-01 9.904458598726114671e-01 9.904458598726114671e-01 9.904458598726114671e-01 9.904458598726114671e-01 9.904458598726114671e-01 9.904458598726114671e-01 9.904458598726114671e-01 9.904458598726114671e-01 9.873015873015873467e-01 9.873015873015873467e-01 9.873417721518987777e-01 9.873817034700315132e-01 9.873817034700315132e-01 9.873817034700315132e-01 9.874608150470219892e-01 9.875000000000000444e-01 9.935897435897436125e-01 9.935897435897436125e-01 9.967741935483871440e-01 9.967741935483871440e-01 9.967741935483871440e-01 9.967741935483871440e-01 9.967741935483871440e-01 9.967741935483871440e-01 9.967741935483871440e-01 9.967741935483871440e-01 9.967741935483871440e-01 1.000000000000000000e+00 1.000000000000000000e+00 1.000000000000000000e+00 1.000000000000000000e+00 1.000000000000000000e+00 1.000000000000000000e+00 1.000000000000000000e+00 1.000000000000000000e+00 
9.935897435897436125e-01 9.935897435897436125e-01 9.904458598726114671e-01 9.904458598726114671e-01 9.904458598726114671e-01 9.904458598726114671e-01 9.904458598726114671e-01 9.904458598726114671e-01 9.904458598726114671e-01 9.904458598726114671e-01 9.904458598726114671e-01 9.873015873015873467e-01 9.873015873015873467e-01 9.873417721518987777e-01 9.873817034700315132e-01 9.873817034700315132e-01 9.873817034700315132e-01 9.875000000000000444e-01 9.875000000000000444e-01 9.935897435897436125e-01 9.935897435897436125e-01 9.967741935483871440e-01 9.967741935483871440e-01 9.967741935483871440e-01 9.967741935483871440e-01 9.967741935483871440e-01 9.967741935483871440e-01 9.967741935483871440e-01 9.967741935483871440e-01 9.967741935483871440e-01 1.000000000000000000e+00 1.000000000000000000e+00 1.000000000000000000e+00 1.000000000000000000e+00 1.000000000000000000e+00 1.000000000000000000e+00 1.000000000000000000e+00 1.000000000000000000e+00 
9.935897435897436125e-01 9.935897435897436125e-01 9.904458598726114671e-01 9.904458598726114671e-01 9.904458598726114671e-01 9.904458598726114671e-01 9.904458598726114671e-01 9.904458598726114671e-01 9.904458598726114671e-01 9.904458598726114671e-01 9.904458598726114671e-01 9.873015873015873467e-01 9.873417721518987777e-01 9.873417721518987777e-01 9.873817034700315132e-01 9.873817034700315132e-01 9.873817034700315132e-01 9.875000000000000444e-01 9.875000000000000444e-01 9.935897435897436125e-01 9.935897435897436125e-01 9.967741935483871440e-01 9.967741935483871440e-01 9.967741935483871440e-01 9.967741935483871440e-01 9.967741935483871440e-01 9.967741935483871440e-01 9.967741935483871440e-01 9.967741935483871440e-01 9.967741935483871440e-01 1.000000000000000000e+00 1.000000000000000000e+00 1.000000000000000000e+00 1.000000000000000000e+00 1.000000000000000000e+00 1.000000000000000000e+00 1.000000000000000000e+00 1.000000000000000000e+00 
9.935897435897436125e-01 9.935897435897436125e-01 9.904458598726114671e-01 9.904458598726114671e-01 9.904458598726114671e-01 9.904458598726114671e-01 9.904458598726114671e-01 9.904458598726114671e-01 9.904458598726114671e-01 9.904458598726114671e-01 9.904458598726114671e-01 9.873015873015873467e-01 9.873417721518987777e-01 9.873817034700315132e-01 9.873817034700315132e-01 9.873817034700315132e-01 9.873817034700315132e-01 9.875000000000000444e-01 9.875000000000000444e-01 9.935897435897436125e-01 9.935897435897436125e-01 9.967741935483871440e-01 9.967741935483871440e-01 9.967741935483871440e-01 9.967741935483871440e-01 9.967741935483871440e-01 9.967741935483871440e-01 9.967741935483871440e-01 9.967741935483871440e-01 9.967741935483871440e-01 1.000000000000000000e+00 1.000000000000000000e+00 1.000000000000000000e+00 1.000000000000000000e+00 1.000000000000000000e+00 1.000000000000000000e+00 1.000000000000000000e+00 1.000000000000000000e+00 
9.935897435897436125e-01 9.935897435897436125e-01 9.904458598726114671e-01 9.904458598726114671e-01 9.904458598726114671e-01 9.904458598726114671e-01 9.904458598726114671e-01 9.904458598726114671e-01 9.904458598726114671e-01 9.904458598726114671e-01 9.904458598726114671e-01 9.873015873015873467e-01 9.873417721518987777e-01 9.873817034700315132e-01 9.873817034700315132e-01 9.873817034700315132e-01 9.873817034700315132e-01 9.875000000000000444e-01 9.875000000000000444e-01 9.935897435897436125e-01 9.935897435897436125e-01 9.967741935483871440e-01 9.967741935483871440e-01 9.967741935483871440e-01 9.967741935483871440e-01 9.967741935483871440e-01 9.967741935483871440e-01 9.967741935483871440e-01 9.967741935483871440e-01 9.967741935483871440e-01 1.000000000000000000e+00 1.000000000000000000e+00 1.000000000000000000e+00 1.000000000000000000e+00 1.000000000000000000e+00 1.000000000000000000e+00 1.000000000000000000e+00 1.000000000000000000e+00 
9.935897435897436125e-01 9.935897435897436125e-01 9.904458598726114671e-01 9.904458598726114671e-01 9.904458598726114671e-01 9.904458598726114671e-01 9.904458598726114671e-01 9.904458598726114671e-01 9.904458598726114671e-01 9.904458598726114671e-01 9.904458598726114671e-01 9.873015873015873467e-01 9.873417721518987777e-01 9.873817034700315132e-01 9.873817034700315132e-01 9.873817034700315132e-01 9.873817034700315132e-01 9.875000000000000444e-01 9.875000000000000444e-01 9.935897435897436125e-01 9.935897435897436125e-01 9.967741935483871440e-01 9.967741935483871440e-01 9.967741935483871440e-01 9.967741935483871440e-01 9.967741935483871440e-01 9.967741935483871440e-01 9.967741935483871440e-01 9.967741935483871440e-01 9.967741935483871440e-01 1.000000000000000000e+00 1.000000000000000000e+00 1.000000000000000000e+00 1.000000000000000000e+00 1.000000000000000000e+00 1.000000000000000000e+00 1.000000000000000000e+00 1.000000000000000000e+00 
9.935897435897436125e-01 9.935897435897436125e-01 9.904458598726114671e-01 9.904458598726114671e-01 9.904458598726114671e-01 9.904458598726114671e-01 9.904458598726114671e-01 9.904458598726114671e-01 9.904458598726114671e-01 9.904458598726114671e-01 9.904458598726114671e-01 9.904458598726114671e-01 9.873015873015873467e-01 9.873817034700315132e-01 9.873817034700315132e-01 9.873817034700315132e-01 9.873817034700315132e-01 9.874608150470219892e-01 9.875000000000000444e-01 9.935897435897436125e-01 9.935897435897436125e-01 9.967741935483871440e-01 9.967741935483871440e-01 9.967741935483871440e-01 9.967741935483871440e-01 9.967741935483871440e-01 9.967741935483871440e-01 9.967741935483871440e-01 9.967741935483871440e-01 9.967741935483871440e-01 9.967741935483871440e-01 1.000000000000000000e+00 1.000000000000000000e+00 1.000000000000000000e+00 1.000000000000000000e+00 1.000000000000000000e+00 1.000000000000000000e+00 1.000000000000000000e+00 
9.935897435897436125e-01 9.935897435897436125e-01 9.904458598726114671e-01 9.904458598726114671e-01 9.904458598726114671e-01 9.904458598726114671e-01 9.904458598726114671e-01 9.904458598726114671e-01 9.904458598726114671e-01 9.904458598726114671e-01 9.904458598726114671e-01 9.904458598726114671e-01 9.873015873015873467e-01 9.873817034700315132e-01 9.873817034700315132e-01 9.873817034700315132e-01 9.873817034700315132e-01 9.874608150470219892e-01 9.875000000000000444e-01 9.935897435897436125e-01 9.935897435897436125e-01 9.967741935483871440e-01 9.967741935483871440e-01 9.967741935483871440e-01 9.967741935483871440e-01 9.967741935483871440e-01 9.967741935483871440e-01 9.967741935483871440e-01 9.967741935483871440e-01 9.967741935483871440e-01 9.967741935483871440e-01 1.000000000000000000e+00 1.000000000000000000e+00 1.000000000000000000e+00 1.000000000000000000e+00 1.000000000000000000e+00 1.000000000000000000e+00 1.000000000000000000e+00 
9.935897435897436125e-01 9.935897435897436125e-01 9.904458598726114671e-01 9.904458598726114671e-01 9.904458598726114671e-01 9.904458598726114671e-01 9.904458598726114671e-01 9.904458598726114671e-01 9.904458598726114671e-01 9.904458598726114671e-01 9.904458598726114671e-01 9.904458598726114671e-01 9.873015873015873467e-01 9.873817034700315132e-01 9.873817034700315132e-01 9.873817034700315132e-01 9.873817034700315132e-01 9.874213836477987449e-01 9.875000000000000444e-01 9.935897435897436125e-01 9.935897435897436125e-01 9.967741935483871440e-01 9.967741935483871440e-01 9.967741935483871440e-01 9.967741935483871440e-01 9.967741935483871440e-01 9.967741935483871440e-01 9.967741935483871440e-01 9.967741935483871440e-01 9.967741935483871440e-01 9.967741935483871440e-01 1.000000000000000000e+00 1.000000000000000000e+00 1.000000000000000000e+00 1.000000000000000000e+00 1.000000000000000000e+00 1.000000000000000000e+00 1.000000000000000000e+00 
9.935897435897436125e-01 9.935897435897436125e-01 9.904458598726114671e-01 9.904458598726114671e-01 9.904458598726114671e-01 9.904458598726114671e-01 9.904458598726114671e-01 9.904458598726114671e-01 9.904458598726114671e-01 9.904458598726114671e-01 9.904458598726114671e-01 9.904458598726114671e-01 9.873015873015873467e-01 9.873817034700315132e-01 9.873817034700315132e-01 9.873817034700315132e-01 9.873817034700315132e-01 9.874213836477987449e-01 9.875000000000000444e-01 9.935897435897436125e-01 9.935897435897436125e-01 9.967741935483871440e-01 9.967741935483871440e-01 9.967741935483871440e-01 9.967741935483871440e-01 9.967741935483871440e-01 9.967741935483871440e-01 9.967741935483871440e-01 9.967741935483871440e-01 9.967741935483871440e-01 9.967741935483871440e-01 1.000000000000000000e+00 1.000000000000000000e+00 1.000000000000000000e+00 1.000000000000000000e+00 1.000000000000000000e+00 1.000000000000000000e+00 1.000000000000000000e+00 
9.935897435897436125e-01 9.936102236421725520e-01 9.904458598726114671e-01 9.904458598726114671e-01 9.904458598726114671e-01 9.904458598726114671e-01 9.904458598726114671e-01 9.904458598726114671e-01 9.904458598726114671e-01 9.904458598726114671e-01 9.904458598726114671e-01 9.904458598726114671e-01 9.873015873015873467e-01 9.873817034700315132e-01 9.873817034700315132e-01 9.873817034700315132e-01 9.873817034700315132e-01 9.874213836477987449e-01 9.875000000000000444e-01 9.935897435897436125e-01 9.935691318327973809e-01 9.967741935483871440e-01 9.967741935483871440e-01 9.967741935483871440e-01 9.967741935483871440e-01 9.967741935483871440e-01 9.967741935483871440e-01 9.967741935483871440e-01 9.967741935483871440e-01 9.967741935483871440e-01 9.967741935483871440e-01 1.000000000000000000e+00 1.000000000000000000e+00 1.000000000000000000e+00 1.000000000000000000e+00 1.000000000000000000e+00 1.000000000000000000e+00 1.000000000000000000e+00 
9.935897435897436125e-01 9.936102236421725520e-01 9.904458598726114671e-01 9.904458598726114671e-01 9.904458598726114671e-01 9.904458598726114671e-01 9.904458598726114671e-01 9.904458598726114671e-01 9.904458598726114671e-01 9.904458598726114671e-01 9.904458598726114671e-01 9.904458598726114671e-01 9.873417721518987777e-01 9.873817034700315132e-01 9.873817034700315132e-01 9.873817034700315132e-01 9.873817034700315132e-01 9.874608150470219892e-01 9.875000000000000444e-01 9.935897435897436125e-01 9.935691318327973809e-01 9.967741935483871440e-01 9.967741935483871440e-01 9.967741935483871440e-01 9.967741935483871440e-01 9.967741935483871440e-01 9.967741935483871440e-01 9.967741935483871440e-01 9.967741935483871440e-01 9.967741935483871440e-01 9.967741935483871440e-01 1.000000000000000000e+00 1.000000000000000000e+00 1.000000000000000000e+00 1.000000000000000000e+00 1.000000000000000000e+00 1.000000000000000000e+00 1.000000000000000000e+00 
9.935897435897436125e-01 9.936102236421725520e-01 9.904458598726114671e-01 9.904458598726114671e-01 9.904458598726114671e-01 9.904458598726114671e-01 9.904458598726114671e-01 9.904458598726114671e-01 9.904458598726114671e-01 9.904458598726114671e-01 9.904458598726114671e-01 9.904458598726114671e-01 9.873417721518987777e-01 9.873817034700315132e-01 9.873817034700315132e-01 9.873817034700315132e-01 9.873817034700315132e-01 9.874608150470219892e-01 9.875000000000000444e-01 9.935897435897436125e-01 9.935691318327973809e-01 9.967741935483871440e-01 9.967741935483871440e-01 9.967741935483871440e-01 9.967741935483871440e-01 9.967741935483871440e-01 9.967741935483871440e-01 9.967741935483871440e-01 9.967741935483871440e-01 9.967741935483871440e-01 9.967741935483871440e-01 1.000000000000000000e+00 1.000000000000000000e+00 1.000000000000000000e+00 1.000000000000000000e+00 1.000000000000000000e+00 1.000000000000000000e+00 1.000000000000000000e+00 
9.935897435897436125e-01 9.936102236421725520e-01 9.904458598726114671e-01 9.904458598726114671e-01 9.904458598726114671e-01 9.904458598726114671e-01 9.904458598726114671e-01 9.904458598726114671e-01 9.904458598726114671e-01 9.904458598726114671e-01 9.904458598726114671e-01 9.904458598726114671e-01 9.873417721518987777e-01 9.873817034700315132e-01 9.873817034700315132e-01 9.873817034700315132e-01 9.873817034700315132e-01 9.874608150470219892e-01 9.875000000000000444e-01 9.935897435897436125e-01 9.935691318327973809e-01 9.967741935483871440e-01 9.967741935483871440e-01 9.967741935483871440e-01 9.967741935483871440e-01 9.967741935483871440e-01 9.967741935483871440e-01 9.967741935483871440e-01 9.967741935483871440e-01 9.967741935483871440e-01 9.967741935483871440e-01 1.000000000000000000e+00 1.000000000000000000e+00 1.000000000000000000e+00 1.000000000000000000e+00 1.000000000000000000e+00 1.000000000000000000e+00 1.000000000000000000e+00 
9.935897435897436125e-01 9.936102236421725520e-01 9.904458598726114671e-01 9.904458598726114671e-01 9.904458598726114671e-01 9.904458598726114671e-01 9.904458598726114671e-01 9.904458598726114671e-01 9.904458598726114671e-01 9.904458598726114671e-01 9.904458598726114671e-01 9.904458598726114671e-01 9.873417721518987777e-01 9.873817034700315132e-01 9.873817034700315132e-01 9.873817034700315132e-01 9.873817034700315132e-01 9.874608150470219892e-01 9.875000000000000444e-01 9.935897435897436125e-01 9.935691318327973809e-01 9.967741935483871440e-01 9.967741935483871440e-01 9.967741935483871440e-01 9.967741935483871440e-01 9.967741935483871440e-01 9.967741935483871440e-01 9.967741935483871440e-01 9.967741935483871440e-01 9.967741935483871440e-01 9.967741935483871440e-01 1.000000000000000000e+00 1.000000000000000000e+00 1.000000000000000000e+00 1.000000000000000000e+00 1.000000000000000000e+00 1.000000000000000000e+00 1.000000000000000000e+00 
9.935897435897436125e-01 9.936102236421725520e-01 9.904458598726114671e-01 9.904458598726114671e-01 9.904458598726114671e-01 9.904458598726114671e-01 9.904458598726114671e-01 9.904458598726114671e-01 9.904458598726114671e-01 9.904458598726114671e-01 9.904458598726114671e-01 9.904458598726114671e-01 9.873817034700315132e-01 9.873817034700315132e-01 9.873817034700315132e-01 9.873817034700315132e-01 9.873817034700315132e-01 9.874608150470219892e-01 9.875000000000000444e-01 9.935897435897436125e-01 9.935691318327973809e-01 9.967741935483871440e-01 9.967741935483871440e-01 9.967741935483871440e-01 9.967741935483871440e-01 9.967741935483871440e-01 9.967741935483871440e-01 9.967741935483871440e-01 9.967741935483871440e-01 9.967741935483871440e-01 9.967741935483871440e-01 1.000000000000000000e+00 1.000000000000000000e+00 1.000000000000000000e+00 1.000000000000000000e+00 1.000000000000000000e+00 1.000000000000000000e+00 1.000000000000000000e+00 
9.935897435897436125e-01 9.936102236421725520e-01 9.904458598726114671e-01 9.904458598726114671e-01 9.904458598726114671e-01 9.904458598726114671e-01 9.904458598726114671e-01 9.904458598726114671e-01 9.904458598726114671e-01 9.904458598726114671e-01 9.904458598726114671e-01 9.904458598726114671e-01 9.873817034700315132e-01 9.873817034700315132e-01 9.873817034700315132e-01 9.873817034700315132e-01 9.873817034700315132e-01 9.874608150470219892e-01 9.875000000000000444e-01 9.935897435897436125e-01 9.935691318327973809e-01 9.967741935483871440e-01 9.967741935483871440e-01 9.967741935483871440e-01 9.967741935483871440e-01 9.967741935483871440e-01 9.967741935483871440e-01 9.967741935483871440e-01 9.967741935483871440e-01 9.967741935483871440e-01 9.967741935483871440e-01 1.000000000000000000e+00 1.000000000000000000e+00 1.000000000000000000e+00 1.000000000000000000e+00 1.000000000000000000e+00 1.000000000000000000e+00 1.000000000000000000e+00 
9.935897435897436125e-01 9.936102236421725520e-01 9.904458598726114671e-01 9.904458598726114671e-01 9.904458598726114671e-01 9.904458598726114671e-01 9.904458598726114671e-01 9.904458598726114671e-01 9.904458598726114671e-01 9.904458598726114671e-01 9.904458598726114671e-01 9.904761904761905100e-01 9.873817034700315132e-01 9.873817034700315132e-01 9.873817034700315132e-01 9.873817034700315132e-01 9.873817034700315132e-01 9.874608150470219892e-01 9.875000000000000444e-01 9.935897435897436125e-01 9.935691318327973809e-01 9.967741935483871440e-01 9.967741935483871440e-01 9.967741935483871440e-01 9.967741935483871440e-01 9.967741935483871440e-01 9.967741935483871440e-01 9.967741935483871440e-01 9.967741935483871440e-01 9.967741935483871440e-01 9.967637540453074818e-01 1.000000000000000000e+00 1.000000000000000000e+00 1.000000000000000000e+00 1.000000000000000000e+00 1.000000000000000000e+00 1.000000000000000000e+00 1.000000000000000000e+00 
9.935897435897436125e-01 9.936102236421725520e-01 9.904458598726114671e-01 9.904458598726114671e-01 9.904458598726114671e-01 9.904458598726114671e-01 9.904458598726114671e-01 9.904458598726114671e-01 9.904458598726114671e-01 9.904458598726114671e-01 9.904458598726114671e-01 9.904761904761905100e-01 9.873817034700315132e-01 9.873817034700315132e-01 9.873817034700315132e-01 9.873817034700315132e-01 9.873817034700315132e-01 9.874608150470219892e-01 9.875000000000000444e-01 9.935897435897436125e-01 9.935691318327973809e-01 9.967741935483871440e-01 9.967741935483871440e-01 9.967741935483871440e-01 9.967741935483871440e-01 9.967741935483871440e-01 9.967741935483871440e-01 9.967741935483871440e-01 9.967741935483871440e-01 9.967741935483871440e-01 9.967637540453074818e-01 1.000000000000000000e+00 1.000000000000000000e+00 1.000000000000000000e+00 1.000000000000000000e+00 1.000000000000000000e+00 1.000000000000000000e+00 1.000000000000000000e+00 
9.935897435897436125e-01 9.936102236421725520e-01 9.904458598726114671e-01 9.904458598726114671e-01 9.904458598726114671e-01 9.904458598726114671e-01 9.904458598726114671e-01 9.904458598726114671e-01 9.904458598726114671e-01 9.904458598726114671e-01 9.904458598726114671e-01 9.904458598726114671e-01 9.873817034700315132e-01 9.873817034700315132e-01 9.873817034700315132e-01 9.873817034700315132e-01 9.873817034700315132e-01 9.874608150470219892e-01 9.875000000000000444e-01 9.935897435897436125e-01 9.935691318327973809e-01 9.967741935483871440e-01 9.967741935483871440e-01 9.967741935483871440e-01 9.967741935483871440e-01 9.967741935483871440e-01 9.967741935483871440e-01 9.967741935483871440e-01 9.967741935483871440e-01 9.967741935483871440e-01 9.967741935483871440e-01 1.000000000000000000e+00 1.000000000000000000e+00 1.000000000000000000e+00 1.000000000000000000e+00 1.000000000000000000e+00 1.000000000000000000e+00 1.000000000000000000e+00 
9.935897435897436125e-01 9.936102236421725520e-01 9.904458598726114671e-01 9.904458598726114671e-01 9.904458598726114671e-01 9.904458598726114671e-01 9.904458598726114671e-01 9.904458598726114671e-01 9.904458598726114671e-01 9.904458598726114671e-01 9.904458598726114671e-01 9.904761904761905100e-01 9.873817034700315132e-01 9.873817034700315132e-01 9.873817034700315132e-01 9.873817034700315132e-01 9.873817034700315132e-01 9.874608150470219892e-01 9.875000000000000444e-01 9.935897435897436125e-01 9.935691318327973809e-01 9.967741935483871440e-01 9.967741935483871440e-01 9.967741935483871440e-01 9.967741935483871440e-01 9.967741935483871440e-01 9.967741935483871440e-01 9.967741935483871440e-01 9.967741935483871440e-01 9.967741935483871440e-01 9.967637540453074818e-01 1.000000000000000000e+00 1.000000000000000000e+00 1.000000000000000000e+00 1.000000000000000000e+00 1.000000000000000000e+00 1.000000000000000000e+00 1.000000000000000000e+00 
9.935897435897436125e-01 9.936102236421725520e-01 9.904458598726114671e-01 9.904458598726114671e-01 9.904458598726114671e-01 9.904458598726114671e-01 9.904458598726114671e-01 9.904458598726114671e-01 9.904458598726114671e-01 9.904458598726114671e-01 9.904458598726114671e-01 9.904761904761905100e-01 9.873817034700315132e-01 9.873817034700315132e-01 9.873817034700315132e-01 9.873817034700315132e-01 9.873817034700315132e-01 9.874608150470219892e-01 9.875000000000000444e-01 9.935897435897436125e-01 9.935691318327973809e-01 9.967741935483871440e-01 9.967741935483871440e-01 9.967741935483871440e-01 9.967741935483871440e-01 9.967741935483871440e-01 9.967741935483871440e-01 9.967741935483871440e-01 9.967741935483871440e-01 9.967741935483871440e-01 9.967637540453074818e-01 1.000000000000000000e+00 1.000000000000000000e+00 1.000000000000000000e+00 1.000000000000000000e+00 1.000000000000000000e+00 1.000000000000000000e+00 1.000000000000000000e+00 
9.935897435897436125e-01 9.936102236421725520e-01 9.904458598726114671e-01 9.904458598726114671e-01 9.904458598726114671e-01 9.904458598726114671e-01 9.904458598726114671e-01 9.904458598726114671e-01 9.904458598726114671e-01 9.904458598726114671e-01 9.904458598726114671e-01 9.904761904761905100e-01 9.873817034700315132e-01 9.873817034700315132e-01 9.873817034700315132e-01 9.873817034700315132e-01 9.873817034700315132e-01 9.874608150470219892e-01 9.875000000000000444e-01 9.935897435897436125e-01 9.935691318327973809e-01 9.967741935483871440e-01 9.967741935483871440e-01 9.967741935483871440e-01 9.967741935483871440e-01 9.967741935483871440e-01 9.967741935483871440e-01 9.967741935483871440e-01 9.967741935483871440e-01 9.967741935483871440e-01 9.967637540453074818e-01 1.000000000000000000e+00 1.000000000000000000e+00 1.000000000000000000e+00 1.000000000000000000e+00 1.000000000000000000e+00 1.000000000000000000e+00 1.000000000000000000e+00 
9.935897435897436125e-01 9.936102236421725520e-01 9.904458598726114671e-01 9.904458598726114671e-01 9.904458598726114671e-01 9.904458598726114671e-01 9.904458598726114671e-01 9.904458598726114671e-01 9.904458598726114671e-01 9.904458598726114671e-01 9.904458598726114671e-01 9.904458598726114671e-01 9.873817034700315132e-01 9.873817034700315132e-01 9.873817034700315132e-01 9.873817034700315132e-01 9.873817034700315132e-01 9.874608150470219892e-01 9.875000000000000444e-01 9.935897435897436125e-01 9.935691318327973809e-01 9.967741935483871440e-01 9.967741935483871440e-01 9.967741935483871440e-01 9.967741935483871440e-01 9.967741935483871440e-01 9.967741935483871440e-01 9.967741935483871440e-01 9.967741935483871440e-01 9.967741935483871440e-01 9.967741935483871440e-01 1.000000000000000000e+00 1.000000000000000000e+00 1.000000000000000000e+00 1.000000000000000000e+00 1.000000000000000000e+00 1.000000000000000000e+00 1.000000000000000000e+00 
9.935897435897436125e-01 9.936102236421725520e-01 9.904458598726114671e-01 9.904458598726114671e-01 9.904458598726114671e-01 9.904458598726114671e-01 9.904458598726114671e-01 9.904458598726114671e-01 9.904458598726114671e-01 9.904458598726114671e-01 9.904458598726114671e-01 9.904761904761905100e-01 9.873817034700315132e-01 9.873817034700315132e-01 9.873817034700315132e-01 9.873817034700315132e-01 9.873817034700315132e-01 9.874608150470219892e-01 9.875000000000000444e-01 9.935897435897436125e-01 9.935691318327973809e-01 9.967741935483871440e-01 9.967741935483871440e-01 9.967741935483871440e-01 9.967741935483871440e-01 9.967741935483871440e-01 9.967741935483871440e-01 9.967741935483871440e-01 9.967741935483871440e-01 9.967741935483871440e-01 9.967637540453074818e-01 1.000000000000000000e+00 1.000000000000000000e+00 1.000000000000000000e+00 1.000000000000000000e+00 1.000000000000000000e+00 1.000000000000000000e+00 1.000000000000000000e+00 
9.935897435897436125e-01 9.936102236421725520e-01 9.904458598726114671e-01 9.904458598726114671e-01 9.904458598726114671e-01 9.904458598726114671e-01 9.904458598726114671e-01 9.904458598726114671e-01 9.904458598726114671e-01 9.904458598726114671e-01 9.904458598726114671e-01 9.904761904761905100e-01 9.873817034700315132e-01 9.873817034700315132e-01 9.873817034700315132e-01 9.873817034700315132e-01 9.873817034700315132e-01 9.874608150470219892e-01 9.875000000000000444e-01 9.935897435897436125e-01 9.935691318327973809e-01 9.967741935483871440e-01 9.967741935483871440e-01 9.967741935483871440e-01 9.967741935483871440e-01 9.967741935483871440e-01 9.967741935483871440e-01 9.967741935483871440e-01 9.967741935483871440e-01 9.967741935483871440e-01 9.967637540453074818e-01 1.000000000000000000e+00 1.000000000000000000e+00 1.000000000000000000e+00 1.000000000000000000e+00 1.000000000000000000e+00 1.000000000000000000e+00 1.000000000000000000e+00 
9.935897435897436125e-01 9.936102236421725520e-01 9.904458598726114671e-01 9.904458598726114671e-01 9.904458598726114671e-01 9.904458598726114671e-01 9.904458598726114671e-01 9.904458598726114671e-01 9.904458598726114671e-01 9.904458598726114671e-01 9.904458598726114671e-01 9.904458598726114671e-01 9.905063291139240000e-01 9.873817034700315132e-01 9.873817034700315132e-01 9.873817034700315132e-01 9.873817034700315132e-01 9.874608150470219892e-01 9.875000000000000444e-01 9.935897435897436125e-01 9.935691318327973809e-01 9.967741935483871440e-01 9.967741935483871440e-01 9.967741935483871440e-01 9.967741935483871440e-01 9.967741935483871440e-01 9.967741935483871440e-01 9.967741935483871440e-01 9.967741935483871440e-01 9.967741935483871440e-01 9.967741935483871440e-01 9.967532467532467244e-01 1.000000000000000000e+00 1.000000000000000000e+00 1.000000000000000000e+00 1.000000000000000000e+00 1.000000000000000000e+00 1.000000000000000000e+00 
9.935897435897436125e-01 9.936102236421725520e-01 9.904458598726114671e-01 9.904458598726114671e-01 9.904458598726114671e-01 9.904458598726114671e-01 9.904458598726114671e-01 9.904458598726114671e-01 9.904458598726114671e-01 9.904458598726114671e-01 9.904458598726114671e-01 9.904458598726114671e-01 9.905063291139240000e-01 9.873817034700315132e-01 9.873817034700315132e-01 9.873817034700315132e-01 9.873817034700315132e-01 9.874608150470219892e-01 9.875000000000000444e-01 9.935897435897436125e-01 9.935691318327973809e-01 9.967741935483871440e-01 9.967741935483871440e-01 9.967741935483871440e-01 9.967741935483871440e-01 9.967741935483871440e-01 9.967741935483871440e-01 9.967741935483871440e-01 9.967741935483871440e-01 9.967741935483871440e-01 9.967741935483871440e-01 9.967532467532467244e-01 1.000000000000000000e+00 1.000000000000000000e+00 1.000000000000000000e+00 1.000000000000000000e+00 1.000000000000000000e+00 1.000000000000000000e+00 
9.935897435897436125e-01 9.936102236421725520e-01 9.904458598726114671e-01 9.904458598726114671e-01 9.904458598726114671e-01 9.904458598726114671e-01 9.904458598726114671e-01 9.904458598726114671e-01 9.904458598726114671e-01 9.904458598726114671e-01 9.904458598726114671e-01 9.905063291139240000e-01 9.905063291139240000e-01 9.873817034700315132e-01 9.873817034700315132e-01 9.873817034700315132e-01 9.873817034700315132e-01 9.874608150470219892e-01 9.875000000000000444e-01 9.935897435897436125e-01 9.935691318327973809e-01 9.967741935483871440e-01 9.967741935483871440e-01 9.967741935483871440e-01 9.967741935483871440e-01 9.967741935483871440e-01 9.967741935483871440e-01 9.967741935483871440e-01 9.967741935483871440e-01 9.967741935483871440e-01 9.967532467532467244e-01 9.967532467532467244e-01 1.000000000000000000e+00 1.000000000000000000e+00 1.000000000000000000e+00 1.000000000000000000e+00 1.000000000000000000e+00 1.000000000000000000e+00 
9.935897435897436125e-01 9.936102236421725520e-01 9.904458598726114671e-01 9.904458598726114671e-01 9.904458598726114671e-01 9.904458598726114671e-01 9.904458598726114671e-01 9.904458598726114671e-01 9.904458598726114671e-01 9.904458598726114671e-01 9.904458598726114671e-01 9.904761904761905100e-01 9.905063291139240000e-01 9.873817034700315132e-01 9.873817034700315132e-01 9.873817034700315132e-01 9.873817034700315132e-01 9.874608150470219892e-01 9.875000000000000444e-01 9.935897435897436125e-01 9.935691318327973809e-01 9.967741935483871440e-01 9.967741935483871440e-01 9.967741935483871440e-01 9.967741935483871440e-01 9.967741935483871440e-01 9.967741935483871440e-01 9.967741935483871440e-01 9.967741935483871440e-01 9.967741935483871440e-01 9.967637540453074818e-01 9.967532467532467244e-01 1.000000000000000000e+00 1.000000000000000000e+00 1.000000000000000000e+00 1.000000000000000000e+00 1.000000000000000000e+00 1.000000000000000000e+00 
9.935897435897436125e-01 9.936102236421725520e-01 9.904458598726114671e-01 9.904458598726114671e-01 9.904458598726114671e-01 9.904458598726114671e-01 9.904458598726114671e-01 9.904458598726114671e-01 9.904458598726114671e-01 9.904458598726114671e-01 9.904458598726114671e-01 9.905063291139240000e-01 9.905063291139240000e-01 9.873817034700315132e-01 9.873817034700315132e-01 9.873817034700315132e-01 9.873817034700315132e-01 9.874608150470219892e-01 9.875000000000000444e-01 9.935897435897436125e-01 9.935691318327973809e-01 9.967741935483871440e-01 9.967741935483871440e-01 9.967741935483871440e-01 9.967741935483871440e-01 9.967741935483871440e-01 9.967741935483871440e-01 9.967741935483871440e-01 9.967741935483871440e-01 9.967741935483871440e-01 9.967532467532467244e-01 9.967532467532467244e-01 1.000000000000000000e+00 1.000000000000000000e+00 1.000000000000000000e+00 1.000000000000000000e+00 1.000000000000000000e+00 1.000000000000000000e+00 
9.935897435897436125e-01 9.936102236421725520e-01 9.904458598726114671e-01 9.904458598726114671e-01 9.904458598726114671e-01 9.904458598726114671e-01 9.904458598726114671e-01 9.904458598726114671e-01 9.904458598726114671e-01 9.904458598726114671e-01 9.904458598726114671e-01 9.905063291139240000e-01 9.905063291139240000e-01 9.873817034700315132e-01 9.873817034700315132e-01 9.873817034700315132e-01 9.873817034700315132e-01 9.874608150470219892e-01 9.875000000000000444e-01 9.935897435897436125e-01 9.935691318327973809e-01 9.967741935483871440e-01 9.967741935483871440e-01 9.967741935483871440e-01 9.967741935483871440e-01 9.967741935483871440e-01 9.967741935483871440e-01 9.967741935483871440e-01 9.967741935483871440e-01 9.967741935483871440e-01 9.967532467532467244e-01 9.967532467532467244e-01 1.000000000000000000e+00 1.000000000000000000e+00 1.000000000000000000e+00 1.000000000000000000e+00 1.000000000000000000e+00 1.000000000000000000e+00 
9.935897435897436125e-01 9.936102236421725520e-01 9.904458598726114671e-01 9.904458598726114671e-01 9.904458598726114671e-01 9.904458598726114671e-01 9.904458598726114671e-01 9.904458598726114671e-01 9.904458598726114671e-01 9.904458598726114671e-01 9.904458598726114671e-01 9.905063291139240000e-01 9.905063291139240000e-01 9.873817034700315132e-01 9.873817034700315132e-01 9.873817034700315132e-01 9.873817034700315132e-01 9.874608150470219892e-01 9.875000000000000444e-01 9.935897435897436125e-01 9.935691318327973809e-01 9.967741935483871440e-01 9.967741935483871440e-01 9.967741935483871440e-01 9.967741935483871440e-01 9.967741935483871440e-01 9.967741935483871440e-01 9.967741935483871440e-01 9.967741935483871440e-01 9.967741935483871440e-01 9.967532467532467244e-01 9.967532467532467244e-01 1.000000000000000000e+00 1.000000000000000000e+00 1.000000000000000000e+00 1.000000000000000000e+00 1.000000000000000000e+00 1.000000000000000000e+00 
9.935897435897436125e-01 9.936102236421725520e-01 9.904458598726114671e-01 9.904458598726114671e-01 9.904458598726114671e-01 9.904458598726114671e-01 9.904458598726114671e-01 9.904458598726114671e-01 9.904458598726114671e-01 9.904458598726114671e-01 9.904458598726114671e-01 9.905063291139240000e-01 9.905063291139240000e-01 9.873817034700315132e-01 9.873817034700315132e-01 9.873817034700315132e-01 9.873817034700315132e-01 9.874213836477987449e-01 9.875000000000000444e-01 9.935897435897436125e-01 9.935691318327973809e-01 9.967741935483871440e-01 9.967741935483871440e-01 9.967741935483871440e-01 9.967741935483871440e-01 9.967741935483871440e-01 9.967741935483871440e-01 9.967741935483871440e-01 9.967741935483871440e-01 9.967741935483871440e-01 9.967532467532467244e-01 9.967532467532467244e-01 1.000000000000000000e+00 1.000000000000000000e+00 1.000000000000000000e+00 1.000000000000000000e+00 1.000000000000000000e+00 1.000000000000000000e+00 
9.935897435897436125e-01 9.936102236421725520e-01 9.904458598726114671e-01 9.904458598726114671e-01 9.904458598726114671e-01 9.904458598726114671e-01 9.904458598726114671e-01 9.904458598726114671e-01 9.904458598726114671e-01 9.904458598726114671e-01 9.904458598726114671e-01 9.905063291139240000e-01 9.905063291139240000e-01 9.873817034700315132e-01 9.873817034700315132e-01 9.873817034700315132e-01 9.873817034700315132e-01 9.874213836477987449e-01 9.875000000000000444e-01 9.935897435897436125e-01 9.935691318327973809e-01 9.967741935483871440e-01 9.967741935483871440e-01 9.967741935483871440e-01 9.967741935483871440e-01 9.967741935483871440e-01 9.967741935483871440e-01 9.967741935483871440e-01 9.967741935483871440e-01 9.967741935483871440e-01 9.967532467532467244e-01 9.967532467532467244e-01 1.000000000000000000e+00 1.000000000000000000e+00 1.000000000000000000e+00 1.000000000000000000e+00 1.000000000000000000e+00 1.000000000000000000e+00 
9.936102236421725520e-01 9.936102236421725520e-01 9.904458598726114671e-01 9.904458598726114671e-01 9.904458598726114671e-01 9.904458598726114671e-01 9.904458598726114671e-01 9.904458598726114671e-01 9.904458598726114671e-01 9.904458598726114671e-01 9.904458598726114671e-01 9.905063291139240000e-01 9.905063291139240000e-01 9.873817034700315132e-01 9.873817034700315132e-01 9.873817034700315132e-01 9.873817034700315132e-01 9.874213836477987449e-01 9.875000000000000444e-01 9.935691318327973809e-01 9.935691318327973809e-01 9.967741935483871440e-01 9.967741935483871440e-01 9.967741935483871440e-01 9.967741935483871440e-01 9.967741935483871440e-01 9.967741935483871440e-01 9.967741935483871440e-01 9.967741935483871440e-01 9.967741935483871440e-01 9.967532467532467244e-01 9.967532467532467244e-01 1.000000000000000000e+00 1.000000000000000000e+00 1.000000000000000000e+00 1.000000000000000000e+00 1.000000000000000000e+00 1.000000000000000000e+00 
9.936102236421725520e-01 9.904458598726114671e-01 9.904458598726114671e-01 9.904458598726114671e-01 9.904458598726114671e-01 9.904458598726114671e-01 9.904458598726114671e-01 9.904458598726114671e-01 9.904458598726114671e-01 9.904458598726114671e-01 9.904458598726114671e-01 9.905063291139240000e-01 9.905063291139240000e-01 9.873817034700315132e-01 9.873817034700315132e-01 9.873817034700315132e-01 9.873817034700315132e-01 9.874213836477987449e-01 9.875000000000000444e-01 9.935691318327973809e-01 9.967741935483871440e-01 9.967741935483871440e-01 9.967741935483871440e-01 9.967741935483871440e-01 9.967741935483871440e-01 9.967741935483871440e-01 9.967741935483871440e-01 9.967741935483871440e-01 9.967741935483871440e-01 9.967741935483871440e-01 9.967532467532467244e-01 9.967532467532467244e-01 1.000000000000000000e+00 1.000000000000000000e+00 1.000000000000000000e+00 1.000000000000000000e+00 1.000000000000000000e+00 1.000000000000000000e+00 
9.936102236421725520e-01 9.936102236421725520e-01 9.904458598726114671e-01 9.904458598726114671e-01 9.904458598726114671e-01 9.904458598726114671e-01 9.904458598726114671e-01 9.904458598726114671e-01 9.904458598726114671e-01 9.904458598726114671e-01 9.904458598726114671e-01 9.904761904761905100e-01 9.905063291139240000e-01 9.873817034700315132e-01 9.873817034700315132e-01 9.873817034700315132e-01 9.873817034700315132e-01 9.873817034700315132e-01 9.875000000000000444e-01 9.935691318327973809e-01 9.935691318327973809e-01 9.967741935483871440e-01 9.967741935483871440e-01 9.967741935483871440e-01 9.967741935483871440e-01 9.967741935483871440e-01 9.967741935483871440e-01 9.967741935483871440e-01 9.967741935483871440e-01 9.967741935483871440e-01 9.967637540453074818e-01 9.967532467532467244e-01 1.000000000000000000e+00 1.000000000000000000e+00 1.000000000000000000e+00 1.000000000000000000e+00 1.000000000000000000e+00 1.000000000000000000e+00 
9.936102236421725520e-01 9.936102236421725520e-01 9.904458598726114671e-01 9.904458598726114671e-01 9.904458598726114671e-01 9.904458598726114671e-01 9.904458598726114671e-01 9.904458598726114671e-01 9.904458598726114671e-01 9.904458598726114671e-01 9.904458598726114671e-01 9.904761904761905100e-01 9.905063291139240000e-01 9.873817034700315132e-01 9.873817034700315132e-01 9.873817034700315132e-01 9.873817034700315132e-01 9.873817034700315132e-01 9.875000000000000444e-01 9.935691318327973809e-01 9.935691318327973809e-01 9.967741935483871440e-01 9.967741935483871440e-01 9.967741935483871440e-01 9.967741935483871440e-01 9.967741935483871440e-01 9.967741935483871440e-01 9.967741935483871440e-01 9.967741935483871440e-01 9.967741935483871440e-01 9.967637540453074818e-01 9.967532467532467244e-01 1.000000000000000000e+00 1.000000000000000000e+00 1.000000000000000000e+00 1.000000000000000000e+00 1.000000000000000000e+00 1.000000000000000000e+00 
9.936102236421725520e-01 9.936102236421725520e-01 9.904458598726114671e-01 9.904458598726114671e-01 9.904458598726114671e-01 9.904458598726114671e-01 9.904458598726114671e-01 9.904458598726114671e-01 9.904458598726114671e-01 9.904458598726114671e-01 9.904458598726114671e-01 9.905063291139240000e-01 9.905063291139240000e-01 9.873817034700315132e-01 9.873817034700315132e-01 9.873817034700315132e-01 9.873817034700315132e-01 9.873817034700315132e-01 9.875000000000000444e-01 9.935691318327973809e-01 9.935691318327973809e-01 9.967741935483871440e-01 9.967741935483871440e-01 9.967741935483871440e-01 9.967741935483871440e-01 9.967741935483871440e-01 9.967741935483871440e-01 9.967741935483871440e-01 9.967741935483871440e-01 9.967741935483871440e-01 9.967532467532467244e-01 9.967532467532467244e-01 1.000000000000000000e+00 1.000000000000000000e+00 1.000000000000000000e+00 1.000000000000000000e+00 1.000000000000000000e+00 1.000000000000000000e+00 
9.936102236421725520e-01 9.936102236421725520e-01 9.904458598726114671e-01 9.904458598726114671e-01 9.904458598726114671e-01 9.904458598726114671e-01 9.904458598726114671e-01 9.904458598726114671e-01 9.904458598726114671e-01 9.904458598726114671e-01 9.904458598726114671e-01 9.905063291139240000e-01 9.905063291139240000e-01 9.873817034700315132e-01 9.873817034700315132e-01 9.873817034700315132e-01 9.873817034700315132e-01 9.873817034700315132e-01 9.875000000000000444e-01 9.935691318327973809e-01 9.935691318327973809e-01 9.967741935483871440e-01 9.967741935483871440e-01 9.967741935483871440e-01 9.967741935483871440e-01 9.967741935483871440e-01 9.967741935483871440e-01 9.967741935483871440e-01 9.967741935483871440e-01 9.967741935483871440e-01 9.967532467532467244e-01 9.967532467532467244e-01 1.000000000000000000e+00 1.000000000000000000e+00 1.000000000000000000e+00 1.000000000000000000e+00 1.000000000000000000e+00 1.000000000000000000e+00 
9.936102236421725520e-01 9.936102236421725520e-01 9.904458598726114671e-01 9.904458598726114671e-01 9.904458598726114671e-01 9.904458598726114671e-01 9.904458598726114671e-01 9.904458598726114671e-01 9.904458598726114671e-01 9.904458598726114671e-01 9.904458598726114671e-01 9.905063291139240000e-01 9.905063291139240000e-01 9.873817034700315132e-01 9.873817034700315132e-01 9.873817034700315132e-01 9.873817034700315132e-01 9.873817034700315132e-01 9.875000000000000444e-01 9.935691318327973809e-01 9.935691318327973809e-01 9.967741935483871440e-01 9.967741935483871440e-01 9.967741935483871440e-01 9.967741935483871440e-01 9.967741935483871440e-01 9.967741935483871440e-01 9.967741935483871440e-01 9.967741935483871440e-01 9.967741935483871440e-01 9.967532467532467244e-01 9.967532467532467244e-01 1.000000000000000000e+00 1.000000000000000000e+00 1.000000000000000000e+00 1.000000000000000000e+00 1.000000000000000000e+00 1.000000000000000000e+00 
9.936102236421725520e-01 9.936102236421725520e-01 9.904458598726114671e-01 9.904458598726114671e-01 9.904458598726114671e-01 9.904458598726114671e-01 9.904458598726114671e-01 9.904458598726114671e-01 9.904458598726114671e-01 9.904458598726114671e-01 9.904458598726114671e-01 9.905063291139240000e-01 9.905063291139240000e-01 9.873817034700315132e-01 9.873817034700315132e-01 9.873817034700315132e-01 9.873817034700315132e-01 9.873817034700315132e-01 9.875000000000000444e-01 9.935691318327973809e-01 9.935691318327973809e-01 9.967741935483871440e-01 9.967741935483871440e-01 9.967741935483871440e-01 9.967741935483871440e-01 9.967741935483871440e-01 9.967741935483871440e-01 9.967741935483871440e-01 9.967741935483871440e-01 9.967741935483871440e-01 9.967532467532467244e-01 9.967532467532467244e-01 1.000000000000000000e+00 1.000000000000000000e+00 1.000000000000000000e+00 1.000000000000000000e+00 1.000000000000000000e+00 1.000000000000000000e+00 
9.936102236421725520e-01 9.936102236421725520e-01 9.904458598726114671e-01 9.904458598726114671e-01 9.904458598726114671e-01 9.904458598726114671e-01 9.904458598726114671e-01 9.904458598726114671e-01 9.904458598726114671e-01 9.904458598726114671e-01 9.904458598726114671e-01 9.905063291139240000e-01 9.905063291139240000e-01 9.873817034700315132e-01 9.873817034700315132e-01 9.873817034700315132e-01 9.873817034700315132e-01 9.873817034700315132e-01 9.875000000000000444e-01 9.935691318327973809e-01 9.935691318327973809e-01 9.967741935483871440e-01 9.967741935483871440e-01 9.967741935483871440e-01 9.967741935483871440e-01 9.967741935483871440e-01 9.967741935483871440e-01 9.967741935483871440e-01 9.967741935483871440e-01 9.967741935483871440e-01 9.967532467532467244e-01 9.967532467532467244e-01 1.000000000000000000e+00 1.000000000000000000e+00 1.000000000000000000e+00 1.000000000000000000e+00 1.000000000000000000e+00 1.000000000000000000e+00 
9.936102236421725520e-01 9.936102236421725520e-01 9.904458598726114671e-01 9.904458598726114671e-01 9.904458598726114671e-01 9.904458598726114671e-01 9.904458598726114671e-01 9.904458598726114671e-01 9.904458598726114671e-01 9.904458598726114671e-01 9.904458598726114671e-01 9.905063291139240000e-01 9.905063291139240000e-01 9.873817034700315132e-01 9.873817034700315132e-01 9.873817034700315132e-01 9.873817034700315132e-01 9.873817034700315132e-01 9.875000000000000444e-01 9.935691318327973809e-01 9.935691318327973809e-01 9.967741935483871440e-01 9.967741935483871440e-01 9.967741935483871440e-01 9.967741935483871440e-01 9.967741935483871440e-01 9.967741935483871440e-01 9.967741935483871440e-01 9.967741935483871440e-01 9.967741935483871440e-01 9.967532467532467244e-01 9.967532467532467244e-01 1.000000000000000000e+00 1.000000000000000000e+00 1.000000000000000000e+00 1.000000000000000000e+00 1.000000000000000000e+00 1.000000000000000000e+00 
9.936102236421725520e-01 9.904458598726114671e-01 9.904458598726114671e-01 9.904458598726114671e-01 9.904458598726114671e-01 9.904458598726114671e-01 9.904458598726114671e-01 9.904458598726114671e-01 9.904458598726114671e-01 9.904458598726114671e-01 9.904458598726114671e-01 9.905063291139240000e-01 9.905063291139240000e-01 9.873817034700315132e-01 9.873817034700315132e-01 9.873817034700315132e-01 9.873817034700315132e-01 9.873817034700315132e-01 9.875000000000000444e-01 9.935691318327973809e-01 9.967741935483871440e-01 9.967741935483871440e-01 9.967741935483871440e-01 9.967741935483871440e-01 9.967741935483871440e-01 9.967741935483871440e-01 9.967741935483871440e-01 9.967741935483871440e-01 9.967741935483871440e-01 9.967741935483871440e-01 9.967532467532467244e-01 9.967532467532467244e-01 1.000000000000000000e+00 1.000000000000000000e+00 1.000000000000000000e+00 1.000000000000000000e+00 1.000000000000000000e+00 1.000000000000000000e+00 
9.936102236421725520e-01 9.904458598726114671e-01 9.904458598726114671e-01 9.904458598726114671e-01 9.904458598726114671e-01 9.904458598726114671e-01 9.904458598726114671e-01 9.904458598726114671e-01 9.904458598726114671e-01 9.904458598726114671e-01 9.904761904761905100e-01 9.905063291139240000e-01 9.905063291139240000e-01 9.873817034700315132e-01 9.873817034700315132e-01 9.873817034700315132e-01 9.873817034700315132e-01 9.873817034700315132e-01 9.875000000000000444e-01 9.935691318327973809e-01 9.967741935483871440e-01 9.967741935483871440e-01 9.967741935483871440e-01 9.967741935483871440e-01 9.967741935483871440e-01 9.967741935483871440e-01 9.967741935483871440e-01 9.967741935483871440e-01 9.967741935483871440e-01 9.967637540453074818e-01 9.967532467532467244e-01 9.967532467532467244e-01 1.000000000000000000e+00 1.000000000000000000e+00 1.000000000000000000e+00 1.000000000000000000e+00 1.000000000000000000e+00 1.000000000000000000e+00 
9.936102236421725520e-01 9.904458598726114671e-01 9.904458598726114671e-01 9.904458598726114671e-01 9.904458598726114671e-01 9.904458598726114671e-01 9.904458598726114671e-01 9.904458598726114671e-01 9.904458598726114671e-01 9.904458598726114671e-01 9.905063291139240000e-01 9.905063291139240000e-01 9.905063291139240000e-01 9.873817034700315132e-01 9.873817034700315132e-01 9.873817034700315132e-01 9.873817034700315132e-01 9.873817034700315132e-01 9.875000000000000444e-01 9.935691318327973809e-01 9.967741935483871440e-01 9.967741935483871440e-01 9.967741935483871440e-01 9.967741935483871440e-01 9.967741935483871440e-01 9.967741935483871440e-01 9.967741935483871440e-01 9.967741935483871440e-01 9.967741935483871440e-01 9.967532467532467244e-01 9.967532467532467244e-01 9.967532467532467244e-01 1.000000000000000000e+00 1.000000000000000000e+00 1.000000000000000000e+00 1.000000000000000000e+00 1.000000000000000000e+00 1.000000000000000000e+00 
9.936102236421725520e-01 9.904458598726114671e-01 9.904458598726114671e-01 9.904458598726114671e-01 9.904458598726114671e-01 9.904458598726114671e-01 9.904458598726114671e-01 9.904458598726114671e-01 9.904458598726114671e-01 9.904458598726114671e-01 9.904458598726114671e-01 9.905063291139240000e-01 9.905063291139240000e-01 9.905063291139240000e-01 9.873817034700315132e-01 9.873817034700315132e-01 9.873817034700315132e-01 9.873817034700315132e-01 9.875000000000000444e-01 9.935691318327973809e-01 9.967741935483871440e-01 9.967741935483871440e-01 9.967741935483871440e-01 9.967741935483871440e-01 9.967741935483871440e-01 9.967741935483871440e-01 9.967741935483871440e-01 9.967741935483871440e-01 9.967741935483871440e-01 9.967741935483871440e-01 9.967532467532467244e-01 9.967532467532467244e-01 9.967532467532467244e-01 1.000000000000000000e+00 1.000000000000000000e+00 1.000000000000000000e+00 1.000000000000000000e+00 1.000000000000000000e+00 
9.936102236421725520e-01 9.904458598726114671e-01 9.904458598726114671e-01 9.904458598726114671e-01 9.904458598726114671e-01 9.904458598726114671e-01 9.904458598726114671e-01 9.904458598726114671e-01 9.904458598726114671e-01 9.904458598726114671e-01 9.904761904761905100e-01 9.905063291139240000e-01 9.905063291139240000e-01 9.873817034700315132e-01 9.873817034700315132e-01 9.873817034700315132e-01 9.873817034700315132e-01 9.873817034700315132e-01 9.875000000000000444e-01 9.935691318327973809e-01 9.967741935483871440e-01 9.967741935483871440e-01 9.967741935483871440e-01 9.967741935483871440e-01 9.967741935483871440e-01 9.967741935483871440e-01 9.967741935483871440e-01 9.967741935483871440e-01 9.967741935483871440e-01 9.967637540453074818e-01 9.967532467532467244e-01 9.967532467532467244e-01 1.000000000000000000e+00 1.000000000000000000e+00 1.000000000000000000e+00 1.000000000000000000e+00 1.000000000000000000e+00 1.000000000000000000e+00 
9.936102236421725520e-01 9.904458598726114671e-01 9.904458598726114671e-01 9.904458598726114671e-01 9.904458598726114671e-01 9.904458598726114671e-01 9.904458598726114671e-01 9.904458598726114671e-01 9.904458598726114671e-01 9.904458598726114671e-01 9.904458598726114671e-01 9.905063291139240000e-01 9.905063291139240000e-01 9.905063291139240000e-01 9.873817034700315132e-01 9.873817034700315132e-01 9.873817034700315132e-01 9.873817034700315132e-01 9.875000000000000444e-01 9.935691318327973809e-01 9.967741935483871440e-01 9.967741935483871440e-01 9.967741935483871440e-01 9.967741935483871440e-01 9.967741935483871440e-01 9.967741935483871440e-01 9.967741935483871440e-01 9.967741935483871440e-01 9.967741935483871440e-01 9.967741935483871440e-01 9.967532467532467244e-01 9.967532467532467244e-01 9.967532467532467244e-01 1.000000000000000000e+00 1.000000000000000000e+00 1.000000000000000000e+00 1.000000000000000000e+00 1.000000000000000000e+00 
9.936102236421725520e-01 9.904458598726114671e-01 9.904458598726114671e-01 9.904458598726114671e-01 9.904458598726114671e-01 9.904458598726114671e-01 9.904458598726114671e-01 9.904458598726114671e-01 9.904458598726114671e-01 9.904458598726114671e-01 9.904458598726114671e-01 9.905063291139240000e-01 9.905063291139240000e-01 9.905063291139240000e-01 9.873817034700315132e-01 9.873817034700315132e-01 9.873817034700315132e-01 9.873817034700315132e-01 9.875000000000000444e-01 9.935691318327973809e-01 9.967741935483871440e-01 9.967741935483871440e-01 9.967741935483871440e-01 9.967741935483871440e-01 9.967741935483871440e-01 9.967741935483871440e-01 9.967741935483871440e-01 9.967741935483871440e-01 9.967741935483871440e-01 9.967741935483871440e-01 9.967532467532467244e-01 9.967532467532467244e-01 9.967532467532467244e-01 1.000000000000000000e+00 1.000000000000000000e+00 1.000000000000000000e+00 1.000000000000000000e+00 1.000000000000000000e+00 
9.936102236421725520e-01 9.904458598726114671e-01 9.904458598726114671e-01 9.904458598726114671e-01 9.904458598726114671e-01 9.904458598726114671e-01 9.904458598726114671e-01 9.904458598726114671e-01 9.904458598726114671e-01 9.904458598726114671e-01 9.905063291139240000e-01 9.905063291139240000e-01 9.905063291139240000e-01 9.905063291139240000e-01 9.873817034700315132e-01 9.873817034700315132e-01 9.873817034700315132e-01 9.873817034700315132e-01 9.875000000000000444e-01 9.935691318327973809e-01 9.967741935483871440e-01 9.967741935483871440e-01 9.967741935483871440e-01 9.967741935483871440e-01 9.967741935483871440e-01 9.967741935483871440e-01 9.967741935483871440e-01 9.967741935483871440e-01 9.967741935483871440e-01 9.967532467532467244e-01 9.967532467532467244e-01 9.967532467532467244e-01 9.967532467532467244e-01 1.000000000000000000e+00 1.000000000000000000e+00 1.000000000000000000e+00 1.000000000000000000e+00 1.000000000000000000e+00 
9.936102236421725520e-01 9.904458598726114671e-01 9.904458598726114671e-01 9.904458598726114671e-01 9.904458598726114671e-01 9.904458598726114671e-01 9.904458598726114671e-01 9.904458598726114671e-01 9.904458598726114671e-01 9.904458598726114671e-01 9.905063291139240000e-01 9.905063291139240000e-01 9.905063291139240000e-01 9.873817034700315132e-01 9.873817034700315132e-01 9.873817034700315132e-01 9.873817034700315132e-01 9.873817034700315132e-01 9.875000000000000444e-01 9.935691318327973809e-01 9.967741935483871440e-01 9.967741935483871440e-01 9.967741935483871440e-01 9.967741935483871440e-01 9.967741935483871440e-01 9.967741935483871440e-01 9.967741935483871440e-01 9.967741935483871440e-01 9.967741935483871440e-01 9.967532467532467244e-01 9.967532467532467244e-01 9.967532467532467244e-01 1.000000000000000000e+00 1.000000000000000000e+00 1.000000000000000000e+00 1.000000000000000000e+00 1.000000000000000000e+00 1.000000000000000000e+00 
9.936102236421725520e-01 9.904458598726114671e-01 9.904458598726114671e-01 9.904458598726114671e-01 9.904458598726114671e-01 9.904458598726114671e-01 9.904458598726114671e-01 9.904458598726114671e-01 9.904458598726114671e-01 9.904458598726114671e-01 9.905063291139240000e-01 9.905063291139240000e-01 9.905063291139240000e-01 9.905063291139240000e-01 9.873817034700315132e-01 9.873817034700315132e-01 9.873817034700315132e-01 9.873817034700315132e-01 9.875000000000000444e-01 9.935691318327973809e-01 9.967741935483871440e-01 9.967741935483871440e-01 9.967741935483871440e-01 9.967741935483871440e-01 9.967741935483871440e-01 9.967741935483871440e-01 9.967741935483871440e-01 9.967741935483871440e-01 9.967741935483871440e-01 9.967532467532467244e-01 9.967532467532467244e-01 9.967532467532467244e-01 9.967532467532467244e-01 1.000000000000000000e+00 1.000000000000000000e+00 1.000000000000000000e+00 1.000000000000000000e+00 1.000000000000000000e+00 
9.936102236421725520e-01 9.904458598726114671e-01 9.904458598726114671e-01 9.904458598726114671e-01 9.904458598726114671e-01 9.904458598726114671e-01 9.904458598726114671e-01 9.904458598726114671e-01 9.904458598726114671e-01 9.904458598726114671e-01 9.905063291139240000e-01 9.905063291139240000e-01 9.905063291139240000e-01 9.905063291139240000e-01 9.873817034700315132e-01 9.873817034700315132e-01 9.873817034700315132e-01 9.873817034700315132e-01 9.875000000000000444e-01 9.935691318327973809e-01 9.967741935483871440e-01 9.967741935483871440e-01 9.967741935483871440e-01 9.967741935483871440e-01 9.967741935483871440e-01 9.967741935483871440e-01 9.967741935483871440e-01 9.967741935483871440e-01 9.967741935483871440e-01 9.967532467532467244e-01 9.967532467532467244e-01 9.967532467532467244e-01 9.967532467532467244e-01 1.000000000000000000e+00 1.000000000000000000e+00 1.000000000000000000e+00 1.000000000000000000e+00 1.000000000000000000e+00 
9.936102236421725520e-01 9.904458598726114671e-01 9.904458598726114671e-01 9.904458598726114671e-01 9.904458598726114671e-01 9.904458598726114671e-01 9.904458598726114671e-01 9.904458598726114671e-01 9.904458598726114671e-01 9.904458598726114671e-01 9.905063291139240000e-01 9.905063291139240000e-01 9.905063291139240000e-01 9.905063291139240000e-01 9.873817034700315132e-01 9.873817034700315132e-01 9.873817034700315132e-01 9.873817034700315132e-01 9.875000000000000444e-01 9.935691318327973809e-01 9.967741935483871440e-01 9.967741935483871440e-01 9.967741935483871440e-01 9.967741935483871440e-01 9.967741935483871440e-01 9.967741935483871440e-01 9.967741935483871440e-01 9.967741935483871440e-01 9.967741935483871440e-01 9.967532467532467244e-01 9.967532467532467244e-01 9.967532467532467244e-01 9.967532467532467244e-01 1.000000000000000000e+00 1.000000000000000000e+00 1.000000000000000000e+00 1.000000000000000000e+00 1.000000000000000000e+00 
9.936102236421725520e-01 9.904458598726114671e-01 9.904458598726114671e-01 9.904458598726114671e-01 9.904458598726114671e-01 9.904458598726114671e-01 9.904458598726114671e-01 9.904458598726114671e-01 9.904458598726114671e-01 9.904458598726114671e-01 9.905063291139240000e-01 9.905063291139240000e-01 9.905063291139240000e-01 9.905063291139240000e-01 9.873817034700315132e-01 9.873817034700315132e-01 9.873817034700315132e-01 9.873817034700315132e-01 9.875000000000000444e-01 9.935691318327973809e-01 9.967741935483871440e-01 9.967741935483871440e-01 9.967741935483871440e-01 9.967741935483871440e-01 9.967741935483871440e-01 9.967741935483871440e-01 9.967741935483871440e-01 9.967741935483871440e-01 9.967741935483871440e-01 9.967532467532467244e-01 9.967532467532467244e-01 9.967532467532467244e-01 9.967532467532467244e-01 1.000000000000000000e+00 1.000000000000000000e+00 1.000000000000000000e+00 1.000000000000000000e+00 1.000000000000000000e+00 
9.936102236421725520e-01 9.904458598726114671e-01 9.904458598726114671e-01 9.904458598726114671e-01 9.904458598726114671e-01 9.904458598726114671e-01 9.904458598726114671e-01 9.904458598726114671e-01 9.904458598726114671e-01 9.904458598726114671e-01 9.905063291139240000e-01 9.905063291139240000e-01 9.905063291139240000e-01 9.905063291139240000e-01 9.873817034700315132e-01 9.873817034700315132e-01 9.873817034700315132e-01 9.873817034700315132e-01 9.875000000000000444e-01 9.935691318327973809e-01 9.967741935483871440e-01 9.967741935483871440e-01 9.967741935483871440e-01 9.967741935483871440e-01 9.967741935483871440e-01 9.967741935483871440e-01 9.967741935483871440e-01 9.967741935483871440e-01 9.967741935483871440e-01 9.967532467532467244e-01 9.967532467532467244e-01 9.967532467532467244e-01 9.967532467532467244e-01 1.000000000000000000e+00 1.000000000000000000e+00 1.000000000000000000e+00 1.000000000000000000e+00 1.000000000000000000e+00 
9.936102236421725520e-01 9.904458598726114671e-01 9.904458598726114671e-01 9.904458598726114671e-01 9.904458598726114671e-01 9.904458598726114671e-01 9.904458598726114671e-01 9.904458598726114671e-01 9.904458598726114671e-01 9.904458598726114671e-01 9.905063291139240000e-01 9.905063291139240000e-01 9.905063291139240000e-01 9.905063291139240000e-01 9.873817034700315132e-01 9.873817034700315132e-01 9.873817034700315132e-01 9.873817034700315132e-01 9.875000000000000444e-01 9.935691318327973809e-01 9.967741935483871440e-01 9.967741935483871440e-01 9.967741935483871440e-01 9.967741935483871440e-01 9.967741935483871440e-01 9.967741935483871440e-01 9.967741935483871440e-01 9.967741935483871440e-01 9.967741935483871440e-01 9.967532467532467244e-01 9.967532467532467244e-01 9.967532467532467244e-01 9.967532467532467244e-01 1.000000000000000000e+00 1.000000000000000000e+00 1.000000000000000000e+00 1.000000000000000000e+00 1.000000000000000000e+00 
9.936102236421725520e-01 9.904458598726114671e-01 9.904458598726114671e-01 9.904458598726114671e-01 9.904458598726114671e-01 9.904458598726114671e-01 9.904458598726114671e-01 9.904458598726114671e-01 9.904458598726114671e-01 9.904458598726114671e-01 9.905063291139240000e-01 9.905063291139240000e-01 9.905063291139240000e-01 9.905063291139240000e-01 9.873817034700315132e-01 9.873817034700315132e-01 9.873817034700315132e-01 9.873817034700315132e-01 9.875000000000000444e-01 9.935691318327973809e-01 9.967741935483871440e-01 9.967741935483871440e-01 9.967741935483871440e-01 9.967741935483871440e-01 9.967741935483871440e-01 9.967741935483871440e-01 9.967741935483871440e-01 9.967741935483871440e-01 9.967741935483871440e-01 9.967532467532467244e-01 9.967532467532467244e-01 9.967532467532467244e-01 9.967532467532467244e-01 1.000000000000000000e+00 1.000000000000000000e+00 1.000000000000000000e+00 1.000000000000000000e+00 1.000000000000000000e+00 
9.936102236421725520e-01 9.904458598726114671e-01 9.904458598726114671e-01 9.904458598726114671e-01 9.904458598726114671e-01 9.904458598726114671e-01 9.904458598726114671e-01 9.904458598726114671e-01 9.904458598726114671e-01 9.904458598726114671e-01 9.905063291139240000e-01 9.905063291139240000e-01 9.905063291139240000e-01 9.905063291139240000e-01 9.873817034700315132e-01 9.873817034700315132e-01 9.873817034700315132e-01 9.873817034700315132e-01 9.875000000000000444e-01 9.935691318327973809e-01 9.967741935483871440e-01 9.967741935483871440e-01 9.967741935483871440e-01 9.967741935483871440e-01 9.967741935483871440e-01 9.967741935483871440e-01 9.967741935483871440e-01 9.967741935483871440e-01 9.967741935483871440e-01 9.967532467532467244e-01 9.967532467532467244e-01 9.967532467532467244e-01 9.967532467532467244e-01 1.000000000000000000e+00 1.000000000000000000e+00 1.000000000000000000e+00 1.000000000000000000e+00 1.000000000000000000e+00 
9.936102236421725520e-01 9.904458598726114671e-01 9.904458598726114671e-01 9.904458598726114671e-01 9.904458598726114671e-01 9.904458598726114671e-01 9.904458598726114671e-01 9.904458598726114671e-01 9.904458598726114671e-01 9.904458598726114671e-01 9.905063291139240000e-01 9.905063291139240000e-01 9.905063291139240000e-01 9.905063291139240000e-01 9.873817034700315132e-01 9.873817034700315132e-01 9.873817034700315132e-01 9.873817034700315132e-01 9.875000000000000444e-01 9.935691318327973809e-01 9.967741935483871440e-01 9.967741935483871440e-01 9.967741935483871440e-01 9.967741935483871440e-01 9.967741935483871440e-01 9.967741935483871440e-01 9.967741935483871440e-01 9.967741935483871440e-01 9.967741935483871440e-01 9.967532467532467244e-01 9.967532467532467244e-01 9.967532467532467244e-01 9.967532467532467244e-01 1.000000000000000000e+00 1.000000000000000000e+00 1.000000000000000000e+00 1.000000000000000000e+00 1.000000000000000000e+00 
9.935897435897436125e-01 9.904458598726114671e-01 9.904458598726114671e-01 9.904458598726114671e-01 9.904458598726114671e-01 9.904458598726114671e-01 9.904458598726114671e-01 9.904458598726114671e-01 9.904458598726114671e-01 9.904458598726114671e-01 9.905063291139240000e-01 9.905063291139240000e-01 9.905063291139240000e-01 9.905063291139240000e-01 9.873817034700315132e-01 9.873817034700315132e-01 9.873817034700315132e-01 9.873817034700315132e-01 9.875000000000000444e-01 9.935897435897436125e-01 9.967741935483871440e-01 9.967741935483871440e-01 9.967741935483871440e-01 9.967741935483871440e-01 9.967741935483871440e-01 9.967741935483871440e-01 9.967741935483871440e-01 9.967741935483871440e-01 9.967741935483871440e-01 9.967532467532467244e-01 9.967532467532467244e-01 9.967532467532467244e-01 9.967532467532467244e-01 1.000000000000000000e+00 1.000000000000000000e+00 1.000000000000000000e+00 1.000000000000000000e+00 1.000000000000000000e+00 
9.935897435897436125e-01 9.904458598726114671e-01 9.904458598726114671e-01 9.904458598726114671e-01 9.904458598726114671e-01 9.904458598726114671e-01 9.904458598726114671e-01 9.904458598726114671e-01 9.904458598726114671e-01 9.904458598726114671e-01 9.905063291139240000e-01 9.905063291139240000e-01 9.905063291139240000e-01 9.905063291139240000e-01 9.873817034700315132e-01 9.873817034700315132e-01 9.873817034700315132e-01 9.873817034700315132e-01 9.875000000000000444e-01 9.935897435897436125e-01 9.967741935483871440e-01 9.967741935483871440e-01 9.967741935483871440e-01 9.967741935483871440e-01 9.967741935483871440e-01 9.967741935483871440e-01 9.967741935483871440e-01 9.967741935483871440e-01 9.967741935483871440e-01 9.967532467532467244e-01 9.967532467532467244e-01 9.967532467532467244e-01 9.967532467532467244e-01 1.000000000000000000e+00 1.000000000000000000e+00 1.000000000000000000e+00 1.000000000000000000e+00 1.000000000000000000e+00 
9.936102236421725520e-01 9.904458598726114671e-01 9.904458598726114671e-01 9.904458598726114671e-01 9.904458598726114671e-01 9.904458598726114671e-01 9.904458598726114671e-01 9.904458598726114671e-01 9.904458598726114671e-01 9.904458598726114671e-01 9.905063291139240000e-01 9.905063291139240000e-01 9.905063291139240000e-01 9.905063291139240000e-01 9.873817034700315132e-01 9.873817034700315132e-01 9.873817034700315132e-01 9.873817034700315132e-01 9.875000000000000444e-01 9.935691318327973809e-01 9.967741935483871440e-01 9.967741935483871440e-01 9.967741935483871440e-01 9.967741935483871440e-01 9.967741935483871440e-01 9.967741935483871440e-01 9.967741935483871440e-01 9.967741935483871440e-01 9.967741935483871440e-01 9.967532467532467244e-01 9.967532467532467244e-01 9.967532467532467244e-01 9.967532467532467244e-01 1.000000000000000000e+00 1.000000000000000000e+00 1.000000000000000000e+00 1.000000000000000000e+00 1.000000000000000000e+00 
9.936102236421725520e-01 9.904458598726114671e-01 9.904458598726114671e-01 9.904458598726114671e-01 9.904458598726114671e-01 9.904458598726114671e-01 9.904458598726114671e-01 9.904458598726114671e-01 9.904458598726114671e-01 9.841772151898734444e-01 9.841772151898734444e-01 9.841772151898734444e-01 9.841772151898734444e-01 9.841772151898734444e-01 9.810725552050473253e-01 9.810725552050473253e-01 9.810725552050473253e-01 9.810725552050473253e-01 9.812499999999999556e-01 9.871382636655948728e-01 9.903225806451613211e-01 9.903225806451613211e-01 9.903225806451613211e-01 9.903225806451613211e-01 9.903225806451613211e-01 9.903225806451613211e-01 9.903225806451613211e-01 9.903225806451613211e-01 9.967532467532467244e-01 9.967532467532467244e-01 9.967532467532467244e-01 9.967532467532467244e-01 9.967532467532467244e-01 1.000000000000000000e+00 1.000000000000000000e+00 1.000000000000000000e+00 1.000000000000000000e+00 1.000000000000000000e+00 
9.936102236421725520e-01 9.904458598726114671e-01 9.904458598726114671e-01 9.904458598726114671e-01 9.904458598726114671e-01 9.904458598726114671e-01 9.904458598726114671e-01 9.904458598726114671e-01 9.904458598726114671e-01 9.904458598726114671e-01 9.905063291139240000e-01 9.905063291139240000e-01 9.905063291139240000e-01 9.905063291139240000e-01 9.873817034700315132e-01 9.873817034700315132e-01 9.873817034700315132e-01 9.873817034700315132e-01 9.875000000000000444e-01 9.935691318327973809e-01 9.967741935483871440e-01 9.967741935483871440e-01 9.967741935483871440e-01 9.967741935483871440e-01 9.967741935483871440e-01 9.967741935483871440e-01 9.967741935483871440e-01 9.967741935483871440e-01 9.967741935483871440e-01 9.967532467532467244e-01 9.967532467532467244e-01 9.967532467532467244e-01 9.967532467532467244e-01 1.000000000000000000e+00 1.000000000000000000e+00 1.000000000000000000e+00 1.000000000000000000e+00 1.000000000000000000e+00 
9.936102236421725520e-01 9.904458598726114671e-01 9.904458598726114671e-01 9.904458598726114671e-01 9.904458598726114671e-01 9.904458598726114671e-01 9.904458598726114671e-01 9.904458598726114671e-01 9.904458598726114671e-01 9.873015873015873467e-01 9.873417721518987777e-01 9.873417721518987777e-01 9.873417721518987777e-01 9.873417721518987777e-01 9.842271293375394192e-01 9.842271293375394192e-01 9.842271293375394192e-01 9.842271293375394192e-01 9.843750000000000000e-01 9.903536977491961268e-01 9.935483870967741771e-01 9.935483870967741771e-01 9.935483870967741771e-01 9.935483870967741771e-01 9.935483870967741771e-01 9.935483870967741771e-01 9.935483870967741771e-01 9.935483870967741771e-01 9.967637540453074818e-01 9.967532467532467244e-01 9.967532467532467244e-01 9.967532467532467244e-01 9.967532467532467244e-01 1.000000000000000000e+00 1.000000000000000000e+00 1.000000000000000000e+00 1.000000000000000000e+00 1.000000000000000000e+00 
9.935897435897436125e-01 9.904458598726114671e-01 9.904458598726114671e-01 9.904458598726114671e-01 9.904458598726114671e-01 9.904458598726114671e-01 9.904458598726114671e-01 9.904458598726114671e-01 9.904458598726114671e-01 9.873015873015873467e-01 9.873417721518987777e-01 9.873417721518987777e-01 9.873417721518987777e-01 9.873417721518987777e-01 9.842271293375394192e-01 9.842271293375394192e-01 9.842271293375394192e-01 9.842271293375394192e-01 9.843750000000000000e-01 9.903846153846154188e-01 9.935483870967741771e-01 9.935483870967741771e-01 9.935483870967741771e-01 9.935483870967741771e-01 9.935483870967741771e-01 9.935483870967741771e-01 9.935483870967741771e-01 9.935483870967741771e-01 9.967637540453074818e-01 9.967532467532467244e-01 9.967532467532467244e-01 9.967532467532467244e-01 9.967532467532467244e-01 1.000000000000000000e+00 1.000000000000000000e+00 1.000000000000000000e+00 1.000000000000000000e+00 1.000000000000000000e+00 
9.935897435897436125e-01 9.904458598726114671e-01 9.904458598726114671e-01 9.904458598726114671e-01 9.904458598726114671e-01 9.904458598726114671e-01 9.904458598726114671e-01 9.904458598726114671e-01 9.904458598726114671e-01 9.873015873015873467e-01 9.873417721518987777e-01 9.873417721518987777e-01 9.873417721518987777e-01 9.873417721518987777e-01 9.842271293375394192e-01 9.842271293375394192e-01 9.842271293375394192e-01 9.842271293375394192e-01 9.843750000000000000e-01 9.903846153846154188e-01 9.935483870967741771e-01 9.935483870967741771e-01 9.935483870967741771e-01 9.935483870967741771e-01 9.935483870967741771e-01 9.935483870967741771e-01 9.935483870967741771e-01 9.935483870967741771e-01 9.967637540453074818e-01 9.967532467532467244e-01 9.967532467532467244e-01 9.967532467532467244e-01 9.967532467532467244e-01 1.000000000000000000e+00 1.000000000000000000e+00 1.000000000000000000e+00 1.000000000000000000e+00 1.000000000000000000e+00 
9.935897435897436125e-01 9.904458598726114671e-01 9.904458598726114671e-01 9.904458598726114671e-01 9.904458598726114671e-01 9.904458598726114671e-01 9.904458598726114671e-01 9.904458598726114671e-01 9.904458598726114671e-01 9.873015873015873467e-01 9.873417721518987777e-01 9.873417721518987777e-01 9.873417721518987777e-01 9.873417721518987777e-01 9.842271293375394192e-01 9.842271293375394192e-01 9.842271293375394192e-01 9.842271293375394192e-01 9.843750000000000000e-01 9.903846153846154188e-01 9.935483870967741771e-01 9.935483870967741771e-01 9.935483870967741771e-01 9.935483870967741771e-01 9.935483870967741771e-01 9.935483870967741771e-01 9.935483870967741771e-01 9.935483870967741771e-01 9.967637540453074818e-01 9.967532467532467244e-01 9.967532467532467244e-01 9.967532467532467244e-01 9.967532467532467244e-01 1.000000000000000000e+00 1.000000000000000000e+00 1.000000000000000000e+00 1.000000000000000000e+00 1.000000000000000000e+00 
9.935897435897436125e-01 9.904458598726114671e-01 9.904458598726114671e-01 9.904458598726114671e-01 9.904458598726114671e-01 9.904458598726114671e-01 9.904458598726114671e-01 9.904458598726114671e-01 9.904458598726114671e-01 9.904458598726114671e-01 9.905063291139240000e-01 9.905063291139240000e-01 9.905063291139240000e-01 9.905063291139240000e-01 9.873817034700315132e-01 9.873817034700315132e-01 9.873817034700315132e-01 9.873817034700315132e-01 9.874608150470219892e-01 9.935897435897436125e-01 9.967741935483871440e-01 9.967741935483871440e-01 9.967741935483871440e-01 9.967741935483871440e-01 9.967741935483871440e-01 9.967741935483871440e-01 9.967741935483871440e-01 9.967741935483871440e-01 9.967741935483871440e-01 9.967532467532467244e-01 9.967532467532467244e-01 9.967532467532467244e-01 9.967532467532467244e-01 1.000000000000000000e+00 1.000000000000000000e+00 1.000000000000000000e+00 1.000000000000000000e+00 1.000000000000000000e+00 
9.935897435897436125e-01 9.904458598726114671e-01 9.904458598726114671e-01 9.904458598726114671e-01 9.904458598726114671e-01 9.904458598726114671e-01 9.904458598726114671e-01 9.904458598726114671e-01 9.904458598726114671e-01 9.873015873015873467e-01 9.873417721518987777e-01 9.873417721518987777e-01 9.873417721518987777e-01 9.873417721518987777e-01 9.842271293375394192e-01 9.842271293375394192e-01 9.842271293375394192e-01 9.842271293375394192e-01 9.843260188087774587e-01 9.903846153846154188e-01 9.935483870967741771e-01 9.935483870967741771e-01 9.935483870967741771e-01 9.935483870967741771e-01 9.935483870967741771e-01 9.935483870967741771e-01 9.935483870967741771e-01 9.935483870967741771e-01 9.967637540453074818e-01 9.967532467532467244e-01 9.967532467532467244e-01 9.967532467532467244e-01 9.967532467532467244e-01 1.000000000000000000e+00 1.000000000000000000e+00 1.000000000000000000e+00 1.000000000000000000e+00 1.000000000000000000e+00 
9.935897435897436125e-01 9.904458598726114671e-01 9.904458598726114671e-01 9.904458598726114671e-01 9.904458598726114671e-01 9.904458598726114671e-01 9.904458598726114671e-01 9.904458598726114671e-01 9.904458598726114671e-01 9.841772151898734444e-01 9.841772151898734444e-01 9.841772151898734444e-01 9.841772151898734444e-01 9.810725552050473253e-01 9.810725552050473253e-01 9.810725552050473253e-01 9.810725552050473253e-01 9.810725552050473253e-01 9.812499999999999556e-01 9.871794871794872250e-01 9.903225806451613211e-01 9.903225806451613211e-01 9.903225806451613211e-01 9.903225806451613211e-01 9.903225806451613211e-01 9.903225806451613211e-01 9.903225806451613211e-01 9.903225806451613211e-01 9.967532467532467244e-01 9.967532467532467244e-01 9.967532467532467244e-01 9.967532467532467244e-01 1.000000000000000000e+00 1.000000000000000000e+00 1.000000000000000000e+00 1.000000000000000000e+00 1.000000000000000000e+00 1.000000000000000000e+00 
9.935897435897436125e-01 9.904458598726114671e-01 9.904458598726114671e-01 9.904458598726114671e-01 9.904458598726114671e-01 9.904458598726114671e-01 9.904458598726114671e-01 9.904458598726114671e-01 9.904458598726114671e-01 9.841772151898734444e-01 9.841772151898734444e-01 9.841772151898734444e-01 9.841772151898734444e-01 9.841772151898734444e-01 9.810725552050473253e-01 9.810725552050473253e-01 9.810725552050473253e-01 9.810725552050473253e-01 9.812499999999999556e-01 9.871794871794872250e-01 9.903225806451613211e-01 9.903225806451613211e-01 9.903225806451613211e-01 9.903225806451613211e-01 9.903225806451613211e-01 9.903225806451613211e-01 9.903225806451613211e-01 9.903225806451613211e-01 9.967532467532467244e-01 9.967532467532467244e-01 9.967532467532467244e-01 9.967532467532467244e-01 9.967532467532467244e-01 1.000000000000000000e+00 1.000000000000000000e+00 1.000000000000000000e+00 1.000000000000000000e+00 1.000000000000000000e+00 
9.935897435897436125e-01 9.904458598726114671e-01 9.904458598726114671e-01 9.904458598726114671e-01 9.904458598726114671e-01 9.904458598726114671e-01 9.904458598726114671e-01 9.904458598726114671e-01 9.904458598726114671e-01 9.841772151898734444e-01 9.841772151898734444e-01 9.841772151898734444e-01 9.841772151898734444e-01 9.841772151898734444e-01 9.810725552050473253e-01 9.810725552050473253e-01 9.810725552050473253e-01 9.810725552050473253e-01 9.811912225705329282e-01 9.871794871794872250e-01 9.903225806451613211e-01 9.903225806451613211e-01 9.903225806451613211e-01 9.903225806451613211e-01 9.903225806451613211e-01 9.903225806451613211e-01 9.903225806451613211e-01 9.903225806451613211e-01 9.967532467532467244e-01 9.967532467532467244e-01 9.967532467532467244e-01 9.967532467532467244e-01 9.967532467532467244e-01 1.000000000000000000e+00 1.000000000000000000e+00 1.000000000000000000e+00 1.000000000000000000e+00 1.000000000000000000e+00 
9.935897435897436125e-01 9.904458598726114671e-01 9.904458598726114671e-01 9.904458598726114671e-01 9.904458598726114671e-01 9.904458598726114671e-01 9.904458598726114671e-01 9.904458598726114671e-01 9.904458598726114671e-01 9.841772151898734444e-01 9.841772151898734444e-01 9.841772151898734444e-01 9.841772151898734444e-01 9.841772151898734444e-01 9.810725552050473253e-01 9.810725552050473253e-01 9.810725552050473253e-01 9.810725552050473253e-01 9.811912225705329282e-01 9.871794871794872250e-01 9.903225806451613211e-01 9.903225806451613211e-01 9.903225806451613211e-01 9.903225806451613211e-01 9.903225806451613211e-01 9.903225806451613211e-01 9.903225806451613211e-01 9.903225806451613211e-01 9.967532467532467244e-01 9.967532467532467244e-01 9.967532467532467244e-01 9.967532467532467244e-01 9.967532467532467244e-01 1.000000000000000000e+00 1.000000000000000000e+00 1.000000000000000000e+00 1.000000000000000000e+00 1.000000000000000000e+00 
9.935897435897436125e-01 9.904458598726114671e-01 9.904458598726114671e-01 9.904458598726114671e-01 9.904458598726114671e-01 9.904458598726114671e-01 9.904458598726114671e-01 9.904458598726114671e-01 9.904458598726114671e-01 9.841772151898734444e-01 9.841772151898734444e-01 9.841772151898734444e-01 9.841772151898734444e-01 9.841772151898734444e-01 9.810725552050473253e-01 9.810725552050473253e-01 9.810725552050473253e-01 9.810725552050473253e-01 9.811912225705329282e-01 9.871794871794872250e-01 9.903225806451613211e-01 9.903225806451613211e-01 9.903225806451613211e-01 9.903225806451613211e-01 9.903225806451613211e-01 9.903225806451613211e-01 9.903225806451613211e-01 9.903225806451613211e-01 9.967532467532467244e-01 9.967532467532467244e-01 9.967532467532467244e-01 9.967532467532467244e-01 9.967532467532467244e-01 1.000000000000000000e+00 1.000000000000000000e+00 1.000000000000000000e+00 1.000000000000000000e+00 1.000000000000000000e+00 
9.935897435897436125e-01 9.904458598726114671e-01 9.904458598726114671e-01 9.904458598726114671e-01 9.904458598726114671e-01 9.904458598726114671e-01 9.904458598726114671e-01 9.904458598726114671e-01 9.873015873015873467e-01 9.841772151898734444e-01 9.841772151898734444e-01 9.841772151898734444e-01 9.841772151898734444e-01 9.810725552050473253e-01 9.810725552050473253e-01 9.810725552050473253e-01 9.810725552050473253e-01 9.810725552050473253e-01 9.811912225705329282e-01 9.871794871794872250e-01 9.903225806451613211e-01 9.903225806451613211e-01 9.903225806451613211e-01 9.903225806451613211e-01 9.903225806451613211e-01 9.903225806451613211e-01 9.903225806451613211e-01 9.935275080906148526e-01 9.967532467532467244e-01 9.967532467532467244e-01 9.967532467532467244e-01 9.967532467532467244e-01 1.000000000000000000e+00 1.000000000000000000e+00 1.000000000000000000e+00 1.000000000000000000e+00 1.000000000000000000e+00 1.000000000000000000e+00 
9.935897435897436125e-01 9.904458598726114671e-01 9.904458598726114671e-01 9.904458598726114671e-01 9.904458598726114671e-01 9.904458598726114671e-01 9.904458598726114671e-01 9.904458598726114671e-01 9.873015873015873467e-01 9.841772151898734444e-01 9.841772151898734444e-01 9.841772151898734444e-01 9.841772151898734444e-01 9.841772151898734444e-01 9.810725552050473253e-01 9.810725552050473253e-01 9.810725552050473253e-01 9.810725552050473253e-01 9.811912225705329282e-01 9.871794871794872250e-01 9.903225806451613211e-01 9.903225806451613211e-01 9.903225806451613211e-01 9.903225806451613211e-01 9.903225806451613211e-01 9.903225806451613211e-01 9.903225806451613211e-01 9.935275080906148526e-01 9.967532467532467244e-01 9.967532467532467244e-01 9.967532467532467244e-01 9.967532467532467244e-01 9.967532467532467244e-01 1.000000000000000000e+00 1.000000000000000000e+00 1.000000000000000000e+00 1.000000000000000000e+00 1.000000000000000000e+00 
9.935897435897436125e-01 9.904458598726114671e-01 9.904458598726114671e-01 9.904458598726114671e-01 9.904458598726114671e-01 9.904458598726114671e-01 9.904458598726114671e-01 9.904458598726114671e-01 9.904458598726114671e-01 9.841772151898734444e-01 9.841772151898734444e-01 9.841772151898734444e-01 9.841772151898734444e-01 9.841772151898734444e-01 9.810725552050473253e-01 9.810725552050473253e-01 9.810725552050473253e-01 9.810725552050473253e-01 9.811912225705329282e-01 9.871794871794872250e-01 9.903225806451613211e-01 9.903225806451613211e-01 9.903225806451613211e-01 9.903225806451613211e-01 9.903225806451613211e-01 9.903225806451613211e-01 9.903225806451613211e-01 9.903225806451613211e-01 9.967532467532467244e-01 9.967532467532467244e-01 9.967532467532467244e-01 9.967532467532467244e-01 9.967532467532467244e-01 1.000000000000000000e+00 1.000000000000000000e+00 1.000000000000000000e+00 1.000000000000000000e+00 1.000000000000000000e+00 
9.935897435897436125e-01 9.904458598726114671e-01 9.904458598726114671e-01 9.904458598726114671e-01 9.904458598726114671e-01 9.904458598726114671e-01 9.904458598726114671e-01 9.904458598726114671e-01 9.873015873015873467e-01 9.841772151898734444e-01 9.841772151898734444e-01 9.841772151898734444e-01 9.841772151898734444e-01 9.841772151898734444e-01 9.810725552050473253e-01 9.810725552050473253e-01 9.810725552050473253e-01 9.810725552050473253e-01 9.811912225705329282e-01 9.871794871794872250e-01 9.903225806451613211e-01 9.903225806451613211e-01 9.903225806451613211e-01 9.903225806451613211e-01 9.903225806451613211e-01 9.903225806451613211e-01 9.903225806451613211e-01 9.935275080906148526e-01 9.967532467532467244e-01 9.967532467532467244e-01 9.967532467532467244e-01 9.967532467532467244e-01 9.967532467532467244e-01 1.000000000000000000e+00 1.000000000000000000e+00 1.000000000000000000e+00 1.000000000000000000e+00 1.000000000000000000e+00 
9.935897435897436125e-01 9.904458598726114671e-01 9.904458598726114671e-01 9.904458598726114671e-01 9.904458598726114671e-01 9.904458598726114671e-01 9.904458598726114671e-01 9.904458598726114671e-01 9.841772151898734444e-01 9.841772151898734444e-01 9.841772151898734444e-01 9.841772151898734444e-01 9.841772151898734444e-01 9.810725552050473253e-01 9.810725552050473253e-01 9.810725552050473253e-01 9.810725552050473253e-01 9.810725552050473253e-01 9.811912225705329282e-01 9.871794871794872250e-01 9.903225806451613211e-01 9.903225806451613211e-01 9.903225806451613211e-01 9.903225806451613211e-01 9.903225806451613211e-01 9.903225806451613211e-01 9.903225806451613211e-01 9.967532467532467244e-01 9.967532467532467244e-01 9.967532467532467244e-01 9.967532467532467244e-01 9.967532467532467244e-01 1.000000000000000000e+00 1.000000000000000000e+00 1.000000000000000000e+00 1.000000000000000000e+00 1.000000000000000000e+00 1.000000000000000000e+00 
9.935897435897436125e-01 9.904458598726114671e-01 9.904458598726114671e-01 9.904458598726114671e-01 9.904458598726114671e-01 9.904458598726114671e-01 9.904458598726114671e-01 9.904458598726114671e-01 9.841772151898734444e-01 9.841772151898734444e-01 9.841772151898734444e-01 9.841772151898734444e-01 9.841772151898734444e-01 9.810725552050473253e-01 9.810725552050473253e-01 9.810725552050473253e-01 9.810725552050473253e-01 9.810725552050473253e-01 9.811912225705329282e-01 9.871794871794872250e-01 9.903225806451613211e-01 9.903225806451613211e-01 9.903225806451613211e-01 9.903225806451613211e-01 9.903225806451613211e-01 9.903225806451613211e-01 9.903225806451613211e-01 9.967532467532467244e-01 9.967532467532467244e-01 9.967532467532467244e-01 9.967532467532467244e-01 9.967532467532467244e-01 1.000000000000000000e+00 1.000000000000000000e+00 1.000000000000000000e+00 1.000000000000000000e+00 1.000000000000000000e+00 1.000000000000000000e+00 
9.935897435897436125e-01 9.904458598726114671e-01 9.904458598726114671e-01 9.904458598726114671e-01 9.904458598726114671e-01 9.904458598726114671e-01 9.904458598726114671e-01 9.904458598726114671e-01 9.873015873015873467e-01 9.841772151898734444e-01 9.841772151898734444e-01 9.841772151898734444e-01 9.841772151898734444e-01 9.841772151898734444e-01 9.810725552050473253e-01 9.810725552050473253e-01 9.810725552050473253e-01 9.810725552050473253e-01 9.811320754716981174e-01 9.871794871794872250e-01 9.903225806451613211e-01 9.903225806451613211e-01 9.903225806451613211e-01 9.903225806451613211e-01 9.903225806451613211e-01 9.903225806451613211e-01 9.903225806451613211e-01 9.935275080906148526e-01 9.967532467532467244e-01 9.967532467532467244e-01 9.967532467532467244e-01 9.967532467532467244e-01 9.967532467532467244e-01 1.000000000000000000e+00 1.000000000000000000e+00 1.000000000000000000e+00 1.000000000000000000e+00 1.000000000000000000e+00 
9.935897435897436125e-01 9.904458598726114671e-01 9.904458598726114671e-01 9.904458598726114671e-01 9.904458598726114671e-01 9.904458598726114671e-01 9.904458598726114671e-01 9.904458598726114671e-01 9.841772151898734444e-01 9.841772151898734444e-01 9.841772151898734444e-01 9.841772151898734444e-01 9.841772151898734444e-01 9.810725552050473253e-01 9.810725552050473253e-01 9.810725552050473253e-01 9.810725552050473253e-01 9.810725552050473253e-01 9.811912225705329282e-01 9.871794871794872250e-01 9.903225806451613211e-01 9.903225806451613211e-01 9.903225806451613211e-01 9.903225806451613211e-01 9.903225806451613211e-01 9.903225806451613211e-01 9.903225806451613211e-01 9.967532467532467244e-01 9.967532467532467244e-01 9.967532467532467244e-01 9.967532467532467244e-01 9.967532467532467244e-01 1.000000000000000000e+00 1.000000000000000000e+00 1.000000000000000000e+00 1.000000000000000000e+00 1.000000000000000000e+00 1.000000000000000000e+00 
9.935897435897436125e-01 9.904458598726114671e-01 9.904458598726114671e-01 9.904458598726114671e-01 9.904458598726114671e-01 9.904458598726114671e-01 9.904458598726114671e-01 9.904458598726114671e-01 9.841772151898734444e-01 9.841772151898734444e-01 9.841772151898734444e-01 9.841772151898734444e-01 9.841772151898734444e-01 9.810725552050473253e-01 9.810725552050473253e-01 9.810725552050473253e-01 9.810725552050473253e-01 9.810725552050473253e-01 9.811320754716981174e-01 9.871794871794872250e-01 9.903225806451613211e-01 9.903225806451613211e-01 9.903225806451613211e-01 9.903225806451613211e-01 9.903225806451613211e-01 9.903225806451613211e-01 9.903225806451613211e-01 9.967532467532467244e-01 9.967532467532467244e-01 9.967532467532467244e-01 9.967532467532467244e-01 9.967532467532467244e-01 1.000000000000000000e+00 1.000000000000000000e+00 1.000000000000000000e+00 1.000000000000000000e+00 1.000000000000000000e+00 1.000000000000000000e+00 
9.935897435897436125e-01 9.904458598726114671e-01 9.904458598726114671e-01 9.904458598726114671e-01 9.904458598726114671e-01 9.904458598726114671e-01 9.904458598726114671e-01 9.904458598726114671e-01 9.873015873015873467e-01 9.841772151898734444e-01 9.841772151898734444e-01 9.841772151898734444e-01 9.841772151898734444e-01 9.841772151898734444e-01 9.810725552050473253e-01 9.810725552050473253e-01 9.810725552050473253e-01 9.810725552050473253e-01 9.811320754716981174e-01 9.871794871794872250e-01 9.903225806451613211e-01 9.903225806451613211e-01 9.903225806451613211e-01 9.903225806451613211e-01 9.903225806451613211e-01 9.903225806451613211e-01 9.903225806451613211e-01 9.935275080906148526e-01 9.967532467532467244e-01 9.967532467532467244e-01 9.967532467532467244e-01 9.967532467532467244e-01 9.967532467532467244e-01 1.000000000000000000e+00 1.000000000000000000e+00 1.000000000000000000e+00 1.000000000000000000e+00 1.000000000000000000e+00 
9.935897435897436125e-01 9.904458598726114671e-01 9.904458598726114671e-01 9.904458598726114671e-01 9.904458598726114671e-01 9.904458598726114671e-01 9.904458598726114671e-01 9.904458598726114671e-01 9.841772151898734444e-01 9.841772151898734444e-01 9.841772151898734444e-01 9.841772151898734444e-01 9.841772151898734444e-01 9.810725552050473253e-01 9.810725552050473253e-01 9.810725552050473253e-01 9.810725552050473253e-01 9.810725552050473253e-01 9.811320754716981174e-01 9.871794871794872250e-01 9.903225806451613211e-01 9.903225806451613211e-01 9.903225806451613211e-01 9.903225806451613211e-01 9.903225806451613211e-01 9.903225806451613211e-01 9.903225806451613211e-01 9.967532467532467244e-01 9.967532467532467244e-01 9.967532467532467244e-01 9.967532467532467244e-01 9.967532467532467244e-01 1.000000000000000000e+00 1.000000000000000000e+00 1.000000000000000000e+00 1.000000000000000000e+00 1.000000000000000000e+00 1.000000000000000000e+00 
9.935897435897436125e-01 9.904458598726114671e-01 9.904458598726114671e-01 9.904458598726114671e-01 9.904458598726114671e-01 9.904458598726114671e-01 9.904458598726114671e-01 9.904458598726114671e-01 9.841772151898734444e-01 9.841772151898734444e-01 9.841772151898734444e-01 9.841772151898734444e-01 9.841772151898734444e-01 9.810725552050473253e-01 9.810725552050473253e-01 9.810725552050473253e-01 9.810725552050473253e-01 9.810725552050473253e-01 9.811320754716981174e-01 9.871794871794872250e-01 9.903225806451613211e-01 9.903225806451613211e-01 9.903225806451613211e-01 9.903225806451613211e-01 9.903225806451613211e-01 9.903225806451613211e-01 9.903225806451613211e-01 9.967532467532467244e-01 9.967532467532467244e-01 9.967532467532467244e-01 9.967532467532467244e-01 9.967532467532467244e-01 1.000000000000000000e+00 1.000000000000000000e+00 1.000000000000000000e+00 1.000000000000000000e+00 1.000000000000000000e+00 1.000000000000000000e+00 
9.935897435897436125e-01 9.904458598726114671e-01 9.904458598726114671e-01 9.904458598726114671e-01 9.904458598726114671e-01 9.904458598726114671e-01 9.904458598726114671e-01 9.873015873015873467e-01 9.841772151898734444e-01 9.841772151898734444e-01 9.841772151898734444e-01 9.841772151898734444e-01 9.841772151898734444e-01 9.810725552050473253e-01 9.810725552050473253e-01 9.810725552050473253e-01 9.810725552050473253e-01 9.810725552050473253e-01 9.811320754716981174e-01 9.871794871794872250e-01 9.903225806451613211e-01 9.903225806451613211e-01 9.903225806451613211e-01 9.903225806451613211e-01 9.903225806451613211e-01 9.903225806451613211e-01 9.935275080906148526e-01 9.967532467532467244e-01 9.967532467532467244e-01 9.967532467532467244e-01 9.967532467532467244e-01 9.967532467532467244e-01 1.000000000000000000e+00 1.000000000000000000e+00 1.000000000000000000e+00 1.000000000000000000e+00 1.000000000000000000e+00 1.000000000000000000e+00 
9.935897435897436125e-01 9.904458598726114671e-01 9.904458598726114671e-01 9.904458598726114671e-01 9.904458598726114671e-01 9.904458598726114671e-01 9.904458598726114671e-01 9.873015873015873467e-01 9.841772151898734444e-01 9.841772151898734444e-01 9.841772151898734444e-01 9.841772151898734444e-01 9.841772151898734444e-01 9.810725552050473253e-01 9.810725552050473253e-01 9.810725552050473253e-01 9.810725552050473253e-01 9.810725552050473253e-01 9.811320754716981174e-01 9.871794871794872250e-01 9.903225806451613211e-01 9.903225806451613211e-01 9.903225806451613211e-01 9.903225806451613211e-01 9.903225806451613211e-01 9.903225806451613211e-01 9.935275080906148526e-01 9.967532467532467244e-01 9.967532467532467244e-01 9.967532467532467244e-01 9.967532467532467244e-01 9.967532467532467244e-01 1.000000000000000000e+00 1.000000000000000000e+00 1.000000000000000000e+00 1.000000000000000000e+00 1.000000000000000000e+00 1.000000000000000000e+00 
9.935897435897436125e-01 9.904458598726114671e-01 9.904458598726114671e-01 9.904458598726114671e-01 9.904458598726114671e-01 9.904458598726114671e-01 9.904458598726114671e-01 9.873015873015873467e-01 9.841772151898734444e-01 9.841772151898734444e-01 9.841772151898734444e-01 9.841772151898734444e-01 9.841772151898734444e-01 9.810725552050473253e-01 9.810725552050473253e-01 9.810725552050473253e-01 9.810725552050473253e-01 9.810725552050473253e-01 9.811320754716981174e-01 9.871794871794872250e-01 9.903225806451613211e-01 9.903225806451613211e-01 9.903225806451613211e-01 9.903225806451613211e-01 9.903225806451613211e-01 9.903225806451613211e-01 9.935275080906148526e-01 9.967532467532467244e-01 9.967532467532467244e-01 9.967532467532467244e-01 9.967532467532467244e-01 9.967532467532467244e-01 1.000000000000000000e+00 1.000000000000000000e+00 1.000000000000000000e+00 1.000000000000000000e+00 1.000000000000000000e+00 1.000000000000000000e+00 
9.935897435897436125e-01 9.904458598726114671e-01 9.904458598726114671e-01 9.904458598726114671e-01 9.904458598726114671e-01 9.904458598726114671e-01 9.904458598726114671e-01 9.873015873015873467e-01 9.841772151898734444e-01 9.841772151898734444e-01 9.841772151898734444e-01 9.841772151898734444e-01 9.841772151898734444e-01 9.810725552050473253e-01 9.810725552050473253e-01 9.810725552050473253e-01 9.810725552050473253e-01 9.810725552050473253e-01 9.811320754716981174e-01 9.871794871794872250e-01 9.903225806451613211e-01 9.903225806451613211e-01 9.903225806451613211e-01 9.903225806451613211e-01 9.903225806451613211e-01 9.903225806451613211e-01 9.935275080906148526e-01 9.967532467532467244e-01 9.967532467532467244e-01 9.967532467532467244e-01 9.967532467532467244e-01 9.967532467532467244e-01 1.000000000000000000e+00 1.000000000000000000e+00 1.000000000000000000e+00 1.000000000000000000e+00 1.000000000000000000e+00 1.000000000000000000e+00 
9.935897435897436125e-01 9.904458598726114671e-01 9.904458598726114671e-01 9.904458598726114671e-01 9.904458598726114671e-01 9.904458598726114671e-01 9.904458598726114671e-01 9.873015873015873467e-01 9.841772151898734444e-01 9.841772151898734444e-01 9.841772151898734444e-01 9.841772151898734444e-01 9.841772151898734444e-01 9.810725552050473253e-01 9.810725552050473253e-01 9.810725552050473253e-01 9.810725552050473253e-01 9.810725552050473253e-01 9.811320754716981174e-01 9.871794871794872250e-01 9.903225806451613211e-01 9.903225806451613211e-01 9.903225806451613211e-01 9.903225806451613211e-01 9.903225806451613211e-01 9.903225806451613211e-01 9.935275080906148526e-01 9.967532467532467244e-01 9.967532467532467244e-01 9.967532467532467244e-01 9.967532467532467244e-01 9.967532467532467244e-01 1.000000000000000000e+00 1.000000000000000000e+00 1.000000000000000000e+00 1.000000000000000000e+00 1.000000000000000000e+00 1.000000000000000000e+00 
9.967845659163987460e-01 9.904458598726114671e-01 9.904458598726114671e-01 9.904458598726114671e-01 9.904458598726114671e-01 9.904458598726114671e-01 9.904458598726114671e-01 9.873015873015873467e-01 9.841772151898734444e-01 9.841772151898734444e-01 9.841772151898734444e-01 9.841772151898734444e-01 9.841772151898734444e-01 9.810725552050473253e-01 9.810725552050473253e-01 9.810725552050473253e-01 9.810725552050473253e-01 9.810725552050473253e-01 9.811320754716981174e-01 9.840255591054313244e-01 9.903225806451613211e-01 9.903225806451613211e-01 9.903225806451613211e-01 9.903225806451613211e-01 9.903225806451613211e-01 9.903225806451613211e-01 9.935275080906148526e-01 9.967532467532467244e-01 9.967532467532467244e-01 9.967532467532467244e-01 9.967532467532467244e-01 9.967532467532467244e-01 1.000000000000000000e+00 1.000000000000000000e+00 1.000000000000000000e+00 1.000000000000000000e+00 1.000000000000000000e+00 1.000000000000000000e+00 
9.935897435897436125e-01 9.904458598726114671e-01 9.904458598726114671e-01 9.904458598726114671e-01 9.904458598726114671e-01 9.904458598726114671e-01 9.904458598726114671e-01 9.841772151898734444e-01 9.841772151898734444e-01 9.841772151898734444e-01 9.841772151898734444e-01 9.841772151898734444e-01 9.841772151898734444e-01 9.810725552050473253e-01 9.810725552050473253e-01 9.810725552050473253e-01 9.810725552050473253e-01 9.810725552050473253e-01 9.811320754716981174e-01 9.871794871794872250e-01 9.903225806451613211e-01 9.903225806451613211e-01 9.903225806451613211e-01 9.903225806451613211e-01 9.903225806451613211e-01 9.903225806451613211e-01 9.967532467532467244e-01 9.967532467532467244e-01 9.967532467532467244e-01 9.967532467532467244e-01 9.967532467532467244e-01 9.967532467532467244e-01 1.000000000000000000e+00 1.000000000000000000e+00 1.000000000000000000e+00 1.000000000000000000e+00 1.000000000000000000e+00 1.000000000000000000e+00 
9.935897435897436125e-01 9.904458598726114671e-01 9.904458598726114671e-01 9.904458598726114671e-01 9.904458598726114671e-01 9.904458598726114671e-01 9.873015873015873467e-01 9.841772151898734444e-01 9.841772151898734444e-01 9.841772151898734444e-01 9.841772151898734444e-01 9.841772151898734444e-01 9.841772151898734444e-01 9.810725552050473253e-01 9.810725552050473253e-01 9.810725552050473253e-01 9.810725552050473253e-01 9.810725552050473253e-01 9.811320754716981174e-01 9.871794871794872250e-01 9.903225806451613211e-01 9.903225806451613211e-01 9.903225806451613211e-01 9.903225806451613211e-01 9.903225806451613211e-01 9.935275080906148526e-01 9.967532467532467244e-01 9.967532467532467244e-01 9.967532467532467244e-01 9.967532467532467244e-01 9.967532467532467244e-01 9.967532467532467244e-01 1.000000000000000000e+00 1.000000000000000000e+00 1.000000000000000000e+00 1.000000000000000000e+00 1.000000000000000000e+00 1.000000000000000000e+00 
9.967845659163987460e-01 9.904458598726114671e-01 9.904458598726114671e-01 9.904458598726114671e-01 9.904458598726114671e-01 9.904458598726114671e-01 9.873015873015873467e-01 9.841772151898734444e-01 9.841772151898734444e-01 9.841772151898734444e-01 9.841772151898734444e-01 9.841772151898734444e-01 9.841772151898734444e-01 9.810725552050473253e-01 9.810725552050473253e-01 9.810725552050473253e-01 9.810725552050473253e-01 9.810725552050473253e-01 9.811320754716981174e-01 9.840255591054313244e-01 9.903225806451613211e-01 9.903225806451613211e-01 9.903225806451613211e-01 9.903225806451613211e-01 9.903225806451613211e-01 9.935275080906148526e-01 9.967532467532467244e-01 9.967532467532467244e-01 9.967532467532467244e-01 9.967532467532467244e-01 9.967532467532467244e-01 9.967532467532467244e-01 1.000000000000000000e+00 1.000000000000000000e+00 1.000000000000000000e+00 1.000000000000000000e+00 1.000000000000000000e+00 1.000000000000000000e+00 
9.967845659163987460e-01 9.904458598726114671e-01 9.904458598726114671e-01 9.904458598726114671e-01 9.904458598726114671e-01 9.904458598726114671e-01 9.873015873015873467e-01 9.841772151898734444e-01 9.841772151898734444e-01 9.841772151898734444e-01 9.841772151898734444e-01 9.841772151898734444e-01 9.810725552050473253e-01 9.810725552050473253e-01 9.810725552050473253e-01 9.810725552050473253e-01 9.810725552050473253e-01 9.810725552050473253e-01 9.811320754716981174e-01 9.840255591054313244e-01 9.903225806451613211e-01 9.903225806451613211e-01 9.903225806451613211e-01 9.903225806451613211e-01 9.903225806451613211e-01 9.935275080906148526e-01 9.967532467532467244e-01 9.967532467532467244e-01 9.967532467532467244e-01 9.967532467532467244e-01 9.967532467532467244e-01 1.000000000000000000e+00 1.000000000000000000e+00 1.000000000000000000e+00 1.000000000000000000e+00 1.000000000000000000e+00 1.000000000000000000e+00 1.000000000000000000e+00 
9.967845659163987460e-01 9.904458598726114671e-01 9.904458598726114671e-01 9.904458598726114671e-01 9.904458598726114671e-01 9.904458598726114671e-01 9.873015873015873467e-01 9.841772151898734444e-01 9.841772151898734444e-01 9.841772151898734444e-01 9.841772151898734444e-01 9.841772151898734444e-01 9.810725552050473253e-01 9.810725552050473253e-01 9.810725552050473253e-01 9.810725552050473253e-01 9.810725552050473253e-01 9.810725552050473253e-01 9.811320754716981174e-01 9.840255591054313244e-01 9.903225806451613211e-01 9.903225806451613211e-01 9.903225806451613211e-01 9.903225806451613211e-01 9.903225806451613211e-01 9.935275080906148526e-01 9.967532467532467244e-01 9.967532467532467244e-01 9.967532467532467244e-01 9.967532467532467244e-01 9.967532467532467244e-01 1.000000000000000000e+00 1.000000000000000000e+00 1.000000000000000000e+00 1.000000000000000000e+00 1.000000000000000000e+00 1.000000000000000000e+00 1.000000000000000000e+00 
9.967845659163987460e-01 9.904458598726114671e-01 9.904458598726114671e-01 9.904458598726114671e-01 9.904458598726114671e-01 9.904458598726114671e-01 9.873015873015873467e-01 9.841772151898734444e-01 9.841772151898734444e-01 9.841772151898734444e-01 9.841772151898734444e-01 9.841772151898734444e-01 9.810725552050473253e-01 9.810725552050473253e-01 9.810725552050473253e-01 9.810725552050473253e-01 9.810725552050473253e-01 9.810725552050473253e-01 9.811320754716981174e-01 9.840255591054313244e-01 9.903225806451613211e-01 9.903225806451613211e-01 9.903225806451613211e-01 9.903225806451613211e-01 9.903225806451613211e-01 9.935275080906148526e-01 9.967532467532467244e-01 9.967532467532467244e-01 9.967532467532467244e-01 9.967532467532467244e-01 9.967532467532467244e-01 1.000000000000000000e+00 1.000000000000000000e+00 1.000000000000000000e+00 1.000000000000000000e+00 1.000000000000000000e+00 1.000000000000000000e+00 1.000000000000000000e+00 
9.967845659163987460e-01 9.904458598726114671e-01 9.904458598726114671e-01 9.904458598726114671e-01 9.904458598726114671e-01 9.904458598726114671e-01 9.873015873015873467e-01 9.841772151898734444e-01 9.841772151898734444e-01 9.841772151898734444e-01 9.841772151898734444e-01 9.841772151898734444e-01 9.810725552050473253e-01 9.810725552050473253e-01 9.810725552050473253e-01 9.810725552050473253e-01 9.810725552050473253e-01 9.810725552050473253e-01 9.811320754716981174e-01 9.840255591054313244e-01 9.903225806451613211e-01 9.903225806451613211e-01 9.903225806451613211e-01 9.903225806451613211e-01 9.903225806451613211e-01 9.935275080906148526e-01 9.967532467532467244e-01 9.967532467532467244e-01 9.967532467532467244e-01 9.967532467532467244e-01 9.967532467532467244e-01 1.000000000000000000e+00 1.000000000000000000e+00 1.000000000000000000e+00 1.000000000000000000e+00 1.000000000000000000e+00 1.000000000000000000e+00 1.000000000000000000e+00 
9.967845659163987460e-01 9.904458598726114671e-01 9.904458598726114671e-01 9.904458598726114671e-01 9.904458598726114671e-01 9.904458598726114671e-01 9.873015873015873467e-01 9.841772151898734444e-01 9.841772151898734444e-01 9.841772151898734444e-01 9.841772151898734444e-01 9.841772151898734444e-01 9.810725552050473253e-01 9.810725552050473253e-01 9.810725552050473253e-01 9.810725552050473253e-01 9.810725552050473253e-01 9.810725552050473253e-01 9.811320754716981174e-01 9.840255591054313244e-01 9.903225806451613211e-01 9.903225806451613211e-01 9.903225806451613211e-01 9.903225806451613211e-01 9.903225806451613211e-01 9.935275080906148526e-01 9.967532467532467244e-01 9.967532467532467244e-01 9.967532467532467244e-01 9.967532467532467244e-01 9.967532467532467244e-01 1.000000000000000000e+00 1.000000000000000000e+00 1.000000000000000000e+00 1.000000000000000000e+00 1.000000000000000000e+00 1.000000000000000000e+00 1.000000000000000000e+00 
9.967845659163987460e-01 9.904458598726114671e-01 9.904458598726114671e-01 9.904458598726114671e-01 9.904458598726114671e-01 9.904458598726114671e-01 9.873015873015873467e-01 9.841772151898734444e-01 9.841772151898734444e-01 9.841772151898734444e-01 9.841772151898734444e-01 9.841772151898734444e-01 9.810725552050473253e-01 9.810725552050473253e-01 9.810725552050473253e-01 9.810725552050473253e-01 9.810725552050473253e-01 9.810725552050473253e-01 9.811320754716981174e-01 9.840255591054313244e-01 9.903225806451613211e-01 9.903225806451613211e-01 9.903225806451613211e-01 9.903225806451613211e-01 9.903225806451613211e-01 9.935275080906148526e-01 9.967532467532467244e-01 9.967532467532467244e-01 9.967532467532467244e-01 9.967532467532467244e-01 9.967532467532467244e-01 1.000000000000000000e+00 1.000000000000000000e+00 1.000000000000000000e+00 1.000000000000000000e+00 1.000000000000000000e+00 1.000000000000000000e+00 1.000000000000000000e+00 
9.967845659163987460e-01 9.904458598726114671e-01 9.904458598726114671e-01 9.904458598726114671e-01 9.904458598726114671e-01 9.904458598726114671e-01 9.873015873015873467e-01 9.841772151898734444e-01 9.841772151898734444e-01 9.841772151898734444e-01 9.841772151898734444e-01 9.841772151898734444e-01 9.810725552050473253e-01 9.810725552050473253e-01 9.810725552050473253e-01 9.810725552050473253e-01 9.810725552050473253e-01 9.810725552050473253e-01 9.811320754716981174e-01 9.840255591054313244e-01 9.903225806451613211e-01 9.903225806451613211e-01 9.903225806451613211e-01 9.903225806451613211e-01 9.903225806451613211e-01 9.935275080906148526e-01 9.967532467532467244e-01 9.967532467532467244e-01 9.967532467532467244e-01 9.967532467532467244e-01 9.967532467532467244e-01 1.000000000000000000e+00 1.000000000000000000e+00 1.000000000000000000e+00 1.000000000000000000e+00 1.000000000000000000e+00 1.000000000000000000e+00 1.000000000000000000e+00 
9.967845659163987460e-01 9.904458598726114671e-01 9.904458598726114671e-01 9.904458598726114671e-01 9.904458598726114671e-01 9.873015873015873467e-01 9.873015873015873467e-01 9.841772151898734444e-01 9.841772151898734444e-01 9.841772151898734444e-01 9.841772151898734444e-01 9.841772151898734444e-01 9.810725552050473253e-01 9.810725552050473253e-01 9.810725552050473253e-01 9.810725552050473253e-01 9.810725552050473253e-01 9.810725552050473253e-01 9.811320754716981174e-01 9.840255591054313244e-01 9.903225806451613211e-01 9.903225806451613211e-01 9.903225806451613211e-01 9.903225806451613211e-01 9.935275080906148526e-01 9.935275080906148526e-01 9.967532467532467244e-01 9.967532467532467244e-01 9.967532467532467244e-01 9.967532467532467244e-01 9.967532467532467244e-01 1.000000000000000000e+00 1.000000000000000000e+00 1.000000000000000000e+00 1.000000000000000000e+00 1.000000000000000000e+00 1.000000000000000000e+00 1.000000000000000000e+00 
9.967845659163987460e-01 9.904458598726114671e-01 9.904458598726114671e-01 9.904458598726114671e-01 9.904458598726114671e-01 9.873015873015873467e-01 9.841772151898734444e-01 9.841772151898734444e-01 9.841772151898734444e-01 9.841772151898734444e-01 9.841772151898734444e-01 9.841772151898734444e-01 9.810725552050473253e-01 9.810725552050473253e-01 9.810725552050473253e-01 9.810725552050473253e-01 9.810725552050473253e-01 9.810725552050473253e-01 9.811320754716981174e-01 9.840255591054313244e-01 9.903225806451613211e-01 9.903225806451613211e-01 9.903225806451613211e-01 9.903225806451613211e-01 9.935275080906148526e-01 9.967532467532467244e-01 9.967532467532467244e-01 9.967532467532467244e-01 9.967532467532467244e-01 9.967532467532467244e-01 9.967532467532467244e-01 1.000000000000000000e+00 1.000000000000000000e+00 1.000000000000000000e+00 1.000000000000000000e+00 1.000000000000000000e+00 1.000000000000000000e+00 1.000000000000000000e+00 
9.967845659163987460e-01 9.904458598726114671e-01 9.904458598726114671e-01 9.904458598726114671e-01 9.904458598726114671e-01 9.873015873015873467e-01 9.873015873015873467e-01 9.841772151898734444e-01 9.841772151898734444e-01 9.841772151898734444e-01 9.841772151898734444e-01 9.841772151898734444e-01 9.810725552050473253e-01 9.810725552050473253e-01 9.810725552050473253e-01 9.810725552050473253e-01 9.810725552050473253e-01 9.810725552050473253e-01 9.811320754716981174e-01 9.840255591054313244e-01 9.903225806451613211e-01 9.903225806451613211e-01 9.903225806451613211e-01 9.903225806451613211e-01 9.935275080906148526e-01 9.935275080906148526e-01 9.967532467532467244e-01 9.967532467532467244e-01 9.967532467532467244e-01 9.967532467532467244e-01 9.967532467532467244e-01 1.000000000000000000e+00 1.000000000000000000e+00 1.000000000000000000e+00 1.000000000000000000e+00 1.000000000000000000e+00 1.000000000000000000e+00 1.000000000000000000e+00 
9.967845659163987460e-01 9.904458598726114671e-01 9.904458598726114671e-01 9.904458598726114671e-01 9.904458598726114671e-01 9.873015873015873467e-01 9.873015873015873467e-01 9.841772151898734444e-01 9.841772151898734444e-01 9.841772151898734444e-01 9.841772151898734444e-01 9.841772151898734444e-01 9.810725552050473253e-01 9.810725552050473253e-01 9.810725552050473253e-01 9.810725552050473253e-01 9.810725552050473253e-01 9.810725552050473253e-01 9.811320754716981174e-01 9.840255591054313244e-01 9.903225806451613211e-01 9.903225806451613211e-01 9.903225806451613211e-01 9.903225806451613211e-01 9.935275080906148526e-01 9.935275080906148526e-01 9.967532467532467244e-01 9.967532467532467244e-01 9.967532467532467244e-01 9.967532467532467244e-01 9.967532467532467244e-01 1.000000000000000000e+00 1.000000000000000000e+00 1.000000000000000000e+00 1.000000000000000000e+00 1.000000000000000000e+00 1.000000000000000000e+00 1.000000000000000000e+00 
9.967845659163987460e-01 9.904458598726114671e-01 9.904458598726114671e-01 9.904458598726114671e-01 9.904458598726114671e-01 9.873015873015873467e-01 9.841772151898734444e-01 9.841772151898734444e-01 9.841772151898734444e-01 9.841772151898734444e-01 9.841772151898734444e-01 9.841772151898734444e-01 9.810725552050473253e-01 9.810725552050473253e-01 9.810725552050473253e-01 9.810725552050473253e-01 9.810725552050473253e-01 9.810725552050473253e-01 9.811320754716981174e-01 9.840255591054313244e-01 9.903225806451613211e-01 9.903225806451613211e-01 9.903225806451613211e-01 9.903225806451613211e-01 9.935275080906148526e-01 9.967532467532467244e-01 9.967532467532467244e-01 9.967532467532467244e-01 9.967532467532467244e-01 9.967532467532467244e-01 9.967532467532467244e-01 1.000000000000000000e+00 1.000000000000000000e+00 1.000000000000000000e+00 1.000000000000000000e+00 1.000000000000000000e+00 1.000000000000000000e+00 1.000000000000000000e+00 
9.967845659163987460e-01 9.904458598726114671e-01 9.904458598726114671e-01 9.904458598726114671e-01 9.904458598726114671e-01 9.873015873015873467e-01 9.841772151898734444e-01 9.841772151898734444e-01 9.841772151898734444e-01 9.841772151898734444e-01 9.841772151898734444e-01 9.841772151898734444e-01 9.810725552050473253e-01 9.810725552050473253e-01 9.810725552050473253e-01 9.810725552050473253e-01 9.810725552050473253e-01 9.810725552050473253e-01 9.811320754716981174e-01 9.840255591054313244e-01 9.903225806451613211e-01 9.903225806451613211e-01 9.903225806451613211e-01 9.903225806451613211e-01 9.935275080906148526e-01 9.967532467532467244e-01 9.967532467532467244e-01 9.967532467532467244e-01 9.967532467532467244e-01 9.967532467532467244e-01 9.967532467532467244e-01 1.000000000000000000e+00 1.000000000000000000e+00 1.000000000000000000e+00 1.000000000000000000e+00 1.000000000000000000e+00 1.000000000000000000e+00 1.000000000000000000e+00 
9.967845659163987460e-01 9.904458598726114671e-01 9.904458598726114671e-01 9.904458598726114671e-01 9.904458598726114671e-01 9.873015873015873467e-01 9.841772151898734444e-01 9.841772151898734444e-01 9.841772151898734444e-01 9.841772151898734444e-01 9.841772151898734444e-01 9.841772151898734444e-01 9.810725552050473253e-01 9.810725552050473253e-01 9.810725552050473253e-01 9.810725552050473253e-01 9.810725552050473253e-01 9.810725552050473253e-01 9.811320754716981174e-01 9.840255591054313244e-01 9.903225806451613211e-01 9.903225806451613211e-01 9.903225806451613211e-01 9.903225806451613211e-01 9.935275080906148526e-01 9.967532467532467244e-01 9.967532467532467244e-01 9.967532467532467244e-01 9.967532467532467244e-01 9.967532467532467244e-01 9.967532467532467244e-01 1.000000000000000000e+00 1.000000000000000000e+00 1.000000000000000000e+00 1.000000000000000000e+00 1.000000000000000000e+00 1.000000000000000000e+00 1.000000000000000000e+00 
9.967845659163987460e-01 9.904458598726114671e-01 9.904458598726114671e-01 9.904458598726114671e-01 9.904458598726114671e-01 9.873015873015873467e-01 9.841772151898734444e-01 9.841772151898734444e-01 9.841772151898734444e-01 9.841772151898734444e-01 9.841772151898734444e-01 9.841772151898734444e-01 9.810725552050473253e-01 9.810725552050473253e-01 9.810725552050473253e-01 9.810725552050473253e-01 9.810725552050473253e-01 9.810725552050473253e-01 9.811320754716981174e-01 9.840255591054313244e-01 9.903225806451613211e-01 9.903225806451613211e-01 9.903225806451613211e-01 9.903225806451613211e-01 9.935275080906148526e-01 9.967532467532467244e-01 9.967532467532467244e-01 9.967532467532467244e-01 9.967532467532467244e-01 9.967532467532467244e-01 9.967532467532467244e-01 1.000000000000000000e+00 1.000000000000000000e+00 1.000000000000000000e+00 1.000000000000000000e+00 1.000000000000000000e+00 1.000000000000000000e+00 1.000000000000000000e+00 
9.967845659163987460e-01 9.936102236421725520e-01 9.904458598726114671e-01 9.904458598726114671e-01 9.904458598726114671e-01 9.873015873015873467e-01 9.841772151898734444e-01 9.841772151898734444e-01 9.841772151898734444e-01 9.841772151898734444e-01 9.841772151898734444e-01 9.841772151898734444e-01 9.810725552050473253e-01 9.810725552050473253e-01 9.810725552050473253e-01 9.810725552050473253e-01 9.810725552050473253e-01 9.810725552050473253e-01 9.811320754716981174e-01 9.840255591054313244e-01 9.871382636655948728e-01 9.903225806451613211e-01 9.903225806451613211e-01 9.903225806451613211e-01 9.935275080906148526e-01 9.967532467532467244e-01 9.967532467532467244e-01 9.967532467532467244e-01 9.967532467532467244e-01 9.967532467532467244e-01 9.967532467532467244e-01 1.000000000000000000e+00 1.000000000000000000e+00 1.000000000000000000e+00 1.000000000000000000e+00 1.000000000000000000e+00 1.000000000000000000e+00 1.000000000000000000e+00 
9.967948717948718063e-01 9.936102236421725520e-01 9.904458598726114671e-01 9.904458598726114671e-01 9.873015873015873467e-01 9.873015873015873467e-01 9.841772151898734444e-01 9.841772151898734444e-01 9.841772151898734444e-01 9.841772151898734444e-01 9.841772151898734444e-01 9.841772151898734444e-01 9.810725552050473253e-01 9.810725552050473253e-01 9.810725552050473253e-01 9.810725552050473253e-01 9.810725552050473253e-01 9.810725552050473253e-01 9.811320754716981174e-01 9.839743589743589203e-01 9.871382636655948728e-01 9.903225806451613211e-01 9.903225806451613211e-01 9.935275080906148526e-01 9.935275080906148526e-01 9.967532467532467244e-01 9.967532467532467244e-01 9.967532467532467244e-01 9.967532467532467244e-01 9.967532467532467244e-01 9.967532467532467244e-01 1.000000000000000000e+00 1.000000000000000000e+00 1.000000000000000000e+00 1.000000000000000000e+00 1.000000000000000000e+00 1.000000000000000000e+00 1.000000000000000000e+00 
9.967948717948718063e-01 9.936102236421725520e-01 9.904458598726114671e-01 9.904458598726114671e-01 9.873015873015873467e-01 9.873015873015873467e-01 9.841772151898734444e-01 9.841772151898734444e-01 9.841772151898734444e-01 9.841772151898734444e-01 9.841772151898734444e-01 9.841772151898734444e-01 9.810725552050473253e-01 9.810725552050473253e-01 9.810725552050473253e-01 9.810725552050473253e-01 9.810725552050473253e-01 9.810725552050473253e-01 9.811320754716981174e-01 9.839743589743589203e-01 9.871382636655948728e-01 9.903225806451613211e-01 9.903225806451613211e-01 9.935275080906148526e-01 9.935275080906148526e-01 9.967532467532467244e-01 9.967532467532467244e-01 9.967532467532467244e-01 9.967532467532467244e-01 9.967532467532467244e-01 9.967532467532467244e-01 1.000000000000000000e+00 1.000000000000000000e+00 1.000000000000000000e+00 1.000000000000000000e+00 1.000000000000000000e+00 1.000000000000000000e+00 1.000000000000000000e+00 
9.967948717948718063e-01 9.936102236421725520e-01 9.904458598726114671e-01 9.904458598726114671e-01 9.873015873015873467e-01 9.873015873015873467e-01 9.841772151898734444e-01 9.841772151898734444e-01 9.841772151898734444e-01 9.841772151898734444e-01 9.841772151898734444e-01 9.841772151898734444e-01 9.810725552050473253e-01 9.810725552050473253e-01 9.810725552050473253e-01 9.810725552050473253e-01 9.810725552050473253e-01 9.810725552050473253e-01 9.811320754716981174e-01 9.839743589743589203e-01 9.871382636655948728e-01 9.903225806451613211e-01 9.903225806451613211e-01 9.935275080906148526e-01 9.935275080906148526e-01 9.967532467532467244e-01 9.967532467532467244e-01 9.967532467532467244e-01 9.967532467532467244e-01 9.967532467532467244e-01 9.967532467532467244e-01 1.000000000000000000e+00 1.000000000000000000e+00 1.000000000000000000e+00 1.000000000000000000e+00 1.000000000000000000e+00 1.000000000000000000e+00 1.000000000000000000e+00 
9.967948717948718063e-01 9.936102236421725520e-01 9.904458598726114671e-01 9.904458598726114671e-01 9.873015873015873467e-01 9.841772151898734444e-01 9.841772151898734444e-01 9.841772151898734444e-01 9.841772151898734444e-01 9.841772151898734444e-01 9.841772151898734444e-01 9.810725552050473253e-01 9.810725552050473253e-01 9.810725552050473253e-01 9.810725552050473253e-01 9.810725552050473253e-01 9.810725552050473253e-01 9.810725552050473253e-01 9.811320754716981174e-01 9.839743589743589203e-01 9.871382636655948728e-01 9.903225806451613211e-01 9.903225806451613211e-01 9.935275080906148526e-01 9.967532467532467244e-01 9.967532467532467244e-01 9.967532467532467244e-01 9.967532467532467244e-01 9.967532467532467244e-01 9.967532467532467244e-01 1.000000000000000000e+00 1.000000000000000000e+00 1.000000000000000000e+00 1.000000000000000000e+00 1.000000000000000000e+00 1.000000000000000000e+00 1.000000000000000000e+00 1.000000000000000000e+00 
9.967948717948718063e-01 9.936102236421725520e-01 9.904458598726114671e-01 9.904458598726114671e-01 9.873015873015873467e-01 9.841772151898734444e-01 9.841772151898734444e-01 9.841772151898734444e-01 9.841772151898734444e-01 9.841772151898734444e-01 9.841772151898734444e-01 9.810725552050473253e-01 9.810725552050473253e-01 9.810725552050473253e-01 9.810725552050473253e-01 9.810725552050473253e-01 9.810725552050473253e-01 9.810725552050473253e-01 9.811320754716981174e-01 9.839743589743589203e-01 9.871382636655948728e-01 9.903225806451613211e-01 9.903225806451613211e-01 9.935275080906148526e-01 9.967532467532467244e-01 9.967532467532467244e-01 9.967532467532467244e-01 9.967532467532467244e-01 9.967532467532467244e-01 9.967532467532467244e-01 1.000000000000000000e+00 1.000000000000000000e+00 1.000000000000000000e+00 1.000000000000000000e+00 1.000000000000000000e+00 1.000000000000000000e+00 1.000000000000000000e+00 1.000000000000000000e+00 
9.967948717948718063e-01 9.936102236421725520e-01 9.904458598726114671e-01 9.904458598726114671e-01 9.873015873015873467e-01 9.873015873015873467e-01 9.841772151898734444e-01 9.841772151898734444e-01 9.841772151898734444e-01 9.841772151898734444e-01 9.841772151898734444e-01 9.841772151898734444e-01 9.810725552050473253e-01 9.810725552050473253e-01 9.810725552050473253e-01 9.810725552050473253e-01 9.810725552050473253e-01 9.810725552050473253e-01 9.811320754716981174e-01 9.839743589743589203e-01 9.871382636655948728e-01 9.903225806451613211e-01 9.903225806451613211e-01 9.935275080906148526e-01 9.935275080906148526e-01 9.967532467532467244e-01 9.967532467532467244e-01 9.967532467532467244e-01 9.967532467532467244e-01 9.967532467532467244e-01 9.967532467532467244e-01 1.000000000000000000e+00 1.000000000000000000e+00 1.000000000000000000e+00 1.000000000000000000e+00 1.000000000000000000e+00 1.000000000000000000e+00 1.000000000000000000e+00 
9.967948717948718063e-01 9.936102236421725520e-01 9.904458598726114671e-01 9.904458598726114671e-01 9.873015873015873467e-01 9.873015873015873467e-01 9.841772151898734444e-01 9.841772151898734444e-01 9.841772151898734444e-01 9.841772151898734444e-01 9.841772151898734444e-01 9.841772151898734444e-01 9.810725552050473253e-01 9.810725552050473253e-01 9.810725552050473253e-01 9.810725552050473253e-01 9.810725552050473253e-01 9.810725552050473253e-01 9.811320754716981174e-01 9.839743589743589203e-01 9.871382636655948728e-01 9.903225806451613211e-01 9.903225806451613211e-01 9.935275080906148526e-01 9.935275080906148526e-01 9.967532467532467244e-01 9.967532467532467244e-01 9.967532467532467244e-01 9.967532467532467244e-01 9.967532467532467244e-01 9.967532467532467244e-01 1.000000000000000000e+00 1.000000000000000000e+00 1.000000000000000000e+00 1.000000000000000000e+00 1.000000000000000000e+00 1.000000000000000000e+00 1.000000000000000000e+00 
9.967948717948718063e-01 9.936102236421725520e-01 9.904458598726114671e-01 9.904458598726114671e-01 9.873015873015873467e-01 9.873015873015873467e-01 9.841772151898734444e-01 9.841772151898734444e-01 9.841772151898734444e-01 9.841772151898734444e-01 9.841772151898734444e-01 9.841772151898734444e-01 9.810725552050473253e-01 9.810725552050473253e-01 9.810725552050473253e-01 9.810725552050473253e-01 9.810725552050473253e-01 9.810725552050473253e-01 9.811320754716981174e-01 9.839743589743589203e-01 9.871382636655948728e-01 9.903225806451613211e-01 9.903225806451613211e-01 9.935275080906148526e-01 9.935275080906148526e-01 9.967532467532467244e-01 9.967532467532467244e-01 9.967532467532467244e-01 9.967532467532467244e-01 9.967532467532467244e-01 9.967532467532467244e-01 1.000000000000000000e+00 1.000000000000000000e+00 1.000000000000000000e+00 1.000000000000000000e+00 1.000000000000000000e+00 1.000000000000000000e+00 1.000000000000000000e+00 
9.967948717948718063e-01 9.936102236421725520e-01 9.904458598726114671e-01 9.904458598726114671e-01 9.873015873015873467e-01 9.841772151898734444e-01 9.841772151898734444e-01 9.841772151898734444e-01 9.841772151898734444e-01 9.841772151898734444e-01 9.841772151898734444e-01 9.841772151898734444e-01 9.810725552050473253e-01 9.810725552050473253e-01 9.810725552050473253e-01 9.810725552050473253e-01 9.810725552050473253e-01 9.810725552050473253e-01 9.811320754716981174e-01 9.839743589743589203e-01 9.871382636655948728e-01 9.903225806451613211e-01 9.903225806451613211e-01 9.935275080906148526e-01 9.967532467532467244e-01 9.967532467532467244e-01 9.967532467532467244e-01 9.967532467532467244e-01 9.967532467532467244e-01 9.967532467532467244e-01 9.967532467532467244e-01 1.000000000000000000e+00 1.000000000000000000e+00 1.000000000000000000e+00 1.000000000000000000e+00 1.000000000000000000e+00 1.000000000000000000e+00 1.000000000000000000e+00 
9.967948717948718063e-01 9.936102236421725520e-01 9.904458598726114671e-01 9.873015873015873467e-01 9.873015873015873467e-01 9.841772151898734444e-01 9.841772151898734444e-01 9.841772151898734444e-01 9.841772151898734444e-01 9.841772151898734444e-01 9.841772151898734444e-01 9.810725552050473253e-01 9.810725552050473253e-01 9.810725552050473253e-01 9.810725552050473253e-01 9.810725552050473253e-01 9.810725552050473253e-01 9.810725552050473253e-01 9.811320754716981174e-01 9.839743589743589203e-01 9.871382636655948728e-01 9.903225806451613211e-01 9.935275080906148526e-01 9.935275080906148526e-01 9.967532467532467244e-01 9.967532467532467244e-01 9.967532467532467244e-01 9.967532467532467244e-01 9.967532467532467244e-01 9.967532467532467244e-01 1.000000000000000000e+00 1.000000000000000000e+00 1.000000000000000000e+00 1.000000000000000000e+00 1.000000000000000000e+00 1.000000000000000000e+00 1.000000000000000000e+00 1.000000000000000000e+00 
9.967948717948718063e-01 9.936102236421725520e-01 9.936102236421725520e-01 9.873015873015873467e-01 9.873015873015873467e-01 9.841772151898734444e-01 9.841772151898734444e-01 9.841772151898734444e-01 9.841772151898734444e-01 9.841772151898734444e-01 9.841772151898734444e-01 9.841772151898734444e-01 9.810725552050473253e-01 9.810725552050473253e-01 9.810725552050473253e-01 9.810725552050473253e-01 9.810725552050473253e-01 9.810725552050473253e-01 9.811320754716981174e-01 9.839743589743589203e-01 9.871382636655948728e-01 9.871382636655948728e-01 9.935275080906148526e-01 9.935275080906148526e-01 9.967532467532467244e-01 9.967532467532467244e-01 9.967532467532467244e-01 9.967532467532467244e-01 9.967532467532467244e-01 9.967532467532467244e-01 9.967532467532467244e-01 1.000000000000000000e+00 1.000000000000000000e+00 1.000000000000000000e+00 1.000000000000000000e+00 1.000000000000000000e+00 1.000000000000000000e+00 1.000000000000000000e+00 
9.967948717948718063e-01 9.936102236421725520e-01 9.936102236421725520e-01 9.873015873015873467e-01 9.873015873015873467e-01 9.841772151898734444e-01 9.841772151898734444e-01 9.841772151898734444e-01 9.841772151898734444e-01 9.841772151898734444e-01 9.841772151898734444e-01 9.841772151898734444e-01 9.810725552050473253e-01 9.810725552050473253e-01 9.810725552050473253e-01 9.810725552050473253e-01 9.810725552050473253e-01 9.810725552050473253e-01 9.811320754716981174e-01 9.839743589743589203e-01 9.871382636655948728e-01 9.871382636655948728e-01 9.935275080906148526e-01 9.935275080906148526e-01 9.967532467532467244e-01 9.967532467532467244e-01 9.967532467532467244e-01 9.967532467532467244e-01 9.967532467532467244e-01 9.967532467532467244e-01 9.967532467532467244e-01 1.000000000000000000e+00 1.000000000000000000e+00 1.000000000000000000e+00 1.000000000000000000e+00 1.000000000000000000e+00 1.000000000000000000e+00 1.000000000000000000e+00 
9.967948717948718063e-01 9.936102236421725520e-01 9.936102236421725520e-01 9.873015873015873467e-01 9.873015873015873467e-01 9.841772151898734444e-01 9.841772151898734444e-01 9.841772151898734444e-01 9.841772151898734444e-01 9.841772151898734444e-01 9.841772151898734444e-01 9.841772151898734444e-01 9.810725552050473253e-01 9.810725552050473253e-01 9.810725552050473253e-01 9.810725552050473253e-01 9.810725552050473253e-01 9.810725552050473253e-01 9.811320754716981174e-01 9.839743589743589203e-01 9.871382636655948728e-01 9.871382636655948728e-01 9.935275080906148526e-01 9.935275080906148526e-01 9.967532467532467244e-01 9.967532467532467244e-01 9.967532467532467244e-01 9.967532467532467244e-01 9.967532467532467244e-01 9.967532467532467244e-01 9.967532467532467244e-01 1.000000000000000000e+00 1.000000000000000000e+00 1.000000000000000000e+00 1.000000000000000000e+00 1.000000000000000000e+00 1.000000000000000000e+00 1.000000000000000000e+00 
9.967948717948718063e-01 9.936102236421725520e-01 9.936102236421725520e-01 9.873015873015873467e-01 9.873015873015873467e-01 9.841772151898734444e-01 9.841772151898734444e-01 9.841772151898734444e-01 9.841772151898734444e-01 9.841772151898734444e-01 9.841772151898734444e-01 9.810725552050473253e-01 9.810725552050473253e-01 9.810725552050473253e-01 9.810725552050473253e-01 9.810725552050473253e-01 9.810725552050473253e-01 9.810725552050473253e-01 9.811320754716981174e-01 9.839743589743589203e-01 9.871382636655948728e-01 9.871382636655948728e-01 9.935275080906148526e-01 9.935275080906148526e-01 9.967532467532467244e-01 9.967532467532467244e-01 9.967532467532467244e-01 9.967532467532467244e-01 9.967532467532467244e-01 9.967532467532467244e-01 1.000000000000000000e+00 1.000000000000000000e+00 1.000000000000000000e+00 1.000000000000000000e+00 1.000000000000000000e+00 1.000000000000000000e+00 1.000000000000000000e+00 1.000000000000000000e+00 
9.967948717948718063e-01 9.936102236421725520e-01 9.936102236421725520e-01 9.873015873015873467e-01 9.841772151898734444e-01 9.841772151898734444e-01 9.841772151898734444e-01 9.841772151898734444e-01 9.841772151898734444e-01 9.841772151898734444e-01 9.841772151898734444e-01 9.810725552050473253e-01 9.810725552050473253e-01 9.810725552050473253e-01 9.810725552050473253e-01 9.810725552050473253e-01 9.810725552050473253e-01 9.810725552050473253e-01 9.811320754716981174e-01 9.839743589743589203e-01 9.871382636655948728e-01 9.871382636655948728e-01 9.935275080906148526e-01 9.967532467532467244e-01 9.967532467532467244e-01 9.967532467532467244e-01 9.967532467532467244e-01 9.967532467532467244e-01 9.967532467532467244e-01 9.967532467532467244e-01 1.000000000000000000e+00 1.000000000000000000e+00 1.000000000000000000e+00 1.000000000000000000e+00 1.000000000000000000e+00 1.000000000000000000e+00 1.000000000000000000e+00 1.000000000000000000e+00 
9.967948717948718063e-01 9.936102236421725520e-01 9.936102236421725520e-01 9.904458598726114671e-01 9.873015873015873467e-01 9.841772151898734444e-01 9.841772151898734444e-01 9.841772151898734444e-01 9.841772151898734444e-01 9.841772151898734444e-01 9.841772151898734444e-01 9.810725552050473253e-01 9.810725552050473253e-01 9.810725552050473253e-01 9.810725552050473253e-01 9.810725552050473253e-01 9.810725552050473253e-01 9.810725552050473253e-01 9.811320754716981174e-01 9.839743589743589203e-01 9.871382636655948728e-01 9.871382636655948728e-01 9.903225806451613211e-01 9.935275080906148526e-01 9.967532467532467244e-01 9.967532467532467244e-01 9.967532467532467244e-01 9.967532467532467244e-01 9.967532467532467244e-01 9.967532467532467244e-01 1.000000000000000000e+00 1.000000000000000000e+00 1.000000000000000000e+00 1.000000000000000000e+00 1.000000000000000000e+00 1.000000000000000000e+00 1.000000000000000000e+00 1.000000000000000000e+00 
9.967948717948718063e-01 9.936102236421725520e-01 9.936102236421725520e-01 9.904458598726114671e-01 9.904458598726114671e-01 9.873015873015873467e-01 9.841772151898734444e-01 9.841772151898734444e-01 9.841772151898734444e-01 9.841772151898734444e-01 9.841772151898734444e-01 9.841772151898734444e-01 9.810725552050473253e-01 9.810725552050473253e-01 9.810725552050473253e-01 9.810725552050473253e-01 9.810725552050473253e-01 9.810725552050473253e-01 9.810725552050473253e-01 9.839743589743589203e-01 9.871382636655948728e-01 9.871382636655948728e-01 9.903225806451613211e-01 9.903225806451613211e-01 9.935275080906148526e-01 9.967532467532467244e-01 9.967532467532467244e-01 9.967532467532467244e-01 9.967532467532467244e-01 9.967532467532467244e-01 9.967532467532467244e-01 1.000000000000000000e+00 1.000000000000000000e+00 1.000000000000000000e+00 1.000000000000000000e+00 1.000000000000000000e+00 1.000000000000000000e+00 1.000000000000000000e+00 
9.967948717948718063e-01 9.936102236421725520e-01 9.936102236421725520e-01 9.904458598726114671e-01 9.904458598726114671e-01 9.841772151898734444e-01 9.841772151898734444e-01 9.841772151898734444e-01 9.841772151898734444e-01 9.841772151898734444e-01 9.841772151898734444e-01 9.810725552050473253e-01 9.810725552050473253e-01 9.810725552050473253e-01 9.810725552050473253e-01 9.810725552050473253e-01 9.810725552050473253e-01 9.810725552050473253e-01 9.810725552050473253e-01 9.839743589743589203e-01 9.871382636655948728e-01 9.871382636655948728e-01 9.903225806451613211e-01 9.903225806451613211e-01 9.967532467532467244e-01 9.967532467532467244e-01 9.967532467532467244e-01 9.967532467532467244e-01 9.967532467532467244e-01 9.967532467532467244e-01 1.000000000000000000e+00 1.000000000000000000e+00 1.000000000000000000e+00 1.000000000000000000e+00 1.000000000000000000e+00 1.000000000000000000e+00 1.000000000000000000e+00 1.000000000000000000e+00 
9.967948717948718063e-01 9.936102236421725520e-01 9.936102236421725520e-01 9.904458598726114671e-01 9.904458598726114671e-01 9.841772151898734444e-01 9.841772151898734444e-01 9.841772151898734444e-01 9.841772151898734444e-01 9.841772151898734444e-01 9.841772151898734444e-01 9.810725552050473253e-01 9.810725552050473253e-01 9.810725552050473253e-01 9.810725552050473253e-01 9.810725552050473253e-01 9.810725552050473253e-01 9.810725552050473253e-01 9.811320754716981174e-01 9.839743589743589203e-01 9.871382636655948728e-01 9.871382636655948728e-01 9.903225806451613211e-01 9.903225806451613211e-01 9.967532467532467244e-01 9.967532467532467244e-01 9.967532467532467244e-01 9.967532467532467244e-01 9.967532467532467244e-01 9.967532467532467244e-01 1.000000000000000000e+00 1.000000000000000000e+00 1.000000000000000000e+00 1.000000000000000000e+00 1.000000000000000000e+00 1.000000000000000000e+00 1.000000000000000000e+00 1.000000000000000000e+00 
9.967948717948718063e-01 9.936102236421725520e-01 9.936102236421725520e-01 9.904458598726114671e-01 9.873015873015873467e-01 9.841772151898734444e-01 9.841772151898734444e-01 9.841772151898734444e-01 9.841772151898734444e-01 9.841772151898734444e-01 9.810725552050473253e-01 9.810725552050473253e-01 9.810725552050473253e-01 9.810725552050473253e-01 9.810725552050473253e-01 9.810725552050473253e-01 9.810725552050473253e-01 9.810725552050473253e-01 9.811320754716981174e-01 9.839743589743589203e-01 9.871382636655948728e-01 9.871382636655948728e-01 9.903225806451613211e-01 9.935275080906148526e-01 9.967532467532467244e-01 9.967532467532467244e-01 9.967532467532467244e-01 9.967532467532467244e-01 9.967532467532467244e-01 1.000000000000000000e+00 1.000000000000000000e+00 1.000000000000000000e+00 1.000000000000000000e+00 1.000000000000000000e+00 1.000000000000000000e+00 1.000000000000000000e+00 1.000000000000000000e+00 1.000000000000000000e+00 
9.967948717948718063e-01 9.936102236421725520e-01 9.936102236421725520e-01 9.904458598726114671e-01 9.873015873015873467e-01 9.841772151898734444e-01 9.841772151898734444e-01 9.841772151898734444e-01 9.841772151898734444e-01 9.841772151898734444e-01 9.810725552050473253e-01 9.810725552050473253e-01 9.810725552050473253e-01 9.810725552050473253e-01 9.810725552050473253e-01 9.810725552050473253e-01 9.810725552050473253e-01 9.810725552050473253e-01 9.810725552050473253e-01 9.839743589743589203e-01 9.871382636655948728e-01 9.871382636655948728e-01 9.903225806451613211e-01 9.935275080906148526e-01 9.967532467532467244e-01 9.967532467532467244e-01 9.967532467532467244e-01 9.967532467532467244e-01 9.967532467532467244e-01 1.000000000000000000e+00 1.000000000000000000e+00 1.000000000000000000e+00 1.000000000000000000e+00 1.000000000000000000e+00 1.000000000000000000e+00 1.000000000000000000e+00 1.000000000000000000e+00 1.000000000000000000e+00 
9.967948717948718063e-01 9.936102236421725520e-01 9.936102236421725520e-01 9.904458598726114671e-01 9.873015873015873467e-01 9.873015873015873467e-01 9.841772151898734444e-01 9.841772151898734444e-01 9.841772151898734444e-01 9.841772151898734444e-01 9.810725552050473253e-01 9.810725552050473253e-01 9.810725552050473253e-01 9.810725552050473253e-01 9.810725552050473253e-01 9.810725552050473253e-01 9.810725552050473253e-01 9.810725552050473253e-01 9.810725552050473253e-01 9.839743589743589203e-01 9.871382636655948728e-01 9.871382636655948728e-01 9.903225806451613211e-01 9.935275080906148526e-01 9.935275080906148526e-01 9.967532467532467244e-01 9.967532467532467244e-01 9.967532467532467244e-01 9.967532467532467244e-01 1.000000000000000000e+00 1.000000000000000000e+00 1.000000000000000000e+00 1.000000000000000000e+00 1.000000000000000000e+00 1.000000000000000000e+00 1.000000000000000000e+00 1.000000000000000000e+00 1.000000000000000000e+00 
9.967948717948718063e-01 9.936102236421725520e-01 9.936102236421725520e-01 9.904458598726114671e-01 9.904458598726114671e-01 9.873015873015873467e-01 9.841772151898734444e-01 9.841772151898734444e-01 9.841772151898734444e-01 9.841772151898734444e-01 9.810725552050473253e-01 9.810725552050473253e-01 9.810725552050473253e-01 9.810725552050473253e-01 9.810725552050473253e-01 9.810725552050473253e-01 9.810725552050473253e-01 9.810725552050473253e-01 9.810725552050473253e-01 9.839743589743589203e-01 9.871382636655948728e-01 9.871382636655948728e-01 9.903225806451613211e-01 9.903225806451613211e-01 9.935275080906148526e-01 9.967532467532467244e-01 9.967532467532467244e-01 9.967532467532467244e-01 9.967532467532467244e-01 1.000000000000000000e+00 1.000000000000000000e+00 1.000000000000000000e+00 1.000000000000000000e+00 1.000000000000000000e+00 1.000000000000000000e+00 1.000000000000000000e+00 1.000000000000000000e+00 1.000000000000000000e+00 
9.967948717948718063e-01 9.936102236421725520e-01 9.936102236421725520e-01 9.904458598726114671e-01 9.904458598726114671e-01 9.873015873015873467e-01 9.873015873015873467e-01 9.873015873015873467e-01 9.841772151898734444e-01 9.841772151898734444e-01 9.841772151898734444e-01 9.810725552050473253e-01 9.810725552050473253e-01 9.810725552050473253e-01 9.810725552050473253e-01 9.810725552050473253e-01 9.810725552050473253e-01 9.810725552050473253e-01 9.810725552050473253e-01 9.839743589743589203e-01 9.871382636655948728e-01 9.871382636655948728e-01 9.903225806451613211e-01 9.903225806451613211e-01 9.935275080906148526e-01 9.935275080906148526e-01 9.935275080906148526e-01 9.967532467532467244e-01 9.967532467532467244e-01 9.967532467532467244e-01 1.000000000000000000e+00 1.000000000000000000e+00 1.000000000000000000e+00 1.000000000000000000e+00 1.000000000000000000e+00 1.000000000000000000e+00 1.000000000000000000e+00 1.000000000000000000e+00 
9.967948717948718063e-01 9.936102236421725520e-01 9.936102236421725520e-01 9.904458598726114671e-01 9.904458598726114671e-01 9.873015873015873467e-01 9.873015873015873467e-01 9.841772151898734444e-01 9.841772151898734444e-01 9.841772151898734444e-01 9.841772151898734444e-01 9.810725552050473253e-01 9.810725552050473253e-01 9.810725552050473253e-01 9.810725552050473253e-01 9.810725552050473253e-01 9.810725552050473253e-01 9.810725552050473253e-01 9.810725552050473253e-01 9.839743589743589203e-01 9.871382636655948728e-01 9.871382636655948728e-01 9.903225806451613211e-01 9.903225806451613211e-01 9.935275080906148526e-01 9.935275080906148526e-01 9.967532467532467244e-01 9.967532467532467244e-01 9.967532467532467244e-01 9.967532467532467244e-01 1.000000000000000000e+00 1.000000000000000000e+00 1.000000000000000000e+00 1.000000000000000000e+00 1.000000000000000000e+00 1.000000000000000000e+00 1.000000000000000000e+00 1.000000000000000000e+00 
9.967948717948718063e-01 9.936102236421725520e-01 9.904458598726114671e-01 9.904458598726114671e-01 9.873015873015873467e-01 9.873015873015873467e-01 9.873015873015873467e-01 9.841772151898734444e-01 9.841772151898734444e-01 9.841772151898734444e-01 9.810725552050473253e-01 9.810725552050473253e-01 9.810725552050473253e-01 9.810725552050473253e-01 9.810725552050473253e-01 9.810725552050473253e-01 9.810725552050473253e-01 9.810725552050473253e-01 9.810725552050473253e-01 9.839743589743589203e-01 9.871382636655948728e-01 9.903225806451613211e-01 9.903225806451613211e-01 9.935275080906148526e-01 9.935275080906148526e-01 9.935275080906148526e-01 9.967532467532467244e-01 9.967532467532467244e-01 9.967532467532467244e-01 1.000000000000000000e+00 1.000000000000000000e+00 1.000000000000000000e+00 1.000000000000000000e+00 1.000000000000000000e+00 1.000000000000000000e+00 1.000000000000000000e+00 1.000000000000000000e+00 1.000000000000000000e+00 
9.967948717948718063e-01 9.936102236421725520e-01 9.904458598726114671e-01 9.904458598726114671e-01 9.904458598726114671e-01 9.873015873015873467e-01 9.873015873015873467e-01 9.873015873015873467e-01 9.841772151898734444e-01 9.841772151898734444e-01 9.810725552050473253e-01 9.810725552050473253e-01 9.810725552050473253e-01 9.810725552050473253e-01 9.810725552050473253e-01 9.810725552050473253e-01 9.810725552050473253e-01 9.810725552050473253e-01 9.810725552050473253e-01 9.839743589743589203e-01 9.871382636655948728e-01 9.903225806451613211e-01 9.903225806451613211e-01 9.903225806451613211e-01 9.935275080906148526e-01 9.935275080906148526e-01 9.935275080906148526e-01 9.967532467532467244e-01 9.967532467532467244e-01 1.000000000000000000e+00 1.000000000000000000e+00 1.000000000000000000e+00 1.000000000000000000e+00 1.000000000000000000e+00 1.000000000000000000e+00 1.000000000000000000e+00 1.000000000000000000e+00 1.000000000000000000e+00 
9.967948717948718063e-01 9.936102236421725520e-01 9.904458598726114671e-01 9.904458598726114671e-01 9.873015873015873467e-01 9.873015873015873467e-01 9.873015873015873467e-01 9.873015873015873467e-01 9.841772151898734444e-01 9.841772151898734444e-01 9.810725552050473253e-01 9.810725552050473253e-01 9.810725552050473253e-01 9.810725552050473253e-01 9.810725552050473253e-01 9.810725552050473253e-01 9.810725552050473253e-01 9.810725552050473253e-01 9.810725552050473253e-01 9.839743589743589203e-01 9.871382636655948728e-01 9.903225806451613211e-01 9.903225806451613211e-01 9.935275080906148526e-01 9.935275080906148526e-01 9.935275080906148526e-01 9.935275080906148526e-01 9.967532467532467244e-01 9.967532467532467244e-01 1.000000000000000000e+00 1.000000000000000000e+00 1.000000000000000000e+00 1.000000000000000000e+00 1.000000000000000000e+00 1.000000000000000000e+00 1.000000000000000000e+00 1.000000000000000000e+00 1.000000000000000000e+00 
9.967948717948718063e-01 9.936102236421725520e-01 9.904458598726114671e-01 9.904458598726114671e-01 9.873015873015873467e-01 9.873015873015873467e-01 9.873015873015873467e-01 9.873015873015873467e-01 9.873015873015873467e-01 9.841772151898734444e-01 9.841772151898734444e-01 9.810725552050473253e-01 9.810725552050473253e-01 9.810725552050473253e-01 9.810725552050473253e-01 9.810725552050473253e-01 9.810725552050473253e-01 9.810725552050473253e-01 9.810725552050473253e-01 9.839743589743589203e-01 9.871382636655948728e-01 9.903225806451613211e-01 9.903225806451613211e-01 9.935275080906148526e-01 9.935275080906148526e-01 9.935275080906148526e-01 9.935275080906148526e-01 9.935275080906148526e-01 9.967532467532467244e-01 9.967532467532467244e-01 1.000000000000000000e+00 1.000000000000000000e+00 1.000000000000000000e+00 1.000000000000000000e+00 1.000000000000000000e+00 1.000000000000000000e+00 1.000000000000000000e+00 1.000000000000000000e+00 
9.967948717948718063e-01 9.936102236421725520e-01 9.904458598726114671e-01 9.904458598726114671e-01 9.873015873015873467e-01 9.873015873015873467e-01 9.873015873015873467e-01 9.873015873015873467e-01 9.873015873015873467e-01 9.841772151898734444e-01 9.810725552050473253e-01 9.810725552050473253e-01 9.810725552050473253e-01 9.810725552050473253e-01 9.810725552050473253e-01 9.810725552050473253e-01 9.810725552050473253e-01 9.810725552050473253e-01 9.810725552050473253e-01 9.839743589743589203e-01 9.871382636655948728e-01 9.903225806451613211e-01 9.903225806451613211e-01 9.935275080906148526e-01 9.935275080906148526e-01 9.935275080906148526e-01 9.935275080906148526e-01 9.935275080906148526e-01 9.967532467532467244e-01 1.000000000000000000e+00 1.000000000000000000e+00 1.000000000000000000e+00 1.000000000000000000e+00 1.000000000000000000e+00 1.000000000000000000e+00 1.000000000000000000e+00 1.000000000000000000e+00 1.000000000000000000e+00 
9.967948717948718063e-01 9.936102236421725520e-01 9.904458598726114671e-01 9.904458598726114671e-01 9.873015873015873467e-01 9.873015873015873467e-01 9.873015873015873467e-01 9.873015873015873467e-01 9.873015873015873467e-01 9.873015873015873467e-01 9.842271293375394192e-01 9.842271293375394192e-01 9.842271293375394192e-01 9.842271293375394192e-01 9.842271293375394192e-01 9.842271293375394192e-01 9.842271293375394192e-01 9.842271293375394192e-01 9.842271293375394192e-01 9.871794871794872250e-01 9.903536977491961268e-01 9.935483870967741771e-01 9.935483870967741771e-01 9.967637540453074818e-01 9.967637540453074818e-01 9.967637540453074818e-01 9.967637540453074818e-01 9.967637540453074818e-01 9.967637540453074818e-01 1.000000000000000000e+00 1.000000000000000000e+00 1.000000000000000000e+00 1.000000000000000000e+00 1.000000000000000000e+00 1.000000000000000000e+00 1.000000000000000000e+00 1.000000000000000000e+00 1.000000000000000000e+00 
9.967948717948718063e-01 9.936102236421725520e-01 9.904458598726114671e-01 9.904458598726114671e-01 9.873015873015873467e-01 9.873015873015873467e-01 9.873015873015873467e-01 9.873015873015873467e-01 9.873015873015873467e-01 9.841772151898734444e-01 9.810725552050473253e-01 9.810725552050473253e-01 9.810725552050473253e-01 9.810725552050473253e-01 9.810725552050473253e-01 9.810725552050473253e-01 9.810725552050473253e-01 9.810725552050473253e-01 9.810725552050473253e-01 9.839743589743589203e-01 9.871382636655948728e-01 9.903225806451613211e-01 9.903225806451613211e-01 9.935275080906148526e-01 9.935275080906148526e-01 9.935275080906148526e-01 9.935275080906148526e-01 9.935275080906148526e-01 9.967532467532467244e-01 1.000000000000000000e+00 1.000000000000000000e+00 1.000000000000000000e+00 1.000000000000000000e+00 1.000000000000000000e+00 1.000000000000000000e+00 1.000000000000000000e+00 1.000000000000000000e+00 1.000000000000000000e+00 
9.967948717948718063e-01 9.936102236421725520e-01 9.904458598726114671e-01 9.904458598726114671e-01 9.873015873015873467e-01 9.873015873015873467e-01 9.873015873015873467e-01 9.873015873015873467e-01 9.873015873015873467e-01 9.842271293375394192e-01 9.842271293375394192e-01 9.842271293375394192e-01 9.842271293375394192e-01 9.842271293375394192e-01 9.842271293375394192e-01 9.842271293375394192e-01 9.842271293375394192e-01 9.842271293375394192e-01 9.842271293375394192e-01 9.871794871794872250e-01 9.903536977491961268e-01 9.935483870967741771e-01 9.935483870967741771e-01 9.967637540453074818e-01 9.967637540453074818e-01 9.967637540453074818e-01 9.967637540453074818e-01 9.967637540453074818e-01 1.000000000000000000e+00 1.000000000000000000e+00 1.000000000000000000e+00 1.000000000000000000e+00 1.000000000000000000e+00 1.000000000000000000e+00 1.000000000000000000e+00 1.000000000000000000e+00 1.000000000000000000e+00 1.000000000000000000e+00 
9.967948717948718063e-01 9.936102236421725520e-01 9.904458598726114671e-01 9.904458598726114671e-01 9.873015873015873467e-01 9.873015873015873467e-01 9.873015873015873467e-01 9.873015873015873467e-01 9.873015873015873467e-01 9.873417721518987777e-01 9.873817034700315132e-01 9.873817034700315132e-01 9.873817034700315132e-01 9.873817034700315132e-01 9.873817034700315132e-01 9.873817034700315132e-01 9.873817034700315132e-01 9.873817034700315132e-01 9.873817034700315132e-01 9.903846153846154188e-01 9.935691318327973809e-01 9.967741935483871440e-01 9.967741935483871440e-01 1.000000000000000000e+00 1.000000000000000000e+00 1.000000000000000000e+00 1.000000000000000000e+00 1.000000000000000000e+00 1.000000000000000000e+00 1.000000000000000000e+00 1.000000000000000000e+00 1.000000000000000000e+00 1.000000000000000000e+00 1.000000000000000000e+00 1.000000000000000000e+00 1.000000000000000000e+00 1.000000000000000000e+00 1.000000000000000000e+00 
9.967948717948718063e-01 9.936102236421725520e-01 9.904458598726114671e-01 9.904458598726114671e-01 9.873015873015873467e-01 9.873015873015873467e-01 9.873015873015873467e-01 9.873015873015873467e-01 9.873015873015873467e-01 9.873417721518987777e-01 9.873417721518987777e-01 9.873817034700315132e-01 9.873817034700315132e-01 9.873817034700315132e-01 9.873817034700315132e-01 9.873817034700315132e-01 9.873817034700315132e-01 9.873817034700315132e-01 9.873817034700315132e-01 9.903846153846154188e-01 9.935691318327973809e-01 9.967741935483871440e-01 9.967741935483871440e-01 1.000000000000000000e+00 1.000000000000000000e+00 1.000000000000000000e+00 1.000000000000000000e+00 1.000000000000000000e+00 1.000000000000000000e+00 1.000000000000000000e+00 1.000000000000000000e+00 1.000000000000000000e+00 1.000000000000000000e+00 1.000000000000000000e+00 1.000000000000000000e+00 1.000000000000000000e+00 1.000000000000000000e+00 1.000000000000000000e+00 
9.967948717948718063e-01 9.936102236421725520e-01 9.904458598726114671e-01 9.904458598726114671e-01 9.873015873015873467e-01 9.873015873015873467e-01 9.873015873015873467e-01 9.873015873015873467e-01 9.873015873015873467e-01 9.873417721518987777e-01 9.873417721518987777e-01 9.873417721518987777e-01 9.873817034700315132e-01 9.873817034700315132e-01 9.873817034700315132e-01 9.873817034700315132e-01 9.873817034700315132e-01 9.873817034700315132e-01 9.873817034700315132e-01 9.903846153846154188e-01 9.935691318327973809e-01 9.967741935483871440e-01 9.967741935483871440e-01 1.000000000000000000e+00 1.000000000000000000e+00 1.000000000000000000e+00 1.000000000000000000e+00 1.000000000000000000e+00 1.000000000000000000e+00 1.000000000000000000e+00 1.000000000000000000e+00 1.000000000000000000e+00 1.000000000000000000e+00 1.000000000000000000e+00 1.000000000000000000e+00 1.000000000000000000e+00 1.000000000000000000e+00 1.000000000000000000e+00 
9.967948717948718063e-01 9.936102236421725520e-01 9.904458598726114671e-01 9.904458598726114671e-01 9.873015873015873467e-01 9.873015873015873467e-01 9.873015873015873467e-01 9.873015873015873467e-01 9.873015873015873467e-01 9.873417721518987777e-01 9.873417721518987777e-01 9.873417721518987777e-01 9.873817034700315132e-01 9.873817034700315132e-01 9.873817034700315132e-01 9.873817034700315132e-01 9.873817034700315132e-01 9.873817034700315132e-01 9.873817034700315132e-01 9.903846153846154188e-01 9.935691318327973809e-01 9.967741935483871440e-01 9.967741935483871440e-01 1.000000000000000000e+00 1.000000000000000000e+00 1.000000000000000000e+00 1.000000000000000000e+00 1.000000000000000000e+00 1.000000000000000000e+00 1.000000000000000000e+00 1.000000000000000000e+00 1.000000000000000000e+00 1.000000000000000000e+00 1.000000000000000000e+00 1.000000000000000000e+00 1.000000000000000000e+00 1.000000000000000000e+00 1.000000000000000000e+00 
9.967948717948718063e-01 9.936102236421725520e-01 9.904458598726114671e-01 9.904458598726114671e-01 9.904458598726114671e-01 9.873015873015873467e-01 9.873015873015873467e-01 9.873015873015873467e-01 9.873015873015873467e-01 9.873417721518987777e-01 9.873417721518987777e-01 9.873417721518987777e-01 9.873417721518987777e-01 9.873817034700315132e-01 9.873817034700315132e-01 9.873817034700315132e-01 9.873817034700315132e-01 9.873817034700315132e-01 9.873817034700315132e-01 9.903846153846154188e-01 9.935691318327973809e-01 9.967741935483871440e-01 9.967741935483871440e-01 9.967741935483871440e-01 1.000000000000000000e+00 1.000000000000000000e+00 1.000000000000000000e+00 1.000000000000000000e+00 1.000000000000000000e+00 1.000000000000000000e+00 1.000000000000000000e+00 1.000000000000000000e+00 1.000000000000000000e+00 1.000000000000000000e+00 1.000000000000000000e+00 1.000000000000000000e+00 1.000000000000000000e+00 1.000000000000000000e+00 
9.967948717948718063e-01 9.936102236421725520e-01 9.904458598726114671e-01 9.904458598726114671e-01 9.904458598726114671e-01 9.873015873015873467e-01 9.873015873015873467e-01 9.873015873015873467e-01 9.873015873015873467e-01 9.873417721518987777e-01 9.873417721518987777e-01 9.873417721518987777e-01 9.873417721518987777e-01 9.873417721518987777e-01 9.873817034700315132e-01 9.873817034700315132e-01 9.873817034700315132e-01 9.873817034700315132e-01 9.873817034700315132e-01 9.903846153846154188e-01 9.935691318327973809e-01 9.967741935483871440e-01 9.967741935483871440e-01 9.967741935483871440e-01 1.000000000000000000e+00 1.000000000000000000e+00 1.000000000000000000e+00 1.000000000000000000e+00 1.000000000000000000e+00 1.000000000000000000e+00 1.000000000000000000e+00 1.000000000000000000e+00 1.000000000000000000e+00 1.000000000000000000e+00 1.000000000000000000e+00 1.000000000000000000e+00 1.000000000000000000e+00 1.000000000000000000e+00 
9.967948717948718063e-01 9.967948717948718063e-01 9.904458598726114671e-01 9.904458598726114671e-01 9.904458598726114671e-01 9.873015873015873467e-01 9.873015873015873467e-01 9.873015873015873467e-01 9.873015873015873467e-01 9.873015873015873467e-01 9.841772151898734444e-01 9.841772151898734444e-01 9.841772151898734444e-01 9.841772151898734444e-01 9.842271293375394192e-01 9.842271293375394192e-01 9.842271293375394192e-01 9.842271293375394192e-01 9.842271293375394192e-01 9.871794871794872250e-01 9.871794871794872250e-01 9.935483870967741771e-01 9.935483870967741771e-01 9.935483870967741771e-01 9.967637540453074818e-01 9.967637540453074818e-01 9.967637540453074818e-01 9.967637540453074818e-01 9.967637540453074818e-01 1.000000000000000000e+00 1.000000000000000000e+00 1.000000000000000000e+00 1.000000000000000000e+00 1.000000000000000000e+00 1.000000000000000000e+00 1.000000000000000000e+00 1.000000000000000000e+00 1.000000000000000000e+00 
9.967948717948718063e-01 9.936102236421725520e-01 9.904458598726114671e-01 9.904458598726114671e-01 9.904458598726114671e-01 9.873015873015873467e-01 9.873015873015873467e-01 9.873015873015873467e-01 9.873015873015873467e-01 9.873417721518987777e-01 9.873417721518987777e-01 9.873417721518987777e-01 9.873417721518987777e-01 9.873417721518987777e-01 9.873417721518987777e-01 9.873817034700315132e-01 9.873817034700315132e-01 9.873817034700315132e-01 9.873817034700315132e-01 9.903846153846154188e-01 9.935691318327973809e-01 9.967741935483871440e-01 9.967741935483871440e-01 9.967741935483871440e-01 1.000000000000000000e+00 1.000000000000000000e+00 1.000000000000000000e+00 1.000000000000000000e+00 1.000000000000000000e+00 1.000000000000000000e+00 1.000000000000000000e+00 1.000000000000000000e+00 1.000000000000000000e+00 1.000000000000000000e+00 1.000000000000000000e+00 1.000000000000000000e+00 1.000000000000000000e+00 1.000000000000000000e+00 
9.967948717948718063e-01 9.904458598726114671e-01 9.904458598726114671e-01 9.904458598726114671e-01 9.873015873015873467e-01 9.873015873015873467e-01 9.873015873015873467e-01 9.873015873015873467e-01 9.873015873015873467e-01 9.873417721518987777e-01 9.873417721518987777e-01 9.873417721518987777e-01 9.873417721518987777e-01 9.873417721518987777e-01 9.873817034700315132e-01 9.873817034700315132e-01 9.873817034700315132e-01 9.873817034700315132e-01 9.873817034700315132e-01 9.903846153846154188e-01 9.967741935483871440e-01 9.967741935483871440e-01 9.967741935483871440e-01 1.000000000000000000e+00 1.000000000000000000e+00 1.000000000000000000e+00 1.000000000000000000e+00 1.000000000000000000e+00 1.000000000000000000e+00 1.000000000000000000e+00 1.000000000000000000e+00 1.000000000000000000e+00 1.000000000000000000e+00 1.000000000000000000e+00 1.000000000000000000e+00 1.000000000000000000e+00 1.000000000000000000e+00 1.000000000000000000e+00 
9.967948717948718063e-01 9.904458598726114671e-01 9.904458598726114671e-01 9.904458598726114671e-01 9.873015873015873467e-01 9.873015873015873467e-01 9.873015873015873467e-01 9.873015873015873467e-01 9.873417721518987777e-01 9.873417721518987777e-01 9.873417721518987777e-01 9.873417721518987777e-01 9.873417721518987777e-01 9.873417721518987777e-01 9.873417721518987777e-01 9.873817034700315132e-01 9.873817034700315132e-01 9.873817034700315132e-01 9.873817034700315132e-01 9.903846153846154188e-01 9.967741935483871440e-01 9.967741935483871440e-01 9.967741935483871440e-01 1.000000000000000000e+00 1.000000000000000000e+00 1.000000000000000000e+00 1.000000000000000000e+00 1.000000000000000000e+00 1.000000000000000000e+00 1.000000000000000000e+00 1.000000000000000000e+00 1.000000000000000000e+00 1.000000000000000000e+00 1.000000000000000000e+00 1.000000000000000000e+00 1.000000000000000000e+00 1.000000000000000000e+00 1.000000000000000000e+00 
9.967948717948718063e-01 9.904458598726114671e-01 9.904458598726114671e-01 9.904458598726114671e-01 9.873015873015873467e-01 9.873015873015873467e-01 9.873015873015873467e-01 9.873015873015873467e-01 9.873417721518987777e-01 9.873417721518987777e-01 9.873417721518987777e-01 9.873417721518987777e-01 9.873417721518987777e-01 9.873417721518987777e-01 9.873417721518987777e-01 9.873817034700315132e-01 9.873817034700315132e-01 9.873817034700315132e-01 9.873817034700315132e-01 9.903846153846154188e-01 9.967741935483871440e-01 9.967741935483871440e-01 9.967741935483871440e-01 1.000000000000000000e+00 1.000000000000000000e+00 1.000000000000000000e+00 1.000000000000000000e+00 1.000000000000000000e+00 1.000000000000000000e+00 1.000000000000000000e+00 1.000000000000000000e+00 1.000000000000000000e+00 1.000000000000000000e+00 1.000000000000000000e+00 1.000000000000000000e+00 1.000000000000000000e+00 1.000000000000000000e+00 1.000000000000000000e+00 
9.967948717948718063e-01 9.904458598726114671e-01 9.904458598726114671e-01 9.904458598726114671e-01 9.873015873015873467e-01 9.873015873015873467e-01 9.873015873015873467e-01 9.873015873015873467e-01 9.873417721518987777e-01 9.873417721518987777e-01 9.873417721518987777e-01 9.873417721518987777e-01 9.873417721518987777e-01 9.873417721518987777e-01 9.873417721518987777e-01 9.873817034700315132e-01 9.873817034700315132e-01 9.873817034700315132e-01 9.873817034700315132e-01 9.903846153846154188e-01 9.967741935483871440e-01 9.967741935483871440e-01 9.967741935483871440e-01 1.000000000000000000e+00 1.000000000000000000e+00 1.000000000000000000e+00 1.000000000000000000e+00 1.000000000000000000e+00 1.000000000000000000e+00 1.000000000000000000e+00 1.000000000000000000e+00 1.000000000000000000e+00 1.000000000000000000e+00 1.000000000000000000e+00 1.000000000000000000e+00 1.000000000000000000e+00 1.000000000000000000e+00 1.000000000000000000e+00 
9.967948717948718063e-01 9.936102236421725520e-01 9.904458598726114671e-01 9.904458598726114671e-01 9.904458598726114671e-01 9.873015873015873467e-01 9.873015873015873467e-01 9.873015873015873467e-01 9.873015873015873467e-01 9.873417721518987777e-01 9.873417721518987777e-01 9.873417721518987777e-01 9.873417721518987777e-01 9.873417721518987777e-01 9.873417721518987777e-01 9.873417721518987777e-01 9.873817034700315132e-01 9.873817034700315132e-01 9.873817034700315132e-01 9.903846153846154188e-01 9.935691318327973809e-01 9.967741935483871440e-01 9.967741935483871440e-01 9.967741935483871440e-01 1.000000000000000000e+00 1.000000000000000000e+00 1.000000000000000000e+00 1.000000000000000000e+00 1.000000000000000000e+00 1.000000000000000000e+00 1.000000000000000000e+00 1.000000000000000000e+00 1.000000000000000000e+00 1.000000000000000000e+00 1.000000000000000000e+00 1.000000000000000000e+00 1.000000000000000000e+00 1.000000000000000000e+00 
9.967948717948718063e-01 9.904458598726114671e-01 9.904458598726114671e-01 9.904458598726114671e-01 9.873015873015873467e-01 9.873015873015873467e-01 9.873015873015873467e-01 9.873015873015873467e-01 9.873015873015873467e-01 9.873417721518987777e-01 9.873417721518987777e-01 9.873417721518987777e-01 9.873417721518987777e-01 9.873417721518987777e-01 9.873417721518987777e-01 9.873417721518987777e-01 9.873817034700315132e-01 9.873817034700315132e-01 9.873817034700315132e-01 9.903846153846154188e-01 9.967741935483871440e-01 9.967741935483871440e-01 9.967741935483871440e-01 1.000000000000000000e+00 1.000000000000000000e+00 1.000000000000000000e+00 1.000000000000000000e+00 1.000000000000000000e+00 1.000000000000000000e+00 1.000000000000000000e+00 1.000000000000000000e+00 1.000000000000000000e+00 1.000000000000000000e+00 1.000000000000000000e+00 1.000000000000000000e+00 1.000000000000000000e+00 1.000000000000000000e+00 1.000000000000000000e+00 
9.967948717948718063e-01 9.904458598726114671e-01 9.904458598726114671e-01 9.904458598726114671e-01 9.873015873015873467e-01 9.873015873015873467e-01 9.873015873015873467e-01 9.873015873015873467e-01 9.873417721518987777e-01 9.873417721518987777e-01 9.873417721518987777e-01 9.873417721518987777e-01 9.873417721518987777e-01 9.873417721518987777e-01 9.873417721518987777e-01 9.873417721518987777e-01 9.873817034700315132e-01 9.873817034700315132e-01 9.873817034700315132e-01 9.903846153846154188e-01 9.967741935483871440e-01 9.967741935483871440e-01 9.967741935483871440e-01 1.000000000000000000e+00 1.000000000000000000e+00 1.000000000000000000e+00 1.000000000000000000e+00 1.000000000000000000e+00 1.000000000000000000e+00 1.000000000000000000e+00 1.000000000000000000e+00 1.000000000000000000e+00 1.000000000000000000e+00 1.000000000000000000e+00 1.000000000000000000e+00 1.000000000000000000e+00 1.000000000000000000e+00 1.000000000000000000e+00 
9.967948717948718063e-01 9.936102236421725520e-01 9.904458598726114671e-01 9.904458598726114671e-01 9.873015873015873467e-01 9.873015873015873467e-01 9.873015873015873467e-01 9.873015873015873467e-01 9.873417721518987777e-01 9.873417721518987777e-01 9.873417721518987777e-01 9.873417721518987777e-01 9.873417721518987777e-01 9.873417721518987777e-01 9.873417721518987777e-01 9.873417721518987777e-01 9.873817034700315132e-01 9.873817034700315132e-01 9.873817034700315132e-01 9.903846153846154188e-01 9.935691318327973809e-01 9.967741935483871440e-01 9.967741935483871440e-01 1.000000000000000000e+00 1.000000000000000000e+00 1.000000000000000000e+00 1.000000000000000000e+00 1.000000000000000000e+00 1.000000000000000000e+00 1.000000000000000000e+00 1.000000000000000000e+00 1.000000000000000000e+00 1.000000000000000000e+00 1.000000000000000000e+00 1.000000000000000000e+00 1.000000000000000000e+00 1.000000000000000000e+00 1.000000000000000000e+00 
9.967948717948718063e-01 9.936102236421725520e-01 9.904458598726114671e-01 9.904458598726114671e-01 9.904458598726114671e-01 9.873015873015873467e-01 9.873015873015873467e-01 9.873015873015873467e-01 9.873417721518987777e-01 9.873417721518987777e-01 9.873417721518987777e-01 9.873417721518987777e-01 9.873417721518987777e-01 9.873417721518987777e-01 9.873417721518987777e-01 9.873417721518987777e-01 9.873417721518987777e-01 9.873817034700315132e-01 9.873817034700315132e-01 9.903846153846154188e-01 9.935691318327973809e-01 9.967741935483871440e-01 9.967741935483871440e-01 9.967741935483871440e-01 1.000000000000000000e+00 1.000000000000000000e+00 1.000000000000000000e+00 1.000000000000000000e+00 1.000000000000000000e+00 1.000000000000000000e+00 1.000000000000000000e+00 1.000000000000000000e+00 1.000000000000000000e+00 1.000000000000000000e+00 1.000000000000000000e+00 1.000000000000000000e+00 1.000000000000000000e+00 1.000000000000000000e+00 
9.967948717948718063e-01 9.936102236421725520e-01 9.904458598726114671e-01 9.904458598726114671e-01 9.873015873015873467e-01 9.873015873015873467e-01 9.873015873015873467e-01 9.873015873015873467e-01 9.873417721518987777e-01 9.873417721518987777e-01 9.873417721518987777e-01 9.873417721518987777e-01 9.873417721518987777e-01 9.873417721518987777e-01 9.873417721518987777e-01 9.873417721518987777e-01 9.873417721518987777e-01 9.873817034700315132e-01 9.873817034700315132e-01 9.903846153846154188e-01 9.935691318327973809e-01 9.967741935483871440e-01 9.967741935483871440e-01 1.000000000000000000e+00 1.000000000000000000e+00 1.000000000000000000e+00 1.000000000000000000e+00 1.000000000000000000e+00 1.000000000000000000e+00 1.000000000000000000e+00 1.000000000000000000e+00 1.000000000000000000e+00 1.000000000000000000e+00 1.000000000000000000e+00 1.000000000000000000e+00 1.000000000000000000e+00 1.000000000000000000e+00 1.000000000000000000e+00 
9.967948717948718063e-01 9.936102236421725520e-01 9.904458598726114671e-01 9.904458598726114671e-01 9.904458598726114671e-01 9.873015873015873467e-01 9.873015873015873467e-01 9.873015873015873467e-01 9.873417721518987777e-01 9.873417721518987777e-01 9.873417721518987777e-01 9.873417721518987777e-01 9.873417721518987777e-01 9.873417721518987777e-01 9.873417721518987777e-01 9.873417721518987777e-01 9.873417721518987777e-01 9.873417721518987777e-01 9.873817034700315132e-01 9.903846153846154188e-01 9.935691318327973809e-01 9.967741935483871440e-01 9.967741935483871440e-01 9.967741935483871440e-01 1.000000000000000000e+00 1.000000000000000000e+00 1.000000000000000000e+00 1.000000000000000000e+00 1.000000000000000000e+00 1.000000000000000000e+00 1.000000000000000000e+00 1.000000000000000000e+00 1.000000000000000000e+00 1.000000000000000000e+00 1.000000000000000000e+00 1.000000000000000000e+00 1.000000000000000000e+00 1.000000000000000000e+00 
9.967948717948718063e-01 9.936102236421725520e-01 9.904458598726114671e-01 9.904458598726114671e-01 9.904458598726114671e-01 9.873015873015873467e-01 9.873015873015873467e-01 9.873015873015873467e-01 9.873417721518987777e-01 9.873417721518987777e-01 9.873417721518987777e-01 9.873417721518987777e-01 9.873417721518987777e-01 9.873417721518987777e-01 9.873417721518987777e-01 9.873417721518987777e-01 9.873417721518987777e-01 9.873417721518987777e-01 9.873817034700315132e-01 9.903846153846154188e-01 9.935691318327973809e-01 9.967741935483871440e-01 9.967741935483871440e-01 9.967741935483871440e-01 1.000000000000000000e+00 1.000000000000000000e+00 1.000000000000000000e+00 1.000000000000000000e+00 1.000000000000000000e+00 1.000000000000000000e+00 1.000000000000000000e+00 1.000000000000000000e+00 1.000000000000000000e+00 1.000000000000000000e+00 1.000000000000000000e+00 1.000000000000000000e+00 1.000000000000000000e+00 1.000000000000000000e+00 
9.967948717948718063e-01 9.936102236421725520e-01 9.904458598726114671e-01 9.904458598726114671e-01 9.904458598726114671e-01 9.873015873015873467e-01 9.873015873015873467e-01 9.873015873015873467e-01 9.873417721518987777e-01 9.873417721518987777e-01 9.873417721518987777e-01 9.873417721518987777e-01 9.873417721518987777e-01 9.873417721518987777e-01 9.873417721518987777e-01 9.873417721518987777e-01 9.873417721518987777e-01 9.873417721518987777e-01 9.873817034700315132e-01 9.903846153846154188e-01 9.935691318327973809e-01 9.967741935483871440e-01 9.967741935483871440e-01 9.967741935483871440e-01 1.000000000000000000e+00 1.000000000000000000e+00 1.000000000000000000e+00 1.000000000000000000e+00 1.000000000000000000e+00 1.000000000000000000e+00 1.000000000000000000e+00 1.000000000000000000e+00 1.000000000000000000e+00 1.000000000000000000e+00 1.000000000000000000e+00 1.000000000000000000e+00 1.000000000000000000e+00 1.000000000000000000e+00 
9.967948717948718063e-01 9.936102236421725520e-01 9.904458598726114671e-01 9.904458598726114671e-01 9.904458598726114671e-01 9.873015873015873467e-01 9.873015873015873467e-01 9.873015873015873467e-01 9.873417721518987777e-01 9.873417721518987777e-01 9.873417721518987777e-01 9.873417721518987777e-01 9.873417721518987777e-01 9.873417721518987777e-01 9.873417721518987777e-01 9.873417721518987777e-01 9.873417721518987777e-01 9.873417721518987777e-01 9.873817034700315132e-01 9.903846153846154188e-01 9.935691318327973809e-01 9.967741935483871440e-01 9.967741935483871440e-01 9.967741935483871440e-01 1.000000000000000000e+00 1.000000000000000000e+00 1.000000000000000000e+00 1.000000000000000000e+00 1.000000000000000000e+00 1.000000000000000000e+00 1.000000000000000000e+00 1.000000000000000000e+00 1.000000000000000000e+00 1.000000000000000000e+00 1.000000000000000000e+00 1.000000000000000000e+00 1.000000000000000000e+00 1.000000000000000000e+00 
9.967948717948718063e-01 9.936102236421725520e-01 9.904458598726114671e-01 9.904458598726114671e-01 9.904458598726114671e-01 9.873015873015873467e-01 9.873015873015873467e-01 9.873015873015873467e-01 9.873417721518987777e-01 9.873417721518987777e-01 9.873417721518987777e-01 9.873417721518987777e-01 9.873417721518987777e-01 9.873417721518987777e-01 9.873417721518987777e-01 9.873417721518987777e-01 9.873417721518987777e-01 9.873417721518987777e-01 9.873817034700315132e-01 9.903846153846154188e-01 9.935691318327973809e-01 9.967741935483871440e-01 9.967741935483871440e-01 9.967741935483871440e-01 1.000000000000000000e+00 1.000000000000000000e+00 1.000000000000000000e+00 1.000000000000000000e+00 1.000000000000000000e+00 1.000000000000000000e+00 1.000000000000000000e+00 1.000000000000000000e+00 1.000000000000000000e+00 1.000000000000000000e+00 1.000000000000000000e+00 1.000000000000000000e+00 1.000000000000000000e+00 1.000000000000000000e+00 
9.967948717948718063e-01 9.936102236421725520e-01 9.936102236421725520e-01 9.904458598726114671e-01 9.904458598726114671e-01 9.873015873015873467e-01 9.873015873015873467e-01 9.873015873015873467e-01 9.873417721518987777e-01 9.873417721518987777e-01 9.873417721518987777e-01 9.873417721518987777e-01 9.873417721518987777e-01 9.873417721518987777e-01 9.873417721518987777e-01 9.873417721518987777e-01 9.873417721518987777e-01 9.873417721518987777e-01 9.873417721518987777e-01 9.903846153846154188e-01 9.935691318327973809e-01 9.935691318327973809e-01 9.967741935483871440e-01 9.967741935483871440e-01 1.000000000000000000e+00 1.000000000000000000e+00 1.000000000000000000e+00 1.000000000000000000e+00 1.000000000000000000e+00 1.000000000000000000e+00 1.000000000000000000e+00 1.000000000000000000e+00 1.000000000000000000e+00 1.000000000000000000e+00 1.000000000000000000e+00 1.000000000000000000e+00 1.000000000000000000e+00 1.000000000000000000e+00 
9.967948717948718063e-01 9.936102236421725520e-01 9.936102236421725520e-01 9.904458598726114671e-01 9.904458598726114671e-01 9.904458598726114671e-01 9.873015873015873467e-01 9.873015873015873467e-01 9.873417721518987777e-01 9.873417721518987777e-01 9.873417721518987777e-01 9.873417721518987777e-01 9.873417721518987777e-01 9.873417721518987777e-01 9.873417721518987777e-01 9.873417721518987777e-01 9.873417721518987777e-01 9.873417721518987777e-01 9.873417721518987777e-01 9.903846153846154188e-01 9.935691318327973809e-01 9.935691318327973809e-01 9.967741935483871440e-01 9.967741935483871440e-01 9.967741935483871440e-01 1.000000000000000000e+00 1.000000000000000000e+00 1.000000000000000000e+00 1.000000000000000000e+00 1.000000000000000000e+00 1.000000000000000000e+00 1.000000000000000000e+00 1.000000000000000000e+00 1.000000000000000000e+00 1.000000000000000000e+00 1.000000000000000000e+00 1.000000000000000000e+00 1.000000000000000000e+00 
9.967948717948718063e-01 9.936102236421725520e-01 9.936102236421725520e-01 9.904458598726114671e-01 9.904458598726114671e-01 9.904458598726114671e-01 9.873015873015873467e-01 9.873015873015873467e-01 9.873417721518987777e-01 9.873417721518987777e-01 9.873417721518987777e-01 9.873417721518987777e-01 9.873417721518987777e-01 9.873417721518987777e-01 9.873417721518987777e-01 9.873417721518987777e-01 9.873417721518987777e-01 9.873417721518987777e-01 9.873417721518987777e-01 9.903846153846154188e-01 9.935691318327973809e-01 9.935691318327973809e-01 9.967741935483871440e-01 9.967741935483871440e-01 9.967741935483871440e-01 1.000000000000000000e+00 1.000000000000000000e+00 1.000000000000000000e+00 1.000000000000000000e+00 1.000000000000000000e+00 1.000000000000000000e+00 1.000000000000000000e+00 1.000000000000000000e+00 1.000000000000000000e+00 1.000000000000000000e+00 1.000000000000000000e+00 1.000000000000000000e+00 1.000000000000000000e+00 
9.967948717948718063e-01 9.936102236421725520e-01 9.936102236421725520e-01 9.904458598726114671e-01 9.904458598726114671e-01 9.904458598726114671e-01 9.873015873015873467e-01 9.873015873015873467e-01 9.873417721518987777e-01 9.873417721518987777e-01 9.873417721518987777e-01 9.873417721518987777e-01 9.873417721518987777e-01 9.873417721518987777e-01 9.873417721518987777e-01 9.873417721518987777e-01 9.873417721518987777e-01 9.873417721518987777e-01 9.873417721518987777e-01 9.903846153846154188e-01 9.935691318327973809e-01 9.935691318327973809e-01 9.967741935483871440e-01 9.967741935483871440e-01 9.967741935483871440e-01 1.000000000000000000e+00 1.000000000000000000e+00 1.000000000000000000e+00 1.000000000000000000e+00 1.000000000000000000e+00 1.000000000000000000e+00 1.000000000000000000e+00 1.000000000000000000e+00 1.000000000000000000e+00 1.000000000000000000e+00 1.000000000000000000e+00 1.000000000000000000e+00 1.000000000000000000e+00 
9.967948717948718063e-01 9.936102236421725520e-01 9.936102236421725520e-01 9.936102236421725520e-01 9.904458598726114671e-01 9.904458598726114671e-01 9.873015873015873467e-01 9.873015873015873467e-01 9.873417721518987777e-01 9.873417721518987777e-01 9.873417721518987777e-01 9.873417721518987777e-01 9.873417721518987777e-01 9.873417721518987777e-01 9.873417721518987777e-01 9.873417721518987777e-01 9.873417721518987777e-01 9.873417721518987777e-01 9.873417721518987777e-01 9.903846153846154188e-01 9.935691318327973809e-01 9.935691318327973809e-01 9.935691318327973809e-01 9.967741935483871440e-01 9.967741935483871440e-01 1.000000000000000000e+00 1.000000000000000000e+00 1.000000000000000000e+00 1.000000000000000000e+00 1.000000000000000000e+00 1.000000000000000000e+00 1.000000000000000000e+00 1.000000000000000000e+00 1.000000000000000000e+00 1.000000000000000000e+00 1.000000000000000000e+00 1.000000000000000000e+00 1.000000000000000000e+00 
9.967948717948718063e-01 9.936102236421725520e-01 9.936102236421725520e-01 9.936102236421725520e-01 9.904458598726114671e-01 9.904458598726114671e-01 9.904458598726114671e-01 9.873015873015873467e-01 9.873417721518987777e-01 9.873417721518987777e-01 9.873417721518987777e-01 9.873417721518987777e-01 9.873417721518987777e-01 9.873417721518987777e-01 9.873417721518987777e-01 9.873417721518987777e-01 9.873417721518987777e-01 9.873417721518987777e-01 9.873417721518987777e-01 9.903846153846154188e-01 9.935691318327973809e-01 9.935691318327973809e-01 9.935691318327973809e-01 9.967741935483871440e-01 9.967741935483871440e-01 9.967741935483871440e-01 1.000000000000000000e+00 1.000000000000000000e+00 1.000000000000000000e+00 1.000000000000000000e+00 1.000000000000000000e+00 1.000000000000000000e+00 1.000000000000000000e+00 1.000000000000000000e+00 1.000000000000000000e+00 1.000000000000000000e+00 1.000000000000000000e+00 1.000000000000000000e+00 
9.967948717948718063e-01 9.936102236421725520e-01 9.936102236421725520e-01 9.936102236421725520e-01 9.904458598726114671e-01 9.904458598726114671e-01 9.904458598726114671e-01 9.873015873015873467e-01 9.873417721518987777e-01 9.873417721518987777e-01 9.873417721518987777e-01 9.873417721518987777e-01 9.873417721518987777e-01 9.873417721518987777e-01 9.873417721518987777e-01 9.873417721518987777e-01 9.873417721518987777e-01 9.873417721518987777e-01 9.873417721518987777e-01 9.903846153846154188e-01 9.935691318327973809e-01 9.935691318327973809e-01 9.935691318327973809e-01 9.967741935483871440e-01 9.967741935483871440e-01 9.967741935483871440e-01 1.000000000000000000e+00 1.000000000000000000e+00 1.000000000000000000e+00 1.000000000000000000e+00 1.000000000000000000e+00 1.000000000000000000e+00 1.000000000000000000e+00 1.000000000000000000e+00 1.000000000000000000e+00 1.000000000000000000e+00 1.000000000000000000e+00 1.000000000000000000e+00 
9.967948717948718063e-01 9.936102236421725520e-01 9.936102236421725520e-01 9.936102236421725520e-01 9.936102236421725520e-01 9.904458598726114671e-01 9.904458598726114671e-01 9.873015873015873467e-01 9.873417721518987777e-01 9.873417721518987777e-01 9.873417721518987777e-01 9.873417721518987777e-01 9.873417721518987777e-01 9.873417721518987777e-01 9.873417721518987777e-01 9.873417721518987777e-01 9.873417721518987777e-01 9.873417721518987777e-01 9.873417721518987777e-01 9.903846153846154188e-01 9.935691318327973809e-01 9.935691318327973809e-01 9.935691318327973809e-01 9.935691318327973809e-01 9.967741935483871440e-01 9.967741935483871440e-01 1.000000000000000000e+00 1.000000000000000000e+00 1.000000000000000000e+00 1.000000000000000000e+00 1.000000000000000000e+00 1.000000000000000000e+00 1.000000000000000000e+00 1.000000000000000000e+00 1.000000000000000000e+00 1.000000000000000000e+00 1.000000000000000000e+00 1.000000000000000000e+00 
9.967948717948718063e-01 9.936102236421725520e-01 9.936102236421725520e-01 9.936102236421725520e-01 9.936102236421725520e-01 9.904458598726114671e-01 9.904458598726114671e-01 9.873015873015873467e-01 9.873015873015873467e-01 9.873417721518987777e-01 9.873417721518987777e-01 9.873417721518987777e-01 9.873417721518987777e-01 9.873417721518987777e-01 9.873417721518987777e-01 9.873417721518987777e-01 9.873417721518987777e-01 9.873417721518987777e-01 9.873417721518987777e-01 9.903846153846154188e-01 9.935691318327973809e-01 9.935691318327973809e-01 9.935691318327973809e-01 9.935691318327973809e-01 9.967741935483871440e-01 9.967741935483871440e-01 1.000000000000000000e+00 1.000000000000000000e+00 1.000000000000000000e+00 1.000000000000000000e+00 1.000000000000000000e+00 1.000000000000000000e+00 1.000000000000000000e+00 1.000000000000000000e+00 1.000000000000000000e+00 1.000000000000000000e+00 1.000000000000000000e+00 1.000000000000000000e+00 
9.967948717948718063e-01 9.936102236421725520e-01 9.936102236421725520e-01 9.936102236421725520e-01 9.936102236421725520e-01 9.904458598726114671e-01 9.904458598726114671e-01 9.873015873015873467e-01 9.873417721518987777e-01 9.873417721518987777e-01 9.873417721518987777e-01 9.873417721518987777e-01 9.873417721518987777e-01 9.873417721518987777e-01 9.873417721518987777e-01 9.873417721518987777e-01 9.873417721518987777e-01 9.873417721518987777e-01 9.873417721518987777e-01 9.903846153846154188e-01 9.935691318327973809e-01 9.935691318327973809e-01 9.935691318327973809e-01 9.935691318327973809e-01 9.967741935483871440e-01 9.967741935483871440e-01 1.000000000000000000e+00 1.000000000000000000e+00 1.000000000000000000e+00 1.000000000000000000e+00 1.000000000000000000e+00 1.000000000000000000e+00 1.000000000000000000e+00 1.000000000000000000e+00 1.000000000000000000e+00 1.000000000000000000e+00 1.000000000000000000e+00 1.000000000000000000e+00 
9.967948717948718063e-01 9.936102236421725520e-01 9.936102236421725520e-01 9.936102236421725520e-01 9.936102236421725520e-01 9.904458598726114671e-01 9.873015873015873467e-01 9.873015873015873467e-01 9.873417721518987777e-01 9.873417721518987777e-01 9.873417721518987777e-01 9.873417721518987777e-01 9.873417721518987777e-01 9.873417721518987777e-01 9.873417721518987777e-01 9.873417721518987777e-01 9.873417721518987777e-01 9.873417721518987777e-01 9.873417721518987777e-01 9.903846153846154188e-01 9.935691318327973809e-01 9.935691318327973809e-01 9.935691318327973809e-01 9.935691318327973809e-01 9.967741935483871440e-01 1.000000000000000000e+00 1.000000000000000000e+00 1.000000000000000000e+00 1.000000000000000000e+00 1.000000000000000000e+00 1.000000000000000000e+00 1.000000000000000000e+00 1.000000000000000000e+00 1.000000000000000000e+00 1.000000000000000000e+00 1.000000000000000000e+00 1.000000000000000000e+00 1.000000000000000000e+00 
9.967948717948718063e-01 9.936102236421725520e-01 9.936102236421725520e-01 9.936102236421725520e-01 9.936102236421725520e-01 9.904458598726114671e-01 9.873015873015873467e-01 9.873015873015873467e-01 9.873417721518987777e-01 9.873417721518987777e-01 9.873417721518987777e-01 9.873417721518987777e-01 9.873417721518987777e-01 9.873417721518987777e-01 9.873417721518987777e-01 9.873417721518987777e-01 9.873417721518987777e-01 9.873417721518987777e-01 9.873417721518987777e-01 9.903846153846154188e-01 9.935691318327973809e-01 9.935691318327973809e-01 9.935691318327973809e-01 9.935691318327973809e-01 9.967741935483871440e-01 1.000000000000000000e+00 1.000000000000000000e+00 1.000000000000000000e+00 1.000000000000000000e+00 1.000000000000000000e+00 1.000000000000000000e+00 1.000000000000000000e+00 1.000000000000000000e+00 1.000000000000000000e+00 1.000000000000000000e+00 1.000000000000000000e+00 1.000000000000000000e+00 1.000000000000000000e+00 
9.967948717948718063e-01 9.936102236421725520e-01 9.936102236421725520e-01 9.936102236421725520e-01 9.936102236421725520e-01 9.904458598726114671e-01 9.873015873015873467e-01 9.873015873015873467e-01 9.873417721518987777e-01 9.873417721518987777e-01 9.873417721518987777e-01 9.873417721518987777e-01 9.873417721518987777e-01 9.873417721518987777e-01 9.873417721518987777e-01 9.873417721518987777e-01 9.873417721518987777e-01 9.873417721518987777e-01 9.873417721518987777e-01 9.903846153846154188e-01 9.935691318327973809e-01 9.935691318327973809e-01 9.935691318327973809e-01 9.935691318327973809e-01 9.967741935483871440e-01 1.000000000000000000e+00 1.000000000000000000e+00 1.000000000000000000e+00 1.000000000000000000e+00 1.000000000000000000e+00 1.000000000000000000e+00 1.000000000000000000e+00 1.000000000000000000e+00 1.000000000000000000e+00 1.000000000000000000e+00 1.000000000000000000e+00 1.000000000000000000e+00 1.000000000000000000e+00 
9.967948717948718063e-01 9.936102236421725520e-01 9.936102236421725520e-01 9.936102236421725520e-01 9.936102236421725520e-01 9.936102236421725520e-01 9.904458598726114671e-01 9.873015873015873467e-01 9.873015873015873467e-01 9.873417721518987777e-01 9.873417721518987777e-01 9.873417721518987777e-01 9.873417721518987777e-01 9.873417721518987777e-01 9.873417721518987777e-01 9.873417721518987777e-01 9.873417721518987777e-01 9.873417721518987777e-01 9.873417721518987777e-01 9.903846153846154188e-01 9.935691318327973809e-01 9.935691318327973809e-01 9.935691318327973809e-01 9.935691318327973809e-01 9.935691318327973809e-01 9.967741935483871440e-01 1.000000000000000000e+00 1.000000000000000000e+00 1.000000000000000000e+00 1.000000000000000000e+00 1.000000000000000000e+00 1.000000000000000000e+00 1.000000000000000000e+00 1.000000000000000000e+00 1.000000000000000000e+00 1.000000000000000000e+00 1.000000000000000000e+00 1.000000000000000000e+00 
9.967948717948718063e-01 9.936102236421725520e-01 9.936102236421725520e-01 9.936102236421725520e-01 9.936102236421725520e-01 9.936102236421725520e-01 9.904458598726114671e-01 9.873015873015873467e-01 9.873015873015873467e-01 9.873417721518987777e-01 9.873417721518987777e-01 9.873417721518987777e-01 9.873417721518987777e-01 9.873417721518987777e-01 9.873417721518987777e-01 9.873417721518987777e-01 9.873417721518987777e-01 9.873417721518987777e-01 9.873417721518987777e-01 9.903846153846154188e-01 9.935691318327973809e-01 9.935691318327973809e-01 9.935691318327973809e-01 9.935691318327973809e-01 9.935691318327973809e-01 9.967741935483871440e-01 1.000000000000000000e+00 1.000000000000000000e+00 1.000000000000000000e+00 1.000000000000000000e+00 1.000000000000000000e+00 1.000000000000000000e+00 1.000000000000000000e+00 1.000000000000000000e+00 1.000000000000000000e+00 1.000000000000000000e+00 1.000000000000000000e+00 1.000000000000000000e+00 
9.967948717948718063e-01 9.936102236421725520e-01 9.936102236421725520e-01 9.936102236421725520e-01 9.936102236421725520e-01 9.936102236421725520e-01 9.936102236421725520e-01 9.873015873015873467e-01 9.873015873015873467e-01 9.873417721518987777e-01 9.873417721518987777e-01 9.873417721518987777e-01 9.873417721518987777e-01 9.873417721518987777e-01 9.873417721518987777e-01 9.873417721518987777e-01 9.873417721518987777e-01 9.873417721518987777e-01 9.873417721518987777e-01 9.903846153846154188e-01 9.935691318327973809e-01 9.935691318327973809e-01 9.935691318327973809e-01 9.935691318327973809e-01 9.935691318327973809e-01 9.935691318327973809e-01 1.000000000000000000e+00 1.000000000000000000e+00 1.000000000000000000e+00 1.000000000000000000e+00 1.000000000000000000e+00 1.000000000000000000e+00 1.000000000000000000e+00 1.000000000000000000e+00 1.000000000000000000e+00 1.000000000000000000e+00 1.000000000000000000e+00 1.000000000000000000e+00 
9.967948717948718063e-01 9.936102236421725520e-01 9.936102236421725520e-01 9.936102236421725520e-01 9.936102236421725520e-01 9.936102236421725520e-01 9.936102236421725520e-01 9.904458598726114671e-01 9.873015873015873467e-01 9.873417721518987777e-01 9.873417721518987777e-01 9.873417721518987777e-01 9.873417721518987777e-01 9.873417721518987777e-01 9.873417721518987777e-01 9.873417721518987777e-01 9.873417721518987777e-01 9.873417721518987777e-01 9.873417721518987777e-01 9.903846153846154188e-01 9.935691318327973809e-01 9.935691318327973809e-01 9.935691318327973809e-01 9.935691318327973809e-01 9.935691318327973809e-01 9.935691318327973809e-01 9.967741935483871440e-01 1.000000000000000000e+00 1.000000000000000000e+00 1.000000000000000000e+00 1.000000000000000000e+00 1.000000000000000000e+00 1.000000000000000000e+00 1.000000000000000000e+00 1.000000000000000000e+00 1.000000000000000000e+00 1.000000000000000000e+00 1.000000000000000000e+00 
9.967948717948718063e-01 9.936102236421725520e-01 9.936102236421725520e-01 9.936102236421725520e-01 9.936102236421725520e-01 9.936102236421725520e-01 9.936102236421725520e-01 9.936102236421725520e-01 9.873015873015873467e-01 9.873417721518987777e-01 9.873417721518987777e-01 9.873417721518987777e-01 9.873417721518987777e-01 9.873417721518987777e-01 9.873417721518987777e-01 9.873417721518987777e-01 9.873417721518987777e-01 9.873417721518987777e-01 9.873417721518987777e-01 9.903846153846154188e-01 9.935691318327973809e-01 9.935691318327973809e-01 9.935691318327973809e-01 9.935691318327973809e-01 9.935691318327973809e-01 9.935691318327973809e-01 9.935691318327973809e-01 1.000000000000000000e+00 1.000000000000000000e+00 1.000000000000000000e+00 1.000000000000000000e+00 1.000000000000000000e+00 1.000000000000000000e+00 1.000000000000000000e+00 1.000000000000000000e+00 1.000000000000000000e+00 1.000000000000000000e+00 1.000000000000000000e+00 
9.936102236421725520e-01 9.936102236421725520e-01 9.936102236421725520e-01 9.936102236421725520e-01 9.936102236421725520e-01 9.936102236421725520e-01 9.936102236421725520e-01 9.873015873015873467e-01 9.873417721518987777e-01 9.873417721518987777e-01 9.873417721518987777e-01 9.873417721518987777e-01 9.873417721518987777e-01 9.873417721518987777e-01 9.873417721518987777e-01 9.873417721518987777e-01 9.873417721518987777e-01 9.873417721518987777e-01 9.873417721518987777e-01 9.935691318327973809e-01 9.935691318327973809e-01 9.935691318327973809e-01 9.935691318327973809e-01 9.935691318327973809e-01 9.935691318327973809e-01 9.935691318327973809e-01 1.000000000000000000e+00 1.000000000000000000e+00 1.000000000000000000e+00 1.000000000000000000e+00 1.000000000000000000e+00 1.000000000000000000e+00 1.000000000000000000e+00 1.000000000000000000e+00 1.000000000000000000e+00 1.000000000000000000e+00 1.000000000000000000e+00 1.000000000000000000e+00 
9.936102236421725520e-01 9.936102236421725520e-01 9.936102236421725520e-01 9.936102236421725520e-01 9.936102236421725520e-01 9.936102236421725520e-01 9.936102236421725520e-01 9.873015873015873467e-01 9.873015873015873467e-01 9.873417721518987777e-01 9.873417721518987777e-01 9.873417721518987777e-01 9.873417721518987777e-01 9.873417721518987777e-01 9.873417721518987777e-01 9.873417721518987777e-01 9.873417721518987777e-01 9.873417721518987777e-01 9.873417721518987777e-01 9.935691318327973809e-01 9.935691318327973809e-01 9.935691318327973809e-01 9.935691318327973809e-01 9.935691318327973809e-01 9.935691318327973809e-01 9.935691318327973809e-01 1.000000000000000000e+00 1.000000000000000000e+00 1.000000000000000000e+00 1.000000000000000000e+00 1.000000000000000000e+00 1.000000000000000000e+00 1.000000000000000000e+00 1.000000000000000000e+00 1.000000000000000000e+00 1.000000000000000000e+00 1.000000000000000000e+00 1.000000000000000000e+00 
9.936102236421725520e-01 9.936102236421725520e-01 9.936102236421725520e-01 9.936102236421725520e-01 9.936102236421725520e-01 9.936102236421725520e-01 9.936102236421725520e-01 9.936102236421725520e-01 9.873015873015873467e-01 9.873417721518987777e-01 9.873417721518987777e-01 9.873417721518987777e-01 9.873417721518987777e-01 9.873417721518987777e-01 9.873417721518987777e-01 9.873417721518987777e-01 9.873417721518987777e-01 9.873417721518987777e-01 9.873417721518987777e-01 9.935691318327973809e-01 9.935691318327973809e-01 9.935691318327973809e-01 9.935691318327973809e-01 9.935691318327973809e-01 9.935691318327973809e-01 9.935691318327973809e-01 9.935691318327973809e-01 1.000000000000000000e+00 1.000000000000000000e+00 1.000000000000000000e+00 1.000000000000000000e+00 1.000000000000000000e+00 1.000000000000000000e+00 1.000000000000000000e+00 1.000000000000000000e+00 1.000000000000000000e+00 1.000000000000000000e+00 1.000000000000000000e+00 
9.936102236421725520e-01 9.936102236421725520e-01 9.936102236421725520e-01 9.936102236421725520e-01 9.936102236421725520e-01 9.936102236421725520e-01 9.936102236421725520e-01 9.873015873015873467e-01 9.873015873015873467e-01 9.873417721518987777e-01 9.873417721518987777e-01 9.873417721518987777e-01 9.873417721518987777e-01 9.873417721518987777e-01 9.873417721518987777e-01 9.873417721518987777e-01 9.873417721518987777e-01 9.873417721518987777e-01 9.873417721518987777e-01 9.935691318327973809e-01 9.935691318327973809e-01 9.935691318327973809e-01 9.935691318327973809e-01 9.935691318327973809e-01 9.935691318327973809e-01 9.935691318327973809e-01 1.000000000000000000e+00 1.000000000000000000e+00 1.000000000000000000e+00 1.000000000000000000e+00 1.000000000000000000e+00 1.000000000000000000e+00 1.000000000000000000e+00 1.000000000000000000e+00 1.000000000000000000e+00 1.000000000000000000e+00 1.000000000000000000e+00 1.000000000000000000e+00 
9.936102236421725520e-01 9.936102236421725520e-01 9.936102236421725520e-01 9.936102236421725520e-01 9.936102236421725520e-01 9.936102236421725520e-01 9.936102236421725520e-01 9.936102236421725520e-01 9.936102236421725520e-01 9.873015873015873467e-01 9.841772151898734444e-01 9.841772151898734444e-01 9.841772151898734444e-01 9.841772151898734444e-01 9.841772151898734444e-01 9.841772151898734444e-01 9.841772151898734444e-01 9.841772151898734444e-01 9.841772151898734444e-01 9.903536977491961268e-01 9.903536977491961268e-01 9.903536977491961268e-01 9.903536977491961268e-01 9.903536977491961268e-01 9.903536977491961268e-01 9.903536977491961268e-01 9.903536977491961268e-01 9.903536977491961268e-01 9.967637540453074818e-01 1.000000000000000000e+00 1.000000000000000000e+00 1.000000000000000000e+00 1.000000000000000000e+00 1.000000000000000000e+00 1.000000000000000000e+00 1.000000000000000000e+00 1.000000000000000000e+00 1.000000000000000000e+00 
9.936102236421725520e-01 9.936102236421725520e-01 9.936102236421725520e-01 9.936102236421725520e-01 9.936102236421725520e-01 9.936102236421725520e-01 9.936102236421725520e-01 9.936102236421725520e-01 9.936102236421725520e-01 9.873015873015873467e-01 9.841772151898734444e-01 9.841772151898734444e-01 9.841772151898734444e-01 9.841772151898734444e-01 9.841772151898734444e-01 9.841772151898734444e-01 9.841772151898734444e-01 9.841772151898734444e-01 9.841772151898734444e-01 9.903536977491961268e-01 9.903536977491961268e-01 9.903536977491961268e-01 9.903536977491961268e-01 9.903536977491961268e-01 9.903536977491961268e-01 9.903536977491961268e-01 9.903536977491961268e-01 9.903536977491961268e-01 9.967637540453074818e-01 1.000000000000000000e+00 1.000000000000000000e+00 1.000000000000000000e+00 1.000000000000000000e+00 1.000000000000000000e+00 1.000000000000000000e+00 1.000000000000000000e+00 1.000000000000000000e+00 1.000000000000000000e+00 
9.936102236421725520e-01 9.936102236421725520e-01 9.936102236421725520e-01 9.936102236421725520e-01 9.936102236421725520e-01 9.936102236421725520e-01 9.936102236421725520e-01 9.936102236421725520e-01 9.936102236421725520e-01 9.936102236421725520e-01 9.936507936507936734e-01 9.905063291139240000e-01 9.905063291139240000e-01 9.905063291139240000e-01 9.905063291139240000e-01 9.905063291139240000e-01 9.905063291139240000e-01 9.905063291139240000e-01 9.905063291139240000e-01 9.967845659163987460e-01 9.967845659163987460e-01 9.967845659163987460e-01 9.967845659163987460e-01 9.967845659163987460e-01 9.967845659163987460e-01 9.967845659163987460e-01 9.967845659163987460e-01 9.967845659163987460e-01 9.967845659163987460e-01 9.967637540453074818e-01 1.000000000000000000e+00 1.000000000000000000e+00 1.000000000000000000e+00 1.000000000000000000e+00 1.000000000000000000e+00 1.000000000000000000e+00 1.000000000000000000e+00 1.000000000000000000e+00 
9.936102236421725520e-01 9.936102236421725520e-01 9.936102236421725520e-01 9.936102236421725520e-01 9.936102236421725520e-01 9.936102236421725520e-01 9.936102236421725520e-01 9.936102236421725520e-01 9.873015873015873467e-01 9.873015873015873467e-01 9.841772151898734444e-01 9.841772151898734444e-01 9.841772151898734444e-01 9.841772151898734444e-01 9.841772151898734444e-01 9.841772151898734444e-01 9.841772151898734444e-01 9.841772151898734444e-01 9.841772151898734444e-01 9.903536977491961268e-01 9.903536977491961268e-01 9.903536977491961268e-01 9.903536977491961268e-01 9.903536977491961268e-01 9.903536977491961268e-01 9.903536977491961268e-01 9.903536977491961268e-01 9.967637540453074818e-01 9.967637540453074818e-01 1.000000000000000000e+00 1.000000000000000000e+00 1.000000000000000000e+00 1.000000000000000000e+00 1.000000000000000000e+00 1.000000000000000000e+00 1.000000000000000000e+00 1.000000000000000000e+00 1.000000000000000000e+00 
9.936102236421725520e-01 9.936102236421725520e-01 9.936102236421725520e-01 9.936102236421725520e-01 9.936102236421725520e-01 9.936102236421725520e-01 9.936102236421725520e-01 9.936102236421725520e-01 9.873015873015873467e-01 9.873417721518987777e-01 9.873417721518987777e-01 9.873417721518987777e-01 9.873417721518987777e-01 9.873417721518987777e-01 9.873417721518987777e-01 9.873417721518987777e-01 9.873417721518987777e-01 9.873417721518987777e-01 9.873417721518987777e-01 9.935691318327973809e-01 9.935691318327973809e-01 9.935691318327973809e-01 9.935691318327973809e-01 9.935691318327973809e-01 9.935691318327973809e-01 9.935691318327973809e-01 9.935691318327973809e-01 1.000000000000000000e+00 1.000000000000000000e+00 1.000000000000000000e+00 1.000000000000000000e+00 1.000000000000000000e+00 1.000000000000000000e+00 1.000000000000000000e+00 1.000000000000000000e+00 1.000000000000000000e+00 1.000000000000000000e+00 1.000000000000000000e+00 
9.936102236421725520e-01 9.936102236421725520e-01 9.936102236421725520e-01 9.936102236421725520e-01 9.936102236421725520e-01 9.936102236421725520e-01 9.936102236421725520e-01 9.936102236421725520e-01 9.936102236421725520e-01 9.936102236421725520e-01 9.936305732484076447e-01 9.905063291139240000e-01 9.905063291139240000e-01 9.905063291139240000e-01 9.905063291139240000e-01 9.905063291139240000e-01 9.905063291139240000e-01 9.905063291139240000e-01 9.905063291139240000e-01 9.967845659163987460e-01 9.967845659163987460e-01 9.967845659163987460e-01 9.967845659163987460e-01 9.967845659163987460e-01 9.967845659163987460e-01 9.967845659163987460e-01 9.967845659163987460e-01 9.967845659163987460e-01 9.967845659163987460e-01 9.967741935483871440e-01 1.000000000000000000e+00 1.000000000000000000e+00 1.000000000000000000e+00 1.000000000000000000e+00 1.000000000000000000e+00 1.000000000000000000e+00 1.000000000000000000e+00 1.000000000000000000e+00 
9.936102236421725520e-01 9.936102236421725520e-01 9.936102236421725520e-01 9.936102236421725520e-01 9.936102236421725520e-01 9.936102236421725520e-01 9.936102236421725520e-01 9.936102236421725520e-01 9.904458598726114671e-01 9.873417721518987777e-01 9.873417721518987777e-01 9.873417721518987777e-01 9.873417721518987777e-01 9.873417721518987777e-01 9.873417721518987777e-01 9.873417721518987777e-01 9.873417721518987777e-01 9.873417721518987777e-01 9.873417721518987777e-01 9.935691318327973809e-01 9.935691318327973809e-01 9.935691318327973809e-01 9.935691318327973809e-01 9.935691318327973809e-01 9.935691318327973809e-01 9.935691318327973809e-01 9.935691318327973809e-01 9.967741935483871440e-01 1.000000000000000000e+00 1.000000000000000000e+00 1.000000000000000000e+00 1.000000000000000000e+00 1.000000000000000000e+00 1.000000000000000000e+00 1.000000000000000000e+00 1.000000000000000000e+00 1.000000000000000000e+00 1.000000000000000000e+00 
9.936102236421725520e-01 9.936102236421725520e-01 9.936102236421725520e-01 9.936102236421725520e-01 9.936102236421725520e-01 9.936102236421725520e-01 9.936102236421725520e-01 9.936102236421725520e-01 9.904458598726114671e-01 9.904458598726114671e-01 9.873417721518987777e-01 9.873417721518987777e-01 9.873417721518987777e-01 9.873417721518987777e-01 9.873417721518987777e-01 9.873417721518987777e-01 9.873417721518987777e-01 9.873417721518987777e-01 9.873417721518987777e-01 9.935691318327973809e-01 9.935691318327973809e-01 9.935691318327973809e-01 9.935691318327973809e-01 9.935691318327973809e-01 9.935691318327973809e-01 9.935691318327973809e-01 9.935691318327973809e-01 9.967741935483871440e-01 9.967741935483871440e-01 1.000000000000000000e+00 1.000000000000000000e+00 1.000000000000000000e+00 1.000000000000000000e+00 1.000000000000000000e+00 1.000000000000000000e+00 1.000000000000000000e+00 1.000000000000000000e+00 1.000000000000000000e+00 
9.936102236421725520e-01 9.936102236421725520e-01 9.936102236421725520e-01 9.936102236421725520e-01 9.936102236421725520e-01 9.936102236421725520e-01 9.936102236421725520e-01 9.936102236421725520e-01 9.904458598726114671e-01 9.904458598726114671e-01 9.873417721518987777e-01 9.873417721518987777e-01 9.873417721518987777e-01 9.873417721518987777e-01 9.873417721518987777e-01 9.873417721518987777e-01 9.873417721518987777e-01 9.873417721518987777e-01 9.873417721518987777e-01 9.935691318327973809e-01 9.935691318327973809e-01 9.935691318327973809e-01 9.935691318327973809e-01 9.935691318327973809e-01 9.935691318327973809e-01 9.935691318327973809e-01 9.935691318327973809e-01 9.967741935483871440e-01 9.967741935483871440e-01 1.000000000000000000e+00 1.000000000000000000e+00 1.000000000000000000e+00 1.000000000000000000e+00 1.000000000000000000e+00 1.000000000000000000e+00 1.000000000000000000e+00 1.000000000000000000e+00 1.000000000000000000e+00 
9.936102236421725520e-01 9.936102236421725520e-01 9.936102236421725520e-01 9.936102236421725520e-01 9.936102236421725520e-01 9.936102236421725520e-01 9.936102236421725520e-01 9.936102236421725520e-01 9.904458598726114671e-01 9.904458598726114671e-01 9.873417721518987777e-01 9.873417721518987777e-01 9.873417721518987777e-01 9.873417721518987777e-01 9.873417721518987777e-01 9.873417721518987777e-01 9.873417721518987777e-01 9.873417721518987777e-01 9.873417721518987777e-01 9.935691318327973809e-01 9.935691318327973809e-01 9.935691318327973809e-01 9.935691318327973809e-01 9.935691318327973809e-01 9.935691318327973809e-01 9.935691318327973809e-01 9.935691318327973809e-01 9.967741935483871440e-01 9.967741935483871440e-01 1.000000000000000000e+00 1.000000000000000000e+00 1.000000000000000000e+00 1.000000000000000000e+00 1.000000000000000000e+00 1.000000000000000000e+00 1.000000000000000000e+00 1.000000000000000000e+00 1.000000000000000000e+00 
9.936102236421725520e-01 9.936102236421725520e-01 9.936102236421725520e-01 9.936102236421725520e-01 9.936102236421725520e-01 9.936102236421725520e-01 9.936102236421725520e-01 9.936102236421725520e-01 9.936102236421725520e-01 9.904458598726114671e-01 9.904458598726114671e-01 9.873417721518987777e-01 9.873417721518987777e-01 9.873417721518987777e-01 9.873417721518987777e-01 9.873417721518987777e-01 9.873417721518987777e-01 9.873417721518987777e-01 9.873417721518987777e-01 9.935691318327973809e-01 9.935691318327973809e-01 9.935691318327973809e-01 9.935691318327973809e-01 9.935691318327973809e-01 9.935691318327973809e-01 9.935691318327973809e-01 9.935691318327973809e-01 9.935691318327973809e-01 9.967741935483871440e-01 9.967741935483871440e-01 1.000000000000000000e+00 1.000000000000000000e+00 1.000000000000000000e+00 1.000000000000000000e+00 1.000000000000000000e+00 1.000000000000000000e+00 1.000000000000000000e+00 1.000000000000000000e+00 
9.936102236421725520e-01 9.936102236421725520e-01 9.936102236421725520e-01 9.936102236421725520e-01 9.936102236421725520e-01 9.936102236421725520e-01 9.936102236421725520e-01 9.904458598726114671e-01 9.904458598726114671e-01 9.904458598726114671e-01 9.873417721518987777e-01 9.873417721518987777e-01 9.873417721518987777e-01 9.873417721518987777e-01 9.873417721518987777e-01 9.873417721518987777e-01 9.873417721518987777e-01 9.873417721518987777e-01 9.873417721518987777e-01 9.935691318327973809e-01 9.935691318327973809e-01 9.935691318327973809e-01 9.935691318327973809e-01 9.935691318327973809e-01 9.935691318327973809e-01 9.935691318327973809e-01 9.967741935483871440e-01 9.967741935483871440e-01 9.967741935483871440e-01 1.000000000000000000e+00 1.000000000000000000e+00 1.000000000000000000e+00 1.000000000000000000e+00 1.000000000000000000e+00 1.000000000000000000e+00 1.000000000000000000e+00 1.000000000000000000e+00 1.000000000000000000e+00 
9.936102236421725520e-01 9.936102236421725520e-01 9.936102236421725520e-01 9.936102236421725520e-01 9.936102236421725520e-01 9.936102236421725520e-01 9.936102236421725520e-01 9.936102236421725520e-01 9.904458598726114671e-01 9.904458598726114671e-01 9.873417721518987777e-01 9.873417721518987777e-01 9.873417721518987777e-01 9.873417721518987777e-01 9.873417721518987777e-01 9.873417721518987777e-01 9.873417721518987777e-01 9.873417721518987777e-01 9.873417721518987777e-01 9.935691318327973809e-01 9.935691318327973809e-01 9.935691318327973809e-01 9.935691318327973809e-01 9.935691318327973809e-01 9.935691318327973809e-01 9.935691318327973809e-01 9.935691318327973809e-01 9.967741935483871440e-01 9.967741935483871440e-01 1.000000000000000000e+00 1.000000000000000000e+00 1.000000000000000000e+00 1.000000000000000000e+00 1.000000000000000000e+00 1.000000000000000000e+00 1.000000000000000000e+00 1.000000000000000000e+00 1.000000000000000000e+00 
9.936102236421725520e-01 9.936102236421725520e-01 9.936102236421725520e-01 9.936102236421725520e-01 9.936102236421725520e-01 9.936102236421725520e-01 9.936102236421725520e-01 9.936102236421725520e-01 9.904458598726114671e-01 9.904458598726114671e-01 9.873015873015873467e-01 9.873417721518987777e-01 9.873417721518987777e-01 9.873417721518987777e-01 9.873417721518987777e-01 9.873417721518987777e-01 9.873417721518987777e-01 9.873417721518987777e-01 9.873417721518987777e-01 9.935691318327973809e-01 9.935691318327973809e-01 9.935691318327973809e-01 9.935691318327973809e-01 9.935691318327973809e-01 9.935691318327973809e-01 9.935691318327973809e-01 9.935691318327973809e-01 9.967741935483871440e-01 9.967741935483871440e-01 1.000000000000000000e+00 1.000000000000000000e+00 1.000000000000000000e+00 1.000000000000000000e+00 1.000000000000000000e+00 1.000000000000000000e+00 1.000000000000000000e+00 1.000000000000000000e+00 1.000000000000000000e+00 
9.936102236421725520e-01 9.936102236421725520e-01 9.936102236421725520e-01 9.936102236421725520e-01 9.936102236421725520e-01 9.936102236421725520e-01 9.936102236421725520e-01 9.936102236421725520e-01 9.936102236421725520e-01 9.904458598726114671e-01 9.904458598726114671e-01 9.873417721518987777e-01 9.873417721518987777e-01 9.873417721518987777e-01 9.873417721518987777e-01 9.873417721518987777e-01 9.873417721518987777e-01 9.873417721518987777e-01 9.873417721518987777e-01 9.935691318327973809e-01 9.935691318327973809e-01 9.935691318327973809e-01 9.935691318327973809e-01 9.935691318327973809e-01 9.935691318327973809e-01 9.935691318327973809e-01 9.935691318327973809e-01 9.935691318327973809e-01 9.967741935483871440e-01 9.967741935483871440e-01 1.000000000000000000e+00 1.000000000000000000e+00 1.000000000000000000e+00 1.000000000000000000e+00 1.000000000000000000e+00 1.000000000000000000e+00 1.000000000000000000e+00 1.000000000000000000e+00 
9.936102236421725520e-01 9.936102236421725520e-01 9.936102236421725520e-01 9.936102236421725520e-01 9.936102236421725520e-01 9.936102236421725520e-01 9.936102236421725520e-01 9.936102236421725520e-01 9.936102236421725520e-01 9.904458598726114671e-01 9.904458598726114671e-01 9.873015873015873467e-01 9.873417721518987777e-01 9.873417721518987777e-01 9.873417721518987777e-01 9.873417721518987777e-01 9.873417721518987777e-01 9.873417721518987777e-01 9.873417721518987777e-01 9.935691318327973809e-01 9.935691318327973809e-01 9.935691318327973809e-01 9.935691318327973809e-01 9.935691318327973809e-01 9.935691318327973809e-01 9.935691318327973809e-01 9.935691318327973809e-01 9.935691318327973809e-01 9.967741935483871440e-01 9.967741935483871440e-01 1.000000000000000000e+00 1.000000000000000000e+00 1.000000000000000000e+00 1.000000000000000000e+00 1.000000000000000000e+00 1.000000000000000000e+00 1.000000000000000000e+00 1.000000000000000000e+00 
9.936102236421725520e-01 9.936102236421725520e-01 9.936102236421725520e-01 9.936102236421725520e-01 9.936102236421725520e-01 9.936102236421725520e-01 9.936102236421725520e-01 9.936102236421725520e-01 9.936102236421725520e-01 9.904458598726114671e-01 9.904458598726114671e-01 9.873015873015873467e-01 9.873417721518987777e-01 9.873417721518987777e-01 9.873417721518987777e-01 9.873417721518987777e-01 9.873417721518987777e-01 9.873417721518987777e-01 9.873417721518987777e-01 9.935691318327973809e-01 9.935691318327973809e-01 9.935691318327973809e-01 9.935691318327973809e-01 9.935691318327973809e-01 9.935691318327973809e-01 9.935691318327973809e-01 9.935691318327973809e-01 9.935691318327973809e-01 9.967741935483871440e-01 9.967741935483871440e-01 1.000000000000000000e+00 1.000000000000000000e+00 1.000000000000000000e+00 1.000000000000000000e+00 1.000000000000000000e+00 1.000000000000000000e+00 1.000000000000000000e+00 1.000000000000000000e+00 
9.936102236421725520e-01 9.936102236421725520e-01 9.936102236421725520e-01 9.936102236421725520e-01 9.936102236421725520e-01 9.936102236421725520e-01 9.936102236421725520e-01 9.936102236421725520e-01 9.936102236421725520e-01 9.904458598726114671e-01 9.904458598726114671e-01 9.873015873015873467e-01 9.873417721518987777e-01 9.873417721518987777e-01 9.873417721518987777e-01 9.873417721518987777e-01 9.873417721518987777e-01 9.873417721518987777e-01 9.873417721518987777e-01 9.935691318327973809e-01 9.935691318327973809e-01 9.935691318327973809e-01 9.935691318327973809e-01 9.935691318327973809e-01 9.935691318327973809e-01 9.935691318327973809e-01 9.935691318327973809e-01 9.935691318327973809e-01 9.967741935483871440e-01 9.967741935483871440e-01 1.000000000000000000e+00 1.000000000000000000e+00 1.000000000000000000e+00 1.000000000000000000e+00 1.000000000000000000e+00 1.000000000000000000e+00 1.000000000000000000e+00 1.000000000000000000e+00 
9.936102236421725520e-01 9.936102236421725520e-01 9.936102236421725520e-01 9.936102236421725520e-01 9.936102236421725520e-01 9.936102236421725520e-01 9.936102236421725520e-01 9.936102236421725520e-01 9.936102236421725520e-01 9.904458598726114671e-01 9.904458598726114671e-01 9.873015873015873467e-01 9.873417721518987777e-01 9.873417721518987777e-01 9.873417721518987777e-01 9.873417721518987777e-01 9.873417721518987777e-01 9.873417721518987777e-01 9.873417721518987777e-01 9.935691318327973809e-01 9.935691318327973809e-01 9.935691318327973809e-01 9.935691318327973809e-01 9.935691318327973809e-01 9.935691318327973809e-01 9.935691318327973809e-01 9.935691318327973809e-01 9.935691318327973809e-01 9.967741935483871440e-01 9.967741935483871440e-01 1.000000000000000000e+00 1.000000000000000000e+00 1.000000000000000000e+00 1.000000000000000000e+00 1.000000000000000000e+00 1.000000000000000000e+00 1.000000000000000000e+00 1.000000000000000000e+00 
9.936102236421725520e-01 9.936102236421725520e-01 9.936102236421725520e-01 9.936102236421725520e-01 9.936102236421725520e-01 9.936102236421725520e-01 9.936102236421725520e-01 9.936102236421725520e-01 9.936102236421725520e-01 9.904458598726114671e-01 9.873015873015873467e-01 9.873015873015873467e-01 9.873417721518987777e-01 9.873417721518987777e-01 9.873417721518987777e-01 9.873417721518987777e-01 9.873417721518987777e-01 9.873417721518987777e-01 9.873417721518987777e-01 9.935691318327973809e-01 9.935691318327973809e-01 9.935691318327973809e-01 9.935691318327973809e-01 9.935691318327973809e-01 9.935691318327973809e-01 9.935691318327973809e-01 9.935691318327973809e-01 9.935691318327973809e-01 9.967741935483871440e-01 1.000000000000000000e+00 1.000000000000000000e+00 1.000000000000000000e+00 1.000000000000000000e+00 1.000000000000000000e+00 1.000000000000000000e+00 1.000000000000000000e+00 1.000000000000000000e+00 1.000000000000000000e+00 
9.936102236421725520e-01 9.936102236421725520e-01 9.936102236421725520e-01 9.936102236421725520e-01 9.936102236421725520e-01 9.936102236421725520e-01 9.936102236421725520e-01 9.936102236421725520e-01 9.936102236421725520e-01 9.936102236421725520e-01 9.936305732484076447e-01 9.904761904761905100e-01 9.904761904761905100e-01 9.905063291139240000e-01 9.905063291139240000e-01 9.905063291139240000e-01 9.905063291139240000e-01 9.905063291139240000e-01 9.905063291139240000e-01 9.967845659163987460e-01 9.967845659163987460e-01 9.967845659163987460e-01 9.967845659163987460e-01 9.967845659163987460e-01 9.967845659163987460e-01 9.967845659163987460e-01 9.967845659163987460e-01 9.967845659163987460e-01 9.967845659163987460e-01 9.967741935483871440e-01 1.000000000000000000e+00 1.000000000000000000e+00 1.000000000000000000e+00 1.000000000000000000e+00 1.000000000000000000e+00 1.000000000000000000e+00 1.000000000000000000e+00 1.000000000000000000e+00 
9.936102236421725520e-01 9.936102236421725520e-01 9.936102236421725520e-01 9.936102236421725520e-01 9.936102236421725520e-01 9.936102236421725520e-01 9.936102236421725520e-01 9.936102236421725520e-01 9.936102236421725520e-01 9.904458598726114671e-01 9.873015873015873467e-01 9.873015873015873467e-01 9.873417721518987777e-01 9.873417721518987777e-01 9.873417721518987777e-01 9.873417721518987777e-01 9.873417721518987777e-01 9.873417721518987777e-01 9.873417721518987777e-01 9.935691318327973809e-01 9.935691318327973809e-01 9.935691318327973809e-01 9.935691318327973809e-01 9.935691318327973809e-01 9.935691318327973809e-01 9.935691318327973809e-01 9.935691318327973809e-01 9.935691318327973809e-01 9.967741935483871440e-01 1.000000000000000000e+00 1.000000000000000000e+00 1.000000000000000000e+00 1.000000000000000000e+00 1.000000000000000000e+00 1.000000000000000000e+00 1.000000000000000000e+00 1.000000000000000000e+00 1.000000000000000000e+00 
9.936102236421725520e-01 9.936102236421725520e-01 9.936102236421725520e-01 9.936102236421725520e-01 9.936102236421725520e-01 9.936102236421725520e-01 9.936102236421725520e-01 9.936102236421725520e-01 9.936102236421725520e-01 9.936102236421725520e-01 9.936102236421725520e-01 9.904761904761905100e-01 9.904761904761905100e-01 9.904761904761905100e-01 9.905063291139240000e-01 9.905063291139240000e-01 9.905063291139240000e-01 9.905063291139240000e-01 9.905063291139240000e-01 9.967845659163987460e-01 9.967845659163987460e-01 9.967845659163987460e-01 9.967845659163987460e-01 9.967845659163987460e-01 9.967845659163987460e-01 9.967845659163987460e-01 9.967845659163987460e-01 9.967845659163987460e-01 9.967845659163987460e-01 9.967845659163987460e-01 1.000000000000000000e+00 1.000000000000000000e+00 1.000000000000000000e+00 1.000000000000000000e+00 1.000000000000000000e+00 1.000000000000000000e+00 1.000000000000000000e+00 1.000000000000000000e+00 
9.936102236421725520e-01 9.936102236421725520e-01 9.936102236421725520e-01 9.936102236421725520e-01 9.936102236421725520e-01 9.936102236421725520e-01 9.936102236421725520e-01 9.936102236421725520e-01 9.904458598726114671e-01 9.904458598726114671e-01 9.873015873015873467e-01 9.873015873015873467e-01 9.873417721518987777e-01 9.873417721518987777e-01 9.873417721518987777e-01 9.873417721518987777e-01 9.873417721518987777e-01 9.873417721518987777e-01 9.873417721518987777e-01 9.935691318327973809e-01 9.935691318327973809e-01 9.935691318327973809e-01 9.935691318327973809e-01 9.935691318327973809e-01 9.935691318327973809e-01 9.935691318327973809e-01 9.935691318327973809e-01 9.967741935483871440e-01 9.967741935483871440e-01 1.000000000000000000e+00 1.000000000000000000e+00 1.000000000000000000e+00 1.000000000000000000e+00 1.000000000000000000e+00 1.000000000000000000e+00 1.000000000000000000e+00 1.000000000000000000e+00 1.000000000000000000e+00 
9.936102236421725520e-01 9.936102236421725520e-01 9.936102236421725520e-01 9.936102236421725520e-01 9.936102236421725520e-01 9.936102236421725520e-01 9.936102236421725520e-01 9.936102236421725520e-01 9.936102236421725520e-01 9.936102236421725520e-01 9.936102236421725520e-01 9.904761904761905100e-01 9.904761904761905100e-01 9.904761904761905100e-01 9.905063291139240000e-01 9.905063291139240000e-01 9.905063291139240000e-01 9.905063291139240000e-01 9.905063291139240000e-01 9.967845659163987460e-01 9.967845659163987460e-01 9.967845659163987460e-01 9.967845659163987460e-01 9.967845659163987460e-01 9.967845659163987460e-01 9.967845659163987460e-01 9.967845659163987460e-01 9.967845659163987460e-01 9.967845659163987460e-01 9.967845659163987460e-01 1.000000000000000000e+00 1.000000000000000000e+00 1.000000000000000000e+00 1.000000000000000000e+00 1.000000000000000000e+00 1.000000000000000000e+00 1.000000000000000000e+00 1.000000000000000000e+00 
9.936102236421725520e-01 9.936102236421725520e-01 9.936102236421725520e-01 9.936102236421725520e-01 9.936102236421725520e-01 9.936102236421725520e-01 9.936102236421725520e-01 9.936102236421725520e-01 9.936102236421725520e-01 9.936102236421725520e-01 9.936305732484076447e-01 9.904761904761905100e-01 9.904761904761905100e-01 9.904761904761905100e-01 9.905063291139240000e-01 9.905063291139240000e-01 9.905063291139240000e-01 9.905063291139240000e-01 9.905063291139240000e-01 9.967845659163987460e-01 9.967845659163987460e-01 9.967845659163987460e-01 9.967845659163987460e-01 9.967845659163987460e-01 9.967845659163987460e-01 9.967845659163987460e-01 9.967845659163987460e-01 9.967845659163987460e-01 9.967845659163987460e-01 9.967741935483871440e-01 1.000000000000000000e+00 1.000000000000000000e+00 1.000000000000000000e+00 1.000000000000000000e+00 1.000000000000000000e+00 1.000000000000000000e+00 1.000000000000000000e+00 1.000000000000000000e+00 
9.936102236421725520e-01 9.936102236421725520e-01 9.936102236421725520e-01 9.936102236421725520e-01 9.936102236421725520e-01 9.936102236421725520e-01 9.936102236421725520e-01 9.936102236421725520e-01 9.936102236421725520e-01 9.936102236421725520e-01 9.936305732484076447e-01 9.904761904761905100e-01 9.904761904761905100e-01 9.904761904761905100e-01 9.905063291139240000e-01 9.905063291139240000e-01 9.905063291139240000e-01 9.905063291139240000e-01 9.905063291139240000e-01 9.967845659163987460e-01 9.967845659163987460e-01 9.967845659163987460e-01 9.967845659163987460e-01 9.967845659163987460e-01 9.967845659163987460e-01 9.967845659163987460e-01 9.967845659163987460e-01 9.967845659163987460e-01 9.967845659163987460e-01 9.967741935483871440e-01 1.000000000000000000e+00 1.000000000000000000e+00 1.000000000000000000e+00 1.000000000000000000e+00 1.000000000000000000e+00 1.000000000000000000e+00 1.000000000000000000e+00 1.000000000000000000e+00 
9.936102236421725520e-01 9.936102236421725520e-01 9.936102236421725520e-01 9.936102236421725520e-01 9.936102236421725520e-01 9.936102236421725520e-01 9.936102236421725520e-01 9.936102236421725520e-01 9.936102236421725520e-01 9.936102236421725520e-01 9.936305732484076447e-01 9.904761904761905100e-01 9.904761904761905100e-01 9.904761904761905100e-01 9.904761904761905100e-01 9.905063291139240000e-01 9.905063291139240000e-01 9.905063291139240000e-01 9.905063291139240000e-01 9.967845659163987460e-01 9.967845659163987460e-01 9.967845659163987460e-01 9.967845659163987460e-01 9.967845659163987460e-01 9.967845659163987460e-01 9.967845659163987460e-01 9.967845659163987460e-01 9.967845659163987460e-01 9.967845659163987460e-01 9.967741935483871440e-01 1.000000000000000000e+00 1.000000000000000000e+00 1.000000000000000000e+00 1.000000000000000000e+00 1.000000000000000000e+00 1.000000000000000000e+00 1.000000000000000000e+00 1.000000000000000000e+00 
9.936102236421725520e-01 9.936102236421725520e-01 9.936102236421725520e-01 9.936102236421725520e-01 9.936102236421725520e-01 9.936102236421725520e-01 9.936102236421725520e-01 9.936102236421725520e-01 9.936102236421725520e-01 9.936102236421725520e-01 9.904761904761905100e-01 9.904761904761905100e-01 9.904761904761905100e-01 9.904761904761905100e-01 9.905063291139240000e-01 9.905063291139240000e-01 9.905063291139240000e-01 9.905063291139240000e-01 9.905362776025236071e-01 9.967845659163987460e-01 9.967845659163987460e-01 9.967845659163987460e-01 9.967845659163987460e-01 9.967845659163987460e-01 9.967845659163987460e-01 9.967845659163987460e-01 9.967845659163987460e-01 9.967845659163987460e-01 9.967845659163987460e-01 1.000000000000000000e+00 1.000000000000000000e+00 1.000000000000000000e+00 1.000000000000000000e+00 1.000000000000000000e+00 1.000000000000000000e+00 1.000000000000000000e+00 1.000000000000000000e+00 1.000000000000000000e+00 
