8.732495307922363281e-01 8.732401728630065918e-01 8.730657696723937988e-01 8.732319474220275879e-01 8.731502890586853027e-01 8.727885484695434570e-01 8.728742599487304688e-01 8.731251955032348633e-01 8.726933598518371582e-01 8.729296922683715820e-01 8.729494810104370117e-01 8.727645874023437500e-01 8.725296258926391602e-01 8.727840781211853027e-01 8.724007010459899902e-01 8.728422522544860840e-01 8.728529214859008789e-01 8.725923299789428711e-01 8.720837831497192383e-01 8.718038797378540039e-01 8.725572228431701660e-01 8.719302415847778320e-01 0.000000000000000000e+00 0.000000000000000000e+00 
2.399800287093967199e-04 3.232496092095971107e-04 3.541759797371923923e-04 3.064803604502230883e-04 2.931756316684186459e-04 3.457756247371435165e-04 3.082023758906871080e-04 2.810361911542713642e-04 2.894948120228946209e-04 3.505916392896324396e-04 3.296273062005639076e-04 3.029112413059920073e-04 3.193982702214270830e-04 3.562007332220673561e-04 3.668776189442723989e-04 3.194525488652288914e-04 3.243957471568137407e-04 3.617492911871522665e-04 3.526486107148230076e-04 3.400984860491007566e-04 3.308259474579244852e-04 2.614433178678154945e-04 0.000000000000000000e+00 0.000000000000000000e+00 
8.261961340904235840e-01 8.261979818344116211e-01 8.259889483451843262e-01 8.261567950248718262e-01 8.259807229042053223e-01 8.257015943527221680e-01 8.257322907447814941e-01 8.258934020996093750e-01 8.257478475570678711e-01 8.259490728378295898e-01 8.258291482925415039e-01 8.257578611373901367e-01 8.253316879272460938e-01 8.257507681846618652e-01 8.255072236061096191e-01 8.259080052375793457e-01 8.257618546485900879e-01 8.254836797714233398e-01 8.252680897712707520e-01 8.248652219772338867e-01 8.253140449523925781e-01 8.250092864036560059e-01 0.000000000000000000e+00 0.000000000000000000e+00 
2.212840336142107844e-04 3.045146586373448372e-04 3.399579727556556463e-04 2.894637000281363726e-04 2.699209435377269983e-04 3.192076110281050205e-04 2.869328309316188097e-04 2.586076152510941029e-04 2.753949083853513002e-04 3.234154137317091227e-04 3.000582510139793158e-04 2.725469821598380804e-04 2.907700836658477783e-04 3.325773286633193493e-04 3.363322175573557615e-04 2.895431243814527988e-04 2.927738241851329803e-04 3.275245544500648975e-04 3.226486442144960165e-04 3.047842474188655615e-04 3.126080264337360859e-04 2.411028544884175062e-04 0.000000000000000000e+00 0.000000000000000000e+00 
7.680521011352539062e-01 7.680740356445312500e-01 7.678849101066589355e-01 7.679540514945983887e-01 7.677931189537048340e-01 7.677412033081054688e-01 7.676319479942321777e-01 7.676510214805603027e-01 7.677298188209533691e-01 7.679160237312316895e-01 7.677229642868041992e-01 7.676725387573242188e-01 7.672400474548339844e-01 7.677221298217773438e-01 7.674998044967651367e-01 7.678314447402954102e-01 7.675854563713073730e-01 7.674946188926696777e-01 7.673415541648864746e-01 7.669618129730224609e-01 7.671828866004943848e-01 7.670822739601135254e-01 0.000000000000000000e+00 0.000000000000000000e+00 
1.905515673570334911e-04 2.697736781556159258e-04 3.049052902497351170e-04 2.559330023359507322e-04 2.422448014840483665e-04 2.853689366020262241e-04 2.527816686779260635e-04 2.242007758468389511e-04 2.464814169798046350e-04 2.881299296859651804e-04 2.646970388013869524e-04 2.450841420795768499e-04 2.547019103076308966e-04 2.910813782364130020e-04 2.936513337772339582e-04 2.571260847616940737e-04 2.579970459919422865e-04 2.917740202974528074e-04 2.817557251546531916e-04 2.654040581546723843e-04 2.797015476971864700e-04 2.094236842822283506e-04 0.000000000000000000e+00 0.000000000000000000e+00 
7.022109627723693848e-01 7.022141218185424805e-01 7.020905613899230957e-01 7.020824551582336426e-01 7.019628882408142090e-01 7.019981145858764648e-01 7.018424868583679199e-01 7.017951607704162598e-01 7.019702196121215820e-01 7.021129131317138672e-01 7.018985748291015625e-01 7.019115090370178223e-01 7.014038562774658203e-01 7.019323706626892090e-01 7.017415165901184082e-01 7.020679116249084473e-01 7.018094658851623535e-01 7.018280625343322754e-01 7.016229629516601562e-01 7.013090252876281738e-01 7.014175057411193848e-01 7.014258503913879395e-01 0.000000000000000000e+00 0.000000000000000000e+00 
1.819085882743820548e-04 2.612655807752162218e-04 2.957266406156122684e-04 2.517798275221139193e-04 2.430964814266189933e-04 2.786789555102586746e-04 2.458370581734925508e-04 2.182860189350321889e-04 2.478232490830123425e-04 2.789902209769934416e-04 2.632166433613747358e-04 2.447000297252088785e-04 2.440017706248909235e-04 2.842910471372306347e-04 2.830404846463352442e-04 2.553245576564222574e-04 2.542209404055029154e-04 2.874298079404979944e-04 2.735203597694635391e-04 2.546873583924025297e-04 2.772659063339233398e-04 2.019044186454266310e-04 0.000000000000000000e+00 0.000000000000000000e+00 
6.330729126930236816e-01 6.330665349960327148e-01 6.329994201660156250e-01 6.329199671745300293e-01 6.328368782997131348e-01 6.329556703567504883e-01 6.327877640724182129e-01 6.327153444290161133e-01 6.329122781753540039e-01 6.329960227012634277e-01 6.328451633453369141e-01 6.328627467155456543e-01 6.323156356811523438e-01 6.329201459884643555e-01 6.327243447303771973e-01 6.329488754272460938e-01 6.327173709869384766e-01 6.328644752502441406e-01 6.326503753662109375e-01 6.324042081832885742e-01 6.324404478073120117e-01 6.325083374977111816e-01 0.000000000000000000e+00 0.000000000000000000e+00 
1.666758907958865166e-04 2.417589421384036541e-04 2.751135034486651421e-04 2.329919079784303904e-04 2.298856561537832022e-04 2.563642628956586123e-04 2.259270549984648824e-04 2.017742517637088895e-04 2.365776745136827230e-04 2.564446185715496540e-04 2.464164281263947487e-04 2.325043897144496441e-04 2.235079155070707202e-04 2.659056917764246464e-04 2.605360350571572781e-04 2.384901308687403798e-04 2.408602304058149457e-04 2.730722189880907536e-04 2.568804484326392412e-04 2.365108084632083774e-04 2.643714251462370157e-04 1.881976641016080976e-04 0.000000000000000000e+00 0.000000000000000000e+00 
5.738114118576049805e-01 5.737938284873962402e-01 5.737859010696411133e-01 5.736539363861083984e-01 5.736049413681030273e-01 5.737751722335815430e-01 5.735843181610107422e-01 5.735167264938354492e-01 5.737087130546569824e-01 5.737479329109191895e-01 5.736654400825500488e-01 5.736706256866455078e-01 5.731357336044311523e-01 5.737881660461425781e-01 5.735692381858825684e-01 5.737504959106445312e-01 5.735554099082946777e-01 5.737968683242797852e-01 5.735647082328796387e-01 5.733752846717834473e-01 5.733771920204162598e-01 5.734739899635314941e-01 0.000000000000000000e+00 0.000000000000000000e+00 
1.523917453596368432e-04 2.202564210165292025e-04 2.527890610508620739e-04 2.124564343830570579e-04 2.139242278644815087e-04 2.350033319089561701e-04 2.057858509942889214e-04 1.853576541179791093e-04 2.208642690675333142e-04 2.355940378038212657e-04 2.263874193886294961e-04 2.175205008825287223e-04 2.042845007963478565e-04 2.446865837555378675e-04 2.366523694945499301e-04 2.199936425313353539e-04 2.266161754960194230e-04 2.554489765316247940e-04 2.396994532318785787e-04 2.203625626862049103e-04 2.441497636027634144e-04 1.732661476125940681e-04 0.000000000000000000e+00 0.000000000000000000e+00 
5.325518250465393066e-01 5.325269699096679688e-01 5.325607657432556152e-01 5.323883891105651855e-01 5.323801040649414062e-01 5.325548648834228516e-01 5.323539972305297852e-01 5.323092341423034668e-01 5.324890017509460449e-01 5.325120091438293457e-01 5.324712991714477539e-01 5.324711203575134277e-01 5.319569110870361328e-01 5.326331257820129395e-01 5.324106216430664062e-01 5.325839519500732422e-01 5.324166417121887207e-01 5.327043533325195312e-01 5.324711799621582031e-01 5.323005914688110352e-01 5.323319435119628906e-01 5.324319005012512207e-01 0.000000000000000000e+00 0.000000000000000000e+00 
1.447106624254956841e-04 2.079476980725303292e-04 2.400647208560258150e-04 1.997386862058192492e-04 2.044750872300937772e-04 2.225178468506783247e-04 1.936410408234223723e-04 1.774730772012844682e-04 2.120463032042607665e-04 2.243297203676775098e-04 2.132990193786099553e-04 2.093584917020052671e-04 1.939260109793394804e-04 2.322212967555969954e-04 2.233226114185526967e-04 2.107997861457988620e-04 2.193251566495746374e-04 2.459453244227916002e-04 2.311053249286487699e-04 2.129381609847769141e-04 2.325660607311874628e-04 1.661325804889202118e-04 0.000000000000000000e+00 0.000000000000000000e+00 
5.097159147262573242e-01 5.096886754035949707e-01 5.097452402114868164e-01 5.095442533493041992e-01 5.095701813697814941e-01 5.097416639328002930e-01 5.095379948616027832e-01 5.095036625862121582e-01 5.096745491027832031e-01 5.097007751464843750e-01 5.096868872642517090e-01 5.096885561943054199e-01 5.091783404350280762e-01 5.098811984062194824e-01 5.096663236618041992e-01 5.098586678504943848e-01 5.097109079360961914e-01 5.100123882293701172e-01 5.097910761833190918e-01 5.096147060394287109e-01 5.097163915634155273e-01 5.098038911819458008e-01 0.000000000000000000e+00 0.000000000000000000e+00 
1.446329115424305201e-04 2.064948494080454111e-04 2.389308647252619267e-04 1.978465588763356209e-04 2.044823922915384173e-04 2.212534454884007573e-04 1.912708394229412079e-04 1.789927046047523618e-04 2.128598280251026154e-04 2.244519273517653346e-04 2.110099303536117077e-04 2.097293327096849680e-04 1.937493070727214217e-04 2.313142176717519760e-04 2.230196696473285556e-04 2.129392087226733565e-04 2.219746966147795320e-04 2.481640840414911509e-04 2.343996457057073712e-04 2.159467840101569891e-04 2.335086319362744689e-04 1.680342829786241055e-04 0.000000000000000000e+00 0.000000000000000000e+00 
5.004115104675292969e-01 5.003755092620849609e-01 5.004522204399108887e-01 5.002261400222778320e-01 5.002859234809875488e-01 5.004484653472900391e-01 5.002445578575134277e-01 5.002096295356750488e-01 5.003785490989685059e-01 5.004156231880187988e-01 5.004218816757202148e-01 5.004513263702392578e-01 4.998978972434997559e-01 5.006583929061889648e-01 5.004613995552062988e-01 5.006960034370422363e-01 5.005728006362915039e-01 5.008691549301147461e-01 5.006636381149291992e-01 5.004653930664062500e-01 5.006771683692932129e-01 5.007382631301879883e-01 0.000000000000000000e+00 0.000000000000000000e+00 
1.520278165116906166e-04 2.152076194761320949e-04 2.501758281141519547e-04 2.067389723379164934e-04 2.150658110622316599e-04 2.302709181094542146e-04 1.991992758121341467e-04 1.907099649542942643e-04 2.240343455923721194e-04 2.358372876187786460e-04 2.202158939326182008e-04 2.207944344263523817e-04 2.043698768829926848e-04 2.428460138617083430e-04 2.348684793105348945e-04 2.275053702760487795e-04 2.363485109526664019e-04 2.634896663948893547e-04 2.508861070964485407e-04 2.310446725459769368e-04 2.478564565535634756e-04 1.793921983335167170e-04 0.000000000000000000e+00 0.000000000000000000e+00 
4.984963238239288330e-01 4.984640479087829590e-01 4.985626339912414551e-01 4.982898533344268799e-01 4.984073042869567871e-01 4.985500276088714600e-01 4.983398318290710449e-01 4.983111619949340820e-01 4.984664916992187500e-01 4.985359907150268555e-01 4.985637664794921875e-01 4.986465573310852051e-01 4.980103969573974609e-01 4.988702237606048584e-01 4.986935257911682129e-01 4.990094602108001709e-01 4.989337325096130371e-01 4.992095232009887695e-01 4.990149736404418945e-01 4.987818300724029541e-01 4.991675019264221191e-01 4.991935193538665771e-01 0.000000000000000000e+00 0.000000000000000000e+00 
1.679586275713518262e-04 2.350061113247647882e-04 2.750852145254611969e-04 2.262388006784021854e-04 2.384819090366363525e-04 2.505879674572497606e-04 2.188742364523932338e-04 2.151817025151103735e-04 2.478375681675970554e-04 2.595983969513326883e-04 2.416073548374697566e-04 2.464907884132117033e-04 2.276871528010815382e-04 2.686378429643809795e-04 2.610104274936020374e-04 2.580203581601381302e-04 2.650577516760677099e-04 2.934947842732071877e-04 2.838115033227950335e-04 2.612299576867371798e-04 2.779862843453884125e-04 2.021930267801508307e-04 0.000000000000000000e+00 0.000000000000000000e+00 
4.997285604476928711e-01 4.997020661830902100e-01 4.998742043972015381e-01 4.995033144950866699e-01 4.997254908084869385e-01 4.998493194580078125e-01 4.996085464954376221e-01 4.995892345905303955e-01 4.997101724147796631e-01 4.998596012592315674e-01 4.999018013477325439e-01 5.000883936882019043e-01 4.993117749691009521e-01 5.003671050071716309e-01 5.001964569091796875e-01 5.007011890411376953e-01 5.006996393203735352e-01 5.009337067604064941e-01 5.007470250129699707e-01 5.004750490188598633e-01 5.011486411094665527e-01 5.011241436004638672e-01 0.000000000000000000e+00 0.000000000000000000e+00 
2.001058455789461732e-04 2.761528303381055593e-04 3.247564309276640415e-04 2.665897482074797153e-04 2.859247033484280109e-04 2.953841758426278830e-04 2.609697694424539804e-04 2.636420540511608124e-04 2.977257245220243931e-04 3.069585072807967663e-04 2.888543822336941957e-04 3.015003167092800140e-04 2.757989568635821342e-04 3.206749097444117069e-04 3.143094945698976517e-04 3.203768865205347538e-04 3.230359870940446854e-04 3.500415186863392591e-04 3.476726997178047895e-04 3.227378183510154486e-04 3.395371604710817337e-04 2.479066897649317980e-04 0.000000000000000000e+00 0.000000000000000000e+00 
5.021982192993164062e-01 5.021578669548034668e-01 5.025234222412109375e-01 5.019448399543762207e-01 5.023254752159118652e-01 5.024607181549072266e-01 5.021148920059204102e-01 5.021461844444274902e-01 5.022316575050354004e-01 5.025332570075988770e-01 5.025757551193237305e-01 5.029497146606445312e-01 5.019952058792114258e-01 5.033909678459167480e-01 5.032307505607604980e-01 5.040559172630310059e-01 5.042295455932617188e-01 5.043736696243286133e-01 5.042347908020019531e-01 5.039385557174682617e-01 5.051131844520568848e-01 5.050007700920104980e-01 0.000000000000000000e+00 0.000000000000000000e+00 
2.630158560350537300e-04 3.557329764589667320e-04 4.184074641671031713e-04 3.440853615757077932e-04 3.768327005673199892e-04 3.856240073218941689e-04 3.425707109272480011e-04 3.544925421010702848e-04 3.949248639401048422e-04 3.977321321144700050e-04 3.785409789998084307e-04 4.098010540474206209e-04 3.697656502481549978e-04 4.238729306962341070e-04 4.162244731560349464e-04 4.384997300803661346e-04 4.351736861281096935e-04 4.525288240984082222e-04 4.695401003118604422e-04 4.402614431455731392e-04 4.560646484605967999e-04 3.343973075971007347e-04 0.000000000000000000e+00 0.000000000000000000e+00 
5.066782832145690918e-01 5.066676735877990723e-01 5.074297785758972168e-01 5.065485835075378418e-01 5.071690678596496582e-01 5.072093605995178223e-01 5.066072344779968262e-01 5.068890452384948730e-01 5.069763064384460449e-01 5.075528025627136230e-01 5.076624751091003418e-01 5.084007978439331055e-01 5.073234438896179199e-01 5.093500614166259766e-01 5.091558098793029785e-01 5.107282996177673340e-01 5.114406347274780273e-01 5.113115906715393066e-01 5.114085078239440918e-01 5.112131834030151367e-01 5.133720636367797852e-01 5.131704807281494141e-01 0.000000000000000000e+00 0.000000000000000000e+00 
3.957511507906019688e-04 5.294600850902497768e-04 6.065947236493229866e-04 5.058664828538894653e-04 5.669480888172984123e-04 5.770105053670704365e-04 5.087656318210065365e-04 5.437058280222117901e-04 5.973565857857465744e-04 5.986145115457475185e-04 5.569521454162895679e-04 6.339511601254343987e-04 5.668860394507646561e-04 6.405790918506681919e-04 6.297552608884871006e-04 6.798548856750130653e-04 6.674297619611024857e-04 6.634974852204322815e-04 7.275616517290472984e-04 6.899826112203299999e-04 7.031764253042638302e-04 5.176367121748626232e-04 0.000000000000000000e+00 0.000000000000000000e+00 
5.251193642616271973e-01 5.258883237838745117e-01 5.270303487777709961e-01 5.260210037231445312e-01 5.268952846527099609e-01 5.265598893165588379e-01 5.253390073776245117e-01 5.269228816032409668e-01 5.270085334777832031e-01 5.285539031028747559e-01 5.288171172142028809e-01 5.303432941436767578e-01 5.302139520645141602e-01 5.336021780967712402e-01 5.339062213897705078e-01 5.374838113784790039e-01 5.406514406204223633e-01 5.398071408271789551e-01 5.403363108634948730e-01 5.413613915443420410e-01 5.462072491645812988e-01 5.457100272178649902e-01 0.000000000000000000e+00 0.000000000000000000e+00 
7.785657071508467197e-04 1.017547678202390671e-03 1.073409453965723515e-03 9.857644326984882355e-04 1.096652937121689320e-03 1.110239885747432709e-03 9.737366344779729843e-04 1.097010797820985317e-03 1.147654373198747635e-03 1.184281310997903347e-03 1.039903843775391579e-03 1.232426147907972336e-03 1.103327260352671146e-03 1.211580005474388599e-03 1.201109145767986774e-03 1.281912322156131268e-03 1.249245135113596916e-03 1.225441228598356247e-03 1.384172937832772732e-03 1.301535172387957573e-03 1.351911691017448902e-03 9.764119167812168598e-04 0.000000000000000000e+00 0.000000000000000000e+00 
5.224961638450622559e-01 5.246793031692504883e-01 5.258044600486755371e-01 5.248951315879821777e-01 5.261275172233581543e-01 5.260896682739257812e-01 5.246327519416809082e-01 5.278726220130920410e-01 5.287370085716247559e-01 5.311604738235473633e-01 5.325397849082946777e-01 5.355166196823120117e-01 5.377025008201599121e-01 5.429107546806335449e-01 5.463496446609497070e-01 5.507386326789855957e-01 5.578956604003906250e-01 5.580279231071472168e-01 5.595455765724182129e-01 5.637449622154235840e-01 5.709191560745239258e-01 5.718895196914672852e-01 0.000000000000000000e+00 0.000000000000000000e+00 
1.090000034309923649e-03 1.452232245355844498e-03 1.425125752575695515e-03 1.389948301948606968e-03 1.482052612118422985e-03 1.545581500977277756e-03 1.343682873994112015e-03 1.547620864585042000e-03 1.537154545076191425e-03 1.714949146844446659e-03 1.374504179693758488e-03 1.666270196437835693e-03 1.551031833514571190e-03 1.623151591047644615e-03 1.686203293502330780e-03 1.694534439593553543e-03 1.673876540735363960e-03 1.677220221608877182e-03 1.859353040345013142e-03 1.761937746778130531e-03 1.888671773485839367e-03 1.276450464501976967e-03 0.000000000000000000e+00 0.000000000000000000e+00 
4.900543093681335449e-01 4.937939643859863281e-01 4.943627715110778809e-01 4.948527514934539795e-01 4.968553185462951660e-01 4.969493150711059570e-01 4.962695240974426270e-01 5.006465315818786621e-01 5.035562515258789062e-01 5.071458220481872559e-01 5.099951624870300293e-01 5.160009860992431641e-01 5.212681293487548828e-01 5.301907658576965332e-01 5.383414626121520996e-01 5.469176173210144043e-01 5.583403706550598145e-01 5.614531636238098145e-01 5.665342807769775391e-01 5.740185976028442383e-01 5.851292014122009277e-01 5.884408354759216309e-01 0.000000000000000000e+00 0.000000000000000000e+00 
1.295804278925061226e-03 1.722920453175902367e-03 1.670334837399423122e-03 1.671882346272468567e-03 1.732492470182478428e-03 1.805766136385500431e-03 1.592841115780174732e-03 1.812237198464572430e-03 1.773653435520827770e-03 2.017851453274488449e-03 1.661245012655854225e-03 1.976482337340712547e-03 1.941894064657390118e-03 1.938003813847899437e-03 2.054027048870921135e-03 2.061013597995042801e-03 2.040463034063577652e-03 2.083290601149201393e-03 2.240038011223077774e-03 2.176622627303004265e-03 2.307054121047258377e-03 1.537522999569773674e-03 0.000000000000000000e+00 0.000000000000000000e+00 
4.457320272922515869e-01 4.512564837932586670e-01 4.512298703193664551e-01 4.541214108467102051e-01 4.582082927227020264e-01 4.579815864562988281e-01 4.583116173744201660e-01 4.647206962108612061e-01 4.702308773994445801e-01 4.760700166225433350e-01 4.818134903907775879e-01 4.924471378326416016e-01 5.031989812850952148e-01 5.193138122558593750e-01 5.347065925598144531e-01 5.516582131385803223e-01 5.696056485176086426e-01 5.785207748413085938e-01 5.891996622085571289e-01 6.008933782577514648e-01 6.165817379951477051e-01 6.224467158317565918e-01 0.000000000000000000e+00 0.000000000000000000e+00 
1.484972191974520683e-03 1.962650334462523460e-03 1.922061201184988022e-03 1.964048948138952255e-03 2.050304785370826721e-03 2.082682680338621140e-03 1.958878710865974426e-03 2.125185215845704079e-03 2.110655419528484344e-03 2.378302626311779022e-03 2.127239713445305824e-03 2.365532331168651581e-03 2.484666649252176285e-03 2.392824972048401833e-03 2.508084755390882492e-03 2.538427710533142090e-03 2.489672508090734482e-03 2.519462257623672485e-03 2.532207174226641655e-03 2.497277455404400826e-03 2.590185031294822693e-03 1.641352078877389431e-03 0.000000000000000000e+00 0.000000000000000000e+00 
3.799602687358856201e-01 3.865669071674346924e-01 3.864212632179260254e-01 3.918636143207550049e-01 3.973423242568969727e-01 3.977364003658294678e-01 3.995729386806488037e-01 4.084561467170715332e-01 4.164973497390747070e-01 4.252246022224426270e-01 4.344711303710937500e-01 4.510354399681091309e-01 4.696611166000366211e-01 4.977181255817413330e-01 5.249848365783691406e-01 5.572789311408996582e-01 5.839898586273193359e-01 6.033971309661865234e-01 6.216494441032409668e-01 6.392030119895935059e-01 6.595197916030883789e-01 6.689084172248840332e-01 0.000000000000000000e+00 0.000000000000000000e+00 
1.516779302619397640e-03 2.079276833683252335e-03 2.074438380077481270e-03 2.081899903714656830e-03 2.199588110670447350e-03 2.261619316413998604e-03 2.217620378360152245e-03 2.301710424944758415e-03 2.408382017165422440e-03 2.734515815973281860e-03 2.649869304150342941e-03 2.869054907932877541e-03 3.130096942186355591e-03 3.041739575564861298e-03 3.181945299729704857e-03 3.202581778168678284e-03 3.136011771857738495e-03 2.946194726973772049e-03 2.725847996771335602e-03 2.654975978657603264e-03 2.617982216179370880e-03 1.575512113049626350e-03 0.000000000000000000e+00 0.000000000000000000e+00 
3.079489767551422119e-01 3.147258162498474121e-01 3.142845332622528076e-01 3.208279311656951904e-01 3.274855911731719971e-01 3.284011483192443848e-01 3.311914205551147461e-01 3.419935703277587891e-01 3.518246412277221680e-01 3.634546697139739990e-01 3.762962520122528076e-01 3.980683982372283936e-01 4.273949563503265381e-01 4.721364676952362061e-01 5.175349712371826172e-01 5.714952349662780762e-01 6.111760735511779785e-01 6.433785557746887207e-01 6.695827245712280273e-01 6.923581361770629883e-01 7.137036323547363281e-01 7.248408794403076172e-01 0.000000000000000000e+00 0.000000000000000000e+00 
1.352750346995890141e-03 2.022323897108435631e-03 1.964131603017449379e-03 1.963181886821985245e-03 2.144587459042668343e-03 2.235607244074344635e-03 2.290576929226517677e-03 2.340283244848251343e-03 2.619846025481820107e-03 2.946765162050724030e-03 3.154132748022675514e-03 3.382039256393909454e-03 3.915677312761545181e-03 3.939754329621791840e-03 4.205830860882997513e-03 4.154590424150228500e-03 3.911305684596300125e-03 3.281936980783939362e-03 2.736579859629273415e-03 2.459954703226685524e-03 2.267604926601052284e-03 1.261216471903026104e-03 0.000000000000000000e+00 0.000000000000000000e+00 
2.367845922708511353e-01 2.427628338336944580e-01 2.426899224519729614e-01 2.484774887561798096e-01 2.552591860294342041e-01 2.561819553375244141e-01 2.590978741645812988e-01 2.699454724788665771e-01 2.803095281124114990e-01 2.927667200565338135e-01 3.074518442153930664e-01 3.309415876865386963e-01 3.702817857265472412e-01 4.315738081932067871e-01 4.987052083015441895e-01 5.787046551704406738e-01 6.354447603225708008e-01 6.807214021682739258e-01 7.133970260620117188e-01 7.379000782966613770e-01 7.576100230216979980e-01 7.682193517684936523e-01 0.000000000000000000e+00 0.000000000000000000e+00 
1.063767122104763985e-03 1.686416799202561378e-03 1.643775613047182560e-03 1.661158981733024120e-03 1.816666568629443645e-03 1.949760364368557930e-03 2.079630270600318909e-03 2.137075643986463547e-03 2.581850392743945122e-03 2.830913756042718887e-03 3.328584600239992142e-03 3.546296851709485054e-03 4.515014588832855225e-03 4.903473425656557083e-03 5.443644709885120392e-03 5.385699681937694550e-03 4.729417618364095688e-03 3.476444398984313011e-03 2.608454087749123573e-03 2.157676266506314278e-03 1.846651430241763592e-03 9.263286483474075794e-04 0.000000000000000000e+00 0.000000000000000000e+00 
1.806383728981018066e-01 1.850185096263885498e-01 1.853506565093994141e-01 1.896562576293945312e-01 1.953181475400924683e-01 1.963687837123870850e-01 1.989835053682327271e-01 2.081536501646041870e-01 2.179516106843948364e-01 2.297658920288085938e-01 2.454183250665664673e-01 2.691122293472290039e-01 3.178396522998809814e-01 3.968090713024139404e-01 4.882721602916717529e-01 5.946490168571472168e-01 6.679159402847290039e-01 7.209711074829101562e-01 7.547810673713684082e-01 7.770864367485046387e-01 7.930261492729187012e-01 8.014292716979980469e-01 0.000000000000000000e+00 0.000000000000000000e+00 
7.642020354978740215e-04 1.245963154360651970e-03 1.227108063176274300e-03 1.294474466703832150e-03 1.412663492374122143e-03 1.536850468255579472e-03 1.713892095722258091e-03 1.823991187848150730e-03 2.327534602954983711e-03 2.634785138070583344e-03 3.384787356480956078e-03 3.682988928630948067e-03 5.141216795891523361e-03 6.005438510328531265e-03 6.724915467202663422e-03 6.508697289973497391e-03 5.244847852736711502e-03 3.360701259225606918e-03 2.251632511615753174e-03 1.712842611595988274e-03 1.379815628752112389e-03 6.463252939283847809e-04 0.000000000000000000e+00 0.000000000000000000e+00 
1.468050330877304077e-01 1.500677764415740967e-01 1.505703330039978027e-01 1.538748443126678467e-01 1.583911329507827759e-01 1.594710052013397217e-01 1.615830510854721069e-01 1.690608263015747070e-01 1.776724308729171753e-01 1.877719163894653320e-01 2.025701254606246948e-01 2.239021956920623779e-01 2.754316031932830811e-01 3.657766878604888916e-01 4.797449409961700439e-01 6.117257475852966309e-01 6.987786889076232910e-01 7.558652162551879883e-01 7.883139252662658691e-01 8.081759810447692871e-01 8.209371566772460938e-01 8.276687264442443848e-01 0.000000000000000000e+00 0.000000000000000000e+00 
5.619641742669045925e-04 9.119980386458337307e-04 9.164105285890400410e-04 9.856545366346836090e-04 1.073579769581556320e-03 1.192090683616697788e-03 1.349666737951338291e-03 1.478473772294819355e-03 1.961148809641599655e-03 2.239824971184134483e-03 3.094732295721769333e-03 3.422321751713752747e-03 5.227524321526288986e-03 6.793800741434097290e-03 7.913847453892230988e-03 7.469683885574340820e-03 5.571777466684579849e-03 3.161407308652997017e-03 1.918187481351196766e-03 1.364689087495207787e-03 1.048685051500797272e-03 4.738733696285635233e-04 0.000000000000000000e+00 0.000000000000000000e+00 
1.250683665275573730e-01 1.275627911090850830e-01 1.280962675809860229e-01 1.307370811700820923e-01 1.344556510448455811e-01 1.354329586029052734e-01 1.371911317110061646e-01 1.433755904436111450e-01 1.509356200695037842e-01 1.597069501876831055e-01 1.734520643949508667e-01 1.926107406616210938e-01 2.445385754108428955e-01 3.428718447685241699e-01 4.747621715068817139e-01 6.286709904670715332e-01 7.257563471794128418e-01 7.842010855674743652e-01 8.145085573196411133e-01 8.321575522422790527e-01 8.426087498664855957e-01 8.481872677803039551e-01 0.000000000000000000e+00 0.000000000000000000e+00 
4.363672342151403427e-04 7.016719318926334381e-04 7.160028326325118542e-04 7.814348209649324417e-04 8.556561078876256943e-04 9.624334634281694889e-04 1.092405524104833603e-03 1.223083701916038990e-03 1.668263925239443779e-03 1.925400341860949993e-03 2.804259303957223892e-03 3.164838766679167747e-03 5.172602832317352295e-03 7.364373188465833664e-03 8.899156004190444946e-03 8.193050511181354523e-03 5.720608402043581009e-03 2.930898685008287430e-03 1.642172923311591148e-03 1.111223478801548481e-03 8.220135350711643696e-04 3.617812762968242168e-04 0.000000000000000000e+00 0.000000000000000000e+00 
1.087189540266990662e-01 1.106115207076072693e-01 1.110932007431983948e-01 1.131679713726043701e-01 1.160934492945671082e-01 1.168947964906692505e-01 1.183053925633430481e-01 1.232181787490844727e-01 1.293909400701522827e-01 1.365849971771240234e-01 1.485171020030975342e-01 1.645070165395736694e-01 2.125183045864105225e-01 3.112127482891082764e-01 4.544660747051239014e-01 6.301063895225524902e-01 7.393013238906860352e-01 8.016305565834045410e-01 8.319101333618164062e-01 8.489534258842468262e-01 8.584198355674743652e-01 8.635489344596862793e-01 0.000000000000000000e+00 0.000000000000000000e+00 
3.392776707187294960e-04 5.383142270147800446e-04 5.579699645750224590e-04 6.161392666399478912e-04 6.664804532192647457e-04 7.567108841612935066e-04 8.634271798655390739e-04 9.712812025099992752e-04 1.348733785562217236e-03 1.566159655340015888e-03 2.377879573032259941e-03 2.726501086726784706e-03 4.789306782186031342e-03 7.539989426732063293e-03 9.700113907456398010e-03 9.060778655111789703e-03 6.076539866626262665e-03 2.921374514698982239e-03 1.535417395643889904e-03 9.940167656168341637e-04 7.063663215376436710e-04 3.008234489243477583e-04 0.000000000000000000e+00 0.000000000000000000e+00 
9.742800146341323853e-02 9.908889234066009521e-02 9.954944998025894165e-02 1.014362722635269165e-01 1.041109412908554077e-01 1.048751845955848694e-01 1.061748340725898743e-01 1.107256487011909485e-01 1.166012212634086609e-01 1.234929487109184265e-01 1.353939324617385864e-01 1.510047912597656250e-01 2.016203105449676514e-01 3.104416728019714355e-01 4.699369668960571289e-01 6.578138470649719238e-01 7.674511075019836426e-01 8.248730897903442383e-01 8.509832620620727539e-01 8.652801513671875000e-01 8.729008436203002930e-01 8.770136833190917969e-01 0.000000000000000000e+00 0.000000000000000000e+00 
2.990154607687145472e-04 4.743576282635331154e-04 4.996482748538255692e-04 5.535388481803238392e-04 6.031540688127279282e-04 6.909333751536905766e-04 7.830426911823451519e-04 8.998134289868175983e-04 1.260891440324485302e-03 1.486020744778215885e-03 2.328447997570037842e-03 2.715923124924302101e-03 5.024704150855541229e-03 8.225678466260433197e-03 1.048148237168788910e-02 9.180720895528793335e-03 5.732591729611158371e-03 2.547717653214931488e-03 1.272483030334115028e-03 7.939235074445605278e-04 5.560708232223987579e-04 2.360122161917388439e-04 0.000000000000000000e+00 0.000000000000000000e+00 
8.736700564622879028e-02 8.869993686676025391e-02 8.909495919942855835e-02 9.065075218677520752e-02 9.287129342555999756e-02 9.350057691335678101e-02 9.457886964082717896e-02 9.833103418350219727e-02 1.032486110925674438e-01 1.089922711253166199e-01 1.193215698003768921e-01 1.324638426303863525e-01 1.782749146223068237e-01 2.838692069053649902e-01 4.503602385520935059e-01 6.563358902931213379e-01 7.761452794075012207e-01 8.363583087921142578e-01 8.625033497810363770e-01 8.764718770980834961e-01 8.835940361022949219e-01 8.874635696411132812e-01 0.000000000000000000e+00 0.000000000000000000e+00 
2.444832061883062124e-04 3.858568670693784952e-04 4.093832103535532951e-04 4.551970341708511114e-04 4.944478278048336506e-04 5.698162713088095188e-04 6.453813402913510799e-04 7.395782740786671638e-04 1.046499353833496571e-03 1.230139401741325855e-03 1.984263071790337563e-03 2.343836706131696701e-03 4.596858751028776169e-03 8.204509504139423370e-03 1.107334624975919724e-02 9.930700995028018951e-03 6.006550043821334839e-03 2.568431897088885307e-03 1.223259372636675835e-03 7.334259571507573128e-04 5.008984589949250221e-04 2.068944886559620500e-04 0.000000000000000000e+00 0.000000000000000000e+00 
7.965118438005447388e-02 8.084257692098617554e-02 8.120969682931900024e-02 8.263735473155975342e-02 8.467722684144973755e-02 8.526013791561126709e-02 8.624523878097534180e-02 8.970653265714645386e-02 9.432303905487060547e-02 9.974843263626098633e-02 1.098040789365768433e-01 1.224558427929878235e-01 1.691045165061950684e-01 2.811103761196136475e-01 4.609023332595825195e-01 6.768795847892761230e-01 7.962820529937744141e-01 8.522822856903076172e-01 8.755219578742980957e-01 8.877160549163818359e-01 8.937456011772155762e-01 8.970040678977966309e-01 0.000000000000000000e+00 0.000000000000000000e+00 
2.194672997575253248e-04 3.452821110840886831e-04 3.703251131810247898e-04 4.129989247303456068e-04 4.522783565334975719e-04 5.226170760579407215e-04 5.887086736038327217e-04 6.832546205259859562e-04 9.734745835885405540e-04 1.154289348050951958e-03 1.906312303617596626e-03 2.295260783284902573e-03 4.710878711193799973e-03 8.707910776138305664e-03 1.173497736454010010e-02 1.001208275556564331e-02 5.692932754755020142e-03 2.318614628165960312e-03 1.060664304532110691e-03 6.178409676067531109e-04 4.191103507764637470e-04 1.724373141769319773e-04 0.000000000000000000e+00 0.000000000000000000e+00 
7.268495857715606689e-02 7.370197772979736328e-02 7.402840256690979004e-02 7.526690512895584106e-02 7.705114781856536865e-02 7.754270732402801514e-02 7.839243113994598389e-02 8.137282729148864746e-02 8.541252464056015015e-02 9.013096243143081665e-02 9.909529238939285278e-02 1.101911962032318115e-01 1.532062739133834839e-01 2.622665464878082275e-01 4.480201900005340576e-01 6.787901520729064941e-01 8.050906658172607422e-01 8.619589209556579590e-01 8.846829533576965332e-01 8.963807225227355957e-01 9.019616842269897461e-01 9.049921035766601562e-01 0.000000000000000000e+00 0.000000000000000000e+00 
1.881371863419190049e-04 2.954767842311412096e-04 3.179677878506481647e-04 3.565083025023341179e-04 3.912402316927909851e-04 4.521818191278725863e-04 5.069124163128435612e-04 5.876467330381274223e-04 8.430503658019006252e-04 9.970730170607566833e-04 1.679537235759198666e-03 2.048607217147946358e-03 4.408690612763166428e-03 8.688380010426044464e-03 1.223066356033086777e-02 1.055828575044870377e-02 5.816686432808637619e-03 2.298923209309577942e-03 1.007425482384860516e-03 5.685173673555254936e-04 3.809463232755661011e-04 1.538028736831620336e-04 0.000000000000000000e+00 0.000000000000000000e+00 
6.662771105766296387e-02 6.749583780765533447e-02 6.778263300657272339e-02 6.884811818599700928e-02 7.040004432201385498e-02 7.080334424972534180e-02 7.153411954641342163e-02 7.406917214393615723e-02 7.756131887435913086e-02 8.159730583429336548e-02 8.944681286811828613e-02 9.899687021970748901e-02 1.376246362924575806e-01 2.409119307994842529e-01 4.293365478515625000e-01 6.755580902099609375e-01 8.107358217239379883e-01 8.696444630622863770e-01 8.923657536506652832e-01 9.038351774215698242e-01 9.091250896453857422e-01 9.120083451271057129e-01 0.000000000000000000e+00 0.000000000000000000e+00 
1.611207844689488411e-04 2.522736613173037767e-04 2.723497455008327961e-04 3.060552699025720358e-04 3.364417061675339937e-04 3.882346500176936388e-04 4.336892452556639910e-04 4.998265067115426064e-04 7.218410610221326351e-04 8.489729952998459339e-04 1.454296405427157879e-03 1.788804656825959682e-03 4.027267452329397202e-03 8.478920906782150269e-03 1.261069905012845993e-02 1.122487057000398636e-02 6.053073331713676453e-03 2.334818709641695023e-03 9.788551833480596542e-04 5.363414529711008072e-04 3.540272300597280264e-04 1.401554909534752369e-04 0.000000000000000000e+00 0.000000000000000000e+00 
6.166225671768188477e-02 6.245737895369529724e-02 6.272307783365249634e-02 6.371293962001800537e-02 6.515647470951080322e-02 6.552207469940185547e-02 6.620395928621292114e-02 6.855093687772750854e-02 7.184299081563949585e-02 7.565067708492279053e-02 8.321356773376464844e-02 9.237046539783477783e-02 1.309401690959930420e-01 2.378281354904174805e-01 4.371120631694793701e-01 6.916242241859436035e-01 8.255763649940490723e-01 8.805990219116210938e-01 9.011592268943786621e-01 9.114249944686889648e-01 9.160361886024475098e-01 9.185470342636108398e-01 0.000000000000000000e+00 0.000000000000000000e+00 
1.472116564400494099e-04 2.301710774190723896e-04 2.506467862986028194e-04 2.812952152453362942e-04 3.115807776339352131e-04 3.602714859880506992e-04 3.999814507551491261e-04 4.640702391043305397e-04 6.741806864738464355e-04 7.974455365911126137e-04 1.390911405906081200e-03 1.737806713208556175e-03 4.074985627084970474e-03 8.832250721752643585e-03 1.317756529897451401e-02 1.127794012427330017e-02 5.759197287261486053e-03 2.153236651793122292e-03 8.702934719622135162e-04 4.679424455389380455e-04 3.088766534347087145e-04 1.219565310748293996e-04 0.000000000000000000e+00 0.000000000000000000e+00 
5.714334547519683838e-02 5.786899849772453308e-02 5.810979753732681274e-02 5.900596827268600464e-02 6.032970175147056580e-02 6.065819784998893738e-02 6.128059327602386475e-02 6.340907514095306396e-02 6.643098592758178711e-02 6.991533935070037842e-02 7.695730030536651611e-02 8.540990948677062988e-02 1.223335042595863342e-01 2.287316173315048218e-01 4.348723590373992920e-01 6.994430422782897949e-01 8.355295062065124512e-01 8.889178037643432617e-01 9.082914590835571289e-01 9.178345799446105957e-01 9.220162630081176758e-01 9.242924451828002930e-01 0.000000000000000000e+00 0.000000000000000000e+00 
1.329005026491358876e-04 2.075701340800151229e-04 2.271879930049180984e-04 2.544336894061416388e-04 2.829321310855448246e-04 3.275615454185754061e-04 3.613400913309305906e-04 4.202965938020497561e-04 6.138999015092849731e-04 7.260809652507305145e-04 1.286288723349571228e-03 1.623149495571851730e-03 3.966230899095535278e-03 8.929654955863952637e-03 1.362820807844400406e-02 1.153621263802051544e-02 5.661606788635253906e-03 2.067226683720946312e-03 8.047295268625020981e-04 4.243106523063033819e-04 2.786287514027208090e-04 1.090907098841853440e-04 0.000000000000000000e+00 0.000000000000000000e+00 
5.298595502972602844e-02 5.361772328615188599e-02 5.382980406284332275e-02 5.461082607507705688e-02 5.577368661761283875e-02 5.604851618409156799e-02 5.659303814172744751e-02 5.844035372138023376e-02 6.108196079730987549e-02 6.409316509962081909e-02 7.027316838502883911e-02 7.757846266031265259e-02 1.104745119810104370e-01 2.094734460115432739e-01 4.149504899978637695e-01 6.938161849975585938e-01 8.388517498970031738e-01 8.942524790763854980e-01 9.137316942214965820e-01 9.231393337249755859e-01 9.271619915962219238e-01 9.293553233146667480e-01 0.000000000000000000e+00 0.000000000000000000e+00 
1.158532977569848299e-04 1.809180394047871232e-04 1.984593254746869206e-04 2.219129673903807998e-04 2.466828736942261457e-04 2.856141072697937489e-04 3.142133937217295170e-04 3.628909762483090162e-04 5.330709973350167274e-04 6.256562191992998123e-04 1.120367669500410557e-03 1.415019039995968342e-03 3.608127124607563019e-03 8.571636863052845001e-03 1.386216469109058380e-02 1.221550628542900085e-02 5.909114144742488861e-03 2.117843134328722954e-03 7.900859927758574486e-04 4.065997491125017405e-04 2.630374510772526264e-04 1.012413340504281223e-04 0.000000000000000000e+00 0.000000000000000000e+00 
4.943792149424552917e-02 5.002515017986297607e-02 5.022138357162475586e-02 5.094823613762855530e-02 5.203014612197875977e-02 5.228428915143013000e-02 5.279384553432464600e-02 5.451365187764167786e-02 5.699521303176879883e-02 5.981856212019920349e-02 6.569557636976242065e-02 7.261700183153152466e-02 1.047783419489860535e-01 2.048161774873733521e-01 4.181673526763916016e-01 7.046839594841003418e-01 8.492474555969238281e-01 9.018549919128417969e-01 9.198780655860900879e-01 9.285041689872741699e-01 9.321238398551940918e-01 9.340908527374267578e-01 0.000000000000000000e+00 0.000000000000000000e+00 
1.068055426003411412e-04 1.665649178903549910e-04 1.837713061831891537e-04 2.052513882517814636e-04 2.286465169163420796e-04 2.654771669767796993e-04 2.901918196585029364e-04 3.369728219695389271e-04 4.976802156306803226e-04 5.844418192282319069e-04 1.061420189216732979e-03 1.354598323814570904e-03 3.598641138523817062e-03 8.761156350374221802e-03 1.432214304804801941e-02 1.231881976127624512e-02 5.698904860764741898e-03 1.998426858335733414e-03 7.217903621494770050e-04 3.656193148344755173e-04 2.359643549425527453e-04 9.054578549694269896e-05 0.000000000000000000e+00 0.000000000000000000e+00 
4.608783870935440063e-02 4.660087823867797852e-02 4.677477106451988220e-02 4.741797223687171936e-02 4.837295785546302795e-02 4.858184605836868286e-02 4.903548955917358398e-02 5.054372921586036682e-02 5.272782221436500549e-02 5.518776178359985352e-02 6.035655736923217773e-02 6.638313829898834229e-02 9.497518837451934814e-02 1.873103678226470947e-01 3.978905975818634033e-01 6.978673934936523438e-01 8.515421748161315918e-01 9.061623811721801758e-01 9.243302941322326660e-01 9.328497648239135742e-01 9.363560676574707031e-01 9.382586479187011719e-01 0.000000000000000000e+00 0.000000000000000000e+00 
9.419883281225338578e-05 1.464594970457255840e-04 1.618746173335239291e-04 1.808719971450045705e-04 2.012869808822870255e-04 2.335133322048932314e-04 2.549003984313458204e-04 2.937233948614448309e-04 4.360651073511689901e-04 5.084416479803621769e-04 9.277675417251884937e-04 1.183570828288793564e-03 3.270428860560059547e-03 8.332911878824234009e-03 1.445134915411472321e-02 1.300578564405441284e-02 5.961232353001832962e-03 2.054765122011303902e-03 7.116424967534840107e-04 3.525850770529359579e-04 2.241741167381405830e-04 8.468492160318419337e-05 0.000000000000000000e+00 0.000000000000000000e+00 
4.321174696087837219e-02 4.369458556175231934e-02 4.385783150792121887e-02 4.446440562605857849e-02 4.536440968513488770e-02 4.556377232074737549e-02 4.599002748727798462e-02 4.741839691996574402e-02 4.950099810957908630e-02 5.184563621878623962e-02 5.681568384170532227e-02 6.261789798736572266e-02 9.091236442327499390e-02 1.850201040506362915e-01 4.042044878005981445e-01 7.102674841880798340e-01 8.616356253623962402e-01 9.129022359848022461e-01 9.295773506164550781e-01 9.373397827148437500e-01 9.404909014701843262e-01 9.421902894973754883e-01 0.000000000000000000e+00 0.000000000000000000e+00 
8.789790445007383823e-05 1.367759250570088625e-04 1.516942866146564484e-04 1.697053376119583845e-04 1.888345868792384863e-04 2.201409079134464264e-04 2.386130654485896230e-04 2.769268176052719355e-04 4.135132767260074615e-04 4.827100201509892941e-04 8.903635898604989052e-04 1.149198738858103752e-03 3.306417260318994522e-03 8.570315316319465637e-03 1.492936350405216217e-02 1.300782524049282074e-02 5.695607978850603104e-03 1.924609183333814144e-03 6.466556224040687084e-04 3.164886147715151310e-04 2.010179887292906642e-04 7.595456554554402828e-05 0.000000000000000000e+00 0.000000000000000000e+00 
4.050032421946525574e-02 4.093917086720466614e-02 4.108731076121330261e-02 4.164115712046623230e-02 4.245992749929428101e-02 4.263189062476158142e-02 4.302259534597396851e-02 4.431635141372680664e-02 4.621487855911254883e-02 4.833716154098510742e-02 5.288278311491012573e-02 5.817580968141555786e-02 8.447238802909851074e-02 1.747137010097503662e-01 3.951005041599273682e-01 7.110083103179931641e-01 8.665285110473632812e-01 9.175535440444946289e-01 9.337269663810729980e-01 9.411484003067016602e-01 9.441177248954772949e-01 9.457136392593383789e-01 0.000000000000000000e+00 0.000000000000000000e+00 
8.015748608158901334e-05 1.238067488884553313e-04 1.380111061735078692e-04 1.539282966405153275e-04 1.717595441732555628e-04 2.002656838158145547e-04 2.162951277568936348e-04 2.501170965842902660e-04 3.752774500753730536e-04 4.368887166492640972e-04 8.099717088043689728e-04 1.050800434313714504e-03 3.145034890621900558e-03 8.398591540753841400e-03 1.516665518283843994e-02 1.340440846979618073e-02 5.742556881159543991e-03 1.905210665427148342e-03 6.174449226818978786e-04 2.973242371808737516e-04 1.873097353382036090e-04 7.016026211204007268e-05 0.000000000000000000e+00 0.000000000000000000e+00 
3.806732222437858582e-02 3.847411647439002991e-02 3.861240670084953308e-02 3.912690281867980957e-02 3.988790512084960938e-02 4.004660248756408691e-02 4.040797799825668335e-02 4.161427915096282959e-02 4.338519647717475891e-02 4.536520689725875854e-02 4.962953552603721619e-02 5.459391325712203979e-02 7.977338880300521851e-02 1.686234325170516968e-01 3.932003378868103027e-01 7.166395187377929688e-01 8.730310201644897461e-01 9.224726557731628418e-01 9.377940297126770020e-01 9.447488188743591309e-01 9.474974274635314941e-01 9.489683508872985840e-01 0.000000000000000000e+00 0.000000000000000000e+00 
7.410153921227902174e-05 1.143098270404152572e-04 1.277508999919518828e-04 1.425577938789501786e-04 1.590700412634760141e-04 1.859516487456858158e-04 1.998339139390736818e-04 2.317504113307222724e-04 3.491403767839074135e-04 4.059601633343845606e-04 7.572663598693907261e-04 9.904411854222416878e-04 3.079504705965518951e-03 8.402462117373943329e-03 1.549325045198202133e-02 1.360095292329788208e-02 5.649233702570199966e-03 1.840631943196058273e-03 5.779238999821245670e-04 2.745619567576795816e-04 1.722584711387753487e-04 6.422882870538160205e-05 0.000000000000000000e+00 0.000000000000000000e+00 
3.581199795007705688e-02 3.618628531694412231e-02 3.631335124373435974e-02 3.678689524531364441e-02 3.748821094632148743e-02 3.763114288449287415e-02 3.796305507421493530e-02 3.907348215579986572e-02 4.070480167865753174e-02 4.252431169152259827e-02 4.645938798785209656e-02 5.103125795722007751e-02 7.461103796958923340e-02 1.600853800773620605e-01 3.856709003448486328e-01 7.178841829299926758e-01 8.775523304939270020e-01 9.265162944793701172e-01 9.413342475891113281e-01 9.479663372039794922e-01 9.505566358566284180e-01 9.519363641738891602e-01 0.000000000000000000e+00 0.000000000000000000e+00 
6.808072066633030772e-05 1.047745390678755939e-04 1.172815391328185797e-04 1.308876671828329563e-04 1.459077611798420548e-04 1.708745694486424327e-04 1.828939566621556878e-04 2.121381403412669897e-04 3.207879781257361174e-04 3.719019878190010786e-04 6.963018095120787621e-04 9.142796625383198261e-04 2.948838984593749046e-03 8.246735669672489166e-03 1.571286469697952271e-02 1.394483447074890137e-02 5.673086270689964294e-03 1.816836418583989143e-03 5.511555937118828297e-04 2.578515268396586180e-04 1.605727593414485455e-04 5.949236219748854637e-05 0.000000000000000000e+00 0.000000000000000000e+00 
3.378397971391677856e-02 3.413391858339309692e-02 3.425260633230209351e-02 3.469912707805633545e-02 3.535696864128112793e-02 3.548908233642578125e-02 3.580198809504508972e-02 3.684869036078453064e-02 3.839304670691490173e-02 4.011142998933792114e-02 4.386134073138237000e-02 4.822545871138572693e-02 7.120251655578613281e-02 1.567437648773193359e-01 3.882968723773956299e-01 7.262744307518005371e-01 8.844467401504516602e-01 9.310757517814636230e-01 9.449254274368286133e-01 9.510698318481445312e-01 9.534466266632080078e-01 9.547061324119567871e-01 0.000000000000000000e+00 0.000000000000000000e+00 
6.366108573274686933e-05 9.775258513400331140e-05 1.097466156352311373e-04 1.224906736752018332e-04 1.367196964565664530e-04 1.606836012797430158e-04 1.711305230855941772e-04 1.992312754737213254e-04 3.027079801540821791e-04 3.510791284497827291e-04 6.623277440667152405e-04 8.780079660937190056e-04 2.943763043731451035e-03 8.358445949852466583e-03 1.610364764928817749e-02 1.400547008961439133e-02 5.498325452208518982e-03 1.730402582325041294e-03 5.102503928355872631e-04 2.363480161875486374e-04 1.468741684220731258e-04 5.436448554974049330e-05 0.000000000000000000e+00 0.000000000000000000e+00 
3.187667950987815857e-02 3.219894692301750183e-02 3.230836614966392517e-02 3.272075951099395752e-02 3.332730382680892944e-02 3.344468399882316589e-02 3.373605012893676758e-02 3.469832241535186768e-02 3.612623363733291626e-02 3.770507127046585083e-02 4.117499291896820068e-02 4.520825669169425964e-02 6.675908714532852173e-02 1.490093320608139038e-01 3.811067044734954834e-01 7.273011803627014160e-01 8.883938789367675781e-01 9.345282316207885742e-01 9.479353427886962891e-01 9.538000226020812988e-01 9.560449123382568359e-01 9.572305083274841309e-01 0.000000000000000000e+00 0.000000000000000000e+00 
5.875279020983725786e-05 8.980469283415004611e-05 1.011012427625246346e-04 1.126813876908272505e-04 1.258974662050604820e-04 1.481931394664570689e-04 1.570795720908790827e-04 1.828622334869578481e-04 2.788711572065949440e-04 3.228894784115254879e-04 6.107203662395477295e-04 8.123745792545378208e-04 2.825270406901836395e-03 8.198880590498447418e-03 1.630360074341297150e-02 1.433136500418186188e-02 5.517587531358003616e-03 1.709093688987195492e-03 4.872008576057851315e-04 2.226626384072005749e-04 1.374381972709670663e-04 5.054627399658784270e-05 0.000000000000000000e+00 0.000000000000000000e+00 
3.012356348335742950e-02 3.042222559452056885e-02 3.052599914371967316e-02 3.090804629027843475e-02 3.147115930914878845e-02 3.158047422766685486e-02 3.185011073946952820e-02 3.274646773934364319e-02 3.407464548945426941e-02 3.554184734821319580e-02 3.877224400639533997e-02 4.252167791128158569e-02 6.285291165113449097e-02 1.422523558139801025e-01 3.751133382320404053e-01 7.288427948951721191e-01 8.923136591911315918e-01 9.377943873405456543e-01 9.507459998130798340e-01 9.563302993774414062e-01 9.584483504295349121e-01 9.595628380775451660e-01 0.000000000000000000e+00 0.000000000000000000e+00 
5.448471711133606732e-05 8.316839375765994191e-05 9.377913374919444323e-05 1.045345416059717536e-04 1.165425201179459691e-04 1.375131541863083839e-04 1.451612188247963786e-04 1.692353689577430487e-04 2.589143405202776194e-04 2.992031513713300228e-04 5.669170641340315342e-04 7.567664724774658680e-04 2.724530175328254700e-03 8.064790628850460052e-03 1.650068722665309906e-02 1.461809035390615463e-02 5.515915341675281525e-03 1.682286732830107212e-03 4.643293214030563831e-04 2.095751551678404212e-04 1.285472972085699439e-04 4.701396755990572274e-05 0.000000000000000000e+00 0.000000000000000000e+00 
2.848708257079124451e-02 2.876025252044200897e-02 2.885835245251655579e-02 2.920864522457122803e-02 2.972654812037944794e-02 2.982650883495807648e-02 3.007282875478267670e-02 3.089903481304645538e-02 3.211868554353713989e-02 3.346394747495651245e-02 3.641982749104499817e-02 3.984124958515167236e-02 5.857699364423751831e-02 1.332352012395858765e-01 3.629748523235321045e-01 7.256634831428527832e-01 8.944743275642395020e-01 9.403995871543884277e-01 9.531895518302917480e-01 9.586046934127807617e-01 9.606379866600036621e-01 9.617040753364562988e-01 0.000000000000000000e+00 0.000000000000000000e+00 
5.008946391171775758e-05 7.644092693226411939e-05 8.625304326415061951e-05 9.616593888495117426e-05 1.068740166374482214e-04 1.262206787941977382e-04 1.329836959484964609e-04 1.547940773889422417e-04 2.374506148044019938e-04 2.733650326263159513e-04 5.167520139366388321e-04 6.897232378832995892e-04 2.558744046837091446e-03 7.758986670523881912e-03 1.654510200023651123e-02 1.508175767958164215e-02 5.637579597532749176e-03 1.695996266789734364e-03 4.510741564445197582e-04 2.004372508963569999e-04 1.219558835146017373e-04 4.424222424859181046e-05 0.000000000000000000e+00 0.000000000000000000e+00 
2.699341438710689545e-02 2.725000865757465363e-02 2.734227105975151062e-02 2.767060324549674988e-02 2.815507538616657257e-02 2.824773266911506653e-02 2.847971022129058838e-02 2.925352007150650024e-02 3.040106408298015594e-02 3.166176006197929382e-02 3.444747254252433777e-02 3.767797350883483887e-02 5.562055855989456177e-02 1.287450045347213745e-01 3.609202802181243896e-01 7.297381758689880371e-01 8.989361524581909180e-01 9.435197710990905762e-01 9.557160735130310059e-01 9.608232378959655762e-01 9.627234339714050293e-01 9.637166261672973633e-01 0.000000000000000000e+00 0.000000000000000000e+00 
4.693283335654996336e-05 7.133533654268831015e-05 8.069267641985788941e-05 8.989011257654055953e-05 9.991467959480360150e-05 1.182886189781129360e-04 1.240412675542756915e-04 1.447381073376163840e-04 2.227167715318500996e-04 2.564155729487538338e-04 4.855752922594547272e-04 6.524953059852123260e-04 2.505779964849352837e-03 7.724171504378318787e-03 1.679514721035957336e-02 1.525282673537731171e-02 5.560756195336580276e-03 1.647199969738721848e-03 4.257232940290123224e-04 1.870814594440162182e-04 1.135391357820481062e-04 4.105524203623645008e-05 0.000000000000000000e+00 0.000000000000000000e+00 
2.556627988815307617e-02 2.580074220895767212e-02 2.588361315429210663e-02 2.618413791060447693e-02 2.662544697523117065e-02 2.670524083077907562e-02 2.691835537552833557e-02 2.761763706803321838e-02 2.865933068096637726e-02 2.979242429137229919e-02 3.229974210262298584e-02 3.520056977868080139e-02 5.134366080164909363e-02 1.182414814829826355e-01 3.429655432701110840e-01 7.216911315917968750e-01 8.992964625358581543e-01 9.453929066658020020e-01 9.576916694641113281e-01 9.627315998077392578e-01 9.645861387252807617e-01 9.655528664588928223e-01 0.000000000000000000e+00 0.000000000000000000e+00 
4.297612395021133125e-05 6.501232564914971590e-05 7.352144893957301974e-05 8.186262857634574175e-05 9.087617945624515414e-05 1.074210449587553740e-04 1.123274196288548410e-04 1.306793856201693416e-04 2.013733464991673827e-04 2.309582487214356661e-04 4.348130896687507629e-04 5.822189850732684135e-04 2.291080076247453690e-03 7.258035242557525635e-03 1.664799079298973083e-02 1.588994823396205902e-02 5.803721491247415543e-03 1.699484535492956638e-03 4.214686632622033358e-04 1.819627650547772646e-04 1.093051760108210146e-04 3.913379259756766260e-05 0.000000000000000000e+00 0.000000000000000000e+00 
2.427813969552516937e-02 2.450011298060417175e-02 2.458210103213787079e-02 2.486841753125190735e-02 2.528953552246093750e-02 2.536667324602603912e-02 2.556848526000976562e-02 2.624204568564891815e-02 2.724127657711505890e-02 2.832941524684429169e-02 3.074388019740581512e-02 3.354484587907791138e-02 4.941531270742416382e-02 1.167307645082473755e-01 3.474241793155670166e-01 7.303117513656616211e-01 9.049101471900939941e-01 9.485524296760559082e-01 9.600340723991394043e-01 9.647076129913330078e-01 9.664158225059509277e-01 9.673027396202087402e-01 0.000000000000000000e+00 0.000000000000000000e+00 
4.085699038114398718e-05 6.174218287924304605e-05 7.009954424574971199e-05 7.801445462973788381e-05 8.671955583849921823e-05 1.026085446937941015e-04 1.068629935616627336e-04 1.248620101250708103e-04 1.928584824781864882e-04 2.212692779721692204e-04 4.178277158644050360e-04 5.649557569995522499e-04 2.305826870724558830e-03 7.395106367766857147e-03 1.703537255525588989e-02 1.586312428116798401e-02 5.597331095486879349e-03 1.610914361663162708e-03 3.911219537258148193e-04 1.675114617682993412e-04 1.007046448648907244e-04 3.607378675951622427e-05 0.000000000000000000e+00 0.000000000000000000e+00 
2.306747063994407654e-02 2.327574044466018677e-02 2.335575968027114868e-02 2.362562716007232666e-02 2.402580715715885162e-02 2.410064823925495148e-02 2.429001219570636749e-02 2.493420056998729706e-02 2.588863857090473175e-02 2.692846208810806274e-02 2.924257703125476837e-02 3.192878514528274536e-02 4.739375039935112000e-02 1.144151464104652405e-01 3.494278192520141602e-01 7.367369532585144043e-01 9.095607399940490723e-01 9.513142704963684082e-01 9.621438384056091309e-01 9.665147662162780762e-01 9.681013822555541992e-01 9.689221382141113281e-01 0.000000000000000000e+00 0.000000000000000000e+00 
3.861251389025710523e-05 5.836743002873845398e-05 6.632333679590374231e-05 7.395913416985422373e-05 8.226844511227682233e-05 9.744703129399567842e-05 1.012596912914887071e-04 1.188121386803686619e-04 1.840461336541920900e-04 2.111295762006193399e-04 3.993457066826522350e-04 5.439645610749721527e-04 2.296212129294872284e-03 7.466790731996297836e-03 1.735077612102031708e-02 1.590032130479812622e-02 5.449641961604356766e-03 1.543260412290692329e-03 3.662889939732849598e-04 1.554959453642368317e-04 9.341960685560479760e-05 3.344779179315082729e-05 0.000000000000000000e+00 0.000000000000000000e+00 
2.191975712776184082e-02 2.211387082934379578e-02 2.218933030962944031e-02 2.244177460670471191e-02 2.281645312905311584e-02 2.288555726408958435e-02 2.306217141449451447e-02 2.366661652922630310e-02 2.456226386129856110e-02 2.553507871925830841e-02 2.770576812326908112e-02 3.022394701838493347e-02 4.486791044473648071e-02 1.094896644353866577e-01 3.440451920032501221e-01 7.375252842903137207e-01 9.123245477676391602e-01 9.534751772880554199e-01 9.639610052108764648e-01 9.681382775306701660e-01 9.696424603462219238e-01 9.704191684722900391e-01 0.000000000000000000e+00 0.000000000000000000e+00 
3.612629006966017187e-05 5.450427488540299237e-05 6.195751484483480453e-05 6.919191946508362889e-05 7.694127270951867104e-05 9.113631676882505417e-05 9.450635843677446246e-05 1.110305747715756297e-04 1.724489266052842140e-04 1.975479681277647614e-04 3.734844794962555170e-04 5.093549843877553940e-04 2.213703701272606850e-03 7.338950876146554947e-03 1.747242547571659088e-02 1.615739800035953522e-02 5.449072923511266708e-03 1.521695638075470924e-03 3.507371002342551947e-04 1.472246658522635698e-04 8.810483996057882905e-05 3.140779881505295634e-05 0.000000000000000000e+00 0.000000000000000000e+00 
2.086275629699230194e-02 2.104840986430644989e-02 2.112115733325481415e-02 2.136205695569515228e-02 2.171935699880123138e-02 2.178583480417728424e-02 2.195451781153678894e-02 2.253462187945842743e-02 2.339635789394378662e-02 2.433116547763347626e-02 2.642889507114887238e-02 2.886901795864105225e-02 4.331412538886070251e-02 1.084820404648780823e-01 3.491563200950622559e-01 7.457895278930664062e-01 9.171174168586730957e-01 9.560419917106628418e-01 9.658420085906982422e-01 9.697250127792358398e-01 9.711149334907531738e-01 9.718301296234130859e-01 0.000000000000000000e+00 0.000000000000000000e+00 
3.437188570387661457e-05 5.176937338546849787e-05 5.899482493987306952e-05 6.593490252271294594e-05 7.333986286539584398e-05 8.712187991477549076e-05 9.003987361211329699e-05 1.062245573848485947e-04 1.654859370319172740e-04 1.897526963148266077e-04 3.604358644224703312e-04 4.954666947014629841e-04 2.233908977359533310e-03 7.490907330065965652e-03 1.785641349852085114e-02 1.608586497604846954e-02 5.251492839306592941e-03 1.441422849893569946e-03 3.262379614170640707e-04 1.360986934741958976e-04 8.154859824571758509e-05 2.906805821112357080e-05 0.000000000000000000e+00 0.000000000000000000e+00 
1.985418796539306641e-02 2.002766542136669159e-02 2.009592577815055847e-02 2.032189257442951202e-02 2.065653167665004730e-02 2.071802690625190735e-02 2.087523229420185089e-02 2.142027951776981354e-02 2.222951129078865051e-02 2.310433611273765564e-02 2.507090196013450623e-02 2.735666185617446899e-02 4.100832715630531311e-02 1.036193221807479858e-01 3.430951833724975586e-01 7.458320260047912598e-01 9.194048643112182617e-01 9.578889012336730957e-01 9.674099683761596680e-01 9.711317420005798340e-01 9.724534153938293457e-01 9.731304645538330078e-01 0.000000000000000000e+00 0.000000000000000000e+00 
3.217890480300411582e-05 4.839499888475984335e-05 5.518564648809842765e-05 6.174975715111941099e-05 6.862248119432479143e-05 8.159640128724277020e-05 8.416420314460992813e-05 9.934152330970391631e-05 1.550842716824263334e-04 1.775226264726370573e-04 3.370504709891974926e-04 4.631428746506571770e-04 2.146802376955747604e-03 7.339393254369497299e-03 1.794510148465633392e-02 1.635965332388877869e-02 5.269505549222230911e-03 1.427242183126509190e-03 3.134144062642008066e-04 1.292850502068176866e-04 7.715757237747311592e-05 2.738457624218426645e-05 0.000000000000000000e+00 0.000000000000000000e+00 
1.889041811227798462e-02 1.904858089983463287e-02 1.911047101020812988e-02 1.931807771325111389e-02 1.962495781481266022e-02 1.967862993478775024e-02 1.982171833515167236e-02 2.031973376870155334e-02 2.105755917727947235e-02 2.185021899640560150e-02 2.362929098308086395e-02 2.568821981549263000e-02 3.794748336076736450e-02 9.465187042951583862e-02 3.239346742630004883e-01 7.359819412231445312e-01 9.188559055328369141e-01 9.589865207672119141e-01 9.686709642410278320e-01 9.723690748214721680e-01 9.736695885658264160e-01 9.743325710296630859e-01 0.000000000000000000e+00 0.000000000000000000e+00 
2.957673677883576602e-05 4.433723734109662473e-05 5.051884727436117828e-05 5.658469308400526643e-05 6.280098023125901818e-05 7.453400030499324203e-05 7.678943802602589130e-05 9.035937546286731958e-05 1.411469711456447840e-04 1.609799801371991634e-04 3.036130219697952271e-04 4.131656605750322342e-04 1.940636429935693741e-03 6.834403146058320999e-03 1.764622330665588379e-02 1.704559475183486938e-02 5.542331840842962265e-03 1.488771871663630009e-03 3.126052615698426962e-04 1.267849002033472061e-04 7.491739233955740929e-05 2.635450618981849402e-05 0.000000000000000000e+00 0.000000000000000000e+00 
1.800286583602428436e-02 1.814935542643070221e-02 1.820631697773933411e-02 1.840027794241905212e-02 1.868585497140884399e-02 1.873392611742019653e-02 1.886644959449768066e-02 1.932997256517410278e-02 2.001728676259517670e-02 2.075044251978397369e-02 2.240060456097126007e-02 2.430793270468711853e-02 3.570305556058883667e-02 8.904670178890228271e-02 3.136799037456512451e-01 7.323663830757141113e-01 9.199963808059692383e-01 9.604231715202331543e-01 9.699908494949340820e-01 9.735832214355468750e-01 9.748361110687255859e-01 9.754714965820312500e-01 0.000000000000000000e+00 0.000000000000000000e+00 
2.755289278866257519e-05 4.117189382668584585e-05 4.695858660852536559e-05 5.261536716716364026e-05 5.839151708642020822e-05 6.930375820957124233e-05 7.124995318008586764e-05 8.379392238566651940e-05 1.311132800765335560e-04 1.492582814535126090e-04 2.807257988024502993e-04 3.806414315477013588e-04 1.823048805817961693e-03 6.569666787981987000e-03 1.756295375525951385e-02 1.745354197919368744e-02 5.650293547660112381e-03 1.501756370998919010e-03 3.045242337975651026e-04 1.219507103087380528e-04 7.162790279835462570e-05 2.508243778720498085e-05 0.000000000000000000e+00 0.000000000000000000e+00 
1.720528490841388702e-02 1.734699308872222900e-02 1.740258559584617615e-02 1.759157888591289520e-02 1.786857843399047852e-02 1.791672594845294952e-02 1.804487220942974091e-02 1.849943026900291443e-02 1.917561329901218414e-02 1.989759318530559540e-02 2.153440192341804504e-02 2.343634702265262604e-02 3.509257361292839050e-02 9.112914651632308960e-02 3.277744352817535400e-01 7.470121383666992188e-01 9.260070919990539551e-01 9.628994464874267578e-01 9.715889096260070801e-01 9.748597741127014160e-01 9.759950041770935059e-01 9.765683412551879883e-01 0.000000000000000000e+00 0.000000000000000000e+00 
2.659247365954797715e-05 3.975896834162995219e-05 4.547058415482752025e-05 5.102569048176519573e-05 5.668456287821754813e-05 6.761649274267256260e-05 6.924785702722147107e-05 8.196324779419228435e-05 1.286309707211330533e-04 1.469025446567684412e-04 2.786045370157808065e-04 3.826222964562475681e-04 1.920874696224927902e-03 6.952368188649415970e-03 1.821148209273815155e-02 1.708981581032276154e-02 5.281548947095870972e-03 1.372753409668803215e-03 2.772571751847863197e-04 1.108478099922649562e-04 6.545066571561619639e-05 2.302865505043882877e-05 0.000000000000000000e+00 0.000000000000000000e+00 
1.642920449376106262e-02 1.656124927103519440e-02 1.661358028650283813e-02 1.679112948477268219e-02 1.705065369606018066e-02 1.709575206041336060e-02 1.721464656293392181e-02 1.764265447854995728e-02 1.827785931527614594e-02 1.895511522889137268e-02 2.048816718161106110e-02 2.226789668202400208e-02 3.323750570416450500e-02 8.667058497667312622e-02 3.204622566699981689e-01 7.453976273536682129e-01 9.275015592575073242e-01 9.642699956893920898e-01 9.727823138236999512e-01 9.759398102760314941e-01 9.770271182060241699e-01 9.775738716125488281e-01 0.000000000000000000e+00 0.000000000000000000e+00 
2.493432293704245239e-05 3.727608054759912193e-05 4.261339927325025201e-05 4.790885941474698484e-05 5.315954695106483996e-05 6.341602420434355736e-05 6.487228529294952750e-05 7.677604298805817962e-05 1.206577362609095871e-04 1.375834690406918526e-04 2.604071632958948612e-04 3.569399705156683922e-04 1.826193765737116337e-03 6.763796322047710419e-03 1.820718310773372650e-02 1.740282215178012848e-02 5.333636887371540070e-03 1.369784120470285416e-03 2.683722705114632845e-04 1.061113507603295147e-04 6.234773172764107585e-05 2.188181133533362299e-05 0.000000000000000000e+00 0.000000000000000000e+00 
1.570393145084381104e-02 1.582824811339378357e-02 1.587787270545959473e-02 1.604546606540679932e-02 1.629046164453029633e-02 1.633277535438537598e-02 1.644479669630527496e-02 1.684979535639286041e-02 1.745140738785266876e-02 1.809120737016201019e-02 1.954223960638046265e-02 2.122757025063037872e-02 3.170233592391014099e-02 8.351119607686996460e-02 3.168725669384002686e-01 7.464400529861450195e-01 9.296123981475830078e-01 9.657177925109863281e-01 9.739537239074707031e-01 9.769746661186218262e-01 9.780071973800659180e-01 9.785241484642028809e-01 0.000000000000000000e+00 0.000000000000000000e+00 
2.353478521399665624e-05 3.511647082632407546e-05 4.018684194306842983e-05 4.520882430369965732e-05 5.016826253267936409e-05 5.991153739159926772e-05 6.115701398812234402e-05 7.245433516800403595e-05 1.140261010732501745e-04 1.299949217354878783e-04 2.460443065501749516e-04 3.374500665813684464e-04 1.766747562214732170e-03 6.675585173070430756e-03 1.830410398542881012e-02 1.759485341608524323e-02 5.318075884133577347e-03 1.347362063825130463e-03 2.573901729192584753e-04 1.008340914268046618e-04 5.906266596866771579e-05 2.070241862384136766e-05 0.000000000000000000e+00 0.000000000000000000e+00 
1.501508522778749466e-02 1.513084396719932556e-02 1.517728343605995178e-02 1.533374283462762833e-02 1.556234154850244522e-02 1.560110878199338913e-02 1.570573635399341583e-02 1.608353666961193085e-02 1.664490625262260437e-02 1.723943650722503662e-02 1.858804188668727875e-02 2.015272714197635651e-02 2.988363802433013916e-02 7.851003855466842651e-02 3.062415421009063721e-01 7.420636415481567383e-01 9.302673339843750000e-01 9.667942523956298828e-01 9.749684333801269531e-01 9.779167175292968750e-01 9.789152741432189941e-01 9.794129729270935059e-01 0.000000000000000000e+00 0.000000000000000000e+00 
2.203457916039042175e-05 3.276645293226465583e-05 3.750754694920033216e-05 4.218562753521837294e-05 4.682402868638746440e-05 5.589348074863664806e-05 5.698159657185897231e-05 6.742162076989188790e-05 1.061786097125150263e-04 1.209235706483013928e-04 2.280604676343500614e-04 3.114485298283398151e-04 1.650058315135538578e-03 6.402398925274610519e-03 1.816378347575664520e-02 1.801580749452114105e-02 5.442065186798572540e-03 1.367355464026331902e-03 2.519982517696917057e-04 9.751565085025504231e-05 5.674336352967657149e-05 1.982736466743517667e-05 0.000000000000000000e+00 0.000000000000000000e+00 
1.438214257359504700e-02 1.449254527688026428e-02 1.453766878694295883e-02 1.468730904161930084e-02 1.490548811852931976e-02 1.494333986192941666e-02 1.504340860992670059e-02 1.540608238428831100e-02 1.594621315598487854e-02 1.651786826550960541e-02 1.781871728599071503e-02 1.933196187019348145e-02 2.887956239283084869e-02 7.750320434570312500e-02 3.093691170215606689e-01 7.479549646377563477e-01 9.334294199943542480e-01 9.683533906936645508e-01 9.760904312133789062e-01 9.788659811019897461e-01 9.797992110252380371e-01 9.802625775337219238e-01 0.000000000000000000e+00 0.000000000000000000e+00 
2.103703081957064569e-05 3.124478098470717669e-05 3.581415148801170290e-05 4.029670162708498538e-05 4.477084439713507891e-05 5.354453969630412757e-05 5.446723298518918455e-05 6.462047167588025331e-05 1.019255869323387742e-04 1.162455737357959151e-04 2.197894646087661386e-04 3.015306137967854738e-04 1.649737707339227200e-03 6.489661056548357010e-03 1.846192777156829834e-02 1.798433810472488403e-02 5.301961209625005722e-03 1.309590530581772327e-03 2.376129705226048827e-04 9.136864537140354514e-05 5.316655369824729860e-05 1.860848897194955498e-05 0.000000000000000000e+00 0.000000000000000000e+00 
1.377839874476194382e-02 1.388157345354557037e-02 1.392398867756128311e-02 1.406551618129014969e-02 1.427100226283073425e-02 1.430618483573198318e-02 1.440044585615396500e-02 1.474280841648578644e-02 1.525347400456666946e-02 1.579205878078937531e-02 1.701943017542362213e-02 1.844791322946548462e-02 2.751127816736698151e-02 7.428045570850372314e-02 3.042078316211700439e-01 7.474898099899291992e-01 9.349392652511596680e-01 9.695100188255310059e-01 9.770521521568298340e-01 9.797254800796508789e-01 9.806170463562011719e-01 9.810571074485778809e-01 0.000000000000000000e+00 0.000000000000000000e+00 
1.982332469196990132e-05 2.939730438811238855e-05 3.372156061232089996e-05 3.798115358222275972e-05 4.220062692184001207e-05 5.048818275099620223e-05 5.131034777150489390e-05 6.088184454711154103e-05 9.615235467208549380e-05 1.096223422791808844e-04 2.069889014819636941e-04 2.836876374203711748e-04 1.580740208737552166e-03 6.356851663440465927e-03 1.848309673368930817e-02 1.822394318878650665e-02 5.323241930454969406e-03 1.298864139243960381e-03 2.294186269864439964e-04 8.735284063732251525e-05 5.067146412329748273e-05 1.769163282006047666e-05 0.000000000000000000e+00 0.000000000000000000e+00 
1.320360135287046432e-02 1.329950802028179169e-02 1.333938166499137878e-02 1.347149442881345749e-02 1.366370264440774918e-02 1.369631942361593246e-02 1.378362718969583511e-02 1.410430949181318283e-02 1.458125282078981400e-02 1.508365198969841003e-02 1.622291468083858490e-02 1.754658669233322144e-02 2.592559903860092163e-02 6.946499645709991455e-02 2.922079563140869141e-01 7.415711879730224609e-01 9.350652694702148438e-01 9.703362584114074707e-01 9.778817296028137207e-01 9.805078506469726562e-01 9.813754558563232422e-01 9.817999601364135742e-01 0.000000000000000000e+00 0.000000000000000000e+00 
1.855036680353805423e-05 2.752269938355311751e-05 3.152093267999589443e-05 3.560609184205532074e-05 3.946907963836565614e-05 4.716017429018393159e-05 4.793864718521945179e-05 5.677117951563559473e-05 8.973098010756075382e-05 1.020095223793759942e-04 1.916453911690041423e-04 2.613090618979185820e-04 1.460681436583399773e-03 6.046026945114135742e-03 1.825124211609363556e-02 1.869048550724983215e-02 5.482677835971117020e-03 1.329340739175677299e-03 2.261047047795727849e-04 8.499639807268977165e-05 4.896875543636269867e-05 1.700331085885409266e-05 0.000000000000000000e+00 0.000000000000000000e+00 
1.268441509455442429e-02 1.277780625969171524e-02 1.281743589788675308e-02 1.294617448002099991e-02 1.313348300755023956e-02 1.316673215478658676e-02 1.325150299817323685e-02 1.356682833284139633e-02 1.403696741908788681e-02 1.453358680009841919e-02 1.566348411142826080e-02 1.698344759643077850e-02 2.554739825427532196e-02 7.122606784105300903e-02 3.054170310497283936e-01 7.547419667243957520e-01 9.396497011184692383e-01 9.720208644866943359e-01 9.789292812347412109e-01 9.813443422317504883e-01 9.821368455886840820e-01 9.825218319892883301e-01 0.000000000000000000e+00 0.000000000000000000e+00 
1.799051642592530698e-05 2.674432289495598525e-05 3.067974103032611310e-05 3.472307798801921308e-05 3.851871224469505250e-05 4.615593934431672096e-05 4.683470251620747149e-05 5.572485315497033298e-05 8.826142584439367056e-05 1.005541635095141828e-04 1.902694493765011430e-04 2.622079628054052591e-04 1.539656543172895908e-03 6.395072676241397858e-03 1.888913847506046295e-02 1.831252500414848328e-02 5.159448832273483276e-03 1.220138510689139366e-03 2.080609265249222517e-04 7.799309241818264127e-05 4.515557520790025592e-05 1.574150883243419230e-05 0.000000000000000000e+00 0.000000000000000000e+00 
1.216627936810255051e-02 1.225121971219778061e-02 1.228723581880331039e-02 1.240584068000316620e-02 1.257786899805068970e-02 1.260711904615163803e-02 1.268461532890796661e-02 1.297368574887514114e-02 1.340335607528686523e-02 1.385509967803955078e-02 1.487716380506753922e-02 1.606631092727184296e-02 2.366773039102554321e-02 6.415335088968276978e-02 2.832648456096649170e-01 7.408934235572814941e-01 9.378696084022521973e-01 9.723912477493286133e-01 9.795666933059692383e-01 9.820083975791931152e-01 9.828017950057983398e-01 9.831820726394653320e-01 0.000000000000000000e+00 0.000000000000000000e+00 
1.660295856709126383e-05 2.464087265252601355e-05 2.821575253619812429e-05 3.199273123755119741e-05 3.541838668752461672e-05 4.230042031849734485e-05 4.294764949008822441e-05 5.090566264698281884e-05 8.062655979301780462e-05 9.149919787887483835e-05 1.714814716251567006e-04 2.335703902645036578e-04 1.346503500826656818e-03 5.819157697260379791e-03 1.827739365398883820e-02 1.912557333707809448e-02 5.519035737961530685e-03 1.307600527070462704e-03 2.112316142302006483e-04 7.787541835568845272e-05 4.456107853911817074e-05 1.533972681500017643e-05 0.000000000000000000e+00 0.000000000000000000e+00 
1.169389951974153519e-02 1.177448779344558716e-02 1.180898863822221756e-02 1.192208472639322281e-02 1.208558306097984314e-02 1.211362425237894058e-02 1.218753866851329803e-02 1.246344670653343201e-02 1.287418324500322342e-02 1.330547314137220383e-02 1.428285334259271622e-02 1.542172208428382874e-02 2.276322245597839355e-02 6.243928149342536926e-02 2.821395993232727051e-01 7.430319190025329590e-01 9.397692680358886719e-01 9.734563827514648438e-01 9.803763031959533691e-01 9.827123880386352539e-01 9.834652543067932129e-01 9.838226437568664551e-01 0.000000000000000000e+00 0.000000000000000000e+00 
1.579908712301403284e-05 2.342497464269399643e-05 2.685164508875459433e-05 3.046183519472833723e-05 3.374500010977499187e-05 4.032643482787534595e-05 4.089579670107923448e-05 4.854135477216914296e-05 7.695149542996659875e-05 8.737686584936454892e-05 1.637996174395084381e-04 2.234312414657324553e-04 1.317393383942544460e-03 5.792518146336078644e-03 1.840421557426452637e-02 1.923027262091636658e-02 5.474936682730913162e-03 1.278983196243643761e-03 2.025409339694306254e-04 7.406230724882334471e-05 4.229072146699763834e-05 1.447610156901646405e-05 0.000000000000000000e+00 0.000000000000000000e+00 
1.124994084239006042e-02 1.132675912231206894e-02 1.135989930480718613e-02 1.146837230771780014e-02 1.162451691925525665e-02 1.165158767253160477e-02 1.172246318310499191e-02 1.198736485093832016e-02 1.238251663744449615e-02 1.279717683792114258e-02 1.373896375298500061e-02 1.483859494328498840e-02 2.200855687260627747e-02 6.143859028816223145e-02 2.838726639747619629e-01 7.473056316375732422e-01 9.420821070671081543e-01 9.745616316795349121e-01 9.811704754829406738e-01 9.833896160125732422e-01 9.840990900993347168e-01 9.844328165054321289e-01 0.000000000000000000e+00 0.000000000000000000e+00 
1.509347202954813838e-05 2.236797081422992051e-05 2.567105184425599873e-05 2.915065488195978105e-05 3.230978836654685438e-05 3.865430699079297483e-05 3.915487104677595198e-05 4.657078898162581027e-05 7.390970858978107572e-05 8.399833313887938857e-05 1.577279908815398812e-04 2.157855342375114560e-04 1.307559432461857796e-03 5.840647965669631958e-03 1.863542385399341583e-02 1.923448219895362854e-02 5.376896820962429047e-03 1.234533614479005337e-03 1.927848352352157235e-04 7.003718928899616003e-05 3.995520455646328628e-05 1.358389636152423918e-05 0.000000000000000000e+00 0.000000000000000000e+00 
1.082408241927623749e-02 1.089601963758468628e-02 1.092721521854400635e-02 1.102971006184816360e-02 1.117667276412248611e-02 1.120193675160408020e-02 1.126864366233348846e-02 1.151860971003770828e-02 1.189138647168874741e-02 1.228221226483583450e-02 1.316722668707370758e-02 1.419995818287134171e-02 2.093011327087879181e-02 5.824835970997810364e-02 2.756884098052978516e-01 7.437062263488769531e-01 9.425528049468994141e-01 9.752799868583679199e-01 9.818322658538818359e-01 9.840005040168762207e-01 9.846879839897155762e-01 9.850072860717773438e-01 0.000000000000000000e+00 0.000000000000000000e+00 
1.424271249561570585e-05 2.109632077917922288e-05 2.420090277155395597e-05 2.753082299022935331e-05 3.048892176593653858e-05 3.644153548520989716e-05 3.691711390274576843e-05 4.387297667562961578e-05 6.965603097341954708e-05 7.907595863798633218e-05 1.479816273786127567e-04 2.017591468757018447e-04 1.227879896759986877e-03 5.632010754197835922e-03 1.848236657679080963e-02 1.957499794661998749e-02 5.476346239447593689e-03 1.248781569302082062e-03 1.888764527393504977e-04 6.799503898946568370e-05 3.860116703435778618e-05 1.292392244067741558e-05 0.000000000000000000e+00 0.000000000000000000e+00 
1.042445469647645950e-02 1.049254462122917175e-02 1.052227802574634552e-02 1.061982195824384689e-02 1.075934339314699173e-02 1.078351214528083801e-02 1.084678433835506439e-02 1.108499057590961456e-02 1.144027337431907654e-02 1.181296352297067642e-02 1.265494991093873978e-02 1.363787241280078888e-02 2.007252722978591919e-02 5.618826672434806824e-02 2.720658183097839355e-01 7.435883879661560059e-01 9.437645077705383301e-01 9.761092066764831543e-01 9.825003147125244141e-01 9.845944046974182129e-01 9.852549433708190918e-01 9.855575561523437500e-01 0.000000000000000000e+00 0.000000000000000000e+00 
1.353878542431630194e-05 2.005951500905212015e-05 2.300502637808676809e-05 2.622004103614017367e-05 2.901996231230441481e-05 3.467280475888401270e-05 3.513081537676043808e-05 4.174890273134224117e-05 6.631475844187662005e-05 7.525990804424509406e-05 1.406445226166397333e-04 1.916148175951093435e-04 1.181611907668411732e-03 5.540950689464807510e-03 1.849608868360519409e-02 1.975874602794647217e-02 5.487957503646612167e-03 1.237456104718148708e-03 1.828225940698757768e-04 6.538664456456899643e-05 3.708762233145534992e-05 1.226133190357359126e-05 0.000000000000000000e+00 0.000000000000000000e+00 
1.003967691212892532e-02 1.010275073349475861e-02 1.013042964041233063e-02 1.022160705178976059e-02 1.035156194120645523e-02 1.037369482219219208e-02 1.043264847248792648e-02 1.065460313111543655e-02 1.098523940891027451e-02 1.133156009018421173e-02 1.210950873792171478e-02 1.301537733525037766e-02 1.888456940650939941e-02 5.183489993214607239e-02 2.569496333599090576e-01 7.339839339256286621e-01 9.428341388702392578e-01 9.765208363533020020e-01 9.830358624458312988e-01 9.851253032684326172e-01 9.857813715934753418e-01 9.860783219337463379e-01 0.000000000000000000e+00 0.000000000000000000e+00 
1.268126015929738060e-05 1.876626265584491193e-05 2.148983730876352638e-05 2.453045453876256943e-05 2.711559500312432647e-05 3.231517985113896430e-05 3.276640200056135654e-05 3.884402030962519348e-05 6.168216350488364697e-05 6.985388608882203698e-05 1.296374248340725899e-04 1.752572134137153625e-04 1.064177369698882103e-03 5.157843697816133499e-03 1.802805066108703613e-02 2.033908478915691376e-02 5.735913757234811783e-03 1.298281946219503880e-03 1.829911489039659500e-04 6.480050069512799382e-05 3.656581611721776426e-05 1.189412250823806971e-05 0.000000000000000000e+00 0.000000000000000000e+00 
9.687151759862899780e-03 9.747852571308612823e-03 9.774673730134963989e-03 9.862751699984073639e-03 9.987868368625640869e-03 1.000957749783992767e-02 1.006658561527729034e-02 1.028137933462858200e-02 1.060226652771234512e-02 1.093852706253528595e-02 1.169506739825010300e-02 1.257784198969602585e-02 1.838069781661033630e-02 5.161380767822265625e-02 2.614488303661346436e-01 7.403737306594848633e-01 9.454265236854553223e-01 9.775457978248596191e-01 9.837121963500976562e-01 9.856894016265869141e-01 9.863083958625793457e-01 9.865870475769042969e-01 0.000000000000000000e+00 0.000000000000000000e+00 
1.220226840814575553e-05 1.805949796107597649e-05 2.070720802294090390e-05 2.365735053899697959e-05 2.617093196022324264e-05 3.122462294413708150e-05 3.163739165756851435e-05 3.758677121368236840e-05 5.974498708383180201e-05 6.778298120480030775e-05 1.260601857211440802e-04 1.711073127808049321e-04 1.073483261279761791e-03 5.274794995784759521e-03 1.836906746029853821e-02 2.024449780583381653e-02 5.583549849689006805e-03 1.237815595231950283e-03 1.733195531414821744e-04 6.130990368546918035e-05 3.473243123153224587e-05 1.129288466472644359e-05 0.000000000000000000e+00 0.000000000000000000e+00 
9.350566193461418152e-03 9.408497251570224762e-03 9.434382431209087372e-03 9.518736042082309723e-03 9.638451971113681793e-03 9.659544564783573151e-03 9.713988751173019409e-03 9.920354001224040985e-03 1.022890303283929825e-02 1.055268943309783936e-02 1.127936970442533493e-02 1.212813332676887512e-02 1.775290630757808685e-02 5.045189335942268372e-02 2.611357867717742920e-01 7.426679730415344238e-01 9.470408558845520020e-01 9.783612489700317383e-01 9.843110442161560059e-01 9.862093925476074219e-01 9.868029356002807617e-01 9.870709180831909180e-01 0.000000000000000000e+00 0.000000000000000000e+00 
1.167935351986670867e-05 1.730354415485635400e-05 1.983357105928007513e-05 2.270621189381927252e-05 2.510789818188641220e-05 2.995602517330553383e-05 3.034214932995382696e-05 3.607667167671024799e-05 5.737637184211052954e-05 6.511867104563862085e-05 1.210178597830235958e-04 1.644582225708290935e-04 1.052560633979737759e-03 5.268862470984458923e-03 1.850255765020847321e-02 2.031240053474903107e-02 5.534041207283735275e-03 1.208903384394943714e-03 1.666163298068568110e-04 5.884189158678054810e-05 3.341578849358484149e-05 1.088537283067125827e-05 0.000000000000000000e+00 0.000000000000000000e+00 
9.030620567500591278e-03 9.086032398045063019e-03 9.111030027270317078e-03 9.191825985908508301e-03 9.306297637522220612e-03 9.326898492872714996e-03 9.378867223858833313e-03 9.576968848705291748e-03 9.873506613075733185e-03 1.018499303609132767e-02 1.088227517902851105e-02 1.169738732278347015e-02 1.713751256465911865e-02 4.920957610011100769e-02 2.602071762084960938e-01 7.444015741348266602e-01 9.484846591949462891e-01 9.791157841682434082e-01 9.848724603652954102e-01 9.866998195648193359e-01 9.872704744338989258e-01 9.875303506851196289e-01 0.000000000000000000e+00 0.000000000000000000e+00 
1.118438649427844211e-05 1.657746543060056865e-05 1.899454582598991692e-05 2.177949318138416857e-05 2.407893953204620630e-05 2.872642653528600931e-05 2.908496753661893308e-05 3.460512016317807138e-05 5.506317029357887805e-05 6.250962178455665708e-05 1.160315732704475522e-04 1.577991060912609100e-04 1.028537517413496971e-03 5.247279070317745209e-03 1.860675774514675140e-02 2.039968036115169525e-02 5.498791579157114029e-03 1.185451983474195004e-03 1.605839643161743879e-04 5.662969124387018383e-05 3.224558531655929983e-05 1.052263996825786307e-05 0.000000000000000000e+00 0.000000000000000000e+00 
8.721941150724887848e-03 8.773712441325187683e-03 8.797148242592811584e-03 8.873549290001392365e-03 8.981370367109775543e-03 9.000430814921855927e-03 9.049473330378532410e-03 9.236316196620464325e-03 9.516296908259391785e-03 9.809904731810092926e-03 1.046466641128063202e-02 1.122948620468378067e-02 1.630867458879947662e-02 4.640915617346763611e-02 2.508600056171417236e-01 7.392421364784240723e-01 9.484567642211914062e-01 9.795893430709838867e-01 9.853421449661254883e-01 9.871419072151184082e-01 9.877041578292846680e-01 9.879614114761352539e-01 0.000000000000000000e+00 0.000000000000000000e+00 
1.056496421369956806e-05 1.565735146868973970e-05 1.791959948604926467e-05 2.059603684756439179e-05 2.274675898661371320e-05 2.710894295887555927e-05 2.744980884017422795e-05 3.262669997639022768e-05 5.193961987970396876e-05 5.888182568014599383e-05 1.087739437934942544e-04 1.473377924412488937e-04 9.547019726596772671e-04 5.012218840420246124e-03 1.834558695554733276e-02 2.078331820666790009e-02 5.633703898638486862e-03 1.213543349876999855e-03 1.585065474500879645e-04 5.562628211919218302e-05 3.169151750626042485e-05 1.032768068398581818e-05 0.000000000000000000e+00 0.000000000000000000e+00 
8.436780422925949097e-03 8.487052284181118011e-03 8.509912528097629547e-03 8.584468625485897064e-03 8.689426816999912262e-03 8.708321489393711090e-03 8.756319992244243622e-03 8.939230814576148987e-03 9.214823134243488312e-03 9.503596462309360504e-03 1.015050057321786880e-02 1.090944837778806686e-02 1.606531068682670593e-02 4.746440798044204712e-02 2.616896629333496094e-01 7.504377961158752441e-01 9.517728090286254883e-01 9.806101918220520020e-01 9.859302043914794922e-01 9.876094460487365723e-01 9.881343245506286621e-01 9.883754253387451172e-01 0.000000000000000000e+00 0.000000000000000000e+00 
1.024450739350868389e-05 1.519312991149490699e-05 1.741863525239750743e-05 2.005073110922239721e-05 2.217364090029150248e-05 2.650170426932163537e-05 2.679674980754498392e-05 3.196850957465358078e-05 5.099068584968335927e-05 5.794403114123269916e-05 1.075461768778041005e-04 1.468379778089001775e-04 9.999223984777927399e-04 5.289733409881591797e-03 1.895233616232872009e-02 2.045401558279991150e-02 5.369511898607015610e-03 1.121309120208024979e-03 1.479945058235898614e-04 5.207944559515453875e-05 2.992815825564321131e-05 9.810501069296151400e-06 0.000000000000000000e+00 0.000000000000000000e+00 
8.162002079188823700e-03 8.210114203393459320e-03 8.232058957219123840e-03 8.304128423333168030e-03 8.405098691582679749e-03 8.423354476690292358e-03 8.469851687550544739e-03 8.646636269986629486e-03 8.914490230381488800e-03 9.194306097924709320e-03 9.824221022427082062e-03 1.056556217372417450e-02 1.567739434540271759e-02 4.748404398560523987e-02 2.669954895973205566e-01 7.569044232368469238e-01 9.540227055549621582e-01 9.814200997352600098e-01 9.864480495452880859e-01 9.880385994911193848e-01 9.885354638099670410e-01 9.887643456459045410e-01 0.000000000000000000e+00 0.000000000000000000e+00 
9.844316082308068871e-06 1.458609858673298731e-05 1.674609666224569082e-05 1.930491816892754287e-05 2.137632327503524721e-05 2.560541543061845005e-05 2.585827860457357019e-05 3.093733175774104893e-05 4.943687599734403193e-05 5.628724466077983379e-05 1.047211408149451017e-04 1.436902821296826005e-04 1.012279535643756390e-03 5.428482312709093094e-03 1.931442692875862122e-02 2.031683363020420074e-02 5.221785046160221100e-03 1.064981683157384396e-03 1.403523783665150404e-04 4.941570659866556525e-05 2.855555976566392928e-05 9.402231626154389232e-06 0.000000000000000000e+00 0.000000000000000000e+00 
7.894812151789665222e-03 7.939702831208705902e-03 7.960381917655467987e-03 8.028543554246425629e-03 8.123721927404403687e-03 8.140730671584606171e-03 8.184668608009815216e-03 8.351698517799377441e-03 8.605320937931537628e-03 8.869329467415809631e-03 9.463300928473472595e-03 1.016205362975597382e-02 1.496372465044260025e-02 4.505782946944236755e-02 2.590707838535308838e-01 7.530212402343750000e-01 9.542077779769897461e-01 9.818590879440307617e-01 9.868563413619995117e-01 9.884162545204162598e-01 9.889029264450073242e-01 9.891273379325866699e-01 0.000000000000000000e+00 0.000000000000000000e+00 
9.309919732913840562e-06 1.377466014673700556e-05 1.580422213010024279e-05 1.825436629587784410e-05 2.021043110289610922e-05 2.420081364107318223e-05 2.443962694087531418e-05 2.923023930634371936e-05 4.675613672588951886e-05 5.320085983839817345e-05 9.858977864496409893e-05 1.348651567241176963e-04 9.473802056163549423e-04 5.228327587246894836e-03 1.911884918808937073e-02 2.065229043364524841e-02 5.325010512024164200e-03 1.081757945939898491e-03 1.379647292196750641e-04 4.834789069718681276e-05 2.793082967400550842e-05 9.201718967233318835e-06 0.000000000000000000e+00 0.000000000000000000e+00 
7.648620754480361938e-03 7.692512590438127518e-03 7.712964899837970734e-03 7.779590785503387451e-03 7.872769609093666077e-03 7.889993488788604736e-03 7.933065295219421387e-03 8.097582496702671051e-03 8.348612114787101746e-03 8.609872311353683472e-03 9.200772270560264587e-03 9.899695403873920441e-03 1.483630854636430740e-02 4.670218750834465027e-02 2.728595137596130371e-01 7.657019495964050293e-01 9.574674963951110840e-01 9.827853441238403320e-01 9.873701930046081543e-01 9.888186454772949219e-01 9.892701506614685059e-01 9.894785881042480469e-01 0.000000000000000000e+00 0.000000000000000000e+00 
9.068628060049377382e-06 1.342708583251805976e-05 1.543139296700246632e-05 1.785069980542175472e-05 1.980178603844251484e-05 2.378752651566173881e-05 2.398134529357776046e-05 2.880595457099843770e-05 4.617191007127985358e-05 5.266409425530582666e-05 9.819610568229109049e-05 1.356715074507519603e-04 1.010867534205317497e-03 5.584759172052145004e-03 1.982409693300724030e-02 2.020293846726417542e-02 5.031156353652477264e-03 9.856204269453883171e-04 1.282163721043616533e-04 4.510121289058588445e-05 2.625815614010207355e-05 8.718975550436880440e-06 0.000000000000000000e+00 0.000000000000000000e+00 
7.404753938317298889e-03 7.445465307682752609e-03 7.464560214430093765e-03 7.527200970798730850e-03 7.614611182361841202e-03 7.630464155226945877e-03 7.670874707400798798e-03 7.825493812561035156e-03 8.061703294515609741e-03 8.306605741381645203e-03 8.859300985932350159e-03 9.512171149253845215e-03 1.408207137137651443e-02 4.368444159626960754e-02 2.613037824630737305e-01 7.590906620025634766e-01 9.571059942245483398e-01 9.830936789512634277e-01 9.877166748046875000e-01 9.891515970230102539e-01 9.895982742309570312e-01 9.898045659065246582e-01 0.000000000000000000e+00 0.000000000000000000e+00 
8.540071576135233045e-06 1.263020294572925195e-05 1.449372666684212163e-05 1.681104913586750627e-05 1.863869510998483747e-05 2.237113221781328321e-05 2.255862636957317591e-05 2.706234226934611797e-05 4.341506792115978897e-05 4.943372550769709051e-05 9.167532698484137654e-05 1.259919663425534964e-04 9.251261362805962563e-04 5.289159715175628662e-03 1.947523280978202820e-02 2.067015133798122406e-02 5.199518520385026932e-03 1.020138850435614586e-03 1.273532252525910735e-04 4.452326902537606657e-05 2.587524249975103885e-05 8.591874575358815491e-06 0.000000000000000000e+00 0.000000000000000000e+00 
7.180408108979463577e-03 7.220033556222915649e-03 7.238746620714664459e-03 7.299891673028469086e-03 7.385218981653451920e-03 7.401090580970048904e-03 7.440605200827121735e-03 7.592456415295600891e-03 7.825406268239021301e-03 8.066877722740173340e-03 8.614040911197662354e-03 9.263552725315093994e-03 1.392414141446352005e-02 4.495029151439666748e-02 2.730277478694915771e-01 7.698808312416076660e-01 9.598437547683715820e-01 9.838890433311462402e-01 9.881696701049804688e-01 9.895111322402954102e-01 9.899286031723022461e-01 9.901211261749267578e-01 0.000000000000000000e+00 0.000000000000000000e+00 
8.296973646793048829e-06 1.228919700224651024e-05 1.412243818776914850e-05 1.641162089072167873e-05 1.822233753046020865e-05 2.193260297644883394e-05 2.208758633059915155e-05 2.658362427609972656e-05 4.273958256817422807e-05 4.873593570664525032e-05 9.085514466278254986e-05 1.259754644706845284e-04 9.749575983732938766e-04 5.594291258603334427e-03 2.008635364472866058e-02 2.028601989150047302e-02 4.952910821884870529e-03 9.382670978084206581e-04 1.191967457998543978e-04 4.181038457318209112e-05 2.445470454404130578e-05 8.179751603165641427e-06 0.000000000000000000e+00 0.000000000000000000e+00 
6.960918661206960678e-03 6.998260971158742905e-03 7.016036193817853928e-03 7.074194028973579407e-03 7.155254948884248734e-03 7.170310243964195251e-03 7.207852322608232498e-03 7.352597545832395554e-03 7.575054187327623367e-03 7.805130444467067719e-03 8.326200768351554871e-03 8.945039473474025726e-03 1.339075807482004166e-02 4.329851642251014709e-02 2.685667574405670166e-01 7.685402035713195801e-01 9.603821039199829102e-01 9.843106269836425781e-01 9.885185360908508301e-01 9.898249506950378418e-01 9.902310371398925781e-01 9.904180765151977539e-01 0.000000000000000000e+00 0.000000000000000000e+00 
7.894315785961225629e-06 1.168809012597193941e-05 1.342280120297800750e-05 1.563564183015841991e-05 1.736415106279309839e-05 2.090438829327467829e-05 2.104815393977332860e-05 2.533295446482952684e-05 4.077789708389900625e-05 4.646636079996824265e-05 8.642876491649076343e-05 1.197318342747166753e-04 9.317523799836635590e-04 5.481045693159103394e-03 2.002657577395439148e-02 2.049303986132144928e-02 4.994554445147514343e-03 9.364410652779042721e-04 1.163195411209017038e-04 4.067377085448242724e-05 2.380129444645717740e-05 7.981063390616327524e-06 0.000000000000000000e+00 0.000000000000000000e+00 
6.755312439054250717e-03 6.791421212255954742e-03 6.808827165514230728e-03 6.865098141133785248e-03 6.943676620721817017e-03 6.958631332963705063e-03 6.995079573243856430e-03 7.136114872992038727e-03 7.353891152888536453e-03 7.578593678772449493e-03 8.090367540717124939e-03 8.700381964445114136e-03 1.317265722900629044e-02 4.396720975637435913e-02 2.768018245697021484e-01 7.764044404029846191e-01 9.624533057212829590e-01 9.849615693092346191e-01 9.889127016067504883e-01 9.901459813117980957e-01 9.905287623405456543e-01 9.907047748565673828e-01 0.000000000000000000e+00 0.000000000000000000e+00 
7.634554094693157822e-06 1.129049724113428965e-05 1.298785991821205243e-05 1.514842642791336402e-05 1.685587631072849035e-05 2.034790486504789442e-05 2.045800283667631447e-05 2.469831815687939525e-05 3.983105852967128158e-05 4.547945354715920985e-05 8.490286563755944371e-05 1.184067223221063614e-04 9.625886450521647930e-04 5.699725821614265442e-03 2.048123814165592194e-02 2.022953890264034271e-02 4.817476496100425720e-03 8.771446882747113705e-04 1.099825967685319483e-04 3.850822758977301419e-05 2.263763963128440082e-05 7.642982382094487548e-06 0.000000000000000000e+00 0.000000000000000000e+00 
6.555566564202308655e-03 6.589642725884914398e-03 6.606184411793947220e-03 6.659672595560550690e-03 6.734345108270645142e-03 6.748520303517580032e-03 6.783182732760906219e-03 6.917669437825679779e-03 7.126090582460165024e-03 7.340056821703910828e-03 7.829037494957447052e-03 8.412367664277553558e-03 1.270055491477251053e-02 4.256024584174156189e-02 2.733938694000244141e-01 7.758003473281860352e-01 9.630629420280456543e-01 9.853648543357849121e-01 9.892356991767883301e-01 9.904341101646423340e-01 9.908053874969482422e-01 9.909756183624267578e-01 0.000000000000000000e+00 0.000000000000000000e+00 
7.266997272381559014e-06 1.071618771675275639e-05 1.233390230481745675e-05 1.441435324522899464e-05 1.605512443347834051e-05 1.940490983542986214e-05 1.950077239598613232e-05 2.355908145545981824e-05 3.804748848779127002e-05 4.347475260146893561e-05 8.101658022496849298e-05 1.129804295487701893e-04 9.270529844798147678e-04 5.614168010652065277e-03 2.046414464712142944e-02 2.039677090942859650e-02 4.841780290007591248e-03 8.712387061677873135e-04 1.070964790415018797e-04 3.737577208084985614e-05 2.198280526499729604e-05 7.446089512086473405e-06 0.000000000000000000e+00 0.000000000000000000e+00 
6.364555098116397858e-03 6.396656390279531479e-03 6.412382237613201141e-03 6.463101133704185486e-03 6.533941254019737244e-03 6.547437049448490143e-03 6.580297835171222687e-03 6.708266679197549820e-03 6.907009985297918320e-03 7.110395468771457672e-03 7.575392723083496094e-03 8.130133152008056641e-03 1.220249757170677185e-02 4.079902917146682739e-02 2.676040530204772949e-01 7.733823060989379883e-01 9.633509516716003418e-01 9.857038855552673340e-01 9.895326495170593262e-01 9.907050728797912598e-01 9.910677671432495117e-01 9.912336468696594238e-01 0.000000000000000000e+00 0.000000000000000000e+00 
6.909473540872568265e-06 1.017039994621882215e-05 1.170551877294201404e-05 1.370559311908436939e-05 1.527431777503807098e-05 1.847026032919529825e-05 1.855324626376386732e-05 2.241417678305879235e-05 3.623807788244448602e-05 4.140560122323222458e-05 7.693268707953393459e-05 1.071066071745008230e-04 8.792330045253038406e-04 5.465879105031490326e-03 2.034126408398151398e-02 2.065183967351913452e-02 4.907733760774135590e-03 8.764170925132930279e-04 1.050009959726594388e-04 3.650008511613123119e-05 2.146033511962741613e-05 7.283162631210871041e-06 0.000000000000000000e+00 0.000000000000000000e+00 
6.186808925122022629e-03 6.218148395419120789e-03 6.233691237866878510e-03 6.283124908804893494e-03 6.352372467517852783e-03 6.366013083606958389e-03 6.398092955350875854e-03 6.523829884827136993e-03 6.719916127622127533e-03 6.920430343598127365e-03 7.381135132163763046e-03 7.933371700346469879e-03 1.209093164652585983e-02 4.205879196524620056e-02 2.790194153785705566e-01 7.832119464874267578e-01 9.655673503875732422e-01 9.863265752792358398e-01 9.898880124092102051e-01 9.909890890121459961e-01 9.913290739059448242e-01 9.914840459823608398e-01 0.000000000000000000e+00 0.000000000000000000e+00 
6.725208550051320344e-06 9.899885299091693014e-06 1.141336542787030339e-05 1.337634512310614809e-05 1.494185471528908238e-05 1.811931178963277489e-05 1.817020529415458441e-05 2.202880750701297075e-05 3.567692328942939639e-05 4.085622276761569083e-05 7.627085142303258181e-05 1.070998478098772466e-04 9.269960573874413967e-04 5.767706781625747681e-03 2.091362327337265015e-02 2.025941386818885803e-02 4.685344640165567398e-03 8.085267036221921444e-04 9.879088611342012882e-05 3.441502485657110810e-05 2.034698445640970021e-05 6.956200195418205112e-06 0.000000000000000000e+00 0.000000000000000000e+00 
6.012591067701578140e-03 6.042018998414278030e-03 6.056743208318948746e-03 6.103694438934326172e-03 6.169426720589399338e-03 6.182367447763681412e-03 6.212770938873291016e-03 6.332487799227237701e-03 6.519713439047336578e-03 6.710375193506479263e-03 7.148760836571455002e-03 7.674522697925567627e-03 1.162442099303007126e-02 4.035180434584617615e-02 2.733137607574462891e-01 7.808452248573303223e-01 9.658246040344238281e-01 9.866348505020141602e-01 9.901590347290039062e-01 9.912370443344116211e-01 9.915692210197448730e-01 9.917201399803161621e-01 0.000000000000000000e+00 0.000000000000000000e+00 
6.395323453034507111e-06 9.402179784956388175e-06 1.083568895410280675e-05 1.273258749279193580e-05 1.422511923010461032e-05 1.725943184283096343e-05 1.730389340082183480e-05 2.097504693665541708e-05 3.401564390514977276e-05 3.893980101565830410e-05 7.248589099617674947e-05 1.016431560856290162e-04 8.786468533799052238e-04 5.619809497147798538e-03 2.079389989376068115e-02 2.051057666540145874e-02 4.751024302095174789e-03 8.132951916195452213e-04 9.691941522760316730e-05 3.363260111655108631e-05 1.987746145459823310e-05 6.808350462961243466e-06 0.000000000000000000e+00 0.000000000000000000e+00 
5.848217289894819260e-03 5.876387469470500946e-03 5.890592001378536224e-03 5.935882218182086945e-03 5.999309476464986801e-03 6.011903285980224609e-03 6.041261367499828339e-03 6.157228723168373108e-03 6.339233834296464920e-03 6.524203810840845108e-03 6.950509734451770782e-03 7.463267073035240173e-03 1.136253681033849716e-02 4.022973030805587769e-02 2.765917181968688965e-01 7.847054600715637207e-01 9.670095443725585938e-01 9.870722889900207520e-01 9.904515147209167480e-01 9.914855957031250000e-01 9.918037056922912598e-01 9.919478297233581543e-01 0.000000000000000000e+00 0.000000000000000000e+00 
6.158729320304701105e-06 9.056237104232423007e-06 1.044106920744525269e-05 1.229560712090460584e-05 1.375256033497862518e-05 1.671372774580959231e-05 1.674675331742037088e-05 2.032694465015083551e-05 3.301614924566820264e-05 3.781681880354881287e-05 7.047487451927736402e-05 9.920912998495623469e-05 8.808027487248182297e-04 5.708204116672277451e-03 2.102902159094810486e-02 2.042163722217082977e-02 4.670036956667900085e-03 7.815751014277338982e-04 9.314405178884044290e-05 3.230670336051844060e-05 1.914772838063072413e-05 6.592665158677846193e-06 0.000000000000000000e+00 0.000000000000000000e+00 
5.689351353794336319e-03 5.715887527912855148e-03 5.729342810809612274e-03 5.772512871772050858e-03 5.832935683429241180e-03 5.844979546964168549e-03 5.872886162251234055e-03 5.983713548630475998e-03 6.158158183097839355e-03 6.334761623293161392e-03 6.742291152477264404e-03 7.232975680381059647e-03 1.096360944211483002e-02 3.886781632900238037e-02 2.724242508411407471e-01 7.833321690559387207e-01 9.673811197280883789e-01 9.873766899108886719e-01 9.907052516937255859e-01 9.917148947715759277e-01 9.920247197151184082e-01 9.921647906303405762e-01 0.000000000000000000e+00 0.000000000000000000e+00 
5.874244379810988903e-06 8.625354894320480525e-06 9.943348231900017709e-06 1.173847613245015964e-05 1.313609482167521492e-05 1.598025846760720015e-05 1.600573341420385987e-05 1.942771450558211654e-05 3.159829066134989262e-05 3.619274502852931619e-05 6.730244786012917757e-05 9.469046199228614569e-05 8.422295213676989079e-04 5.599845200777053833e-03 2.096303366124629974e-02 2.061478793621063232e-02 4.713033791631460190e-03 7.806009962223470211e-04 9.112736006500199437e-05 3.150509655824862421e-05 1.867169157776515931e-05 6.445466624427353963e-06 0.000000000000000000e+00 0.000000000000000000e+00 
5.538699682801961899e-03 5.564009305089712143e-03 5.576995201408863068e-03 5.618466995656490326e-03 5.676622036844491959e-03 5.688383709639310837e-03 5.715154577046632767e-03 5.822169594466686249e-03 5.991155281662940979e-03 6.161810830235481262e-03 6.556428503245115280e-03 7.032658904790878296e-03 1.068389881402254105e-02 3.842348977923393250e-02 2.735657691955566406e-01 7.855992317199707031e-01 9.682751297950744629e-01 9.877488613128662109e-01 9.909672141075134277e-01 9.919410347938537598e-01 9.922395348548889160e-01 9.923736453056335449e-01 0.000000000000000000e+00 0.000000000000000000e+00 
5.648423211823683232e-06 8.288462595373857766e-06 9.557707016938365996e-06 1.130492273659911007e-05 1.266579693037783727e-05 1.542898280604276806e-05 1.544086080684792250e-05 1.876300848380196840e-05 3.055904744542203844e-05 3.502949039102531970e-05 6.514228152809664607e-05 9.187706746160984039e-05 8.326687966473400593e-04 5.628899205476045609e-03 2.110842429101467133e-02 2.060582116246223450e-02 4.669914953410625458e-03 7.584784762002527714e-04 8.808739949017763138e-05 3.041291347471997142e-05 1.805547799449414015e-05 6.257104814721969888e-06 0.000000000000000000e+00 0.000000000000000000e+00 
5.395382642745971680e-03 5.419823806732892990e-03 5.432494916021823883e-03 5.472623743116855621e-03 5.529089365154504776e-03 5.540766753256320953e-03 5.566696170717477798e-03 5.670966580510139465e-03 5.836183670908212662e-03 6.002726033329963684e-03 6.389184854924678802e-03 6.857188884168863297e-03 1.050233002752065659e-02 3.874754160642623901e-02 2.792501747608184814e-01 7.908865213394165039e-01 9.695672988891601562e-01 9.881685972213745117e-01 9.912324547767639160e-01 9.921628236770629883e-01 9.924473166465759277e-01 9.925747513771057129e-01 0.000000000000000000e+00 0.000000000000000000e+00 
5.466517905006185174e-06 8.017486834432929754e-06 9.256915291189216077e-06 1.096433879865799099e-05 1.230736415891442448e-05 1.501982023910386488e-05 1.501574024587171152e-05 1.828572385420557112e-05 2.982098703796509653e-05 3.423929592827335000e-05 6.379278056556358933e-05 9.045028855325654149e-05 8.474419009871780872e-04 5.773968994617462158e-03 2.143189311027526855e-02 2.042150497436523438e-02 4.555095452815294266e-03 7.199752144515514374e-04 8.432294271187856793e-05 2.912067975557874888e-05 1.734814395604189485e-05 6.044153906259452924e-06 0.000000000000000000e+00 0.000000000000000000e+00 
5.256756674498319626e-03 5.280042532831430435e-03 5.292251240462064743e-03 5.330687854439020157e-03 5.384916905313730240e-03 5.396277643740177155e-03 5.421070847660303116e-03 5.521481391042470932e-03 5.680935457348823547e-03 5.841346923261880875e-03 6.213774438947439194e-03 6.665517110377550125e-03 1.019767578691244125e-02 3.790991008281707764e-02 2.777503728866577148e-01 7.912060618400573730e-01 9.701147675514221191e-01 9.884676933288574219e-01 9.914625287055969238e-01 9.923670887947082520e-01 9.926434755325317383e-01 9.927665591239929199e-01 0.000000000000000000e+00 0.000000000000000000e+00 
5.247878561931429431e-06 7.690285201533697546e-06 8.880451787263154984e-06 1.053711639542598277e-05 1.184146549348952249e-05 1.446046098863007501e-05 1.444877852918580174e-05 1.760672421369235963e-05 2.873959601856768131e-05 3.301316246506758034e-05 6.143096106825396419e-05 8.718037861399352551e-05 8.246637298725545406e-04 5.735280923545360565e-03 2.146476134657859802e-02 2.051121741533279419e-02 4.557896871119737625e-03 7.096410263329744339e-04 8.215437264880165458e-05 2.831075835274532437e-05 1.688003794697578996e-05 5.896633865631883964e-06 0.000000000000000000e+00 0.000000000000000000e+00 
5.125340074300765991e-03 5.147881340235471725e-03 5.159823223948478699e-03 5.197085440158843994e-03 5.249848589301109314e-03 5.261135287582874298e-03 5.285191815346479416e-03 5.383184179663658142e-03 5.539273377507925034e-03 5.696170032024383545e-03 6.061347667127847672e-03 6.505963858217000961e-03 1.004147529602050781e-02 3.830864652991294861e-02 2.837103307247161865e-01 7.964446544647216797e-01 9.713193178176879883e-01 9.888530373573303223e-01 9.917060732841491699e-01 9.925711154937744141e-01 9.928349256515502930e-01 9.929518103599548340e-01 0.000000000000000000e+00 0.000000000000000000e+00 
5.089071692054858431e-06 7.455606464645825326e-06 8.617610546934884042e-06 1.023810182232409716e-05 1.152762433775933459e-05 1.409947253705468029e-05 1.407474155712407082e-05 1.718639214232098311e-05 2.808485078276135027e-05 3.230862785130739212e-05 6.023879541317000985e-05 8.594233804615214467e-05 8.420745725743472576e-04 5.887432955205440521e-03 2.178790234029293060e-02 2.031541056931018829e-02 4.443323239684104919e-03 6.738508236594498158e-04 7.873282447690144181e-05 2.713464164116885513e-05 1.623157550056930631e-05 5.703242095478344709e-06 0.000000000000000000e+00 0.000000000000000000e+00 
4.999112803488969803e-03 5.020867567509412766e-03 5.032483953982591629e-03 5.068573635071516037e-03 5.119815003126859665e-03 5.130963865667581558e-03 5.154269747436046600e-03 5.249740555882453918e-03 5.402333103120326996e-03 5.555431824177503586e-03 5.912853870540857315e-03 6.349613424390554428e-03 9.875647723674774170e-03 3.858643770217895508e-02 2.887621521949768066e-01 8.009614944458007812e-01 9.723794460296630859e-01 9.892081022262573242e-01 9.919363260269165039e-01 9.927658438682556152e-01 9.930183291435241699e-01 9.931299090385437012e-01 0.000000000000000000e+00 0.000000000000000000e+00 
4.928248927171807736e-06 7.215082405309658498e-06 8.347893526661209762e-06 9.931630302162375301e-06 1.120243996410863474e-05 1.372962196910521016e-05 1.369274377793772146e-05 1.674948543950449675e-05 2.740521449595689774e-05 3.156580351060256362e-05 5.895692811463959515e-05 8.451916073681786656e-05 8.546798489987850189e-04 6.020053289830684662e-03 2.206674963235855103e-02 2.014981769025325775e-02 4.346828907728195190e-03 6.426741601899266243e-04 7.566947897430509329e-05 2.607784699648618698e-05 1.564255035191308707e-05 5.527955636352999136e-06 0.000000000000000000e+00 0.000000000000000000e+00 
4.875268787145614624e-03 4.895546473562717438e-03 4.906508140265941620e-03 4.940495360642671585e-03 4.988899454474449158e-03 4.999496508389711380e-03 5.021323915570974350e-03 5.111687816679477692e-03 5.256430245935916901e-03 5.400880705565214157e-03 5.738138686865568161e-03 6.149989087134599686e-03 9.431200101971626282e-03 3.623869642615318298e-02 2.776020467281341553e-01 7.948217391967773438e-01 9.720069766044616699e-01 9.893512129783630371e-01 9.921125769615173340e-01 9.929377436637878418e-01 9.931885004043579102e-01 9.932987689971923828e-01 0.000000000000000000e+00 0.000000000000000000e+00 
4.670972884923685342e-06 6.817616849730256945e-06 7.885811101004946977e-06 9.403674994246102870e-06 1.061433431459590793e-05 1.301380143559072167e-05 1.297145172429736704e-05 1.585245809110347182e-05 2.595789192127995193e-05 2.989479617099277675e-05 5.552691072807647288e-05 7.923463272163644433e-05 7.816270808689296246e-04 5.730809643864631653e-03 2.171860821545124054e-02 2.061088941991329193e-02 4.505971912294626236e-03 6.660929066129028797e-04 7.542038656538352370e-05 2.585497531981673092e-05 1.545789746160153300e-05 5.459224666992668062e-06 0.000000000000000000e+00 0.000000000000000000e+00 
4.757262300699949265e-03 4.776341840624809265e-03 4.786767531186342239e-03 4.818971268832683563e-03 4.865021910518407822e-03 4.875194747000932693e-03 4.895820282399654388e-03 4.981955047696828842e-03 5.120210815221071243e-03 5.257741082459688187e-03 5.578691605478525162e-03 5.970854312181472778e-03 9.074223227798938751e-03 3.457352891564369202e-02 2.700922489166259766e-01 7.909408807754516602e-01 9.719144105911254883e-01 9.895274043083190918e-01 9.922914505004882812e-01 9.931061863899230957e-01 9.933536052703857422e-01 9.934617280960083008e-01 0.000000000000000000e+00 0.000000000000000000e+00 
4.453162091522244737e-06 6.488899543910520151e-06 7.496852504118578508e-06 8.964211701822932810e-06 1.012568372971145436e-05 1.241852442035451531e-05 1.236912157764891163e-05 1.511388654762413353e-05 2.476741428836248815e-05 2.853087244147900492e-05 5.277858508634380996e-05 7.512605225201696157e-05 7.320013828575611115e-04 5.536581389605998993e-03 2.149581350386142731e-02 2.092977426946163177e-02 4.610455594956874847e-03 6.792235653847455978e-04 7.462258508894592524e-05 2.548192242102231830e-05 1.520464775239815935e-05 5.372950909077189863e-06 0.000000000000000000e+00 0.000000000000000000e+00 
4.646917805075645447e-03 4.665631800889968872e-03 4.675987642258405685e-03 4.707468673586845398e-03 4.752747714519500732e-03 4.763012286275625229e-03 4.783276002854108810e-03 4.868268035352230072e-03 5.005091428756713867e-03 5.141118541359901428e-03 5.460019689053297043e-03 5.851744674146175385e-03 9.035177528858184814e-03 3.581090271472930908e-02 2.811650931835174561e-01 7.994363903999328613e-01 9.734402894973754883e-01 9.899235367774963379e-01 9.925141930580139160e-01 9.932855367660522461e-01 9.935193061828613281e-01 9.936210513114929199e-01 0.000000000000000000e+00 0.000000000000000000e+00 
4.353835265646921471e-06 6.341551852528937161e-06 7.341361651924671605e-06 8.783846169535536319e-06 9.950447747542057186e-06 1.223180242959642783e-05 1.216555301652988419e-05 1.491517923568608239e-05 2.446681537549011409e-05 2.826031050062738359e-05 5.247469380265101790e-05 7.531350274803116918e-05 7.746872724965214729e-04 5.822539795190095901e-03 2.201773412525653839e-02 2.052828110754489899e-02 4.423147998750209808e-03 6.279585650190711021e-04 7.080364594003185630e-05 2.423375190119259059e-05 1.452628202969208360e-05 5.167961717233993113e-06 0.000000000000000000e+00 0.000000000000000000e+00 
4.538769833743572235e-03 4.556470084935426712e-03 4.566361196339130402e-03 4.596425220370292664e-03 4.639768972992897034e-03 4.649656824767589569e-03 4.668942652642726898e-03 4.750505555421113968e-03 4.882130771875381470e-03 5.012587178498506546e-03 5.318635609000921249e-03 5.695078056305646896e-03 8.752093650400638580e-03 3.469379618763923645e-02 2.769882380962371826e-01 7.977729439735412598e-01 9.736134409904479980e-01 9.901225566864013672e-01 9.926881194114685059e-01 9.934443831443786621e-01 9.936733841896057129e-01 9.937724471092224121e-01 0.000000000000000000e+00 0.000000000000000000e+00 
4.173198249191045761e-06 6.068610673537477851e-06 7.021024885034421459e-06 8.417176104558166116e-06 9.548483831167686731e-06 1.174686894955812022e-05 1.167517075373325497e-05 1.431622149539180100e-05 2.350841896259225905e-05 2.716270682867616415e-05 5.031920227338559926e-05 7.215770892798900604e-05 7.422326598316431046e-04 5.714816041290760040e-03 2.192785963416099548e-02 2.071496471762657166e-02 4.477648064494132996e-03 6.298104417510330677e-04 6.956724973861128092e-05 2.374531322857365012e-05 1.422595960320904851e-05 5.068519385531544685e-06 0.000000000000000000e+00 0.000000000000000000e+00 
4.436935763806104660e-03 4.454222973436117172e-03 4.463969264179468155e-03 4.493383225053548813e-03 4.535937216132879257e-03 4.545824136584997177e-03 4.564751870930194855e-03 4.645130597054958344e-03 4.775307141244411469e-03 4.904141649603843689e-03 5.207902286201715469e-03 5.583443678915500641e-03 8.720294572412967682e-03 3.589551895856857300e-02 2.875343859195709229e-01 8.056659102439880371e-01 9.749808907508850098e-01 9.904791116714477539e-01 9.928921461105346680e-01 9.936099052429199219e-01 9.938266277313232422e-01 9.939201474189758301e-01 0.000000000000000000e+00 0.000000000000000000e+00 
4.077847279404522851e-06 5.926537141931476071e-06 6.868009677418740466e-06 8.240629540523514152e-06 9.375261470268014818e-06 1.156201687990687788e-05 1.147700095316395164e-05 1.411408811691217124e-05 2.320898420293815434e-05 2.687503547349479049e-05 4.997843643650412560e-05 7.221371197374537587e-05 7.877766620367765427e-04 5.990042816847562790e-03 2.241198532283306122e-02 2.032350376248359680e-02 4.295545164495706558e-03 5.848577129654586315e-04 6.618869520025327802e-05 2.262323687318712473e-05 1.361821432510623708e-05 4.885788712272187695e-06 0.000000000000000000e+00 0.000000000000000000e+00 
4.335985984653234482e-03 4.352078773081302643e-03 4.361242521554231644e-03 4.389069043099880219e-03 4.429279360920190811e-03 4.438639618456363678e-03 4.456429276615381241e-03 4.532647784799337387e-03 4.656326957046985626e-03 4.778204020112752914e-03 5.065363366156816483e-03 5.420199595391750336e-03 8.346062153577804565e-03 3.373603150248527527e-02 2.763255536556243896e-01 7.994241714477539062e-01 9.745650887489318848e-01 9.905835390090942383e-01 9.930357336997985840e-01 9.937515258789062500e-01 9.939672946929931641e-01 9.940599203109741211e-01 0.000000000000000000e+00 0.000000000000000000e+00 
3.875372385664377362e-06 5.619480816676514223e-06 6.499122719105798751e-06 7.818309313734062016e-06 8.902638910512905568e-06 1.098192387871677056e-05 1.089963643607916310e-05 1.339024493063334376e-05 2.203383519372437149e-05 2.550177669036202133e-05 4.718076888821087778e-05 6.782393029425293207e-05 7.231209310702979565e-04 5.698408931493759155e-03 2.204576134681701660e-02 2.078285813331604004e-02 4.456449765712022781e-03 6.095957942306995392e-04 6.612845754716545343e-05 2.247157863166648895e-05 1.348596833850024268e-05 4.834555966226616874e-06 0.000000000000000000e+00 0.000000000000000000e+00 
4.241261165589094162e-03 4.256821703165769577e-03 4.265768453478813171e-03 4.292844329029321671e-03 4.332002252340316772e-03 4.341278690844774246e-03 4.358601290732622147e-03 4.433134105056524277e-03 4.554493352770805359e-03 4.673831164836883545e-03 4.956035874783992767e-03 5.306073464453220367e-03 8.247504010796546936e-03 3.419915214180946350e-02 2.819673120975494385e-01 8.040542602539062500e-01 9.754841923713684082e-01 9.908649921417236328e-01 9.932139515876770020e-01 9.939015507698059082e-01 9.941081404685974121e-01 9.941964745521545410e-01 0.000000000000000000e+00 0.000000000000000000e+00 
3.767613634408917278e-06 5.458865416585467756e-06 6.318547548289643601e-06 7.610024567838991061e-06 8.684857675689272583e-06 1.073684416041942313e-05 1.064824482455151156e-05 1.310348307015374303e-05 2.158643292204942554e-05 2.501928793208207935e-05 4.637164965970441699e-05 6.697633943986147642e-05 7.431898848153650761e-04 5.848024040460586548e-03 2.233605645596981049e-02 2.058023586869239807e-02 4.352327436208724976e-03 5.810763104818761349e-04 6.372486677719280124e-05 2.163019780709873885e-05 1.302425062021939084e-05 4.687728051067097113e-06 0.000000000000000000e+00 0.000000000000000000e+00 
4.149061162024736404e-03 4.163769539445638657e-03 4.172366578131914139e-03 4.198340699076652527e-03 4.235859028995037079e-03 4.244849551469087601e-03 4.261420108377933502e-03 4.333151504397392273e-03 4.450330045074224472e-03 4.565169569104909897e-03 4.837166517972946167e-03 5.175169557332992554e-03 8.021516725420951843e-03 3.336201608180999756e-02 2.789757251739501953e-01 8.030536174774169922e-01 9.756963849067687988e-01 9.910449385643005371e-01 9.933663606643676758e-01 9.940398931503295898e-01 9.942416548728942871e-01 9.943274259567260742e-01 0.000000000000000000e+00 0.000000000000000000e+00 
3.621280939114512876e-06 5.238897756498772651e-06 6.058147846488282084e-06 7.313818059628829360e-06 8.357497790711931884e-06 1.034594879456562921e-05 1.025844085233984515e-05 1.262562000192701817e-05 2.082053470076061785e-05 2.414291157037951052e-05 4.466896643862128258e-05 6.451586523326113820e-05 7.206983282230794430e-04 5.772405769675970078e-03 2.228474244475364685e-02 2.071647346019744873e-02 4.385882522910833359e-03 5.803828244097530842e-04 6.264120020205155015e-05 2.116231917170807719e-05 1.274009537155507132e-05 4.592957338900305331e-06 0.000000000000000000e+00 0.000000000000000000e+00 
4.061000421643257141e-03 4.075096920132637024e-03 4.083486273884773254e-03 4.108589608222246170e-03 4.144886974245309830e-03 4.153742454946041107e-03 4.169771913439035416e-03 4.239465575665235519e-03 4.353668540716171265e-03 4.465377889573574066e-03 4.730578511953353882e-03 5.061288829892873764e-03 7.879567332565784454e-03 3.329722955822944641e-02 2.810096740722656250e-01 8.052636384963989258e-01 9.762797355651855469e-01 9.912687540054321289e-01 9.935238361358642578e-01 9.941768050193786621e-01 9.943720698356628418e-01 9.944543838500976562e-01 0.000000000000000000e+00 0.000000000000000000e+00 
3.505468612274853513e-06 5.065164259576704353e-06 5.857269570697098970e-06 7.085356628522276878e-06 8.111971510516013950e-06 1.005563444778090343e-05 9.963671800505835563e-06 1.227979828399838880e-05 2.026936817856039852e-05 2.353751187911257148e-05 4.355179044068790972e-05 6.309518357738852501e-05 7.231099298223853111e-04 5.826343316584825516e-03 2.242814935743808746e-02 2.065345831215381622e-02 4.341901745647192001e-03 5.648770602419972420e-04 6.096139259170740843e-05 2.054264405160211027e-05 1.238060031027998775e-05 4.481619271246017888e-06 0.000000000000000000e+00 0.000000000000000000e+00 
3.975772764533758163e-03 3.989193588495254517e-03 3.997343592345714569e-03 4.021432250738143921e-03 4.056302830576896667e-03 4.064971115440130234e-03 4.080350045114755630e-03 4.147571045905351639e-03 4.258039873093366623e-03 4.365878179669380188e-03 4.622046835720539093e-03 4.942249972373247147e-03 7.679031230509281158e-03 3.257964923977851868e-02 2.785557508468627930e-01 8.045529127120971680e-01 9.765036106109619141e-01 9.914386272430419922e-01 9.936661124229431152e-01 9.943063259124755859e-01 9.944966435432434082e-01 9.945766925811767578e-01 0.000000000000000000e+00 0.000000000000000000e+00 
3.377263738002511673e-06 4.872953468293417245e-06 5.630925443256273866e-06 6.826070148235885426e-06 7.826536602806299925e-06 9.710597623779904097e-06 9.618704098102170974e-06 1.185825203720014542e-05 1.958440043381415308e-05 2.276838858961127698e-05 4.204493598081171513e-05 6.094455966376699507e-05 7.038607145659625530e-04 5.764368921518325806e-03 2.239101938903331757e-02 2.076717652380466461e-02 4.366840235888957977e-03 5.632890970446169376e-04 5.994687307975254953e-05 2.011783180932980031e-05 1.210267873830161989e-05 4.393732524476945400e-06 0.000000000000000000e+00 0.000000000000000000e+00 
3.893861314281821251e-03 3.906746860593557358e-03 3.914719447493553162e-03 3.937917295843362808e-03 3.971564583480358124e-03 3.980129957199096680e-03 3.994971979409456253e-03 4.060109611600637436e-03 4.167447332292795181e-03 4.272034857422113419e-03 4.520777147263288498e-03 4.832632839679718018e-03 7.515654433518648148e-03 3.217507153749465942e-02 2.780463993549346924e-01 8.050541281700134277e-01 9.768608212471008301e-01 9.916209578514099121e-01 9.938076734542846680e-01 9.944328069686889648e-01 9.946178793907165527e-01 9.946950078010559082e-01 0.000000000000000000e+00 0.000000000000000000e+00 
3.264469796704361215e-06 4.703915237769251689e-06 5.437094387161778286e-06 6.599548669328214601e-06 7.578189979540184140e-06 9.417570254299789667e-06 9.324220627604518086e-06 1.150278967543272302e-05 1.900561255752108991e-05 2.212769322795793414e-05 4.081031875102780759e-05 5.924391734879463911e-05 6.945437635295093060e-04 5.753851961344480515e-03 2.242705598473548889e-02 2.080466412007808685e-02 4.362416453659534454e-03 5.564329330809414387e-04 5.873269037692807615e-05 1.964551120181567967e-05 1.179993614641716704e-05 4.299448846722953022e-06 0.000000000000000000e+00 0.000000000000000000e+00 
3.814680501818656921e-03 3.826901782304048538e-03 3.834628965705633163e-03 3.856862196698784828e-03 3.889132756739854813e-03 3.897474380210042000e-03 3.911692183464765549e-03 3.974447026848793030e-03 4.078066907823085785e-03 4.178876522928476334e-03 4.418553318828344345e-03 4.719877615571022034e-03 7.310798391699790955e-03 3.130048513412475586e-02 2.742048501968383789e-01 8.033758997917175293e-01 9.769551157951354980e-01 9.917635917663574219e-01 9.939368963241577148e-01 9.945527911186218262e-01 9.947345256805419922e-01 9.948093891143798828e-01 0.000000000000000000e+00 0.000000000000000000e+00 
3.141206207146751694e-06 4.522116341831861064e-06 5.223304924584226683e-06 6.351124284265097231e-06 7.302439371414948255e-06 9.082456926989834756e-06 8.992629773274529725e-06 1.109188087866641581e-05 1.833613350754603744e-05 2.137133196811191738e-05 3.930798993678763509e-05 5.710040204576216638e-05 6.697371718473732471e-04 5.655400454998016357e-03 2.232793532311916351e-02 2.097398601472377777e-02 4.410471301525831223e-03 5.596398841589689255e-04 5.799160135211423039e-05 1.930308826558757573e-05 1.157805309048853815e-05 4.231969796819612384e-06 0.000000000000000000e+00 0.000000000000000000e+00 
3.739153034985065460e-03 3.750914940610527992e-03 3.758474020287394524e-03 3.780066268518567085e-03 3.811459522694349289e-03 3.819669596850872040e-03 3.833466675132513046e-03 3.894729772582650185e-03 3.996107727289199829e-03 4.094655159860849380e-03 4.329429008066654205e-03 4.625930450856685638e-03 7.207962218672037125e-03 3.143335133790969849e-02 2.772786617279052734e-01 8.061093091964721680e-01 9.775535464286804199e-01 9.919672012329101562e-01 9.940756559371948242e-01 9.946737885475158691e-01 9.948489665985107422e-01 9.949207901954650879e-01 0.000000000000000000e+00 0.000000000000000000e+00 
3.052489319088635966e-06 4.392776645545382053e-06 5.075318767921999097e-06 6.178739567985758185e-06 7.117885161278536543e-06 8.864589290169533342e-06 8.772092769504524767e-06 1.083434835891239345e-05 1.792437615222297609e-05 2.092145041387993842e-05 3.851140718325041234e-05 5.632536704069934785e-05 6.770684267394244671e-04 5.735770333558320999e-03 2.250359766185283661e-02 2.086910419166088104e-02 4.351301584392786026e-03 5.424466216936707497e-04 5.643217809847556055e-05 1.872623579401988536e-05 1.123910806200001389e-05 4.135087692702654749e-06 0.000000000000000000e+00 0.000000000000000000e+00 
3.666674019768834114e-03 3.678185865283012390e-03 3.685680683702230453e-03 3.706786781549453735e-03 3.737615421414375305e-03 3.745849244296550751e-03 3.759381128475070000e-03 3.819728037342429161e-03 3.919768147170543671e-03 4.017056431621313095e-03 4.249736201018095016e-03 4.544704221189022064e-03 7.168649695813655853e-03 3.216436132788658142e-02 2.843728065490722656e-01 8.113226294517517090e-01 9.784395098686218262e-01 9.922108650207519531e-01 9.942219853401184082e-01 9.947944283485412598e-01 9.949614405632019043e-01 9.950289726257324219e-01 0.000000000000000000e+00 0.000000000000000000e+00 
2.985142600664403290e-06 4.295527105568908155e-06 4.970302143192384392e-06 6.053479410184081644e-06 6.991748250584350899e-06 8.722373422642704099e-06 8.621231245342642069e-06 1.067523226083721966e-05 1.767040703271050006e-05 2.068010326183866709e-05 3.819945777649991214e-05 5.634162880596704781e-05 7.032857392914593220e-04 5.916807800531387329e-03 2.283352054655551910e-02 2.060656435787677765e-02 4.229635000228881836e-03 5.139606655575335026e-04 5.420642264652997255e-05 1.799312303774058819e-05 1.081278969650156796e-05 4.030108357255812734e-06 0.000000000000000000e+00 0.000000000000000000e+00 
3.594710258767008781e-03 3.605387639254331589e-03 3.612549742683768272e-03 3.632454201579093933e-03 3.661556169390678406e-03 3.669384866952896118e-03 3.682095557451248169e-03 3.739263396710157394e-03 3.834068309515714645e-03 3.926255274564027786e-03 4.145659506320953369e-03 4.423795733600854874e-03 6.840136367827653885e-03 2.980502136051654816e-02 2.696859836578369141e-01 8.026673197746276855e-01 9.777255058288574219e-01 9.922382831573486328e-01 9.943190217018127441e-01 9.948971271514892578e-01 9.950653314590454102e-01 9.951325654983520508e-01 0.000000000000000000e+00 0.000000000000000000e+00 
2.839244643837446347e-06 4.078614892932819203e-06 4.711640031018760055e-06 5.751227490691235289e-06 6.645260782534023747e-06 8.279658686660695821e-06 8.190388143702875823e-06 1.012164557323558256e-05 1.675976272963453084e-05 1.963959584827534854e-05 3.600691707106307149e-05 5.285738370730541646e-05 6.299132364802062511e-04 5.536910612136125565e-03 2.229100093245506287e-02 2.120485529303550720e-02 4.447612911462783813e-03 5.498740356415510178e-04 5.479331593960523605e-05 1.805019928724505007e-05 1.077860451914602891e-05 4.027638169645797461e-06 0.000000000000000000e+00 0.000000000000000000e+00 
3.526057116687297821e-03 3.536212025210261345e-03 3.543148748576641083e-03 3.562240162864327431e-03 3.590160049498081207e-03 3.597771050408482552e-03 3.609935520216822624e-03 3.664983436465263367e-03 3.756352700293064117e-03 3.845328697934746742e-03 4.056241828948259354e-03 4.324486479163169861e-03 6.637614686042070389e-03 2.868897467851638794e-02 2.633430659770965576e-01 7.991500496864318848e-01 9.775800704956054688e-01 9.923342466354370117e-01 9.944269061088562012e-01 9.950015544891357422e-01 9.951680302619934082e-01 9.952337741851806641e-01 0.000000000000000000e+00 0.000000000000000000e+00 
2.732186658249702305e-06 3.921144070773152635e-06 4.529453690338414162e-06 5.539389348996337503e-06 6.405660769814858213e-06 7.979899237398058176e-06 7.895095222920645028e-06 9.753603990247938782e-06 1.615384462638758123e-05 1.900802817544899881e-05 3.463434040895663202e-05 5.089146725367754698e-05 5.971081554889678955e-04 5.372817162424325943e-03 2.206797152757644653e-02 2.147230878472328186e-02 4.535121377557516098e-03 5.625735502690076828e-04 5.447804142022505403e-05 1.786301618267316371e-05 1.063173567672492936e-05 3.980878773290896788e-06 0.000000000000000000e+00 0.000000000000000000e+00 
3.460478270426392555e-03 3.470333758741617203e-03 3.477172227576375008e-03 3.495692508295178413e-03 3.522921353578567505e-03 3.530470887199044228e-03 3.542275866493582726e-03 3.596053691580891609e-03 3.685359843075275421e-03 3.772750962525606155e-03 3.978915046900510788e-03 4.242821596562862396e-03 6.532350555062294006e-03 2.854229509830474854e-02 2.639737129211425781e-01 8.002173900604248047e-01 9.779631495475769043e-01 9.924973845481872559e-01 9.945469498634338379e-01 9.951077103614807129e-01 9.952696561813354492e-01 9.953329563140869141e-01 0.000000000000000000e+00 0.000000000000000000e+00 
2.657214508872129954e-06 3.813905095739755780e-06 4.409299435792490840e-06 5.397394488682039082e-06 6.253731498873094097e-06 7.789748451614286751e-06 7.702471521042753011e-06 9.530302122584544122e-06 1.578019691805820912e-05 1.871142922027502209e-05 3.391975769773125648e-05 5.014484122511930764e-05 5.944058066233992577e-04 5.387976299971342087e-03 2.213406376540660858e-02 2.146189287304878235e-02 4.514333792030811310e-03 5.535492091439664364e-04 5.326276368577964604e-05 1.743506800266914070e-05 1.035631976264994591e-05 3.902508069586474448e-06 0.000000000000000000e+00 0.000000000000000000e+00 
3.396385814994573593e-03 3.405715338885784149e-03 3.412320744246244431e-03 3.430055454373359680e-03 3.456194885075092316e-03 3.463489469140768051e-03 3.474729135632514954e-03 3.526469925418496132e-03 3.612471744418144226e-03 3.696864936500787735e-03 3.894528839737176895e-03 4.148951731622219086e-03 6.327646784484386444e-03 2.725897729396820068e-02 2.559188306331634521e-01 7.954772114753723145e-01 9.776890873908996582e-01 9.925791621208190918e-01 9.946502447128295898e-01 9.952059984207153320e-01 9.953666925430297852e-01 9.954286217689514160e-01 0.000000000000000000e+00 0.000000000000000000e+00 
2.555290848249569535e-06 3.665687245302251540e-06 4.234184416418429464e-06 5.193805009184870869e-06 6.023969035595655441e-06 7.496317266486585140e-06 7.415556410705903545e-06 9.172215868602506816e-06 1.520560999779263511e-05 1.813311064324807376e-05 3.258442666265182197e-05 4.823718336410820484e-05 5.567575572058558464e-04 5.180152133107185364e-03 2.182721905410289764e-02 2.180091105401515961e-02 4.631475545465946198e-03 5.727939424104988575e-04 5.292287460179068148e-05 1.726451773720327765e-05 1.020331092149717733e-05 3.864091013383585960e-06 0.000000000000000000e+00 0.000000000000000000e+00 
3.335549961775541306e-03 3.344675991684198380e-03 3.351220395416021347e-03 3.368585836142301559e-03 3.394318744540214539e-03 3.401592839509248734e-03 3.412613179534673691e-03 3.463677130639553070e-03 3.548621432855725288e-03 3.632507985457777977e-03 3.827478736639022827e-03 4.081209190189838409e-03 6.280381698161363602e-03 2.766077592968940735e-02 2.606236338615417480e-01 7.992585897445678711e-01 9.783809185028076172e-01 9.927763342857360840e-01 9.947726130485534668e-01 9.953086972236633301e-01 9.954635500907897949e-01 9.955223202705383301e-01 0.000000000000000000e+00 0.000000000000000000e+00 
2.501712742741801776e-06 3.590475671444437467e-06 4.153686859353911132e-06 5.098141173220938072e-06 5.926903213548939675e-06 7.378452664852375165e-06 7.292293503269320354e-06 9.058728210220579058e-06 1.502016766607994214e-05 1.805996907933149487e-05 3.228408968425355852e-05 4.821939000976271927e-05 5.699438625015318394e-04 5.299322772771120071e-03 2.206666767597198486e-02 2.162942290306091309e-02 4.547603894025087357e-03 5.504564032889902592e-04 5.122182119521312416e-05 1.670115307206287980e-05 9.867048902378883213e-06 3.764922894333722070e-06 0.000000000000000000e+00 0.000000000000000000e+00 
3.275488037616014481e-03 3.284078091382980347e-03 3.290369641035795212e-03 3.306928789243102074e-03 3.331542713567614555e-03 3.338522743433713913e-03 3.348974045366048813e-03 3.397921798750758171e-03 3.479431848973035812e-03 3.560097655281424522e-03 3.745793597772717476e-03 3.989072982221841812e-03 6.056386046111583710e-03 2.606854774057865143e-02 2.497725337743759155e-01 7.924692630767822266e-01 9.778364300727844238e-01 9.928101897239685059e-01 9.948588609695434570e-01 9.953982234001159668e-01 9.955537319183349609e-01 9.956124424934387207e-01 0.000000000000000000e+00 0.000000000000000000e+00 
2.398721335339359939e-06 3.441666194703429937e-06 3.978923814429435879e-06 4.892141532764071599e-06 5.691488695447333157e-06 7.076735073496820405e-06 6.998026037763338536e-06 8.692805749888066202e-06 1.442144912289222702e-05 1.741682535794097930e-05 3.082296825596131384e-05 4.601143155014142394e-05 5.237204022705554962e-04 5.020932294428348541e-03 2.162430062890052795e-02 2.207795716822147369e-02 4.710637964308261871e-03 5.812941817566752434e-04 5.153477104613557458e-05 1.669118319114204496e-05 9.801420674193650484e-06 3.726941486092982814e-06 0.000000000000000000e+00 0.000000000000000000e+00 
3.218741388991475105e-03 3.227232256904244423e-03 3.233458846807479858e-03 3.249779343605041504e-03 3.274155780673027039e-03 3.281128825619816780e-03 3.291474655270576477e-03 3.340090624988079071e-03 3.421115456148982048e-03 3.501619212329387665e-03 3.686391748487949371e-03 3.930749837309122086e-03 6.039862986654043198e-03 2.674210071563720703e-02 2.565999031066894531e-01 7.976884841918945312e-01 9.786702394485473633e-01 9.930163621902465820e-01 9.949763417243957520e-01 9.954954981803894043e-01 9.956446886062622070e-01 9.957005381584167480e-01 0.000000000000000000e+00 0.000000000000000000e+00 
2.357156745347310789e-06 3.384900765013298951e-06 3.921981260646134615e-06 4.821366019314154983e-06 5.627043719869107008e-06 7.001451194810215384e-06 6.918802228028653190e-06 8.636434358777478337e-06 1.433458146493649110e-05 1.743619395710993558e-05 3.082504190388135612e-05 4.637072197510860860e-05 5.441824905574321747e-04 5.193476099520921707e-03 2.195861376821994781e-02 2.182025089859962463e-02 4.594065248966217041e-03 5.515944212675094604e-04 4.972050010110251606e-05 1.609205173735972494e-05 9.465326911595184356e-06 3.619217750383540988e-06 0.000000000000000000e+00 0.000000000000000000e+00 
3.162842476740479469e-03 3.170941025018692017e-03 3.176989732310175896e-03 3.192652948200702667e-03 3.216243814677000046e-03 3.222989384084939957e-03 3.232883289456367493e-03 3.279946511611342430e-03 3.358405316248536110e-03 3.436721395701169968e-03 3.614892484620213509e-03 3.851799527183175087e-03 5.872504319995641708e-03 2.568699419498443604e-02 2.496726214885711670e-01 7.935152649879455566e-01 9.784190654754638672e-01 9.930816888809204102e-01 9.950636625289916992e-01 9.955812096595764160e-01 9.957296848297119141e-01 9.957851767539978027e-01 0.000000000000000000e+00 0.000000000000000000e+00 
2.274555981784942560e-06 3.266333123974618502e-06 3.785375838560867123e-06 4.659452770283678547e-06 5.454353413369972259e-06 6.771779226255603135e-06 6.691638191114179790e-06 8.366308975382708013e-06 1.389205863233655691e-05 1.700761094980407506e-05 2.985235914820805192e-05 4.487270052777603269e-05 5.142627051100134850e-04 5.015001166611909866e-03 2.168315835297107697e-02 2.211224287748336792e-02 4.696171265095472336e-03 5.698440363630652428e-04 4.957259079674258828e-05 1.596052788954693824e-05 9.351962944492697716e-06 3.567425437722704373e-06 0.000000000000000000e+00 0.000000000000000000e+00 
3.109744749963283539e-03 3.117751795798540115e-03 3.123813541606068611e-03 3.139201086014509201e-03 3.162632463499903679e-03 3.169416217133402824e-03 3.179141785949468613e-03 3.225952386856079102e-03 3.304045880213379860e-03 3.382610157132148743e-03 3.560096025466918945e-03 3.797847079113125801e-03 5.858677905052900314e-03 2.631985209882259369e-02 2.561175525188446045e-01 7.983916997909545898e-01 9.791857600212097168e-01 9.932702779769897461e-01 9.951721429824829102e-01 9.956715703010559082e-01 9.958146810531616211e-01 9.958676099777221680e-01 0.000000000000000000e+00 0.000000000000000000e+00 
2.237199169030645862e-06 3.215669039491331205e-06 3.735384552783216350e-06 4.602771241479786113e-06 5.408971446740906686e-06 6.708512955810874701e-06 6.614505309698870406e-06 8.320056622324045748e-06 1.382797745463903993e-05 1.711761069600470364e-05 2.990764187416061759e-05 4.523469760897569358e-05 5.341279902495443821e-04 5.176386330276727676e-03 2.199942804872989655e-02 2.187019214034080505e-02 4.588821437209844589e-03 5.432758480310440063e-04 4.794879350811243057e-05 1.542087920824997127e-05 9.044765647558961064e-06 3.465227109700208530e-06 0.000000000000000000e+00 0.000000000000000000e+00 
3.057891735807061195e-03 3.065640339627861977e-03 3.071609884500503540e-03 3.086607903242111206e-03 3.109547542408108711e-03 3.116222796961665154e-03 3.125731367617845535e-03 3.171668155118823051e-03 3.248604480177164078e-03 3.326167585328221321e-03 3.500413382425904274e-03 3.735347883775830269e-03 5.776221398264169693e-03 2.614519931375980377e-02 2.561534345149993896e-01 7.988964915275573730e-01 9.794505238533020020e-01 9.933932423591613770e-01 9.952656626701354980e-01 9.957554936408996582e-01 9.958955645561218262e-01 9.959472417831420898e-01 0.000000000000000000e+00 0.000000000000000000e+00 
2.180692490583169274e-06 3.137256953777978197e-06 3.647461426226072945e-06 4.512322448135819286e-06 5.307881110638845712e-06 6.573795417352812365e-06 6.484139248641440645e-06 8.177968084055464715e-06 1.362584225717000663e-05 1.699273889244068414e-05 2.948829569504596293e-05 4.473293301998637617e-05 5.304721416905522346e-04 5.173446144908666611e-03 2.203191258013248444e-02 2.188517339527606964e-02 4.582614637911319733e-03 5.385270924307405949e-04 4.707373591372743249e-05 1.509346475359052420e-05 8.841213457344565541e-06 3.387305014257435687e-06 0.000000000000000000e+00 0.000000000000000000e+00 
3.007855033501982689e-03 3.015403170138597488e-03 3.021283540874719620e-03 3.036003559827804565e-03 3.058587200939655304e-03 3.065195633098483086e-03 3.074601758271455765e-03 3.120049601420760155e-03 3.196283709257841110e-03 3.273243783041834831e-03 3.445614594966173172e-03 3.679692745208740234e-03 5.727607756853103638e-03 2.633248269557952881e-02 2.590214014053344727e-01 8.012848496437072754e-01 9.799127578735351562e-01 9.935372471809387207e-01 9.953606724739074707e-01 9.958381652832031250e-01 9.959742426872253418e-01 9.960241317749023438e-01 0.000000000000000000e+00 0.000000000000000000e+00 
2.137059027518262155e-06 3.074280584769439884e-06 3.577695906642475165e-06 4.443163561518304050e-06 5.232519015407888219e-06 6.482151547970715910e-06 6.398759978765156120e-06 8.104140761133749038e-06 1.351160244666971266e-05 1.696724575594998896e-05 2.928730100393295288e-05 4.461163916857913136e-05 5.372680025175213814e-04 5.243353080004453659e-03 2.218797989189624786e-02 2.178516052663326263e-02 4.532468970865011215e-03 5.246708169579505920e-04 4.593166522681713104e-05 1.469071048632031307e-05 8.605962648289278150e-06 3.302192226328770630e-06 0.000000000000000000e+00 0.000000000000000000e+00 
2.958583878353238106e-03 2.965748542919754982e-03 2.971341833472251892e-03 2.985503524541854858e-03 3.007295075803995132e-03 3.013671142980456352e-03 3.022675402462482452e-03 3.066926030442118645e-03 3.140986897051334381e-03 3.215628443285822868e-03 3.382162423804402351e-03 3.609003266319632530e-03 5.548465065658092499e-03 2.493963763117790222e-02 2.490905076265335083e-01 7.951360940933227539e-01 9.794729948043823242e-01 9.935805201530456543e-01 9.954389929771423340e-01 9.959129691123962402e-01 9.960483908653259277e-01 9.960980415344238281e-01 0.000000000000000000e+00 0.000000000000000000e+00 
2.062933617708040401e-06 2.984408638440072536e-06 3.441090711930883117e-06 4.309253654355416074e-06 5.087578301754547283e-06 6.307659987214719877e-06 6.206223588378634304e-06 7.903882760729175061e-06 1.315549343416932970e-05 1.664108094701077789e-05 2.835509985743556172e-05 4.303464811528101563e-05 4.972166498191654682e-04 4.985861480236053467e-03 2.178058028221130371e-02 2.220392785966396332e-02 4.684505984187126160e-03 5.510827177204191685e-04 4.575323691824451089e-05 1.457559301343280822e-05 8.510765837854705751e-06 3.260909124946920201e-06 0.000000000000000000e+00 0.000000000000000000e+00 
2.911922056227922440e-03 2.919052960351109505e-03 2.924586180597543716e-03 2.938705030828714371e-03 2.960416721180081367e-03 2.966829109936952591e-03 2.975702984258532524e-03 3.020301926881074905e-03 3.094461979344487190e-03 3.169084666296839714e-03 3.336899215355515480e-03 3.565071849152445793e-03 5.552768707275390625e-03 2.568218298256397247e-02 2.564803361892700195e-01 8.005813360214233398e-01 9.802566170692443848e-01 9.937577843666076660e-01 9.955356121063232422e-01 9.959927797317504883e-01 9.961227774620056152e-01 9.961704611778259277e-01 0.000000000000000000e+00 0.000000000000000000e+00 
2.038591901509789750e-06 2.961868631246034056e-06 3.405346205909154378e-06 4.299811735108960420e-06 5.082886673335451633e-06 6.311958713922649622e-06 6.176946499181212857e-06 7.960479706525802612e-06 1.318793874816037714e-05 1.677252475928980857e-05 2.852977922884747386e-05 4.348679431132040918e-05 5.197639693506062031e-04 5.170628428459167480e-03 2.213908545672893524e-02 2.192171290516853333e-02 4.563501104712486267e-03 5.221879109740257263e-04 4.420262848725542426e-05 1.405904367857147008e-05 8.232266736740712076e-06 3.165949920003185980e-06 0.000000000000000000e+00 0.000000000000000000e+00 
2.866128692403435707e-03 2.873016754165291786e-03 2.878425177186727524e-03 2.892216900363564491e-03 2.913524396717548370e-03 2.919790102168917656e-03 2.928385278210043907e-03 2.972505986690521240e-03 3.045553108677268028e-03 3.118732478469610214e-03 3.284224309027194977e-03 3.508340567350387573e-03 5.461581982672214508e-03 2.530701272189617157e-02 2.547402381896972656e-01 7.998573184013366699e-01 9.803559780120849609e-01 9.938477873802185059e-01 9.956135153770446777e-01 9.960651993751525879e-01 9.961933493614196777e-01 9.962400794029235840e-01 0.000000000000000000e+00 0.000000000000000000e+00 
1.992962324948166497e-06 2.896570777011220343e-06 3.322456223031622358e-06 4.224096755933715031e-06 5.002985744795296341e-06 6.209321327332872897e-06 6.055799985915655270e-06 7.868565262469928712e-06 1.300009807891910896e-05 1.658123983361292630e-05 2.807407872751355171e-05 4.278061169316060841e-05 5.097048706375062466e-04 5.123940296471118927e-03 2.209119684994220734e-02 2.200649306178092957e-02 4.586633760482072830e-03 5.237668519839644432e-04 4.367746805655770004e-05 1.382374011882347986e-05 8.087316018645651639e-06 3.102707296420703642e-06 0.000000000000000000e+00 0.000000000000000000e+00 
2.821466652676463127e-03 2.828045981004834175e-03 2.833297243341803551e-03 2.846568357199430466e-03 2.867227653041481972e-03 2.873310586437582970e-03 2.881631022319197655e-03 2.924419473856687546e-03 2.995397895574569702e-03 3.066542092710733414e-03 3.226777771487832069e-03 3.444270929321646690e-03 5.322131793946027756e-03 2.441994659602642059e-02 2.489238679409027100e-01 7.964279055595397949e-01 9.801741242408752441e-01 9.939045906066894531e-01 9.956840872764587402e-01 9.961338639259338379e-01 9.962610006332397461e-01 9.963071942329406738e-01 0.000000000000000000e+00 0.000000000000000000e+00 
1.928792698890902102e-06 2.803801635309355333e-06 3.217292260160320438e-06 4.095084022992523387e-06 4.858643023908371106e-06 6.027348717907443643e-06 5.882410732738208026e-06 7.639569957973435521e-06 1.263078684132779017e-05 1.613029598956927657e-05 2.719727126532234251e-05 4.141688987147063017e-05 4.848124517593532801e-04 4.974976181983947754e-03 2.186630107462406158e-02 2.225885540246963501e-02 4.674778785556554794e-03 5.382136441767215729e-04 4.346098648966290057e-05 1.368361336062662303e-05 7.985741831362247467e-06 3.053786485907039605e-06 0.000000000000000000e+00 0.000000000000000000e+00 
2.779071452096104622e-03 2.785672200843691826e-03 2.790968865156173706e-03 2.803978743031620979e-03 2.824555616825819016e-03 2.830731216818094254e-03 2.839241642504930496e-03 2.881125314161181450e-03 2.951526083052158356e-03 3.022727556526660919e-03 3.181200474500656128e-03 3.399747656658291817e-03 5.332548636943101883e-03 2.543853223323822021e-02 2.594934999942779541e-01 8.041310310363769531e-01 9.812107682228088379e-01 9.941114783287048340e-01 9.957824945449829102e-01 9.962089657783508301e-01 9.963294863700866699e-01 9.963731169700622559e-01 0.000000000000000000e+00 0.000000000000000000e+00 
1.901538666970736813e-06 2.758203436314943247e-06 3.202093694198993035e-06 4.018963863927638158e-06 4.789537797478260472e-06 5.949927526671672240e-06 5.842323844262864441e-06 7.488483788620214909e-06 1.246786359843099490e-05 1.591132604517042637e-05 2.703166501305531710e-05 4.159105446888133883e-05 5.146371549926698208e-04 5.237767472863197327e-03 2.238980494439601898e-02 2.185567654669284821e-02 4.503274802118539810e-03 4.974995390512049198e-04 4.141194585827179253e-05 1.306006925005931407e-05 7.658327376702800393e-06 2.953241164505016059e-06 0.000000000000000000e+00 0.000000000000000000e+00 
2.737113740295171738e-03 2.743416465818881989e-03 2.748555038124322891e-03 2.761104609817266464e-03 2.781085204333066940e-03 2.787080360576510429e-03 2.795309294015169144e-03 2.836118452250957489e-03 2.904640277847647667e-03 2.973992843180894852e-03 3.127912292256951332e-03 3.340316936373710632e-03 5.199724342674016953e-03 2.456571534276008606e-02 2.536834180355072021e-01 8.007735013961791992e-01 9.810397624969482422e-01 9.941670298576354980e-01 9.958499073982238770e-01 9.962735176086425781e-01 9.963931441307067871e-01 9.964362978935241699e-01 0.000000000000000000e+00 0.000000000000000000e+00 
1.843251197897188831e-06 2.676261146916658618e-06 3.102490836681681685e-06 3.908685812348267063e-06 4.664471816795412451e-06 5.791974217572715133e-06 5.682941718987422064e-06 7.304742666747188196e-06 1.214576423080870882e-05 1.553740003146231174e-05 2.625469460326712579e-05 4.035241727251559496e-05 4.894948215223848820e-04 5.091120488941669464e-03 2.216814830899238586e-02 2.210703305900096893e-02 4.591518547385931015e-03 5.109546473249793053e-04 4.114826879231259227e-05 1.291813441639533266e-05 7.554193871328607202e-06 2.908000851675751619e-06 0.000000000000000000e+00 0.000000000000000000e+00 
2.696965122595429420e-03 2.703168196603655815e-03 2.708235057070851326e-03 2.720631891861557961e-03 2.740407595410943031e-03 2.746368292719125748e-03 2.754466608166694641e-03 2.795201027765870094e-03 2.863372676074504852e-03 2.932298928499221802e-03 3.086097305640578270e-03 3.297792514786124229e-03 5.172303877770900726e-03 2.486649155616760254e-02 2.574450075626373291e-01 8.036567568778991699e-01 9.814952015876770020e-01 9.942896962165832520e-01 9.959263801574707031e-01 9.963398575782775879e-01 9.964561462402343750e-01 9.964979290962219238e-01 0.000000000000000000e+00 0.000000000000000000e+00 
1.813643621062510647e-06 2.642647586981183849e-06 3.054957232961896807e-06 3.875913080264581367e-06 4.631853244063677266e-06 5.753590357926441357e-06 5.623559900413965806e-06 7.298620403162203729e-06 1.209878155350452289e-05 1.553977926960214972e-05 2.619714541651774198e-05 4.036487734992988408e-05 4.986725980415940285e-04 5.182104185223579407e-03 2.236200124025344849e-02 2.196875214576721191e-02 4.529817961156368256e-03 4.958900390192866325e-04 4.018285835627466440e-05 1.257877738680690527e-05 7.361355528701096773e-06 2.839008857336011715e-06 0.000000000000000000e+00 0.000000000000000000e+00 
2.657483331859111786e-03 2.663383260369300842e-03 2.668336033821105957e-03 2.680209465324878693e-03 2.699385164305567741e-03 2.705161692574620247e-03 2.713050227612257004e-03 2.752237487584352493e-03 2.818236825987696648e-03 2.885232446715235710e-03 3.033220302313566208e-03 3.238351782783865929e-03 5.038042552769184113e-03 2.401947043836116791e-02 2.519525289535522461e-01 8.005135655403137207e-01 9.813356399536132812e-01 9.943400621414184570e-01 9.959884285926818848e-01 9.964002966880798340e-01 9.965159296989440918e-01 9.965574741363525391e-01 0.000000000000000000e+00 0.000000000000000000e+00 
1.755138214321050327e-06 2.549428245401941240e-06 2.963193537652841769e-06 3.741062755580060184e-06 4.481810265133390203e-06 5.561746093007968739e-06 5.455221071315463632e-06 7.025003469607327133e-06 1.168726885225623846e-05 1.501010592619422823e-05 2.525891068216878921e-05 3.897249916917644441e-05 4.745131300296634436e-04 5.043666344135999680e-03 2.215666696429252625e-02 2.220662124454975128e-02 4.614247474819421768e-03 5.084195872768759727e-04 3.998680404038168490e-05 1.245760267920559272e-05 7.272390121215721592e-06 2.797855131575488485e-06 0.000000000000000000e+00 0.000000000000000000e+00 
2.619901672005653381e-03 2.625757595524191856e-03 2.630718518048524857e-03 2.642458071932196617e-03 2.661556005477905273e-03 2.667338121682405472e-03 2.675218740478157997e-03 2.714170375838875771e-03 2.779900562018156052e-03 2.846849849447607994e-03 2.994550624862313271e-03 3.200266975909471512e-03 5.042628385126590729e-03 2.477758377790451050e-02 2.598824501037597656e-01 8.061965107917785645e-01 9.820709228515625000e-01 9.944915771484375000e-01 9.960663914680480957e-01 9.964645504951477051e-01 9.965759515762329102e-01 9.966157078742980957e-01 0.000000000000000000e+00 0.000000000000000000e+00 
1.734006332299031783e-06 2.518251449146191590e-06 2.940249487437540665e-06 3.707780933837057091e-06 4.450990672921761870e-06 5.522829724213806912e-06 5.417532520368695259e-06 6.976890745136188343e-06 1.162071930593810976e-05 1.495113610872067511e-05 2.522633258195128292e-05 3.919131995644420385e-05 4.968811990693211555e-04 5.239119287580251694e-03 2.254367060959339142e-02 2.189945243299007416e-02 4.487175494432449341e-03 4.801324685104191303e-04 3.866071710945107043e-05 1.203000010718824342e-05 7.036324404907645658e-06 2.719869598877266981e-06 0.000000000000000000e+00 0.000000000000000000e+00 
2.582492306828498840e-03 2.588003408163785934e-03 2.592753153294324875e-03 2.604023087769746780e-03 2.622432075440883636e-03 2.627987181767821312e-03 2.635563258081674576e-03 2.673343988135457039e-03 2.737047616392374039e-03 2.801872557029128075e-03 2.944592619314789772e-03 3.143071196973323822e-03 4.884967580437660217e-03 2.345816977322101593e-02 2.498781234025955200e-01 8.000234961509704590e-01 9.815996885299682617e-01 9.945058822631835938e-01 9.961207509040832520e-01 9.965200424194335938e-01 9.966317415237426758e-01 9.966714382171630859e-01 0.000000000000000000e+00 0.000000000000000000e+00 
1.674387590355763678e-06 2.433439476590137929e-06 2.831098072419990785e-06 3.588787421904271469e-06 4.313390036259079352e-06 5.353251253836788237e-06 5.246755335974739864e-06 6.783463049941929057e-06 1.128002350014867261e-05 1.454672928957734257e-05 2.436122122162487358e-05 3.769756949623115361e-05 4.592188051901757717e-04 4.987867549061775208e-03 2.212830632925033569e-02 2.231923304498195648e-02 4.644622560590505600e-03 5.072188214398920536e-04 3.878399002132937312e-05 1.200100359710631892e-05 6.984330866544041783e-06 2.690994051590678282e-06 0.000000000000000000e+00 0.000000000000000000e+00 
2.546621719375252724e-03 2.551941201090812683e-03 2.556553808972239494e-03 2.567597199231386185e-03 2.585656475275754929e-03 2.591078169643878937e-03 2.598481019958853722e-03 2.635897835716605186e-03 2.698811935260891914e-03 2.762689255177974701e-03 2.903927117586135864e-03 3.099628724157810211e-03 4.814764019101858139e-03 2.314943447709083557e-02 2.483375221490859985e-01 7.994077205657958984e-01 9.816900491714477539e-01 9.945833086967468262e-01 9.961847066879272461e-01 9.965775609016418457e-01 9.966869950294494629e-01 9.967260360717773438e-01 0.000000000000000000e+00 0.000000000000000000e+00 
1.638160597394744400e-06 2.387823542449041270e-06 2.765225417533656582e-06 3.534729557941318490e-06 4.252915914548793808e-06 5.278364824334857985e-06 5.157236955710686743e-06 6.732587280566804111e-06 1.116004023060668260e-05 1.444057397748110816e-05 2.406562452961225063e-05 3.721185203175991774e-05 4.509064310695976019e-04 4.947496112436056137e-03 2.208636328577995300e-02 2.239564992487430573e-02 4.668232984840869904e-03 5.087085301056504250e-04 3.819771518465131521e-05 1.178125421574804932e-05 6.847016265965066850e-06 2.642097797433962114e-06 0.000000000000000000e+00 0.000000000000000000e+00 
2.512618433684110641e-03 2.518075052648782730e-03 2.522761933505535126e-03 2.534026280045509338e-03 2.552415244281291962e-03 2.557996660470962524e-03 2.565441187471151352e-03 2.604070818051695824e-03 2.668494591489434242e-03 2.733708126470446587e-03 2.879814943298697472e-03 3.081528004258871078e-03 4.916620440781116486e-03 2.488282322883605957e-02 2.643159627914428711e-01 8.102520704269409180e-01 9.829203486442565918e-01 9.947894215583801270e-01 9.962700009346008301e-01 9.966405034065246582e-01 9.967434406280517578e-01 9.967796206474304199e-01 0.000000000000000000e+00 0.000000000000000000e+00 
1.651088723519933410e-06 2.414466280242777430e-06 2.788779056572820991e-06 3.599706587920081802e-06 4.335355242801597342e-06 5.388792033045319840e-06 5.226747362030437216e-06 6.935260898899286985e-06 1.143374720413703471e-05 1.487095323682297021e-05 2.481741285009775311e-05 3.865906910505145788e-05 5.018531810492277145e-04 5.337777081876993179e-03 2.282078377902507782e-02 2.176194451749324799e-02 4.418472293764352798e-03 4.576905048452317715e-04 3.619086055550724268e-05 1.117631018132669851e-05 6.522978310385951772e-06 2.546240466472227126e-06 0.000000000000000000e+00 0.000000000000000000e+00 
2.477911533787846565e-03 2.482900628820061684e-03 2.487345132976770401e-03 2.497980138286948204e-03 2.515434287488460541e-03 2.520674606785178185e-03 2.527676988393068314e-03 2.564639318734407425e-03 2.626135013997554779e-03 2.688257955014705658e-03 2.826788928359746933e-03 3.017288399860262871e-03 4.683163482695817947e-03 2.257597073912620544e-02 2.454949170351028442e-01 7.982743382453918457e-01 9.818699955940246582e-01 9.947323203086853027e-01 9.963076710700988770e-01 9.966876506805419922e-01 9.967933297157287598e-01 9.968305826187133789e-01 0.000000000000000000e+00 0.000000000000000000e+00 
1.578109049660270102e-06 2.302155280631268397e-06 2.649180487424018793e-06 3.444044295974890701e-06 4.151392658968688920e-06 5.146077910467283800e-06 4.991991772840265185e-06 6.643133019679225981e-06 1.093254650186281651e-05 1.423181947757257149e-05 2.349376882193610072e-05 3.629885759437456727e-05 4.359307931736111641e-04 4.872786346822977066e-03 2.200942113995552063e-02 2.253992669284343719e-02 4.712759982794523239e-03 5.113712977617979050e-04 3.705538256326690316e-05 1.135607089963741601e-05 6.576013220183085650e-06 2.547765006966073997e-06 0.000000000000000000e+00 0.000000000000000000e+00 
2.445219084620475769e-03 2.450169064104557037e-03 2.454589121043682098e-03 2.465087920427322388e-03 2.482406329363584518e-03 2.487662015482783318e-03 2.494641114026308060e-03 2.531406003981828690e-03 2.592624863609671593e-03 2.654575044289231300e-03 2.792790299281477928e-03 2.983324695378541946e-03 4.669981077313423157e-03 2.297905087471008301e-02 2.502641081809997559e-01 8.018392324447631836e-01 9.823620319366455078e-01 9.948460459709167480e-01 9.963718056678771973e-01 9.967421293258666992e-01 9.968447685241699219e-01 9.968807697296142578e-01 0.000000000000000000e+00 0.000000000000000000e+00 
1.556801976221322548e-06 2.273239715577801690e-06 2.620399982333765365e-06 3.409274768273462541e-06 4.117768639844143763e-06 5.110108304506866261e-06 4.952504241373389959e-06 6.613155619561439380e-06 1.087829150492325425e-05 1.419638010702328756e-05 2.344088716199621558e-05 3.636578549048863351e-05 4.476511967368423939e-04 4.989953711628913879e-03 2.225473523139953613e-02 2.236014045774936676e-02 4.637786652892827988e-03 4.930309951305389404e-04 3.611508509493432939e-05 1.104749480873579159e-05 6.397740889951819554e-06 2.487357733116368763e-06 0.000000000000000000e+00 0.000000000000000000e+00 
2.413451205939054489e-03 2.418287331238389015e-03 2.422659890726208687e-03 2.433124231174588203e-03 2.450353000313043594e-03 2.455535111948847771e-03 2.462501637637615204e-03 2.499542897567152977e-03 2.560881897807121277e-03 2.622763393446803093e-03 2.761311363428831100e-03 2.951816888526082039e-03 4.647525493055582047e-03 2.317345514893531799e-02 2.530756890773773193e-01 8.040857315063476562e-01 9.827418923377990723e-01 9.949549436569213867e-01 9.964380264282226562e-01 9.967959523200988770e-01 9.968950152397155762e-01 9.969296455383300781e-01 0.000000000000000000e+00 0.000000000000000000e+00 
1.545741611153061967e-06 2.253644652228103951e-06 2.588363713584840298e-06 3.407282292755553499e-06 4.116829131817212328e-06 5.103805051476228982e-06 4.925330813421169296e-06 6.663424301223130897e-06 1.089640227291965857e-05 1.426086328137898818e-05 2.344756649108603597e-05 3.641105649876408279e-05 4.532864841166883707e-04 5.056699272245168686e-03 2.240981906652450562e-02 2.226333133876323700e-02 4.594543483108282089e-03 4.805148928426206112e-04 3.507459041429683566e-05 1.071865881385747343e-05 6.214097538759233430e-06 2.432590235912357457e-06 0.000000000000000000e+00 0.000000000000000000e+00 
2.382199745625257492e-03 2.386937150731682777e-03 2.391245914623141289e-03 2.401264151558279991e-03 2.418009564280509949e-03 2.423187484964728355e-03 2.430048538371920586e-03 2.465578494593501091e-03 2.525075571611523628e-03 2.585587324574589729e-03 2.719716401770710945e-03 2.905998844653367996e-03 4.560093861073255539e-03 2.275461703538894653e-02 2.508839964866638184e-01 8.030554652214050293e-01 9.827760457992553711e-01 9.950146675109863281e-01 9.964906573295593262e-01 9.968449473381042480e-01 9.969428777694702148e-01 9.969769716262817383e-01 0.000000000000000000e+00 0.000000000000000000e+00 
1.493631998528144322e-06 2.184471441069035791e-06 2.528612412788788788e-06 3.286830633442150429e-06 3.984798240708187222e-06 4.948655714542837813e-06 4.804168838745681569e-06 6.416230917238863185e-06 1.056597193382913247e-05 1.383167818858055398e-05 2.278313331771641970e-05 3.551592453732155263e-05 4.418755997903645039e-04 5.001931916922330856e-03 2.234738320112228394e-02 2.236791513860225677e-02 4.628143273293972015e-03 4.829627578146755695e-04 3.468851355137303472e-05 1.056300880009075627e-05 6.113775725680170581e-06 2.392594524280866608e-06 0.000000000000000000e+00 0.000000000000000000e+00 
2.351821633055806160e-03 2.356384880840778351e-03 2.360582584515213966e-03 2.370303962379693985e-03 2.386630745604634285e-03 2.391702495515346527e-03 2.398448996245861053e-03 2.433120738714933395e-03 2.491375431418418884e-03 2.550730016082525253e-03 2.681829035282135010e-03 2.864376408979296684e-03 4.474427551031112671e-03 2.221869491040706635e-02 2.472139447927474976e-01 8.009442090988159180e-01 9.826873540878295898e-01 9.950572252273559570e-01 9.965388178825378418e-01 9.968916773796081543e-01 9.969891309738159180e-01 9.970229864120483398e-01 0.000000000000000000e+00 0.000000000000000000e+00 
1.454995754102128558e-06 2.127437483068206348e-06 2.466311798343667760e-06 3.205250095561495982e-06 3.892074801115086302e-06 4.836545940634096041e-06 4.700769295595819131e-06 6.276121894188690931e-06 1.034329943649936467e-05 1.355548647552495822e-05 2.227915865660179406e-05 3.474436380201950669e-05 4.272217338439077139e-04 4.910660907626152039e-03 2.220574207603931427e-02 2.252949960529804230e-02 4.685177933424711227e-03 4.913801676593720913e-04 3.449511132203042507e-05 1.046666511683724821e-05 6.039920208422699943e-06 2.360531425438239239e-06 0.000000000000000000e+00 0.000000000000000000e+00 
2.322708489373326302e-03 2.327236579731106758e-03 2.331415424123406410e-03 2.341060200706124306e-03 2.357315504923462868e-03 2.362392609938979149e-03 2.369132824242115021e-03 2.403737744316458702e-03 2.461908385157585144e-03 2.521285088732838631e-03 2.652504947036504745e-03 2.835710067301988602e-03 4.473855718970298767e-03 2.272592484951019287e-02 2.530192732810974121e-01 8.051250576972961426e-01 9.832298159599304199e-01 9.951734542846679688e-01 9.966002106666564941e-01 9.969418048858642578e-01 9.970356822013854980e-01 9.970681667327880859e-01 0.000000000000000000e+00 0.000000000000000000e+00 
1.440799223928479478e-06 2.108330590999685228e-06 2.447345195832895115e-06 3.185048171872040257e-06 3.873174591717543080e-06 4.818420620722463354e-06 4.677116066886810586e-06 6.268406650633551180e-06 1.032306226989021525e-05 1.356055690848734230e-05 2.229756501037627459e-05 3.492508039926178753e-05 4.418708849698305130e-04 5.049049388617277145e-03 2.249939553439617157e-02 2.230937965214252472e-02 4.595630802214145660e-03 4.708172345999628305e-04 3.345084405736997724e-05 1.013478049571858719e-05 5.859315933776088059e-06 2.303616611243342049e-06 0.000000000000000000e+00 0.000000000000000000e+00 
2.294369973242282867e-03 2.298798412084579468e-03 2.302937675267457962e-03 2.312503987923264503e-03 2.328659873455762863e-03 2.333687851205468178e-03 2.340296050533652306e-03 2.375057432800531387e-03 2.433193149045109749e-03 2.492426661774516106e-03 2.623945940285921097e-03 2.807187614962458611e-03 4.458194132894277573e-03 2.298211678862571716e-02 2.563920021057128906e-01 8.076471090316772461e-01 9.836030602455139160e-01 9.952710270881652832e-01 9.966582059860229492e-01 9.969895482063293457e-01 9.970805644989013672e-01 9.971118569374084473e-01 0.000000000000000000e+00 0.000000000000000000e+00 
1.428208065590297338e-06 2.091117949021281675e-06 2.419665406705462374e-06 3.174530547767062671e-06 3.862980520352721214e-06 4.804887339560082182e-06 4.641665327653754503e-06 6.290274086495628580e-06 1.031937426887452602e-05 1.359995712846284732e-05 2.230004429293330759e-05 3.500083039398305118e-05 4.493157030083239079e-04 5.128003656864166260e-03 2.267641015350818634e-02 2.218553610146045685e-02 4.542557522654533386e-03 4.576151841320097446e-04 3.257550270063802600e-05 9.852050425251945853e-06 5.705312105419579893e-06 2.255689651065040380e-06 0.000000000000000000e+00 0.000000000000000000e+00 
2.265922259539365768e-03 2.269979100674390793e-03 2.273948164656758308e-03 2.282854868099093437e-03 2.298175590112805367e-03 2.302952110767364502e-03 2.309355651959776878e-03 2.341814571991562843e-03 2.396821510046720505e-03 2.453362103551626205e-03 2.576551865786314011e-03 2.750199986621737480e-03 4.267479293048381805e-03 2.121777087450027466e-02 2.417643070220947266e-01 7.983762621879577637e-01 9.828335642814636230e-01 9.952341914176940918e-01 9.966909885406494141e-01 9.970291256904602051e-01 9.971219301223754883e-01 9.971540570259094238e-01 0.000000000000000000e+00 0.000000000000000000e+00 
1.359090106234361883e-06 1.980414026547805406e-06 2.311296157131437212e-06 2.995182967424625531e-06 3.655090949905570596e-06 4.547246135189197958e-06 4.432063633430516347e-06 5.899913503526477143e-06 9.754576240084134042e-06 1.282338325836462900e-05 2.100414349115453660e-05 3.289520827820524573e-05 4.002481291536241770e-04 4.772882908582687378e-03 2.204429358243942261e-02 2.279695868492126465e-02 4.769230261445045471e-03 5.003648111596703529e-04 3.313170964247547090e-05 9.963515367417130619e-06 5.730209522880613804e-06 2.250206762255402282e-06 0.000000000000000000e+00 0.000000000000000000e+00 
2.239183289930224419e-03 2.243285067379474640e-03 2.247288357466459274e-03 2.256196690723299980e-03 2.271580509841442108e-03 2.276443410664796829e-03 2.282929373905062675e-03 2.315552672371268272e-03 2.370896516367793083e-03 2.427961910143494606e-03 2.552384277805685997e-03 2.728651044890284538e-03 4.306338261812925339e-03 2.221237681806087494e-02 2.521767020225524902e-01 8.056243658065795898e-01 9.836448431015014648e-01 9.953734278678894043e-01 9.967512488365173340e-01 9.970763921737670898e-01 9.971653819084167480e-01 9.971957802772521973e-01 0.000000000000000000e+00 0.000000000000000000e+00 
1.354692926724965218e-06 1.974487759071053006e-06 2.313510776730254292e-06 2.994450369442347437e-06 3.660710490294150077e-06 4.563577476801583543e-06 4.444583282747771591e-06 5.931476607656804845e-06 9.806445632420945913e-06 1.292120305151911452e-05 2.122893238265533000e-05 3.348878817632794380e-05 4.281034343875944614e-04 5.022282246500253677e-03 2.255301363766193390e-02 2.238613553345203400e-02 4.613225348293781281e-03 4.652292118407785892e-04 3.188792106811888516e-05 9.595641131454613060e-06 5.528996553039178252e-06 2.188194002883392386e-06 0.000000000000000000e+00 0.000000000000000000e+00 
2.212988911196589470e-03 2.217067405581474304e-03 2.221039030700922012e-03 2.229925245046615601e-03 2.245261799544095993e-03 2.250131452456116676e-03 2.256594831123948097e-03 2.289439551532268524e-03 2.345060231164097786e-03 2.402220387011766434e-03 2.527845092117786407e-03 2.705242484807968140e-03 4.309673327952623367e-03 2.264865115284919739e-02 2.570864260196685791e-01 8.091427087783813477e-01 9.841011166572570801e-01 9.954794645309448242e-01 9.968089461326599121e-01 9.971218705177307129e-01 9.972072243690490723e-01 9.972363710403442383e-01 0.000000000000000000e+00 0.000000000000000000e+00 
1.345429723187407944e-06 1.966557420018943958e-06 2.294885234732646495e-06 2.995080421897000633e-06 3.665116537376889028e-06 4.572335456032305956e-06 4.434907623362960294e-06 5.985890766169177368e-06 9.861967555480077863e-06 1.303660337725887075e-05 2.136908369720913470e-05 3.378753172000870109e-05 4.406695370562374592e-04 5.138442385941743851e-03 2.279837056994438171e-02 2.219856344163417816e-02 4.542773123830556870e-03 4.481697687879204750e-04 3.087059303652495146e-05 9.269459042116068304e-06 5.353148480935487896e-06 2.136225248250411823e-06 0.000000000000000000e+00 0.000000000000000000e+00 
2.187108155339956284e-03 2.190987579524517059e-03 2.194826724007725716e-03 2.203510841354727745e-03 2.218459267169237137e-03 2.223199233412742615e-03 2.229441888630390167e-03 2.261860994622111320e-03 2.316599013283848763e-03 2.372680930420756340e-03 2.496385015547275543e-03 2.670422662049531937e-03 4.223536234349012375e-03 2.193300798535346985e-02 2.514024376869201660e-01 8.057104349136352539e-01 9.838885068893432617e-01 9.955039620399475098e-01 9.968502521514892578e-01 9.971618652343750000e-01 9.972467422485351562e-01 9.972755312919616699e-01 0.000000000000000000e+00 0.000000000000000000e+00 
1.316450493504817132e-06 1.922321189340436831e-06 2.232858378192759119e-06 2.943459321613772772e-06 3.600517629820387810e-06 4.492816515266895294e-06 4.343021828390192240e-06 5.912183496548095718e-06 9.717124157759826630e-06 1.287171016883803532e-05 2.098782715620473027e-05 3.310074680484831333e-05 4.207031452096998692e-04 4.999087657779455185e-03 2.256283909082412720e-02 2.244303002953529358e-02 4.633853211998939514e-03 4.638068785425275564e-04 3.074408232350833714e-05 9.194907761411741376e-06 5.292436526360688731e-06 2.111576122842961922e-06 0.000000000000000000e+00 0.000000000000000000e+00 
2.162002259865403175e-03 2.165728015825152397e-03 2.169482642784714699e-03 2.178004244342446327e-03 2.192682120949029922e-03 2.197322668507695198e-03 2.203394891694188118e-03 2.235618885606527328e-03 2.289832336828112602e-03 2.345201326534152031e-03 2.467799698933959007e-03 2.639760496094822884e-03 4.162010271102190018e-03 2.151143550872802734e-02 2.482752650976181030e-01 8.039008975028991699e-01 9.838159084320068359e-01 9.955412149429321289e-01 9.968919754028320312e-01 9.972012042999267578e-01 9.972854852676391602e-01 9.973138570785522461e-01 0.000000000000000000e+00 0.000000000000000000e+00 
1.295174456572567578e-06 1.888740371214225888e-06 2.186219035138492472e-06 2.907898760895477608e-06 3.557699528755620122e-06 4.438352789293276146e-06 4.273523700248915702e-06 5.874789621884701774e-06 9.628136467654258013e-06 1.277796036447398365e-05 2.075287920888513327e-05 3.268036743975244462e-05 4.091075388714671135e-04 4.921474028378725052e-03 2.243738807737827301e-02 2.258071117103099823e-02 4.685490392148494720e-03 4.723399470094591379e-04 3.050419218197930604e-05 9.089932063943706453e-06 5.219655577093362808e-06 2.082089167743106373e-06 0.000000000000000000e+00 0.000000000000000000e+00 
2.137767616659402847e-03 2.141486620530486107e-03 2.145219361409544945e-03 2.153751207515597343e-03 2.168421633541584015e-03 2.173072658479213715e-03 2.179165370762348175e-03 2.211651299148797989e-03 2.266155323013663292e-03 2.321754582226276398e-03 2.445375779643654823e-03 2.618737751618027687e-03 4.169602412730455399e-03 2.197773940861225128e-02 2.534126639366149902e-01 8.075020909309387207e-01 9.842419028282165527e-01 9.956328272819519043e-01 9.969410300254821777e-01 9.972421526908874512e-01 9.973240494728088379e-01 9.973514080047607422e-01 0.000000000000000000e+00 0.000000000000000000e+00 
1.289562192141602281e-06 1.879593810372170992e-06 2.174190740333870053e-06 2.909598379119415767e-06 3.568207603166229092e-06 4.449337211553938687e-06 4.270070803613634780e-06 5.922688615100923926e-06 9.675807632447686046e-06 1.286976203118683770e-05 2.089176450681407005e-05 3.299053059890866280e-05 4.222872958052903414e-04 5.042864009737968445e-03 2.268880233168601990e-02 2.237886004149913788e-02 4.610667936503887177e-03 4.548761644400656223e-04 2.973796290461905301e-05 8.848595825838856399e-06 5.080739811091916636e-06 2.037054855463793501e-06 0.000000000000000000e+00 0.000000000000000000e+00 
2.113837748765945435e-03 2.117439638823270798e-03 2.121078548952937126e-03 2.129381289705634117e-03 2.143705030903220177e-03 2.148291794583201408e-03 2.154277404770255089e-03 2.186025725677609444e-03 2.239533467218279839e-03 2.294198842719197273e-03 2.415518509224057198e-03 2.586079295724630356e-03 4.102274309843778610e-03 2.153800614178180695e-02 2.503008842468261719e-01 8.057307004928588867e-01 9.841717481613159180e-01 9.956674575805664062e-01 9.969801306724548340e-01 9.972793459892272949e-01 9.973606467247009277e-01 9.973878264427185059e-01 0.000000000000000000e+00 0.000000000000000000e+00 
1.259622081306588370e-06 1.834484123719448689e-06 2.126456138284993358e-06 2.842074991349363700e-06 3.488476522761629894e-06 4.359889317129272968e-06 4.189158062217757106e-06 5.799905011372175068e-06 9.495234735368285328e-06 1.264116235688561574e-05 2.050836701528169215e-05 3.239938087062910199e-05 4.104320250917226076e-04 4.966262262314558029e-03 2.256931364536285400e-02 2.251785434782505035e-02 4.661662038415670395e-03 4.631057090591639280e-04 2.952026625280268490e-05 8.761728167883120477e-06 5.011735538573702797e-06 2.009448053286178038e-06 0.000000000000000000e+00 0.000000000000000000e+00 
2.090665511786937714e-03 2.094141906127333641e-03 2.097720978781580925e-03 2.105923602357506752e-03 2.120081568136811256e-03 2.124580787494778633e-03 2.130481647327542305e-03 2.162158489227294922e-03 2.215377753600478172e-03 2.269539283588528633e-03 2.390162553638219833e-03 2.559359185397624969e-03 4.056130535900592804e-03 2.127896435558795929e-02 2.486455440521240234e-01 8.049035668373107910e-01 9.841999411582946777e-01 9.957169890403747559e-01 9.970233440399169922e-01 9.973173141479492188e-01 9.973968267440795898e-01 9.974234104156494141e-01 0.000000000000000000e+00 0.000000000000000000e+00 
1.245053908860427327e-06 1.808819774851144757e-06 2.090563157253200188e-06 2.820932195390923880e-06 3.469809371381415986e-06 4.325527243054239079e-06 4.141455065109767020e-06 5.784930635854834691e-06 9.438381312065757811e-06 1.258340125787071884e-05 2.035031320701818913e-05 3.211593866581097245e-05 4.037292092107236385e-04 4.924676846712827682e-03 2.251308225095272064e-02 2.259815111756324768e-02 4.691636189818382263e-03 4.671004135161638260e-04 2.907136695284862071e-05 8.598211024946067482e-06 4.914239980280399323e-06 1.976150542759569362e-06 0.000000000000000000e+00 0.000000000000000000e+00 
2.068585716187953949e-03 2.072216710075736046e-03 2.075899159535765648e-03 2.084165578708052635e-03 2.098528668284416199e-03 2.103227889165282249e-03 2.109263092279434204e-03 2.141245640814304352e-03 2.195182489231228828e-03 2.250503748655319214e-03 2.373558701947331429e-03 2.547669922932982445e-03 4.146515391767024994e-03 2.289300039410591125e-02 2.644210159778594971e-01 8.153342604637145996e-01 9.852244257926940918e-01 9.958693385124206543e-01 9.970781207084655762e-01 9.973582029342651367e-01 9.974336028099060059e-01 9.974584579467773438e-01 0.000000000000000000e+00 0.000000000000000000e+00 
1.249653223567293026e-06 1.822430931497365236e-06 2.119559439961449243e-06 2.839006583599257283e-06 3.496029648886178620e-06 4.374750005808891729e-06 4.189084393146913499e-06 5.848603450431255624e-06 9.562341801938600838e-06 1.279085427086101845e-05 2.080379999824799597e-05 3.319634561194106936e-05 4.499355272855609655e-04 5.306055303663015366e-03 2.324033342301845551e-02 2.195372059941291809e-02 4.455764312297105789e-03 4.188890743535012007e-04 2.771679464785847813e-05 8.211377462430391461e-06 4.705935680249240249e-06 1.910796072479570284e-06 0.000000000000000000e+00 0.000000000000000000e+00 
2.045891480520367622e-03 2.049158792942762375e-03 2.052643569186329842e-03 2.060302766039967537e-03 2.073809970170259476e-03 2.078254707157611847e-03 2.083972562104463577e-03 2.113850088790059090e-03 2.164789009839296341e-03 2.217234810814261436e-03 2.332733711227774620e-03 2.496626460924744606e-03 3.936102148145437241e-03 2.060100622475147247e-02 2.442056238651275635e-01 8.024876117706298828e-01 9.841535687446594238e-01 9.957895278930664062e-01 9.970974326133728027e-01 9.973874092102050781e-01 9.974658489227294922e-01 9.974919557571411133e-01 0.000000000000000000e+00 0.000000000000000000e+00 
1.185592282126890495e-06 1.723586933621845674e-06 2.008948285947553813e-06 2.679963927221251652e-06 3.300925072835525498e-06 4.136028564971638843e-06 3.981661393481772393e-06 5.494193374033784494e-06 9.040541044669225812e-06 1.208768026117468253e-05 1.957236418093089014e-05 3.103200651821680367e-05 3.860704309772700071e-04 4.815681837499141693e-03 2.235331386327743530e-02 2.280220389366149902e-02 4.765480291098356247e-03 4.792061808984726667e-04 2.857965228031389415e-05 8.423078725172672421e-06 4.776384685101220384e-06 1.920334625538089313e-06 0.000000000000000000e+00 0.000000000000000000e+00 
2.024533227086067200e-03 2.027802867814898491e-03 2.031286479905247688e-03 2.038942417129874229e-03 2.052451251074671745e-03 2.056919271126389503e-03 2.062622224912047386e-03 2.092722104862332344e-03 2.143909921869635582e-03 2.196602290496230125e-03 2.312999218702316284e-03 2.478254958987236023e-03 3.945271018892526627e-03 2.105334401130676270e-02 2.492941319942474365e-01 8.060941696166992188e-01 9.845764040946960449e-01 9.958781599998474121e-01 9.971432089805603027e-01 9.974244236946105957e-01 9.975003004074096680e-01 9.975251555442810059e-01 0.000000000000000000e+00 0.000000000000000000e+00 
1.181140532935387455e-06 1.717235932119365316e-06 2.000974973270785995e-06 2.680945499378140084e-06 3.306435246486216784e-06 4.144578269915655255e-06 3.977959295298205689e-06 5.529288046091096476e-06 9.080499694391619414e-06 1.216789132740814239e-05 1.970200355572160333e-05 3.132692290819250047e-05 3.988302196376025677e-04 4.935475997626781464e-03 2.260722033679485321e-02 2.260300517082214355e-02 4.693897906690835953e-03 4.617179220076650381e-04 2.778499037958681583e-05 8.170090950443409383e-06 4.633373464457690716e-06 1.873973019428376574e-06 0.000000000000000000e+00 0.000000000000000000e+00 
2.003318862989544868e-03 2.006415277719497681e-03 2.009787363931536674e-03 2.017225604504346848e-03 2.030364237725734711e-03 2.034701406955718994e-03 2.040237886831164360e-03 2.069754526019096375e-03 2.119939774274826050e-03 2.171506872400641441e-03 2.285530092194676399e-03 2.447083126753568649e-03 3.855988383293151855e-03 2.019949071109294891e-02 2.417622655630111694e-01 8.013014197349548340e-01 9.842249751091003418e-01 9.958786368370056152e-01 9.971751570701599121e-01 9.974564909934997559e-01 9.975323677062988281e-01 9.975572228431701660e-01 0.000000000000000000e+00 0.000000000000000000e+00 
1.153962557509657927e-06 1.673313249739294406e-06 1.945916892509558238e-06 2.623148247948847711e-06 3.239108536945423111e-06 4.056347279401961714e-06 3.887523689627414569e-06 5.425847120932303369e-06 8.904434253054205328e-06 1.194167907669907436e-05 1.927125231304671615e-05 3.054842090932652354e-05 3.757858066819608212e-04 4.753250163048505783e-03 2.227215655148029327e-02 2.292453870177268982e-02 4.811091814190149307e-03 4.860106273554265499e-04 2.781546209007501602e-05 8.143143531924579293e-06 4.597075985657284036e-06 1.856639869401988108e-06 0.000000000000000000e+00 0.000000000000000000e+00 
1.983121037483215332e-03 1.986302202567458153e-03 1.989721786230802536e-03 1.997233601287007332e-03 2.010513562709093094e-03 2.014953177422285080e-03 2.020579762756824493e-03 2.050490817055106163e-03 2.101322868838906288e-03 2.153625944629311562e-03 2.269635675475001335e-03 2.434535417705774307e-03 3.906020661816000938e-03 2.119515463709831238e-02 2.520787715911865234e-01 8.083341717720031738e-01 9.849432110786437988e-01 9.959955215454101562e-01 9.972219467163085938e-01 9.974926710128784180e-01 9.975654482841491699e-01 9.975891113281250000e-01 0.000000000000000000e+00 0.000000000000000000e+00 
1.157505153059901204e-06 1.680899117673106957e-06 1.959279643415356986e-06 2.643010475367191248e-06 3.269617081969045103e-06 4.097737473784945905e-06 3.919049504474969581e-06 5.497901838680263609e-06 9.012661394081078470e-06 1.211533071909798309e-05 1.959974360943306237e-05 3.126902447547763586e-05 4.033207660540938377e-04 4.999505355954170227e-03 2.276769094169139862e-02 2.250640466809272766e-02 4.660318605601787567e-03 4.516390617936849594e-04 2.679420686035882682e-05 7.846684638934675604e-06 4.434548372955759987e-06 1.806598788789415266e-06 0.000000000000000000e+00 0.000000000000000000e+00 
1.962944632396101952e-03 1.965963281691074371e-03 1.969297416508197784e-03 1.976553117856383324e-03 1.989477779716253281e-03 1.993806101381778717e-03 1.999292289838194847e-03 2.028444316238164902e-03 2.078160177916288376e-03 2.129332628101110458e-03 2.242724178358912468e-03 2.404100261628627777e-03 3.823593724519014359e-03 2.045833505690097809e-02 2.458194345235824585e-01 8.044257164001464844e-01 9.846740961074829102e-01 9.960021972656250000e-01 9.972526431083679199e-01 9.975233078002929688e-01 9.975961446762084961e-01 9.976197481155395508e-01 0.000000000000000000e+00 0.000000000000000000e+00 
1.129136990130064078e-06 1.637372065488307271e-06 1.909274715217179619e-06 2.579528882051818073e-06 3.193834572812193073e-06 4.002553851023549214e-06 3.830475179711356759e-06 5.370627150114160031e-06 8.819880349619779736e-06 1.186235385830514133e-05 1.916040491778403521e-05 3.053587352042086422e-05 3.832367074210196733e-04 4.847884178161621094e-03 2.249826304614543915e-02 2.277672290802001953e-02 4.757976625114679337e-03 4.710029461421072483e-04 2.677297925401944667e-05 7.815422577550634742e-06 4.396427357278298587e-06 1.788944246072787791e-06 0.000000000000000000e+00 0.000000000000000000e+00 
1.943505019880831242e-03 1.946516567841172218e-03 1.949826139025390148e-03 1.957086846232414246e-03 1.969987293705344200e-03 1.974329818040132523e-03 1.979826251044869423e-03 2.009136835113167763e-03 2.059071790426969528e-03 2.110357861965894699e-03 2.224543131887912750e-03 2.387159038335084915e-03 3.830807283520698547e-03 2.086141519248485565e-02 2.503490149974822998e-01 8.075993657112121582e-01 9.850337505340576172e-01 9.960774183273315430e-01 9.972921609878540039e-01 9.975561499595642090e-01 9.976270794868469238e-01 9.976498484611511230e-01 0.000000000000000000e+00 0.000000000000000000e+00 
1.124010736930358689e-06 1.629311896067520138e-06 1.900017309708346147e-06 2.578796056695864536e-06 3.197595106030348688e-06 4.008162250102031976e-06 3.826306965493131429e-06 5.398491339292377234e-06 8.852921382640488446e-06 1.192218314827186987e-05 1.926686127262655646e-05 3.080120950471609831e-05 3.943108895327895880e-04 4.955573007464408875e-03 2.272174693644046783e-02 2.259669080376625061e-02 4.694070201367139816e-03 4.557846114039421082e-04 2.612922071421053261e-05 7.622569683007895947e-06 4.284795977582689375e-06 1.751742956912494265e-06 0.000000000000000000e+00 0.000000000000000000e+00 
1.924444455653429031e-03 1.927389414049685001e-03 1.930652884766459465e-03 1.937868539243936539e-03 1.950673991814255714e-03 1.954957842826843262e-03 1.960444031283259392e-03 1.989747630432248116e-03 2.039628569036722183e-03 2.090682974085211754e-03 2.204768825322389603e-03 2.367252949625253677e-03 3.808282082900404930e-03 2.084900438785552979e-02 2.508863210678100586e-01 8.081582188606262207e-01 9.851682782173156738e-01 9.961309432983398438e-01 9.973300099372863770e-01 9.975881576538085938e-01 9.976571202278137207e-01 9.976791739463806152e-01 0.000000000000000000e+00 0.000000000000000000e+00 
1.115096665671444498e-06 1.614263283045147546e-06 1.879834144347114488e-06 2.570280685176840052e-06 3.190617690052022226e-06 3.992041456513106823e-06 3.802462970270426013e-06 5.400227564678061754e-06 8.836794222588650882e-06 1.190833791042678058e-05 1.922324008774012327e-05 3.075222048209980130e-05 3.939552407246083021e-04 4.966250155121088028e-03 2.276241965591907501e-02 2.258480153977870941e-02 4.691446665674448013e-03 4.534945765044540167e-04 2.562689405749551952e-05 7.448109954566461965e-06 4.186334535916103050e-06 1.717755253594077658e-06 0.000000000000000000e+00 0.000000000000000000e+00 
1.905562356114387512e-03 1.908337697386741638e-03 1.911494182422757149e-03 1.918462570756673813e-03 1.930885598994791508e-03 1.935041625984013081e-03 1.940374961122870445e-03 1.968930242583155632e-03 2.017680322751402855e-03 2.067470224574208260e-03 2.178810769692063332e-03 2.337374724447727203e-03 3.716854611411690712e-03 1.993516646325588226e-02 2.427286058664321899e-01 8.029568791389465332e-01 9.847754240036010742e-01 9.961213469505310059e-01 9.973565936088562012e-01 9.976161122322082520e-01 9.976854324340820312e-01 9.977077841758728027e-01 0.000000000000000000e+00 0.000000000000000000e+00 
1.086831730390258599e-06 1.569814003232750110e-06 1.826583570618822705e-06 2.505849352019140497e-06 3.113799721177201718e-06 3.894660494552226737e-06 3.710445753313251771e-06 5.273008355288766325e-06 8.640636224299669266e-06 1.164188051916426048e-05 1.875114685390144587e-05 2.993273483298253268e-05 3.692469617817550898e-04 4.767826292663812637e-03 2.239915356040000916e-02 2.293241769075393677e-02 4.817510489374399185e-03 4.802319745067507029e-04 2.573349956946913153e-05 7.451052169926697388e-06 4.163664016232360154e-06 1.702511781331850216e-06 0.000000000000000000e+00 0.000000000000000000e+00 
1.887334859929978848e-03 1.890054671093821526e-03 1.893178443424403667e-03 1.900038798339664936e-03 1.912310486659407616e-03 1.916443346999585629e-03 1.921731163747608662e-03 1.950001460500061512e-03 1.998362829908728600e-03 2.047770656645298004e-03 2.158350078389048576e-03 2.316173398867249489e-03 3.688752185553312302e-03 1.986036449670791626e-02 2.427448630332946777e-01 8.031533956527709961e-01 9.848628640174865723e-01 9.961640834808349609e-01 9.973897933959960938e-01 9.976456761360168457e-01 9.977139234542846680e-01 9.977358579635620117e-01 0.000000000000000000e+00 0.000000000000000000e+00 
1.072820055014744867e-06 1.548630393699568231e-06 1.804109615477500483e-06 2.477441057635587640e-06 3.081432851104182191e-06 3.856295734294690192e-06 3.672945013022399507e-06 5.226119810686213896e-06 8.572390470362734050e-06 1.155970858235377818e-05 1.862236422311980277e-05 2.978423799504525959e-05 3.676160995382815599e-04 4.763493314385414124e-03 2.241538651287555695e-02 2.293992601335048676e-02 4.821954760700464249e-03 4.801241448149085045e-04 2.537224827392492443e-05 7.334415840887231752e-06 4.086796252522617579e-06 1.674971258580626454e-06 0.000000000000000000e+00 0.000000000000000000e+00 
1.869615633040666580e-03 1.872334512881934643e-03 1.875459798611700535e-03 1.882285694591701031e-03 1.894532120786607265e-03 1.898683840408921242e-03 1.903992844745516777e-03 1.932257204316556454e-03 1.980651635676622391e-03 2.030132338404655457e-03 2.141033066436648369e-03 2.299770014360547066e-03 3.691283985972404480e-03 2.017823792994022369e-02 2.465531826019287109e-01 8.058642148971557617e-01 9.851688742637634277e-01 9.962295293807983398e-01 9.974251985549926758e-01 9.976753592491149902e-01 9.977421164512634277e-01 9.977632164955139160e-01 0.000000000000000000e+00 0.000000000000000000e+00 
1.066786353476345539e-06 1.540876041872252245e-06 1.797559889382682741e-06 2.471361540301586501e-06 3.076830807913211174e-06 3.851443125313380733e-06 3.665402118713245727e-06 5.229831913311500102e-06 8.579597306379582733e-06 1.158305985882179812e-05 1.867853279691189528e-05 2.997793126269243658e-05 3.765663132071495056e-04 4.849406890571117401e-03 2.260708063840866089e-02 2.278864756226539612e-02 4.771294072270393372e-03 4.676048120018094778e-04 2.481483534211292863e-05 7.169805940065998584e-06 3.986059709859546274e-06 1.641507537897268776e-06 0.000000000000000000e+00 0.000000000000000000e+00 
1.852300250902771950e-03 1.854969188570976257e-03 1.858093077316880226e-03 1.864826888777315617e-03 1.876985770650207996e-03 1.881122821941971779e-03 1.886394573375582695e-03 1.914494088850915432e-03 1.962641952559351921e-03 2.011957112699747086e-03 2.122498815879225731e-03 2.281119814142584801e-03 3.675115760415792465e-03 2.023950405418872833e-02 2.477960288524627686e-01 8.068375587463378906e-01 9.853126406669616699e-01 9.962750673294067383e-01 9.974566698074340820e-01 9.977035522460937500e-01 9.977693557739257812e-01 9.977900981903076172e-01 0.000000000000000000e+00 0.000000000000000000e+00 
1.057021904671273660e-06 1.527503172837896273e-06 1.782604954314592760e-06 2.455258936606696807e-06 3.058529273403109983e-06 3.826160082098795101e-06 3.637576810433529317e-06 5.204456101637333632e-06 8.540759154129773378e-06 1.154677011072635651e-05 1.862555109255481511e-05 2.996360854012891650e-05 3.787165333051234484e-04 4.874459002166986465e-03 2.267643250524997711e-02 2.274305932223796844e-02 4.758256487548351288e-03 4.640441911760717630e-04 2.444612619001418352e-05 7.060621101118158549e-06 3.911144176527159289e-06 1.613930180610623211e-06 0.000000000000000000e+00 0.000000000000000000e+00 
1.835411181673407555e-03 1.838074298575520515e-03 1.841199118643999100e-03 1.847908250056207180e-03 1.860056770965456963e-03 1.864208024926483631e-03 1.869495259597897530e-03 1.897616079077124596e-03 1.945834723301231861e-03 1.995286904275417328e-03 2.106208354234695435e-03 2.265833551064133644e-03 3.680329769849777222e-03 2.058156020939350128e-02 2.518076896667480469e-01 8.096414208412170410e-01 9.856243729591369629e-01 9.963417053222656250e-01 9.974918961524963379e-01 9.977324008941650391e-01 9.977963566780090332e-01 9.978164434432983398e-01 0.000000000000000000e+00 0.000000000000000000e+00 
1.052461811923421919e-06 1.522885213489644229e-06 1.778007913344481494e-06 2.452896296745166183e-06 3.057792355320998468e-06 3.824778559646802023e-06 3.632158723121392541e-06 5.212868927628733218e-06 8.550387974537443370e-06 1.157642873295117170e-05 1.869029074441641569e-05 3.017277958861086518e-05 3.884586039930582047e-04 4.965586122125387192e-03 2.287504076957702637e-02 2.258295379579067230e-02 4.702834412455558777e-03 4.508024139795452356e-04 2.385713378316722810e-05 6.880172804812900722e-06 3.806972245001816191e-06 1.579206923452147748e-06 0.000000000000000000e+00 0.000000000000000000e+00 
1.818651333451271057e-03 1.821189769543707371e-03 1.824222505092620850e-03 1.830796827562153339e-03 1.842719619162380695e-03 1.846789498813450336e-03 1.851998036727309227e-03 1.879729563370347023e-03 1.927377306856215000e-03 1.976117957383394241e-03 2.085474785417318344e-03 2.242885995656251907e-03 3.618690883740782738e-03 1.999726891517639160e-02 2.467353790998458862e-01 8.064914941787719727e-01 9.854192733764648438e-01 9.963515996932983398e-01 9.975194931030273438e-01 9.977587461471557617e-01 9.978219866752624512e-01 9.978419542312622070e-01 0.000000000000000000e+00 0.000000000000000000e+00 
1.035616492117696907e-06 1.498443907621549442e-06 1.743076609272975475e-06 2.421929139018175192e-06 3.020904841832816601e-06 3.774342758333659731e-06 3.580581733331200667e-06 5.156913175596855581e-06 8.444664672424551100e-06 1.143117697210982442e-05 1.841702396632172167e-05 2.968435001093894243e-05 3.725592105183750391e-04 4.839879926294088364e-03 2.265349775552749634e-02 2.280356362462043762e-02 4.782632924616336823e-03 4.670563212130218744e-04 2.374034738750196993e-05 6.818595011282013729e-06 3.760899971894104965e-06 1.558304575155489147e-06 0.000000000000000000e+00 0.000000000000000000e+00 
1.802292768843472004e-03 1.804761006496846676e-03 1.807748456485569477e-03 1.814198447391390800e-03 1.825937419198453426e-03 1.829965040087699890e-03 1.835113391280174255e-03 1.862486940808594227e-03 1.909620827063918114e-03 1.957850530743598938e-03 2.066125860437750816e-03 2.222314942628145218e-03 3.582567442208528519e-03 1.978688314557075500e-02 2.453232258558273315e-01 8.057121634483337402e-01 9.854106307029724121e-01 9.963797330856323242e-01 9.975476264953613281e-01 9.977846145629882812e-01 9.978473186492919922e-01 9.978669285774230957e-01 0.000000000000000000e+00 0.000000000000000000e+00 
1.020355398395622615e-06 1.474369469178782310e-06 1.717131112854985986e-06 2.387682798143941909e-06 2.980728368129348382e-06 3.727549255927442573e-06 3.536670647008577362e-06 5.095645519759273157e-06 8.353856173926033080e-06 1.131780481955502182e-05 1.823796810640487820e-05 2.943639083241578192e-05 3.669106517918407917e-04 4.801555536687374115e-03 2.259979024529457092e-02 2.287042327225208282e-02 4.808838013559579849e-03 4.721999284811317921e-04 2.349434362258762121e-05 6.737682724633486941e-06 3.698923364936490543e-06 1.533633735562034417e-06 0.000000000000000000e+00 0.000000000000000000e+00 
1.786535140126943588e-03 1.789074274711310863e-03 1.792123541235923767e-03 1.798570971004664898e-03 1.810365705750882626e-03 1.814474817365407944e-03 1.819662167690694332e-03 1.847088686190545559e-03 1.894382294267416000e-03 1.943035749718546867e-03 2.052333438768982887e-03 2.210923004895448685e-03 3.623567288741469383e-03 2.066794969141483307e-02 2.547458410263061523e-01 8.120818734169006348e-01 9.860264658927917480e-01 9.964767694473266602e-01 9.975846409797668457e-01 9.978126883506774902e-01 9.978729486465454102e-01 9.978915452957153320e-01 0.000000000000000000e+00 0.000000000000000000e+00 
1.018043803924228996e-06 1.470777078793616965e-06 1.725971287669381127e-06 2.381345211688312702e-06 2.976378709718119353e-06 3.733504854608327150e-06 3.545112349456758238e-06 5.096545464766677469e-06 8.385222827200777829e-06 1.138917468779254705e-05 1.843190693762153387e-05 2.998439958901144564e-05 3.907086502294987440e-04 5.022074561566114426e-03 2.305058576166629791e-02 2.248228527605533600e-02 4.672374576330184937e-03 4.409994289744645357e-04 2.265167859150096774e-05 6.499433311546454206e-06 3.569777845768840052e-06 1.491301645728526637e-06 0.000000000000000000e+00 0.000000000000000000e+00 
1.770817325450479984e-03 1.773271593265235424e-03 1.776285469532012939e-03 1.782567123882472515e-03 1.794137293472886086e-03 1.798205310478806496e-03 1.803302555344998837e-03 1.830243156291544437e-03 1.876801601611077785e-03 1.924745505675673485e-03 2.032428979873657227e-03 2.188931219279766083e-03 3.572346409782767296e-03 2.023943886160850525e-02 2.512481510639190674e-01 8.099690675735473633e-01 9.859036207199096680e-01 9.964908957481384277e-01 9.976098537445068359e-01 9.978371858596801758e-01 9.978970289230346680e-01 9.979155063629150391e-01 0.000000000000000000e+00 0.000000000000000000e+00 
9.997849019782734104e-07 1.442418010810797568e-06 1.695942728474619798e-06 2.339494130865205079e-06 2.927160949184326455e-06 3.673262881420669146e-06 3.490230483293998986e-06 5.013680038246093318e-06 8.261503353423904628e-06 1.123276251746574417e-05 1.817204429244156927e-05 2.958216282422654331e-05 3.789483453147113323e-04 4.933351185172796249e-03 2.290362492203712463e-02 2.263611182570457458e-02 4.728189669549465179e-03 4.520464863162487745e-04 2.252628655696753412e-05 6.452522484323708341e-06 3.525063902998226695e-06 1.470411689297179691e-06 0.000000000000000000e+00 0.000000000000000000e+00 
1.755288220010697842e-03 1.757587422616779804e-03 1.760488958097994328e-03 1.766561530530452728e-03 1.777793746441602707e-03 1.781722297891974449e-03 1.786689506843686104e-03 1.812996342778205872e-03 1.858543488197028637e-03 1.905292621813714504e-03 2.010313328355550766e-03 2.162693068385124207e-03 3.477859077975153923e-03 1.916060410439968109e-02 2.410392761230468750e-01 8.033489584922790527e-01 9.853881597518920898e-01 9.964625239372253418e-01 9.976301789283752441e-01 9.978594779968261719e-01 9.979200363159179688e-01 9.979388117790222168e-01 0.000000000000000000e+00 0.000000000000000000e+00 
9.763997468326124363e-07 1.406765477440785617e-06 1.648450052016414702e-06 2.287707502546254545e-06 2.865648411898291670e-06 3.588960225897608325e-06 3.408983047847868875e-06 4.909508334094425663e-06 8.083397005975712091e-06 1.098793200071668252e-05 1.771734605426900089e-05 2.872360892069991678e-05 3.502586914692074060e-04 4.685759544372558594e-03 2.243581041693687439e-02 2.307211607694625854e-02 4.883032292127609253e-03 4.869620024692267179e-04 2.272299025207757950e-05 6.479510830104118213e-06 3.517880941217299551e-06 1.459734903619391844e-06 0.000000000000000000e+00 0.000000000000000000e+00 
1.740379841066896915e-03 1.742715598084032536e-03 1.745619112625718117e-03 1.751720672473311424e-03 1.763001666404306889e-03 1.766979927197098732e-03 1.772010931745171547e-03 1.798500656150281429e-03 1.844374230131506920e-03 1.891430350951850414e-03 1.997302053496241570e-03 2.151239663362503052e-03 3.491617273539304733e-03 1.955522410571575165e-02 2.455099970102310181e-01 8.064333796501159668e-01 9.857105612754821777e-01 9.965249300003051758e-01 9.976609349250793457e-01 9.978848099708557129e-01 9.979436993598937988e-01 9.979617595672607422e-01 0.000000000000000000e+00 0.000000000000000000e+00 
9.763466550793964416e-07 1.410001914337044582e-06 1.651823026804777328e-06 2.298971821801387705e-06 2.882406988646835089e-06 3.609772875279304571e-06 3.424400347284972668e-06 4.951391019858419895e-06 8.138125849654898047e-06 1.106805393646936864e-05 1.785945460142102093e-05 2.904460779973305762e-05 3.608217230066657066e-04 4.786815028637647629e-03 2.265575341880321503e-02 2.289203926920890808e-02 4.820662084966897964e-03 4.719779244624078274e-04 2.218970621470361948e-05 6.322967692540260032e-06 3.426345074331038631e-06 1.428107680112589151e-06 0.000000000000000000e+00 0.000000000000000000e+00 
1.725665293633937836e-03 1.727909664623439312e-03 1.730770803987979889e-03 1.736744889058172703e-03 1.747854985296726227e-03 1.751782838255167007e-03 1.756737590767443180e-03 1.782894949428737164e-03 1.828246749937534332e-03 1.874788082204759121e-03 1.979343360289931297e-03 2.131529618054628372e-03 3.445274895057082176e-03 1.914124935865402222e-02 2.418473511934280396e-01 8.041172623634338379e-01 9.855616688728332520e-01 9.965341091156005859e-01 9.976841807365417480e-01 9.979074001312255859e-01 9.979661107063293457e-01 9.979841709136962891e-01 0.000000000000000000e+00 0.000000000000000000e+00 
9.626289738662308082e-07 1.390607849316438660e-06 1.626030439183523413e-06 2.272923893542611040e-06 2.851420276783755980e-06 3.566621671780012548e-06 3.380794851182145067e-06 4.901392003375804052e-06 8.046158654906321317e-06 1.095277821150375530e-05 1.764811531757004559e-05 2.869351374101825058e-05 3.499492013361304998e-04 4.696651827543973923e-03 2.249144762754440308e-02 2.305204607546329498e-02 4.877411294728517532e-03 4.851323028560727835e-04 2.209249578299932182e-05 6.283302809606539086e-06 3.390578513062791899e-06 1.411060338796232827e-06 0.000000000000000000e+00 0.000000000000000000e+00 
1.711435033939778805e-03 1.713688368909060955e-03 1.716567901894450188e-03 1.722523826174438000e-03 1.733640441671013832e-03 1.737591694109141827e-03 1.742554828524589539e-03 1.768732094205915928e-03 1.814150833524763584e-03 1.860901364125311375e-03 1.965980045497417450e-03 2.119463169947266579e-03 3.460970940068364143e-03 1.960927806794643402e-02 2.471957057714462280e-01 8.078230619430541992e-01 9.859350919723510742e-01 9.966004490852355957e-01 9.977139234542846680e-01 9.979316592216491699e-01 9.979887604713439941e-01 9.980061650276184082e-01 0.000000000000000000e+00 0.000000000000000000e+00 
9.592351943865651265e-07 1.387139946018578485e-06 1.625938921279157512e-06 2.269136757604428567e-06 2.848566964530618861e-06 3.566331315596471541e-06 3.378675046405987814e-06 4.904115485260263085e-06 8.058123057708144188e-06 1.099140445148805156e-05 1.774607881088741124e-05 2.899200626416131854e-05 3.623587836045771837e-04 4.818370565772056580e-03 2.275490574538707733e-02 2.283264510333538055e-02 4.800881724804639816e-03 4.666231398005038500e-04 2.154209869331680238e-05 6.129991561465431005e-06 3.300794332972145639e-06 1.379842046844714787e-06 0.000000000000000000e+00 0.000000000000000000e+00 
1.697084284387528896e-03 1.699150889180600643e-03 1.701928093098104000e-03 1.707589253783226013e-03 1.718246610835194588e-03 1.722042332403361797e-03 1.726783229969441891e-03 1.751935225911438465e-03 1.795734744518995285e-03 1.840895623899996281e-03 1.942197442986071110e-03 2.090252703055739403e-03 3.353778040036559105e-03 1.840395852923393250e-02 2.356114983558654785e-01 8.002092838287353516e-01 9.853278994560241699e-01 9.965583682060241699e-01 9.977305531501770020e-01 9.979513883590698242e-01 9.980096817016601562e-01 9.980275034904479980e-01 0.000000000000000000e+00 0.000000000000000000e+00 
9.275297543354099616e-07 1.333550017079687677e-06 1.567395315760222729e-06 2.183188144044834189e-06 2.742675633271574043e-06 3.438040494074812159e-06 3.263986627644044347e-06 4.714956503448775038e-06 7.774903679091949016e-06 1.062281262420583516e-05 1.711907498247455806e-05 2.791114820865914226e-05 3.309984749648720026e-04 4.539808724075555801e-03 2.221694216132164001e-02 2.332775667309761047e-02 4.974963143467903137e-03 5.079090478830039501e-04 2.182655407523270696e-05 6.193350145622389391e-06 3.310552983748493716e-06 1.374529233544308227e-06 0.000000000000000000e+00 0.000000000000000000e+00 
1.683452399447560310e-03 1.685596071183681488e-03 1.688423100858926773e-03 1.694153179414570332e-03 1.704961410723626614e-03 1.708840369246900082e-03 1.713674748316407204e-03 1.739175408147275448e-03 1.783544779755175114e-03 1.829369924962520599e-03 1.932280138134956360e-03 2.083221450448036194e-03 3.394853556528687477e-03 1.917865872383117676e-02 2.441361993551254272e-01 8.061013221740722656e-01 9.859014749526977539e-01 9.966489076614379883e-01 9.977636337280273438e-01 9.979760646820068359e-01 9.980319142341613770e-01 9.980487227439880371e-01 0.000000000000000000e+00 0.000000000000000000e+00 
9.334160040452843532e-07 1.345986902379081585e-06 1.584763936079980340e-06 2.207379338869941421e-06 2.775533857857226394e-06 3.479336101008811966e-06 3.298990122857503593e-06 4.781185907631879672e-06 7.875343726482242346e-06 1.077462911780457944e-05 1.739575964165851474e-05 2.852066972991451621e-05 3.512257535476237535e-04 4.735486581921577454e-03 2.263709902763366699e-02 2.297702245414257050e-02 4.852721467614173889e-03 4.767157079186290503e-04 2.106473220919724554e-05 5.967822289676405489e-06 3.192260919604450464e-06 1.337051912742026616e-06 0.000000000000000000e+00 0.000000000000000000e+00 
1.669906429015100002e-03 1.672028913162648678e-03 1.674833591096103191e-03 1.680522225797176361e-03 1.691271085292100906e-03 1.695154001936316490e-03 1.699983142316341400e-03 1.725421170704066753e-03 1.769688213244080544e-03 1.815414987504482269e-03 1.918071531690657139e-03 2.068932633846998215e-03 3.380104899406433105e-03 1.917017623782157898e-02 2.445523738861083984e-01 8.065208792686462402e-01 9.859920144081115723e-01 9.966847300529479980e-01 9.977895021438598633e-01 9.979983568191528320e-01 9.980529546737670898e-01 9.980693459510803223e-01 0.000000000000000000e+00 0.000000000000000000e+00 
9.272676493310427759e-07 1.338359084002149757e-06 1.575118631080840714e-06 2.200297103627235629e-06 2.768332933555939235e-06 3.468965587671846151e-06 3.287166009613429196e-06 4.776364221470430493e-06 7.856370757508557290e-06 1.075706313713453710e-05 1.735944351821672171e-05 2.851035242201760411e-05 3.511390823405236006e-04 4.740548320114612579e-03 2.266645990312099457e-02 2.296514809131622314e-02 4.849660210311412811e-03 4.751374362967908382e-04 2.072646384476684034e-05 5.857960786670446396e-06 3.128397111140657216e-06 1.313993493567977566e-06 0.000000000000000000e+00 0.000000000000000000e+00 
1.656429842114448547e-03 1.658425899222493172e-03 1.661144429817795753e-03 1.666639116592705250e-03 1.677078078500926495e-03 1.680863788351416588e-03 1.685554394498467445e-03 1.710356562398374081e-03 1.753613003529608250e-03 1.798287383280694485e-03 1.898502348922193050e-03 2.045869594439864159e-03 3.305775346234440804e-03 1.835675723850727081e-02 2.366936206817626953e-01 8.013459444046020508e-01 9.855871200561523438e-01 9.966620206832885742e-01 9.978066682815551758e-01 9.980176091194152832e-01 9.980726838111877441e-01 9.980894923210144043e-01 0.000000000000000000e+00 0.000000000000000000e+00 
9.054655834006553050e-07 1.303024077969894279e-06 1.533934778308321256e-06 2.145857024515862577e-06 2.702079882510588504e-06 3.387661308806855232e-06 3.212509454897372052e-06 4.663569143303902820e-06 7.677727808186318725e-06 1.051807521434966475e-05 1.695161154202651232e-05 2.780725117190741003e-05 3.303343255538493395e-04 4.551022313535213470e-03 2.229839190840721130e-02 2.330153249204158783e-02 4.968740511685609818e-03 5.041215918026864529e-04 2.087646316795144230e-05 5.889263775316067040e-06 3.120976998616242781e-06 1.303181875300651882e-06 0.000000000000000000e+00 0.000000000000000000e+00 
1.643429393880069256e-03 1.645455951802432537e-03 1.648190082050859928e-03 1.653647399507462978e-03 1.664045499637722969e-03 1.667880103923380375e-03 1.672568963840603828e-03 1.697221654467284679e-03 1.740321516990661621e-03 1.785042928531765938e-03 1.885375939309597015e-03 2.033590106293559074e-03 3.318627597764134407e-03 1.880012638866901398e-02 2.419549971818923950e-01 8.050537109375000000e-01 9.859547615051269531e-01 9.967242479324340820e-01 9.978325963020324707e-01 9.980390667915344238e-01 9.980931282043457031e-01 9.981092810630798340e-01 0.000000000000000000e+00 0.000000000000000000e+00 
8.987283308670157567e-07 1.291384023716091178e-06 1.530942768113163766e-06 2.126477511410485022e-06 2.679850013009854592e-06 3.370578497197129764e-06 3.201640765837510116e-06 4.630895091395359486e-06 7.651244231965392828e-06 1.050219725584611297e-05 1.698793312243651599e-05 2.803442112053744495e-05 3.418758860789239407e-04 4.671215079724788666e-03 2.256351895630359650e-02 2.308446913957595825e-02 4.893310368061065674e-03 4.843684146180748940e-04 2.039432365563698113e-05 5.766205958934733644e-06 3.047273139600292780e-06 1.276931470783893019e-06 0.000000000000000000e+00 0.000000000000000000e+00 
1.630673068575561047e-03 1.632689498364925385e-03 1.635419670492410660e-03 1.640841364860534668e-03 1.651212223805487156e-03 1.655052066780626774e-03 1.659734174609184265e-03 1.684368588030338287e-03 1.727443421259522438e-03 1.772172166965901852e-03 1.872559427283704281e-03 2.021213760599493980e-03 3.316156333312392235e-03 1.896304078400135040e-02 2.440782636404037476e-01 8.066021800041198730e-01 9.861330986022949219e-01 9.967659115791320801e-01 9.978567957878112793e-01 9.980598688125610352e-01 9.981129169464111328e-01 9.981288313865661621e-01 0.000000000000000000e+00 0.000000000000000000e+00 
8.941239570958714467e-07 1.286017095480929129e-06 1.525526158729917370e-06 2.121603984051034786e-06 2.675618361536180601e-06 3.364654730830807239e-06 3.193273869328550063e-06 4.630444891517981887e-06 7.646088306501042098e-06 1.050416994985425845e-05 1.700327811704482883e-05 2.813970786519348621e-05 3.462696913629770279e-04 4.717824980616569519e-03 2.267180010676383972e-02 2.299890667200088501e-02 4.864953923970460892e-03 4.771500825881958008e-04 2.004571615543682128e-05 5.664780928782420233e-06 2.984366119562764652e-06 1.253746972906810697e-06 0.000000000000000000e+00 0.000000000000000000e+00 
1.617980655282735825e-03 1.619884977117180824e-03 1.622538780793547630e-03 1.627817749977111816e-03 1.637962996028363705e-03 1.641711336560547352e-03 1.646293327212333679e-03 1.670508412644267082e-03 1.712881261482834816e-03 1.756815356202423573e-03 1.855364185757935047e-03 2.001384040340781212e-03 3.254765877500176430e-03 1.828633435070514679e-02 2.375047206878662109e-01 8.023006319999694824e-01 9.858099222183227539e-01 9.967526197433471680e-01 9.978750348091125488e-01 9.980785846710205078e-01 9.981317520141601562e-01 9.981476068496704102e-01 0.000000000000000000e+00 0.000000000000000000e+00 
8.783433145254093688e-07 1.261655711459752638e-06 1.493142349318077322e-06 2.085936557705281302e-06 2.632544465086539276e-06 3.308475925223319791e-06 3.138310830763657577e-06 4.559620720101520419e-06 7.520693998230854049e-06 1.033045373333152384e-05 1.669328048592433333e-05 2.759105518634896725e-05 3.292210458312183619e-04 4.558882210403680801e-03 2.236400730907917023e-02 2.328247390687465668e-02 4.965286236256361008e-03 5.016741924919188023e-04 2.009044328588061035e-05 5.661308478011051193e-06 2.963816314149880782e-06 1.240808387592551298e-06 0.000000000000000000e+00 0.000000000000000000e+00 
1.605854951776564121e-03 1.607876969501376152e-03 1.610577921383082867e-03 1.616015098989009857e-03 1.626417390070855618e-03 1.630289829336106777e-03 1.635031658224761486e-03 1.659876317717134953e-03 1.703293411992490292e-03 1.748344860970973969e-03 1.849435269832611084e-03 1.999757718294858932e-03 3.320538904517889023e-03 1.934610307216644287e-02 2.487110942602157593e-01 8.099034428596496582e-01 9.865051507949829102e-01 9.968523979187011719e-01 9.979066252708435059e-01 9.981010556221008301e-01 9.981515407562255859e-01 9.981663823127746582e-01 0.000000000000000000e+00 0.000000000000000000e+00 
8.911198392524966039e-07 1.287124860027688555e-06 1.523073478892911226e-06 2.133468797183013521e-06 2.693864189495798200e-06 3.385331183380912989e-06 3.204240101695177145e-06 4.682643520936835557e-06 7.696437023696489632e-06 1.057525878422893584e-05 1.712879929982591420e-05 2.847810719686094671e-05 3.570137487258762121e-04 4.818516317754983902e-03 2.289983257651329041e-02 2.281080186367034912e-02 4.803167656064033508e-03 4.621391417458653450e-04 1.928201709233690053e-05 5.425299605121836066e-06 2.844715936589636840e-06 1.203780243486107793e-06 0.000000000000000000e+00 0.000000000000000000e+00 
1.593536115251481533e-03 1.595408422872424126e-03 1.598016591742634773e-03 1.603230834007263184e-03 1.613265834748744965e-03 1.617006375454366207e-03 1.621580333448946476e-03 1.645639305934309959e-03 1.687786541879177094e-03 1.731556141749024391e-03 1.829698332585394382e-03 1.975752878934144974e-03 3.234856296330690384e-03 1.837594620883464813e-02 2.392973750829696655e-01 8.037630915641784668e-01 9.860290884971618652e-01 9.968197345733642578e-01 9.979205727577209473e-01 9.981181025505065918e-01 9.981693625450134277e-01 9.981846213340759277e-01 0.000000000000000000e+00 0.000000000000000000e+00 
8.665115274197887629e-07 1.245598355126276147e-06 1.475722001487156376e-06 2.065925400529522449e-06 2.610516958156949840e-06 3.284823378635337576e-06 3.113724005743279122e-06 4.537134373094886541e-06 7.474404355889419094e-06 1.027708640322089195e-05 1.663186412770301104e-05 2.761686664598528296e-05 3.322230477351695299e-04 4.593691322952508926e-03 2.246331609785556793e-02 2.321632951498031616e-02 4.943991079926490784e-03 4.958459758199751377e-04 1.949746183527167886e-05 5.477914328366750851e-06 2.846569259418174624e-06 1.195577624457655475e-06 0.000000000000000000e+00 0.000000000000000000e+00 
1.581575255841016769e-03 1.583398203365504742e-03 1.585975522175431252e-03 1.591100473888218403e-03 1.600999501533806324e-03 1.604709075763821602e-03 1.609230646863579750e-03 1.633006031624972820e-03 1.674723695032298565e-03 1.718096667900681496e-03 1.815364579670131207e-03 1.960394205525517464e-03 3.209452610462903976e-03 1.822085492312908173e-02 2.381413727998733521e-01 8.030966520309448242e-01 9.860127568244934082e-01 9.968371391296386719e-01 9.979400634765625000e-01 9.981364011764526367e-01 9.981875419616699219e-01 9.982023835182189941e-01 0.000000000000000000e+00 0.000000000000000000e+00 
8.555796284781536087e-07 1.228191081281693187e-06 1.457775738344935235e-06 2.039339051407296211e-06 2.578839257694198750e-06 3.248607299610739574e-06 3.080186843362753280e-06 4.486489160626661032e-06 7.398527031909907237e-06 1.018014245346421376e-05 1.649043224460911006e-05 2.743506047409027815e-05 3.286977589596062899e-04 4.563316237181425095e-03 2.241510152816772461e-02 2.326990105211734772e-02 4.962705541402101517e-03 5.006018327549099922e-04 1.934234933287370950e-05 5.439119831862626597e-06 2.810712885548127815e-06 1.179205355583690107e-06 0.000000000000000000e+00 0.000000000000000000e+00 
1.569815212860703468e-03 1.571582630276679993e-03 1.574121648445725441e-03 1.579176750965416431e-03 1.588966231793165207e-03 1.592646469362080097e-03 1.597137073986232281e-03 1.620725961402058601e-03 1.662147929891943932e-03 1.705172355286777020e-03 1.801543519832193851e-03 1.945355208590626717e-03 3.175791352987289429e-03 1.790110953152179718e-02 2.351275682449340820e-01 8.011620640754699707e-01 9.858965873718261719e-01 9.968472719192504883e-01 9.979608058929443359e-01 9.981548786163330078e-01 9.982051253318786621e-01 9.982200264930725098e-01 0.000000000000000000e+00 0.000000000000000000e+00 
8.471261594422685448e-07 1.216553187077806797e-06 1.441171889382530935e-06 2.025394906013389118e-06 2.562152303653419949e-06 3.225100726922391914e-06 3.055441538890590891e-06 4.461255230125971138e-06 7.342734988924348727e-06 1.010018149827374145e-05 1.634697764529846609e-05 2.719014628382865340e-05 3.210736322216689587e-04 4.488972015678882599e-03 2.227435447275638580e-02 2.340393327176570892e-02 5.009064916521310806e-03 5.122185684740543365e-04 1.918215093610342592e-05 5.365555807657074183e-06 2.763863903965102509e-06 1.160701344815606717e-06 0.000000000000000000e+00 0.000000000000000000e+00 
1.558498595841228962e-03 1.560324686579406261e-03 1.562922960147261620e-03 1.568048843182623386e-03 1.578001305460929871e-03 1.581758027896285057e-03 1.586326048709452152e-03 1.610279083251953125e-03 1.652298844419419765e-03 1.696061226539313793e-03 1.794102834537625313e-03 1.940948655828833580e-03 3.222675761207938194e-03 1.872133836150169373e-02 2.440847307443618774e-01 8.073058724403381348e-01 9.864560365676879883e-01 9.969279170036315918e-01 9.979864954948425293e-01 9.981746077537536621e-01 9.982233047485351562e-01 9.982373118400573730e-01 0.000000000000000000e+00 0.000000000000000000e+00 
8.536947007087292150e-07 1.230893190040660556e-06 1.460753082938026637e-06 2.053307525784475729e-06 2.597927050373982638e-06 3.268650971222086810e-06 3.091456846959772520e-06 4.530718342721229419e-06 7.447461939591448754e-06 1.025686560751637444e-05 1.664332557993475348e-05 2.784310527204070240e-05 3.424453025218099356e-04 4.695425275713205338e-03 2.271029539406299591e-02 2.302625961601734161e-02 4.880560562014579773e-03 4.796303110197186470e-04 1.858295763668138534e-05 5.205234629102051258e-06 2.677894599401042797e-06 1.132281681748281699e-06 0.000000000000000000e+00 0.000000000000000000e+00 
1.546905259601771832e-03 1.548525760881602764e-03 1.551006687805056572e-03 1.555840601213276386e-03 1.565314247272908688e-03 1.568895881064236164e-03 1.573251560330390930e-03 1.596186077222228050e-03 1.636553322896361351e-03 1.678557367995381355e-03 1.772608724422752857e-03 1.913289423100650311e-03 3.105630865320563316e-03 1.727977767586708069e-02 2.292950004339218140e-01 7.973573207855224609e-01 9.856451749801635742e-01 9.968572854995727539e-01 9.979963898658752441e-01 9.981895089149475098e-01 9.982393980026245117e-01 9.982540607452392578e-01 0.000000000000000000e+00 0.000000000000000000e+00 
8.238170039476244710e-07 1.180155663860205095e-06 1.399781240252195857e-06 1.971466190298087895e-06 2.495187345630256459e-06 3.140980425087036565e-06 2.976464202220086008e-06 4.347263256931910291e-06 7.162836936913663521e-06 9.864429557637777179e-06 1.597308255441021174e-05 2.660761856532189995e-05 3.066018107347190380e-04 4.347025882452726364e-03 2.199836075305938721e-02 2.366072125732898712e-02 5.098833236843347549e-03 5.366669502109289169e-04 1.901836549222934991e-05 5.311510903993621469e-06 2.705471615627175197e-06 1.132074203269439749e-06 0.000000000000000000e+00 0.000000000000000000e+00 
1.535798073746263981e-03 1.537424977868795395e-03 1.539913006126880646e-03 1.544728642329573631e-03 1.554188085719943047e-03 1.557781477458775043e-03 1.562144374474883080e-03 1.585047459229826927e-03 1.625375822186470032e-03 1.667407457716763020e-03 1.761571853421628475e-03 1.902743009850382805e-03 3.106887219473719597e-03 1.748161204159259796e-02 2.319325953722000122e-01 7.993017435073852539e-01 9.858548045158386230e-01 9.969004988670349121e-01 9.980182051658630371e-01 9.982075691223144531e-01 9.982565641403198242e-01 9.982707500457763672e-01 0.000000000000000000e+00 0.000000000000000000e+00 
8.203498964576283470e-07 1.175843522105424199e-06 1.397713390360877384e-06 1.966012405318906531e-06 2.489644202796625905e-06 3.135843826385098509e-06 2.971410594909684733e-06 4.341707153798779473e-06 7.156584615586325526e-06 9.864043022389523685e-06 1.599835013621486723e-05 2.673815833986736834e-05 3.116112202405929565e-04 4.405195824801921844e-03 2.213590964674949646e-02 2.355414070188999176e-02 5.064873956143856049e-03 5.259751342236995697e-04 1.867041646619327366e-05 5.208438778936397284e-06 2.646309440024197102e-06 1.110259631786902901e-06 0.000000000000000000e+00 0.000000000000000000e+00 
1.524960389360785484e-03 1.526699285022914410e-03 1.529230503365397453e-03 1.534162438474595547e-03 1.543803839012980461e-03 1.547504216432571411e-03 1.551997731439769268e-03 1.575328176841139793e-03 1.616397290490567684e-03 1.659251167438924313e-03 1.755436300300061703e-03 1.900142175145447254e-03 3.160942578688263893e-03 1.840450428426265717e-02 2.420541346073150635e-01 8.062620759010314941e-01 9.864785671234130859e-01 9.969883561134338379e-01 9.980435371398925781e-01 9.982264637947082520e-01 9.982737302780151367e-01 9.982870817184448242e-01 0.000000000000000000e+00 0.000000000000000000e+00 
8.284679324788157828e-07 1.192309241559996735e-06 1.421296701664687134e-06 1.995557795453350991e-06 2.529069888623780571e-06 3.189151811966439709e-06 3.019585165020544082e-06 4.423394329933216795e-06 7.283939794433536008e-06 1.004529713100055233e-05 1.634640648262575269e-05 2.749158556980546564e-05 3.343277494423091412e-04 4.638369660824537277e-03 2.262988127768039703e-02 2.312577143311500549e-02 4.922482650727033615e-03 4.873936122749000788e-04 1.803851773729547858e-05 5.037527444073930383e-06 2.557516154411132447e-06 1.082076323655201122e-06 0.000000000000000000e+00 0.000000000000000000e+00 
1.513999421149492264e-03 1.515613868832588196e-03 1.518070930615067482e-03 1.522826380096375942e-03 1.532179652713239193e-03 1.535777584649622440e-03 1.540148630738258362e-03 1.562879071570932865e-03 1.602967618964612484e-03 1.644749077968299389e-03 1.738438033498823643e-03 1.879354706034064293e-03 3.083851886913180351e-03 1.748847402632236481e-02 2.327164858579635620e-01 8.000294566154479980e-01 9.859916567802429199e-01 9.969537258148193359e-01 9.980572462081909180e-01 9.982419013977050781e-01 9.982894659042358398e-01 9.983031153678894043e-01 0.000000000000000000e+00 0.000000000000000000e+00 
8.099912065517855808e-07 1.161417003459064290e-06 1.383932271892263088e-06 1.948176304722437635e-06 2.469682385708438233e-06 3.113979801128152758e-06 2.950771886389702559e-06 4.318028459238121286e-06 7.112482308002654463e-06 9.804829460335895419e-06 1.592736225575208664e-05 2.672900882316753268e-05 3.115509462077170610e-04 4.418006166815757751e-03 2.218224294483661652e-02 2.352880500257015228e-02 5.062026903033256531e-03 5.240992177277803421e-04 1.819801036617718637e-05 5.060227977082831785e-06 2.551395255068200640e-06 1.074191686711856164e-06 0.000000000000000000e+00 0.000000000000000000e+00 
1.503382693044841290e-03 1.504956861026585102e-03 1.507400302216410637e-03 1.512097776867449284e-03 1.521366881206631660e-03 1.524938852526247501e-03 1.529274741187691689e-03 1.551826833747327328e-03 1.591626787558197975e-03 1.633153879083693027e-03 1.726208254694938660e-03 1.866387436166405678e-03 3.062853356823325157e-03 1.736185140907764435e-02 2.317541092634201050e-01 7.994704842567443848e-01 9.859840273857116699e-01 9.969709515571594238e-01 9.980758428573608398e-01 9.982583522796630859e-01 9.983053207397460938e-01 9.983187913894653320e-01 0.000000000000000000e+00 0.000000000000000000e+00 
8.030055482777243014e-07 1.150940988736692816e-06 1.372242877550888807e-06 1.933553221533657052e-06 2.451368118272512220e-06 3.090659220106317662e-06 2.928008825620054267e-06 4.287149749870877713e-06 7.061293672450119630e-06 9.738752851262688637e-06 1.582615732331760228e-05 2.660336576809640974e-05 3.085421340074390173e-04 4.391950089484453201e-03 2.214043214917182922e-02 2.357465215027332306e-02 5.079634953290224075e-03 5.289711989462375641e-04 1.801602775231003761e-05 4.999430984753416851e-06 2.510306785552529618e-06 1.057918552760384046e-06 0.000000000000000000e+00 0.000000000000000000e+00 
1.492924755439162254e-03 1.494450611062347889e-03 1.496877404861152172e-03 1.501512830145657063e-03 1.510698231868445873e-03 1.514238538220524788e-03 1.518536824733018875e-03 1.540916739031672478e-03 1.580434152856469154e-03 1.621693372726440430e-03 1.714060315862298012e-03 1.853382796980440617e-03 3.038956085219979286e-03 1.717600040137767792e-02 2.300689369440078735e-01 7.983711957931518555e-01 9.859214425086975098e-01 9.969802498817443848e-01 9.980924725532531738e-01 9.982742071151733398e-01 9.983209371566772461e-01 9.983342289924621582e-01 0.000000000000000000e+00 0.000000000000000000e+00 
7.958252581374836154e-07 1.140735207627585623e-06 1.360169335384853184e-06 1.920577687997138128e-06 2.435155465718708001e-06 3.068073283429839648e-06 2.905568408095859922e-06 4.259446996002225205e-06 7.010879016888793558e-06 9.671722182247322053e-06 1.571554275869857520e-05 2.644952110131271183e-05 3.041654126718640327e-04 4.348174668848514557e-03 2.205847948789596558e-02 2.364981174468994141e-02 5.107211880385875702e-03 5.373794701881706715e-04 1.790555870684329420e-05 4.966739197698188946e-06 2.479768909324775450e-06 1.043637666953145526e-06 0.000000000000000000e+00 0.000000000000000000e+00 
1.482447143644094467e-03 1.483813975937664509e-03 1.486142515204846859e-03 1.490580616518855095e-03 1.499429694376885891e-03 1.502832979895174503e-03 1.506969798356294632e-03 1.528645516373217106e-03 1.567009021528065205e-03 1.606996287591755390e-03 1.696287072263658047e-03 1.830820692703127861e-03 2.947866683825850487e-03 1.603364385664463043e-02 2.175370752811431885e-01 7.895880341529846191e-01 9.851813912391662598e-01 9.969137310981750488e-01 9.981026053428649902e-01 9.982878565788269043e-01 9.983354210853576660e-01 9.983493089675903320e-01 0.000000000000000000e+00 0.000000000000000000e+00 
7.746174333078670315e-07 1.105859155359212309e-06 1.315858526140800677e-06 1.866163415797927883e-06 2.366780108786770143e-06 2.979751798193319701e-06 2.823765726134297438e-06 4.135466951993294060e-06 6.804356416978407651e-06 9.380692063132300973e-06 1.518821409263182431e-05 2.547112308093346655e-05 2.771583385765552521e-04 4.057982936501502991e-03 2.141951397061347961e-02 2.418172918260097504e-02 5.288435146212577820e-03 5.936582456342875957e-04 1.824230639613233507e-05 5.038600647822022438e-06 2.496163688192609698e-06 1.041545374391716905e-06 0.000000000000000000e+00 0.000000000000000000e+00 
1.472585718147456646e-03 1.474141725338995457e-03 1.476587960496544838e-03 1.481257146224379539e-03 1.490519847720861435e-03 1.494097057729959488e-03 1.498465193435549736e-03 1.521016471087932587e-03 1.560818171128630638e-03 1.602465403266251087e-03 1.695666345767676830e-03 1.836764160543680191e-03 3.052498213946819305e-03 1.765501126646995544e-02 2.359329313039779663e-01 8.025122284889221191e-01 9.863414168357849121e-01 9.970608949661254883e-01 9.981317520141601562e-01 9.983068704605102539e-01 9.983516335487365723e-01 9.983643889427185059e-01 0.000000000000000000e+00 0.000000000000000000e+00 
7.954738521220861003e-07 1.144519501394825056e-06 1.368398784507007804e-06 1.933386329255881719e-06 2.454052491884795018e-06 3.088679704887908883e-06 2.924415412053349428e-06 4.297566647437633947e-06 7.056822596496203914e-06 9.740826499182730913e-06 1.585321297170594335e-05 2.684829269128385931e-05 3.159933839924633503e-04 4.473583772778511047e-03 2.235126867890357971e-02 2.340943366289138794e-02 5.030238069593906403e-03 5.161557928659021854e-04 1.727228482195641845e-05 4.779470145876985043e-06 2.373658844589954242e-06 1.005241642815235537e-06 0.000000000000000000e+00 0.000000000000000000e+00 
1.462524989619851112e-03 1.464008470065891743e-03 1.466421177610754967e-03 1.470980932936072350e-03 1.480070641264319420e-03 1.483593601733446121e-03 1.487881410866975784e-03 1.510072732344269753e-03 1.549296895973384380e-03 1.590372761711478233e-03 1.682211179286241531e-03 1.821370096877217293e-03 3.012793604284524918e-03 1.726361736655235291e-02 2.320709228515625000e-01 7.999440431594848633e-01 9.861559867858886719e-01 9.970556497573852539e-01 9.981460571289062500e-01 9.983213543891906738e-01 9.983663558959960938e-01 9.983788728713989258e-01 0.000000000000000000e+00 0.000000000000000000e+00 
7.835846531634160783e-07 1.125472635976620950e-06 1.345913233308237977e-06 1.903405973280314356e-06 2.416341658317833208e-06 3.042376874873298220e-06 2.880610736610833555e-06 4.233345407556043938e-06 6.955247954465448856e-06 9.605809282220434397e-06 1.562542092869989574e-05 2.647443579917307943e-05 3.064987540710717440e-04 4.381426144391298294e-03 2.216450497508049011e-02 2.357815019786357880e-02 5.088347941637039185e-03 5.325544043444097042e-04 1.726003574731294066e-05 4.773272394231753424e-06 2.355907554374425672e-06 9.940691825249814428e-07 0.000000000000000000e+00 0.000000000000000000e+00 
1.452411408536136150e-03 1.453698263503611088e-03 1.455971854738891125e-03 1.460264669731259346e-03 1.468861009925603867e-03 1.472216332331299782e-03 1.476270495913922787e-03 1.497444813139736652e-03 1.535053830593824387e-03 1.574367517605423927e-03 1.662138151004910469e-03 1.794997486285865307e-03 2.901317551732063293e-03 1.588109694421291351e-02 2.170096188783645630e-01 7.894457578659057617e-01 9.852799773216247559e-01 9.969738721847534180e-01 9.981544613838195801e-01 9.983340501785278320e-01 9.983802437782287598e-01 9.983931183815002441e-01 0.000000000000000000e+00 0.000000000000000000e+00 
7.545414746346068569e-07 1.074981128112995066e-06 1.283592155232327059e-06 1.818907435335859191e-06 2.308793455085833557e-06 2.914824790423153900e-06 2.762778649412211962e-06 4.046823050884995610e-06 6.668815785815240815e-06 9.206674803863279521e-06 1.493337003921624273e-05 2.521091664675623178e-05 2.737514732871204615e-04 4.034667741507291794e-03 2.140441164374351501e-02 2.422122471034526825e-02 5.304651800543069839e-03 5.991099751554429531e-04 1.766427885740995407e-05 4.859885848418343812e-06 2.379178795308689587e-06 9.943436225512414239e-07 0.000000000000000000e+00 0.000000000000000000e+00 
1.442757784388959408e-03 1.444067922420799732e-03 1.446349546313285828e-03 1.450658426620066166e-03 1.459266641177237034e-03 1.462645828723907471e-03 1.466716872528195381e-03 1.487922156229615211e-03 1.525606843642890453e-03 1.565087703056633472e-03 1.653272775001823902e-03 1.787096029147505760e-03 2.912635682150721550e-03 1.622417382895946503e-02 2.214277684688568115e-01 7.927065491676330566e-01 9.856124520301818848e-01 9.970285296440124512e-01 9.981746077537536621e-01 9.983499050140380859e-01 9.983946681022644043e-01 9.984072446823120117e-01 0.000000000000000000e+00 0.000000000000000000e+00 
7.532959784839476924e-07 1.074129500011622440e-06 1.285362941416678950e-06 1.817238285184430424e-06 2.307031536474823952e-06 2.917405709013110027e-06 2.764720647974172607e-06 4.050011739309411496e-06 6.679684702248778194e-06 9.230539944837801158e-06 1.500501275586429983e-05 2.543873961258213967e-05 2.816170454025268555e-04 4.131341353058815002e-03 2.164051122963428497e-02 2.404234744608402252e-02 5.244661122560501099e-03 5.788014968857169151e-04 1.726257687550969422e-05 4.742404144053580239e-06 2.318926590305636637e-06 9.741668236529221758e-07 0.000000000000000000e+00 0.000000000000000000e+00 
1.433249679394066334e-03 1.434598350897431374e-03 1.436908030882477760e-03 1.441251602955162525e-03 1.449927454814314842e-03 1.453350414521992207e-03 1.457467093132436275e-03 1.478825928643345833e-03 1.516766613349318504e-03 1.556589384563267231e-03 1.645564800128340721e-03 1.780922641046345234e-03 2.932457253336906433e-03 1.666335575282573700e-02 2.267422825098037720e-01 7.965380549430847168e-01 9.859831333160400391e-01 9.970866441726684570e-01 9.981945753097534180e-01 9.983657598495483398e-01 9.984091520309448242e-01 9.984213113784790039e-01 0.000000000000000000e+00 0.000000000000000000e+00 
7.550609666395757813e-07 1.079177877727488521e-06 1.294101707571826410e-06 1.828013978411036078e-06 2.321259898963035084e-06 2.935663133030175231e-06 2.780725480988621712e-06 4.079575319337891415e-06 6.725076673319563270e-06 9.300015335611533374e-06 1.514433370175538585e-05 2.577210580056998879e-05 2.919063263107091188e-04 4.249629564583301544e-03 2.191579714417457581e-02 2.382252179086208344e-02 5.171931814402341843e-03 5.557760014198720455e-04 1.684869675955269486e-05 4.624032953870482743e-06 2.258800805066130124e-06 9.538085805615992285e-07 0.000000000000000000e+00 0.000000000000000000e+00 
1.423725276254117489e-03 1.425010035745799541e-03 1.427281415089964867e-03 1.431532436981797218e-03 1.440055435523390770e-03 1.443425659090280533e-03 1.447475166060030460e-03 1.468511181883513927e-03 1.505926251411437988e-03 1.545201172120869160e-03 1.632857369258999825e-03 1.766296918503940105e-03 2.892427379265427589e-03 1.624073274433612823e-02 2.222728282213211060e-01 7.934411764144897461e-01 9.857453703880310059e-01 9.970745444297790527e-01 9.982078671455383301e-01 9.983790516853332520e-01 9.984226822853088379e-01 9.984347820281982422e-01 0.000000000000000000e+00 0.000000000000000000e+00 
7.446302561220363714e-07 1.062223418557550758e-06 1.274086002922558691e-06 1.802213091650628485e-06 2.288846872033900581e-06 2.895132183766691014e-06 2.743138793448451906e-06 4.022897883260156959e-06 6.632008535234490409e-06 9.171357305604033172e-06 1.491979946877108887e-05 2.539751767471898347e-05 2.821071248035877943e-04 4.144143313169479370e-03 2.168928086757659912e-02 2.401649206876754761e-02 5.237851757556200027e-03 5.767670227214694023e-04 1.685535244178026915e-05 4.618196726369205862e-06 2.243222525066812523e-06 9.446729336559656076e-07 0.000000000000000000e+00 0.000000000000000000e+00 
1.414392609149217606e-03 1.415655598975718021e-03 1.417918829247355461e-03 1.422137953341007233e-03 1.430616131983697414e-03 1.433972502127289772e-03 1.438011880964040756e-03 1.458956860005855560e-03 1.496214303188025951e-03 1.535336603410542011e-03 1.622592448256909847e-03 1.755539560690522194e-03 2.875856589525938034e-03 1.613324880599975586e-02 2.213135212659835815e-01 7.928014993667602539e-01 9.857224822044372559e-01 9.970877170562744141e-01 9.982239007949829102e-01 9.983934164047241211e-01 9.984363913536071777e-01 9.984481930732727051e-01 0.000000000000000000e+00 0.000000000000000000e+00 
7.402686605928465724e-07 1.056516339303925633e-06 1.268175537916249596e-06 1.796113224372675177e-06 2.281492243128013797e-06 2.883484739868436009e-06 2.732435177676961757e-06 4.009761596535099670e-06 6.603559540963033214e-06 9.132238119491375983e-06 1.485004304413450882e-05 2.530872916395310313e-05 2.797624329105019569e-04 4.118058830499649048e-03 2.163998410105705261e-02 2.406194806098937988e-02 5.253910552710294724e-03 5.823411047458648682e-04 1.669321136432699859e-05 4.557933152682380751e-06 2.207053512393031269e-06 9.306928632213384844e-07 0.000000000000000000e+00 0.000000000000000000e+00 
1.405368908308446407e-03 1.406727242283523083e-03 1.409057294949889183e-03 1.413398655131459236e-03 1.422099187038838863e-03 1.425551949068903923e-03 1.429710187949240208e-03 1.451130490750074387e-03 1.489167334511876106e-03 1.529239001683890820e-03 1.618686015717685223e-03 1.755391596816480160e-03 2.934534102678298950e-03 1.711036823689937592e-02 2.325686365365982056e-01 8.007355928421020508e-01 9.864329695701599121e-01 9.971824288368225098e-01 9.982458353042602539e-01 9.984091520309448242e-01 9.984503388404846191e-01 9.984616041183471680e-01 0.000000000000000000e+00 0.000000000000000000e+00 
7.505565235987887718e-07 1.077038064067892265e-06 1.296335085498867556e-06 1.832935140555491671e-06 2.328594291611807421e-06 2.941967068181838840e-06 2.785652441161801107e-06 4.097882992937229574e-06 6.739734544680686668e-06 9.330629836767911911e-06 1.522295588074484840e-05 2.609956572996452451e-05 3.029158688150346279e-04 4.371491260826587677e-03 2.221054397523403168e-02 2.358643151819705963e-02 5.096986889839172363e-03 5.343824159353971481e-04 1.608693855814635754e-05 4.397210886963875964e-06 2.125426590282586403e-06 9.053565008798614144e-07 0.000000000000000000e+00 0.000000000000000000e+00 
1.396073610521852970e-03 1.397291780449450016e-03 1.399515895172953606e-03 1.403665170073509216e-03 1.412007608450949192e-03 1.415335922501981258e-03 1.419331762008368969e-03 1.440010964870452881e-03 1.476870849728584290e-03 1.515637268312275410e-03 1.602035365067422390e-03 1.734018325805664062e-03 2.848037052899599075e-03 1.603397913277149200e-02 2.208269983530044556e-01 7.925666570663452148e-01 9.857625961303710938e-01 9.971206784248352051e-01 9.982543587684631348e-01 9.984207153320312500e-01 9.984629750251770020e-01 9.984744191169738770e-01 0.000000000000000000e+00 0.000000000000000000e+00 
7.291092174455116037e-07 1.040225129145255778e-06 1.250970058208622504e-06 1.771933170857664663e-06 2.251736077596433461e-06 2.849856628017732874e-06 2.700953928069793619e-06 3.964369170716963708e-06 6.529098754981532693e-06 9.035283255798276514e-06 1.469937797082820907e-05 2.514988409529905766e-05 2.777309273369610310e-04 4.100351594388484955e-03 2.161766402423381805e-02 2.409133873879909515e-02 5.264741834253072739e-03 5.866995779797434807e-04 1.637656168895773590e-05 4.464059202291537076e-06 2.136987404810497537e-06 9.030704859469551593e-07 0.000000000000000000e+00 0.000000000000000000e+00 
1.387097872793674469e-03 1.388320350088179111e-03 1.390548539347946644e-03 1.394683145917952061e-03 1.403013127855956554e-03 1.406354247592389584e-03 1.410366385243833065e-03 1.431031385436654091e-03 1.467865658923983574e-03 1.506633241660892963e-03 1.593037624843418598e-03 1.725276350043714046e-03 2.845248207449913025e-03 1.613012701272964478e-02 2.221924662590026855e-01 7.935882806777954102e-01 9.858811497688293457e-01 9.971481561660766602e-01 9.982702732086181641e-01 9.984346032142639160e-01 9.984759688377380371e-01 9.984872341156005859e-01 0.000000000000000000e+00 0.000000000000000000e+00 
7.268723720699199475e-07 1.037523816194152460e-06 1.250026684829208534e-06 1.770483663676714059e-06 2.250534635095391423e-06 2.848034228009055369e-06 2.699973492781282403e-06 3.964983079640660435e-06 6.527242021547863260e-06 9.034642971528228372e-06 1.470069219067227095e-05 2.522281829442363232e-05 2.800706133712083101e-04 4.127905238419771194e-03 2.168852835893630981e-02 2.403732948005199432e-02 5.248166155070066452e-03 5.817948840558528900e-04 1.615328437765128911e-05 4.398243618197739124e-06 2.095769104926148430e-06 8.867001497492310591e-07 0.000000000000000000e+00 0.000000000000000000e+00 
1.378303510136902332e-03 1.379568944685161114e-03 1.381832407787442207e-03 1.386005198583006859e-03 1.394416322000324726e-03 1.397806336171925068e-03 1.401872956193983555e-03 1.422710367478430271e-03 1.459823106415569782e-03 1.498963451012969017e-03 1.586217083968222141e-03 1.720103668048977852e-03 2.867088653147220612e-03 1.657570339739322662e-02 2.275215983390808105e-01 7.973796725273132324e-01 9.862369894981384277e-01 9.972025752067565918e-01 9.982882738113403320e-01 9.984489083290100098e-01 9.984889626502990723e-01 9.984998703002929688e-01 0.000000000000000000e+00 0.000000000000000000e+00 
7.299157687157276087e-07 1.043788756760477554e-06 1.260679937331588008e-06 1.783746711225830950e-06 2.267532863697852008e-06 2.869369154723244719e-06 2.719798885664204136e-06 3.997850399173330516e-06 6.578162810910725966e-06 9.111267900152597576e-06 1.484791027905885130e-05 2.558713094913400710e-05 2.907271555159240961e-04 4.244945477694272995e-03 2.196055278182029724e-02 2.381493523716926575e-02 5.176309030503034592e-03 5.593213136307895184e-04 1.577704279043246061e-05 4.291593540983740240e-06 2.038188085862202570e-06 8.671420914652117062e-07 0.000000000000000000e+00 0.000000000000000000e+00 
1.369366422295570374e-03 1.370486803352832794e-03 1.372661325149238110e-03 1.376627129502594471e-03 1.384686329402029514e-03 1.387946191243827343e-03 1.391849131323397160e-03 1.411939039826393127e-03 1.447833143174648285e-03 1.485635410062968731e-03 1.569709158502519131e-03 1.698718639090657234e-03 2.777703572064638138e-03 1.544395461678504944e-02 2.147855460643768311e-01 7.883517146110534668e-01 9.854780435562133789e-01 9.971292018890380859e-01 9.982959032058715820e-01 9.984598159790039062e-01 9.985010027885437012e-01 9.985120892524719238e-01 0.000000000000000000e+00 0.000000000000000000e+00 
7.091043698892462999e-07 1.007861328616854735e-06 1.216129589920456056e-06 1.724834874039515853e-06 2.192424517488689162e-06 2.776093651846167631e-06 2.633867779877618887e-06 3.863679921778384596e-06 6.364742603182094172e-06 8.812838132143951952e-06 1.430687098036287352e-05 2.460634095768909901e-05 2.648688678164035082e-04 3.953355830162763596e-03 2.130108140408992767e-02 2.435883879661560059e-02 5.357095506042242050e-03 6.197870825417339802e-04 1.610614890523720533e-05 4.364029337011743337e-06 2.053719981631729752e-06 8.652404517306422349e-07 0.000000000000000000e+00 0.000000000000000000e+00 
1.360730966553092003e-03 1.361847156658768654e-03 1.364009687677025795e-03 1.367960008792579174e-03 1.375974155962467194e-03 1.379231689497828484e-03 1.383121707476675510e-03 1.403124886564910412e-03 1.438896986655890942e-03 1.476621837355196476e-03 1.560512930154800415e-03 1.689478172920644283e-03 2.772542880848050117e-03 1.552349142730236053e-02 2.160575091838836670e-01 7.893323898315429688e-01 9.855935573577880859e-01 9.971550107002258301e-01 9.983102083206176758e-01 9.984726309776306152e-01 9.985134601593017578e-01 9.985243678092956543e-01 0.000000000000000000e+00 0.000000000000000000e+00 
7.049256396385317203e-07 1.001955752144567668e-06 1.210535060636175331e-06 1.715084977149672341e-06 2.180226601922186092e-06 2.764341161309857853e-06 2.622687134135048836e-06 3.846952949970727786e-06 6.340805157378781587e-06 8.785033060121349990e-06 1.427557253919076174e-05 2.462222619215026498e-05 2.668662928044795990e-04 3.979750908911228180e-03 2.136951312422752380e-02 2.430847287178039551e-02 5.340067669749259949e-03 6.141161429695785046e-04 1.592339503986295313e-05 4.320504558563698083e-06 2.021529326157178730e-06 8.508492328473948874e-07 0.000000000000000000e+00 0.000000000000000000e+00 
1.352267223410308361e-03 1.353435218334197998e-03 1.355622778646647930e-03 1.359635614790022373e-03 1.367749762721359730e-03 1.371056190691888332e-03 1.375007093884050846e-03 1.395223662257194519e-03 1.431338721886277199e-03 1.469503273256123066e-03 1.554351416416466236e-03 1.685054623521864414e-03 2.795130945742130280e-03 1.596765778958797455e-02 2.214622795581817627e-01 7.932487130165100098e-01 9.859672784805297852e-01 9.972115755081176758e-01 9.983277916908264160e-01 9.984864592552185059e-01 9.985258579254150391e-01 9.985364079475402832e-01 0.000000000000000000e+00 0.000000000000000000e+00 
7.085910738169332035e-07 1.010441451398946811e-06 1.223173626385687385e-06 1.730688836687477306e-06 2.200776634708745405e-06 2.790501866911654361e-06 2.646679376994143240e-06 3.886074409820139408e-06 6.397704510163748637e-06 8.868681106832809746e-06 1.443447945348452777e-05 2.499137008271645755e-05 2.772973093669861555e-04 4.098576493561267853e-03 2.165055833756923676e-02 2.408310770988464355e-02 5.265834275633096695e-03 5.892495391890406609e-04 1.555158632982056588e-05 4.209557118883822113e-06 1.966537638509180397e-06 8.327507430294645019e-07 0.000000000000000000e+00 0.000000000000000000e+00 
1.343796029686927795e-03 1.344929100014269352e-03 1.347098033875226974e-03 1.351056969724595547e-03 1.359089859761297703e-03 1.362370443530380726e-03 1.366286887787282467e-03 1.386331510730087757e-03 1.422150060534477234e-03 1.460020896047353745e-03 1.544118393212556839e-03 1.673815771937370300e-03 2.770951250568032265e-03 1.574804820120334625e-02 2.191729843616485596e-01 7.916567325592041016e-01 9.858592152595520020e-01 9.972130060195922852e-01 9.983412623405456543e-01 9.984987974166870117e-01 9.985377788543701172e-01 9.985481500625610352e-01 0.000000000000000000e+00 0.000000000000000000e+00 
7.024444244052574504e-07 1.001296027425269131e-06 1.212672600559017155e-06 1.717479676699440461e-06 2.184063760068966076e-06 2.768591002677567303e-06 2.626353534651570953e-06 3.856648163491627201e-06 6.345803285512374714e-06 8.797489499556832016e-06 1.430431620974559337e-05 2.480056355125270784e-05 2.724729129113256931e-04 4.042977932840585709e-03 2.153101377189159393e-02 2.418360486626625061e-02 5.299863871186971664e-03 6.009136559441685677e-04 1.546380372019484639e-05 4.167552106082439423e-06 1.937791694217594340e-06 8.211684416892239824e-07 0.000000000000000000e+00 0.000000000000000000e+00 
1.335352892056107521e-03 1.336407032795250416e-03 1.338521717116236687e-03 1.342363189905881882e-03 1.350184553302824497e-03 1.353390165604650974e-03 1.357207889668643475e-03 1.376800471916794777e-03 1.411892124451696873e-03 1.449000556021928787e-03 1.531269401311874390e-03 1.658286433666944504e-03 2.720920369029045105e-03 1.517933141440153122e-02 2.127938121557235718e-01 7.870706915855407715e-01 9.854779243469238281e-01 9.971812367439270020e-01 9.983508586883544922e-01 9.985099434852600098e-01 9.985492229461669922e-01 9.985598325729370117e-01 0.000000000000000000e+00 0.000000000000000000e+00 
6.892262263136217371e-07 9.789482646738179028e-07 1.185732003250450362e-06 1.679925503594859038e-06 2.136245257133850828e-06 2.711854904191568494e-06 2.573512574599590153e-06 3.774155175051419064e-06 6.216680503712268546e-06 8.619965228717774153e-06 1.399455140926875174e-05 2.427337676635943353e-05 2.597947604954242706e-04 3.895901609212160110e-03 2.119347825646400452e-02 2.445596456527709961e-02 5.390951409935951233e-03 6.333817145787179470e-04 1.557583163958042860e-05 4.193908807792467996e-06 1.935186446644365788e-06 8.136029805427824613e-07 0.000000000000000000e+00 0.000000000000000000e+00 
1.327141071669757366e-03 1.328216865658760071e-03 1.330341445282101631e-03 1.334203174337744713e-03 1.342049101367592812e-03 1.345276017673313618e-03 1.349113415926694870e-03 1.368758617900311947e-03 1.403946196660399437e-03 1.441226573660969734e-03 1.523864804767072201e-03 1.651732600294053555e-03 2.730685519054532051e-03 1.545966695994138718e-02 2.164318561553955078e-01 7.897702455520629883e-01 9.857468008995056152e-01 9.972244501113891602e-01 9.983662366867065430e-01 9.985226392745971680e-01 9.985612034797668457e-01 9.985712766647338867e-01 0.000000000000000000e+00 0.000000000000000000e+00 
6.890875852150202263e-07 9.798066002986161038e-07 1.188813826047407929e-06 1.682045876805204898e-06 2.138890749847632833e-06 2.717786401262856089e-06 2.578645762696396559e-06 3.783053898587240838e-06 6.231662155187223107e-06 8.646403330203611404e-06 1.405848888680338860e-05 2.447327824484091252e-05 2.663803461473435163e-04 3.974465653300285339e-03 2.138745412230491638e-02 2.430606633424758911e-02 5.341865122318267822e-03 6.157601019367575645e-04 1.530043846287298948e-05 4.119666755286743864e-06 1.893799662866513245e-06 7.971588615873770323e-07 0.000000000000000000e+00 0.000000000000000000e+00 
1.318852882832288742e-03 1.319804694503545761e-03 1.321855699643492699e-03 1.325552118942141533e-03 1.333115040324628353e-03 1.336229965090751648e-03 1.339921029284596443e-03 1.358957262709736824e-03 1.393138314597308636e-03 1.429346506483852863e-03 1.509385998360812664e-03 1.633269828744232655e-03 2.659039339050650597e-03 1.456524431705474854e-02 2.060072720050811768e-01 7.821139693260192871e-01 9.850776791572570801e-01 9.971586465835571289e-01 9.983731508255004883e-01 9.985327124595642090e-01 9.985721111297607422e-01 9.985826015472412109e-01 0.000000000000000000e+00 0.000000000000000000e+00 
6.719869816151913255e-07 9.508507332611770835e-07 1.152195068243599962e-06 1.633650072108139284e-06 2.076870941891684197e-06 2.640869297465542331e-06 2.506667442503385246e-06 3.671942295113694854e-06 6.053860943211475387e-06 8.399747457588091493e-06 1.361564682156313211e-05 2.367545857850927860e-05 2.468909660819917917e-04 3.736760234460234642e-03 2.082406729459762573e-02 2.474597096443176270e-02 5.489551927894353867e-03 6.708948640152812004e-04 1.557749783387407660e-05 4.189894752926193178e-06 1.906827833408897277e-06 7.918538358353544027e-07 0.000000000000000000e+00 0.000000000000000000e+00 
1.310802763327956200e-03 1.311762141995131969e-03 1.313820248469710350e-03 1.317526679486036301e-03 1.325107528828084469e-03 1.328232814557850361e-03 1.331935753114521503e-03 1.351005397737026215e-03 1.385234529152512550e-03 1.421559485606849194e-03 1.501778373494744301e-03 1.626134500838816166e-03 2.660992322489619255e-03 1.471492089331150055e-02 2.080691158771514893e-01 7.836652994155883789e-01 9.852457046508789062e-01 9.971905946731567383e-01 9.983875751495361328e-01 9.985449314117431641e-01 9.985836744308471680e-01 9.985938668251037598e-01 0.000000000000000000e+00 0.000000000000000000e+00 
6.712397748742660042e-07 9.511075518275902141e-07 1.153920948127051815e-06 1.635839225855306722e-06 2.079544174193870276e-06 2.644385403982596472e-06 2.509574187570251524e-06 3.678360144476755522e-06 6.059641236788593233e-06 8.411696398979984224e-06 1.364342824672348797e-05 2.378857061557937413e-05 2.505903248675167561e-04 3.779354970902204514e-03 2.093442715704441071e-02 2.466350793838500977e-02 5.462662316858768463e-03 6.607539835385978222e-04 1.535744195280130953e-05 4.127175088797230273e-06 1.865523472588392906e-06 7.757572575428639539e-07 0.000000000000000000e+00 0.000000000000000000e+00 
1.302829827181994915e-03 1.303789904341101646e-03 1.305850455537438393e-03 1.309555605985224247e-03 1.317132962867617607e-03 1.320263952948153019e-03 1.323967240750789642e-03 1.343030598945915699e-03 1.377262058667838573e-03 1.413655350916087627e-03 1.493989606387913227e-03 1.618777750991284847e-03 2.664106665179133415e-03 1.490508764982223511e-02 2.107192277908325195e-01 7.856959104537963867e-01 9.854604005813598633e-01 9.972279667854309082e-01 9.984022974967956543e-01 9.985570907592773438e-01 9.985949993133544922e-01 9.986048936843872070e-01 0.000000000000000000e+00 0.000000000000000000e+00 
6.696641889902821276e-07 9.492387675891222898e-07 1.153050789071130566e-06 1.633814235901809298e-06 2.076616510748863220e-06 2.642790377649362199e-06 2.507593535483465530e-06 3.677081622299738228e-06 6.058145572751527652e-06 8.415001502726227045e-06 1.366444303130265325e-05 2.390393819950986654e-05 2.550665813032537699e-04 3.835407318547368050e-03 2.107961848378181458e-02 2.455628663301467896e-02 5.427319090813398361e-03 6.470383377745747566e-04 1.510632500867359340e-05 4.059152615809580311e-06 1.820887746362132020e-06 7.587442496514995582e-07 0.000000000000000000e+00 0.000000000000000000e+00 
1.294882036745548248e-03 1.295808702707290649e-03 1.297845854423940182e-03 1.301505952142179012e-03 1.309002400375902653e-03 1.312106382101774216e-03 1.315775443799793720e-03 1.334675936959683895e-03 1.368642901070415974e-03 1.404777751304209232e-03 1.484459033235907555e-03 1.608366961590945721e-03 2.644250635057687759e-03 1.475538033992052078e-02 2.092284113168716431e-01 7.846533060073852539e-01 9.853934049606323242e-01 9.972330927848815918e-01 9.984145760536193848e-01 9.985684156417846680e-01 9.986061453819274902e-01 9.986157417297363281e-01 0.000000000000000000e+00 0.000000000000000000e+00 
6.636001899096299894e-07 9.403763669979525730e-07 1.142611836257856339e-06 1.620216607989277691e-06 2.059406824628240429e-06 2.621766043375828303e-06 2.488037807779619470e-06 3.648427082225680351e-06 6.009583557897713035e-06 8.349073141289409250e-06 1.355018957838183269e-05 2.374198265897575766e-05 2.520022972021251917e-04 3.799634985625743866e-03 2.099920250475406647e-02 2.462152764201164246e-02 5.449369084089994431e-03 6.549739046022295952e-04 1.501287897553993389e-05 4.021076620119856670e-06 1.792553462109935936e-06 7.468731269000272732e-07 0.000000000000000000e+00 0.000000000000000000e+00 
