3.917317390441894531e-01 3.918792605400085449e-01 3.915720582008361816e-01 3.919178545475006104e-01 3.918086886405944824e-01 3.908786177635192871e-01 3.908464610576629639e-01 3.917846083641052246e-01 3.920043110847473145e-01 3.918165564537048340e-01 3.910765945911407471e-01 3.914182484149932861e-01 3.915548920631408691e-01 3.920052945613861084e-01 3.912775218486785889e-01 3.914557397365570068e-01 3.917393982410430908e-01 3.914847671985626221e-01 3.913300037384033203e-01 3.914126753807067871e-01 3.915074467658996582e-01 3.914568126201629639e-01 0.000000000000000000e+00 0.000000000000000000e+00 
2.089730987790971994e-04 3.063001204282045364e-04 2.877579536288976669e-04 2.862854453269392252e-04 3.174288722220808268e-04 3.077674482483416796e-04 2.852834295481443405e-04 2.827863499987870455e-04 2.471777843311429024e-04 2.999894786626100540e-04 2.879670937545597553e-04 2.874867059290409088e-04 2.786011609714478254e-04 2.817528438754379749e-04 2.682950580492615700e-04 2.718967734836041927e-04 2.672247937880456448e-04 2.610577503219246864e-04 2.821807283908128738e-04 2.888741437345743179e-04 2.458480885252356529e-04 1.906085817608982325e-04 0.000000000000000000e+00 0.000000000000000000e+00 
5.217018723487854004e-01 5.219030976295471191e-01 5.215293765068054199e-01 5.219717025756835938e-01 5.217495560646057129e-01 5.208153724670410156e-01 5.208174586296081543e-01 5.218349695205688477e-01 5.219919085502624512e-01 5.218377709388732910e-01 5.210253596305847168e-01 5.215361118316650391e-01 5.216692686080932617e-01 5.221766829490661621e-01 5.214096903800964355e-01 5.216270685195922852e-01 5.218999981880187988e-01 5.217978954315185547e-01 5.215670466423034668e-01 5.217366814613342285e-01 5.218111872673034668e-01 5.217853188514709473e-01 0.000000000000000000e+00 0.000000000000000000e+00 
2.328340051462873816e-04 3.385222807992249727e-04 3.048759535886347294e-04 3.113980055786669254e-04 3.492636897135525942e-04 3.327554441057145596e-04 3.153295256197452545e-04 3.122060152236372232e-04 2.765072276815772057e-04 3.390971105545759201e-04 3.146403178106993437e-04 3.235916083212941885e-04 3.151498094666749239e-04 3.147506213281303644e-04 2.947161847259849310e-04 3.005679172929376364e-04 2.975824463646858931e-04 2.889950701501220465e-04 3.171375137753784657e-04 3.132072743028402328e-04 2.740216732490807772e-04 2.121186553267762065e-04 0.000000000000000000e+00 0.000000000000000000e+00 
4.962399899959564209e-01 4.964894950389862061e-01 4.959224760532379150e-01 4.965706765651702881e-01 4.962930083274841309e-01 4.952120780944824219e-01 4.952357411384582520e-01 4.964726865291595459e-01 4.966598451137542725e-01 4.964211881160736084e-01 4.954642355442047119e-01 4.961874485015869141e-01 4.962604343891143799e-01 4.969962239265441895e-01 4.961553215980529785e-01 4.964098334312438965e-01 4.967648386955261230e-01 4.967279136180877686e-01 4.964196979999542236e-01 4.967412352561950684e-01 4.968075454235076904e-01 4.969087243080139160e-01 0.000000000000000000e+00 0.000000000000000000e+00 
2.790928119793534279e-04 4.047971742693334818e-04 3.664577379822731018e-04 3.762588021345436573e-04 4.220143891870975494e-04 3.993546415586024523e-04 3.840491699520498514e-04 3.717888030223548412e-04 3.384323208592832088e-04 4.043778462801128626e-04 3.779322432819753885e-04 3.909149090759456158e-04 3.830026544164866209e-04 3.814864903688430786e-04 3.586558741517364979e-04 3.709321026690304279e-04 3.602585056796669960e-04 3.494347911328077316e-04 3.896733105648308992e-04 3.749123134184628725e-04 3.256978525314480066e-04 2.560591092333197594e-04 0.000000000000000000e+00 0.000000000000000000e+00 
4.960087537765502930e-01 4.963806867599487305e-01 4.953301846981048584e-01 4.964613914489746094e-01 4.960126578807830811e-01 4.948105514049530029e-01 4.949360787868499756e-01 4.965206682682037354e-01 4.968004524707794189e-01 4.965145289897918701e-01 4.951194226741790771e-01 4.964315593242645264e-01 4.964272975921630859e-01 4.976612925529479980e-01 4.968234300613403320e-01 4.971564710140228271e-01 4.977900087833404541e-01 4.979248940944671631e-01 4.975613355636596680e-01 4.982992410659790039e-01 4.983172416687011719e-01 4.986471533775329590e-01 0.000000000000000000e+00 0.000000000000000000e+00 
3.806968161370605230e-04 5.381605005823075771e-04 4.971778253093361855e-04 5.181225133128464222e-04 5.728910909965634346e-04 5.420808447524905205e-04 5.347760743461549282e-04 5.089357146061956882e-04 4.702878068201243877e-04 5.403009708970785141e-04 5.137416883371770382e-04 5.365101387724280357e-04 5.291186971589922905e-04 5.226502544246613979e-04 4.980468656867742538e-04 5.160197615623474121e-04 4.987366264685988426e-04 4.828358942177146673e-04 5.431965691968798637e-04 5.098285619169473648e-04 4.286986659280955791e-04 3.502592735458165407e-04 0.000000000000000000e+00 0.000000000000000000e+00 
4.901614189147949219e-01 4.911133348941802979e-01 4.886882901191711426e-01 4.911507368087768555e-01 4.903175234794616699e-01 4.891928136348724365e-01 4.897911846637725830e-01 4.921244978904724121e-01 4.931686222553253174e-01 4.928907155990600586e-01 4.905001223087310791e-01 4.937004148960113525e-01 4.940829575061798096e-01 4.967297315597534180e-01 4.968993365764617920e-01 4.977806210517883301e-01 4.993500709533691406e-01 5.005285739898681641e-01 5.005494952201843262e-01 5.027516484260559082e-01 5.025396347045898438e-01 5.039364695549011230e-01 0.000000000000000000e+00 0.000000000000000000e+00 
6.271831807680428028e-04 8.380333893001079559e-04 8.190316730178892612e-04 8.555514505133032799e-04 9.200320928357541561e-04 8.926119189709424973e-04 9.091650717891752720e-04 8.762002107687294483e-04 7.973919273354113102e-04 8.540527778677642345e-04 8.417483768425881863e-04 8.886187570169568062e-04 8.649048395454883575e-04 8.547974284738302231e-04 8.248619851656258106e-04 8.502558921463787556e-04 8.504767320118844509e-04 7.991600432433187962e-04 9.156497544609010220e-04 8.256874280050396919e-04 6.802046555094420910e-04 5.576777621172368526e-04 0.000000000000000000e+00 0.000000000000000000e+00 
4.706452190876007080e-01 4.746539890766143799e-01 4.687680900096893311e-01 4.741987586021423340e-01 4.736428856849670410e-01 4.734964668750762939e-01 4.755674600601196289e-01 4.805249869823455811e-01 4.840704202651977539e-01 4.845245480537414551e-01 4.809954166412353516e-01 4.888882637023925781e-01 4.918994903564453125e-01 4.999458193778991699e-01 5.039073824882507324e-01 5.079156756401062012e-01 5.122686624526977539e-01 5.171532034873962402e-01 5.183149576187133789e-01 5.247296094894409180e-01 5.242357850074768066e-01 5.282644033432006836e-01 0.000000000000000000e+00 0.000000000000000000e+00 
1.296643400564789772e-03 1.625054050236940384e-03 1.677841879427433014e-03 1.740667852573096752e-03 1.791210263036191463e-03 1.821748679503798485e-03 1.821197918616235256e-03 1.852507703006267548e-03 1.574014429934322834e-03 1.657299115322530270e-03 1.715401420369744301e-03 1.835136441513895988e-03 1.718748128041625023e-03 1.629073987714946270e-03 1.684051239863038063e-03 1.649755053222179413e-03 1.747463596984744072e-03 1.587041420862078667e-03 1.791499787941575050e-03 1.610286301001906395e-03 1.408028067089617252e-03 1.028828322887420654e-03 0.000000000000000000e+00 0.000000000000000000e+00 
4.057153165340423584e-01 4.184434413909912109e-01 4.063579738140106201e-01 4.166049361228942871e-01 4.207941591739654541e-01 4.196253120899200439e-01 4.281775653362274170e-01 4.394655525684356689e-01 4.459562599658966064e-01 4.496431648731231689e-01 4.475792050361633301e-01 4.605029225349426270e-01 4.729684591293334961e-01 4.980396330356597900e-01 5.097251534461975098e-01 5.217712521553039551e-01 5.355985760688781738e-01 5.486189723014831543e-01 5.530053973197937012e-01 5.668676495552062988e-01 5.672828555107116699e-01 5.744816660881042480e-01 0.000000000000000000e+00 0.000000000000000000e+00 
2.446194645017385483e-03 3.092658240348100662e-03 3.341792616993188858e-03 3.323159180581569672e-03 3.291004803031682968e-03 3.558117896318435669e-03 3.360940143465995789e-03 3.715905128046870232e-03 3.153094090521335602e-03 3.196346107870340347e-03 3.738800063729286194e-03 3.803802654147148132e-03 3.844091203063726425e-03 3.468108596280217171e-03 3.612081985920667648e-03 3.619408467784523964e-03 3.645241260528564453e-03 3.418356645852327347e-03 3.307292237877845764e-03 3.050544066354632378e-03 3.270647488534450531e-03 2.113476162776350975e-03 0.000000000000000000e+00 0.000000000000000000e+00 
3.183013200759887695e-01 3.375578224658966064e-01 3.268524110317230225e-01 3.403858840465545654e-01 3.536106348037719727e-01 3.521681129932403564e-01 3.650958240032196045e-01 3.889063000679016113e-01 4.044116437435150146e-01 4.153945147991180420e-01 4.247470796108245850e-01 4.465644955635070801e-01 4.817181229591369629e-01 5.390176773071289062e-01 5.638500452041625977e-01 5.927345156669616699e-01 6.193529963493347168e-01 6.406512260437011719e-01 6.502007842063903809e-01 6.684161424636840820e-01 6.691355705261230469e-01 6.796917319297790527e-01 0.000000000000000000e+00 0.000000000000000000e+00 
2.731962595134973526e-03 3.721198765560984612e-03 4.043533466756343842e-03 3.776229918003082275e-03 4.176239483058452606e-03 4.717229399830102921e-03 4.402263555675745010e-03 5.086350720375776291e-03 4.881782457232475281e-03 4.810277838259935379e-03 6.059368140995502472e-03 6.082240026444196701e-03 6.596628576517105103e-03 5.857926327735185623e-03 6.019801367074251175e-03 5.562800448387861252e-03 4.869227763265371323e-03 4.578459542244672775e-03 4.158569034188985825e-03 3.300257027149200439e-03 4.063049331307411194e-03 2.281294204294681549e-03 0.000000000000000000e+00 0.000000000000000000e+00 
2.061804234981536865e-01 2.225714921951293945e-01 2.167467921972274780e-01 2.267753630876541138e-01 2.418570369482040405e-01 2.433346956968307495e-01 2.552143931388854980e-01 2.846831679344177246e-01 3.107666671276092529e-01 3.303933143615722656e-01 3.553781211376190186e-01 3.901959061622619629e-01 4.602171182632446289e-01 5.644772648811340332e-01 6.087167263031005859e-01 6.583569049835205078e-01 7.005250453948974609e-01 7.259482145309448242e-01 7.393995523452758789e-01 7.568578720092773438e-01 7.558442354202270508e-01 7.671858072280883789e-01 0.000000000000000000e+00 0.000000000000000000e+00 
2.102462342008948326e-03 3.073376603424549103e-03 3.209625370800495148e-03 3.122403519228100777e-03 3.935390617698431015e-03 4.456032067537307739e-03 4.582173191010951996e-03 5.693738348782062531e-03 6.363580469042062759e-03 6.860818248242139816e-03 8.942833170294761658e-03 9.228903800249099731e-03 1.099962834268808365e-02 1.003074180334806442e-02 9.647406637668609619e-03 8.347960188984870911e-03 6.091003306210041046e-03 5.414537154138088226e-03 4.750552121549844742e-03 3.232064656913280487e-03 4.273465834558010101e-03 2.135421615093946457e-03 0.000000000000000000e+00 0.000000000000000000e+00 
1.322876214981079102e-01 1.418344378471374512e-01 1.392431110143661499e-01 1.461717635393142700e-01 1.556454151868820190e-01 1.585705578327178955e-01 1.682208925485610962e-01 1.904998272657394409e-01 2.203653305768966675e-01 2.431046962738037109e-01 2.798669636249542236e-01 3.218995034694671631e-01 4.282779097557067871e-01 5.801290869712829590e-01 6.424854993820190430e-01 7.134805321693420410e-01 7.672321796417236328e-01 7.935577034950256348e-01 8.066639304161071777e-01 8.225362896919250488e-01 8.204411268234252930e-01 8.309201002120971680e-01 0.000000000000000000e+00 0.000000000000000000e+00 
1.175589277409017086e-03 1.803741441108286381e-03 1.783405314199626446e-03 2.044510794803500175e-03 2.468622522428631783e-03 3.013181965798139572e-03 3.590879496186971664e-03 4.841176327317953110e-03 6.570188328623771667e-03 7.596183568239212036e-03 1.069613080471754074e-02 1.172793004661798477e-02 1.533865742385387421e-02 1.454397477209568024e-02 1.351192500442266464e-02 1.103197876363992691e-02 7.163964211940765381e-03 6.197504233568906784e-03 5.331737454980611801e-03 3.332507330924272537e-03 4.174553789198398590e-03 2.047691261395812035e-03 0.000000000000000000e+00 0.000000000000000000e+00 
9.646342694759368896e-02 1.024556532502174377e-01 1.011747568845748901e-01 1.059355586767196655e-01 1.124183461070060730e-01 1.151729449629783630e-01 1.232293844223022461e-01 1.399737000465393066e-01 1.694478094577789307e-01 1.920038312673568726e-01 2.349361032247543335e-01 2.805797457695007324e-01 4.124603271484375000e-01 6.020845174789428711e-01 6.745881438255310059e-01 7.606668472290039062e-01 8.178051114082336426e-01 8.419386148452758789e-01 8.531695604324340820e-01 8.666018843650817871e-01 8.643630743026733398e-01 8.731800913810729980e-01 0.000000000000000000e+00 0.000000000000000000e+00 
6.927383947186172009e-04 1.111977850086987019e-03 1.091901096515357494e-03 1.385260839015245438e-03 1.667095348238945007e-03 2.107607200741767883e-03 2.783181611448526382e-03 4.156106151640415192e-03 6.622545886784791946e-03 7.736684754490852356e-03 1.172673236578702927e-02 1.355529576539993286e-02 1.850548014044761658e-02 1.784130372107028961e-02 1.637454703450202942e-02 1.263268943876028061e-02 7.627694401890039444e-03 6.642138119786977768e-03 5.528812296688556671e-03 3.228481160476803780e-03 3.741455497220158577e-03 1.854848582297563553e-03 0.000000000000000000e+00 0.000000000000000000e+00 
7.632819563150405884e-02 8.022643625736236572e-02 7.954777032136917114e-02 8.276878297328948975e-02 8.728310465812683105e-02 8.958122134208679199e-02 9.597228467464447021e-02 1.088183969259262085e-01 1.351199448108673096e-01 1.550223082304000854e-01 1.993926912546157837e-01 2.447494119405746460e-01 3.904526829719543457e-01 6.064973473548889160e-01 6.861056089401245117e-01 7.854204177856445312e-01 8.466286063194274902e-01 8.702992200851440430e-01 8.808215260505676270e-01 8.936932086944580078e-01 8.916737437248229980e-01 8.998599052429199219e-01 0.000000000000000000e+00 0.000000000000000000e+00 
4.474890592973679304e-04 7.254561060108244419e-04 7.185253198258578777e-04 9.470636723563075066e-04 1.165460562333464622e-03 1.505117863416671753e-03 2.118005882948637009e-03 3.480207175016403198e-03 6.262031849473714828e-03 7.314090617001056671e-03 1.191362738609313965e-02 1.446450129151344299e-02 2.061250805854797363e-02 2.035221084952354431e-02 1.875689439475536346e-02 1.406917348504066467e-02 8.336788043379783630e-03 7.376236375421285629e-03 6.013343576341867447e-03 3.399753710255026817e-03 3.694876795634627342e-03 1.886519021354615688e-03 0.000000000000000000e+00 0.000000000000000000e+00 
6.334789097309112549e-02 6.609204411506652832e-02 6.574695557355880737e-02 6.814256310462951660e-02 7.158020138740539551e-02 7.354787737131118774e-02 7.885866612195968628e-02 8.938767015933990479e-02 1.134440377354621887e-01 1.315011978149414062e-01 1.763550639152526855e-01 2.215672582387924194e-01 3.764940798282623291e-01 6.113120913505554199e-01 6.953958272933959961e-01 8.042561411857604980e-01 8.676916956901550293e-01 8.900275826454162598e-01 9.000844955444335938e-01 9.123382568359375000e-01 9.106773138046264648e-01 9.181217551231384277e-01 0.000000000000000000e+00 0.000000000000000000e+00 
3.172039869241416454e-04 5.151762161403894424e-04 5.203715409152209759e-04 6.973230629228055477e-04 8.847139542922377586e-04 1.158400322310626507e-03 1.717603765428066254e-03 3.024411387741565704e-03 5.965021904557943344e-03 7.048117462545633316e-03 1.203489489853382111e-02 1.515867002308368683e-02 2.215494774281978607e-02 2.214569784700870514e-02 2.047043852508068085e-02 1.506280153989791870e-02 8.750612847506999969e-03 7.906670682132244110e-03 6.317181047052145004e-03 3.491223324090242386e-03 3.573653055354952812e-03 1.896215602755546570e-03 0.000000000000000000e+00 0.000000000000000000e+00 
5.416404455900192261e-02 5.621849000453948975e-02 5.609633401036262512e-02 5.801594629883766174e-02 6.089039519429206848e-02 6.262474507093429565e-02 6.723151355981826782e-02 7.643133401870727539e-02 9.941171854734420776e-02 1.166693866252899170e-01 1.626082956790924072e-01 2.085656672716140747e-01 3.717946708202362061e-01 6.213651895523071289e-01 7.076706290245056152e-01 8.219844102859497070e-01 8.856825232505798340e-01 9.054766893386840820e-01 9.150233864784240723e-01 9.263586401939392090e-01 9.251548647880554199e-01 9.315695166587829590e-01 0.000000000000000000e+00 0.000000000000000000e+00 
2.393737086094915867e-04 3.919585433322936296e-04 4.032438155263662338e-04 5.455017089843750000e-04 7.187976152636110783e-04 9.583326755091547966e-04 1.476278994232416153e-03 2.766947960481047630e-03 5.866439547389745712e-03 7.053203415125608444e-03 1.234550122171640396e-02 1.589642278850078583e-02 2.344759739935398102e-02 2.342216297984123230e-02 2.161766029894351959e-02 1.562141813337802887e-02 8.830727078020572662e-03 8.160332217812538147e-03 6.379888858646154404e-03 3.406232921406626701e-03 3.294617636129260063e-03 1.831443863920867443e-03 0.000000000000000000e+00 0.000000000000000000e+00 
4.714342579245567322e-02 4.864025861024856567e-02 4.858923703432083130e-02 5.003025010228157043e-02 5.219773575663566589e-02 5.360077694058418274e-02 5.717640742659568787e-02 6.447207927703857422e-02 8.405122160911560059e-02 9.863804280757904053e-02 1.407691538333892822e-01 1.846950054168701172e-01 3.478108048439025879e-01 6.061031818389892578e-01 6.976235508918762207e-01 8.226402401924133301e-01 8.915433883666992188e-01 9.130613803863525391e-01 9.229393005371093750e-01 9.349843263626098633e-01 9.340599179267883301e-01 9.408154487609863281e-01 0.000000000000000000e+00 0.000000000000000000e+00 
1.811876281863078475e-04 2.917023375630378723e-04 3.044453042093664408e-04 4.066846158821135759e-04 5.477411323226988316e-04 7.358769653365015984e-04 1.142558758147060871e-03 2.251706318929791451e-03 5.133397877216339111e-03 6.353622768074274063e-03 1.157731749117374420e-02 1.573091000318527222e-02 2.409485168755054474e-02 2.478099241852760315e-02 2.320091426372528076e-02 1.687257736921310425e-02 9.653581306338310242e-03 8.966551162302494049e-03 7.059148978441953659e-03 3.965490963310003281e-03 3.675936022773385048e-03 2.096709329634904861e-03 0.000000000000000000e+00 0.000000000000000000e+00 
4.179951176047325134e-02 4.297643899917602539e-02 4.298776760697364807e-02 4.417270421981811523e-02 4.599623382091522217e-02 4.722017794847488403e-02 5.023484304547309875e-02 5.655859038233757019e-02 7.463314384222030640e-02 8.805375546216964722e-02 1.290308684110641479e-01 1.727736741304397583e-01 3.385704159736633301e-01 6.044830083847045898e-01 6.987344026565551758e-01 8.292170763015747070e-01 8.999139666557312012e-01 9.209399223327636719e-01 9.306876063346862793e-01 9.425502419471740723e-01 9.420443773269653320e-01 9.484556317329406738e-01 0.000000000000000000e+00 0.000000000000000000e+00 
1.447263202862814069e-04 2.329096023458987474e-04 2.454489876981824636e-04 3.274632908869534731e-04 4.515860928222537041e-04 6.182423676364123821e-04 9.663730743341147900e-04 2.015312202274799347e-03 4.836412146687507629e-03 6.116019096225500107e-03 1.138595212250947952e-02 1.595525071024894714e-02 2.479476667940616608e-02 2.572115883231163025e-02 2.415126189589500427e-02 1.752330735325813293e-02 9.959154762327671051e-03 9.331014007329940796e-03 7.325336337089538574e-03 4.179328680038452148e-03 3.718287916854023933e-03 2.196140587329864502e-03 0.000000000000000000e+00 0.000000000000000000e+00 
3.747549653053283691e-02 3.841297328472137451e-02 3.845591098070144653e-02 3.943618014454841614e-02 4.095974937081336975e-02 4.201661795377731323e-02 4.454141482710838318e-02 4.996281862258911133e-02 6.631032377481460571e-02 7.838840782642364502e-02 1.173845157027244568e-01 1.605903506278991699e-01 3.269715011119842529e-01 5.980937480926513672e-01 6.955650448799133301e-01 8.318681120872497559e-01 9.050035476684570312e-01 9.264642000198364258e-01 9.361775517463684082e-01 9.481616616249084473e-01 9.479771852493286133e-01 9.543319940567016602e-01 0.000000000000000000e+00 0.000000000000000000e+00 
1.173523851321078837e-04 1.880905329016968608e-04 1.998061488848179579e-04 2.656920114532113075e-04 3.724497510120272636e-04 5.181617452763020992e-04 8.140304707922041416e-04 1.770879374817013741e-03 4.456656984984874725e-03 5.756616126745939255e-03 1.098522637039422989e-02 1.597261801362037659e-02 2.526868134737014771e-02 2.657201513648033142e-02 2.505372278392314911e-02 1.821688748896121979e-02 1.036245469003915787e-02 9.731279686093330383e-03 7.659577298909425735e-03 4.487466532737016678e-03 3.891832660883665085e-03 2.349890768527984619e-03 0.000000000000000000e+00 0.000000000000000000e+00 
3.393085673451423645e-02 3.469217196106910706e-02 3.475252911448478699e-02 3.557830676436424255e-02 3.686703741550445557e-02 3.778333589434623718e-02 3.991835936903953552e-02 4.460430145263671875e-02 5.942762270569801331e-02 7.039566338062286377e-02 1.075264364480972290e-01 1.502973288297653198e-01 3.170471787452697754e-01 5.920950770378112793e-01 6.925569772720336914e-01 8.339561223983764648e-01 9.091010689735412598e-01 9.309731721878051758e-01 9.406325221061706543e-01 9.526625275611877441e-01 9.528259038925170898e-01 9.590747356414794922e-01 0.000000000000000000e+00 0.000000000000000000e+00 
9.682592644821852446e-05 1.548411673866212368e-04 1.653995714150369167e-04 2.194578846683725715e-04 3.112451813649386168e-04 4.394407442305237055e-04 6.913354154676198959e-04 1.558548887260258198e-03 4.103550687432289124e-03 5.417423322796821594e-03 1.060298271477222443e-02 1.596416719257831573e-02 2.565445192158222198e-02 2.730633504688739777e-02 2.582307159900665283e-02 1.880472153425216675e-02 1.070647779852151871e-02 1.006158068776130676e-02 7.928490638732910156e-03 4.770318977534770966e-03 4.031074233353137970e-03 2.486406592652201653e-03 0.000000000000000000e+00 0.000000000000000000e+00 
3.097861632704734802e-02 3.161058202385902405e-02 3.168186172842979431e-02 3.239349648356437683e-02 3.350781649351119995e-02 3.431087359786033630e-02 3.614993765950202942e-02 4.027232900261878967e-02 5.392634123563766479e-02 6.402941793203353882e-02 9.976152330636978149e-02 1.423923224210739136e-01 3.099611699581146240e-01 5.885850191116333008e-01 6.913710236549377441e-01 8.366959691047668457e-01 9.131665229797363281e-01 9.349911212921142578e-01 9.445546269416809082e-01 9.565204977989196777e-01 9.570175409317016602e-01 9.630383253097534180e-01 0.000000000000000000e+00 0.000000000000000000e+00 
8.125561726046726108e-05 1.299524592468515038e-04 1.392903504893183708e-04 1.852722343755885959e-04 2.651464019436389208e-04 3.795494849327951670e-04 5.966400494799017906e-04 1.392568228766322136e-03 3.830698551610112190e-03 5.154377780854701996e-03 1.032631471753120422e-02 1.601890288293361664e-02 2.602030150592327118e-02 2.792177908122539520e-02 2.644093707203865051e-02 1.925172656774520874e-02 1.093326229602098465e-02 1.030256971716880798e-02 8.109339512884616852e-03 4.958095028996467590e-03 4.085680469870567322e-03 2.577145816758275032e-03 0.000000000000000000e+00 0.000000000000000000e+00 
2.848867513239383698e-02 2.903086692094802856e-02 2.911712042987346649e-02 2.975620329380035400e-02 3.077491186559200287e-02 3.150955960154533386e-02 3.317543119192123413e-02 3.699373453855514526e-02 5.027285963296890259e-02 6.015548855066299438e-02 9.627800434827804565e-02 1.395002752542495728e-01 3.106367886066436768e-01 5.942775011062622070e-01 6.976773738861083984e-01 8.438102602958679199e-01 9.196707010269165039e-01 9.396145939826965332e-01 9.490129351615905762e-01 9.604441523551940918e-01 9.613014459609985352e-01 9.666190743446350098e-01 0.000000000000000000e+00 0.000000000000000000e+00 
6.964695785427466035e-05 1.122453759307973087e-04 1.207191453431732953e-04 1.619193208171054721e-04 2.354833559365943074e-04 3.436983970459550619e-04 5.419653607532382011e-04 1.322670606896281242e-03 3.781498642638325691e-03 5.180924665182828903e-03 1.046703010797500610e-02 1.638479158282279968e-02 2.655004523694515228e-02 2.834575995802879333e-02 2.675732597708702087e-02 1.936857588589191437e-02 1.083962246775627136e-02 1.033458486199378967e-02 8.059331215918064117e-03 4.851772915571928024e-03 3.870911663398146629e-03 2.537883119657635689e-03 0.000000000000000000e+00 0.000000000000000000e+00 
2.631938830018043518e-02 2.677665092051029205e-02 2.685870043933391571e-02 2.741344459354877472e-02 2.829098701477050781e-02 2.893185056746006012e-02 3.036017343401908875e-02 3.369217738509178162e-02 4.573890194296836853e-02 5.469673126935958862e-02 8.885616064071655273e-02 1.316708326339721680e-01 3.021309673786163330e-01 5.875494480133056641e-01 6.933226585388183594e-01 8.437106609344482422e-01 9.213064908981323242e-01 9.418402314186096191e-01 9.511851072311401367e-01 9.627217054367065430e-01 9.638783335685729980e-01 9.691719412803649902e-01 0.000000000000000000e+00 0.000000000000000000e+00 
5.941830750089138746e-05 9.548024536343291402e-05 1.027027683448977768e-04 1.380703033646568656e-04 2.011067263083532453e-04 2.962135476991534233e-04 4.646082816179841757e-04 1.162935979664325714e-03 3.470251802355051041e-03 4.838547669351100922e-03 1.005797926336526871e-02 1.628438383340835571e-02 2.673103660345077515e-02 2.887380681931972504e-02 2.732517383992671967e-02 1.982093043625354767e-02 1.111301034688949585e-02 1.058330480009317398e-02 8.277246728539466858e-03 5.114473868161439896e-03 3.994903527200222015e-03 2.652192953974008560e-03 0.000000000000000000e+00 0.000000000000000000e+00 
2.445288188755512238e-02 2.484983392059803009e-02 2.493479661643505096e-02 2.543526701629161835e-02 2.623285353183746338e-02 2.681768871843814850e-02 2.810524590313434601e-02 3.117523528635501862e-02 4.275200143456459045e-02 5.141530930995941162e-02 8.548507839441299438e-02 1.286793500185012817e-01 3.015254437923431396e-01 5.904856324195861816e-01 6.970058083534240723e-01 8.484129309654235840e-01 9.258039593696594238e-01 9.449496865272521973e-01 9.542298913002014160e-01 9.653732180595397949e-01 9.668101668357849121e-01 9.716086983680725098e-01 0.000000000000000000e+00 0.000000000000000000e+00 
5.168009010958485305e-05 8.350351708941161633e-05 8.980774146039038897e-05 1.217087628901936114e-04 1.789556117728352547e-04 2.677386219147592783e-04 4.198691458441317081e-04 1.092955237254500389e-03 3.382522612810134888e-03 4.796199966222047806e-03 1.008401997387409210e-02 1.651876419782638550e-02 2.712438628077507019e-02 2.922746352851390839e-02 2.761157229542732239e-02 1.994447037577629089e-02 1.106783840805292130e-02 1.063225511461496353e-02 8.254699409008026123e-03 5.058803129941225052e-03 3.851969959214329720e-03 2.628172980621457100e-03 0.000000000000000000e+00 0.000000000000000000e+00 
2.279790677130222321e-02 2.313502691686153412e-02 2.320922352373600006e-02 2.364264614880084991e-02 2.432286180555820465e-02 2.482782304286956787e-02 2.591707184910774231e-02 2.855682931840419769e-02 3.875752910971641541e-02 4.639505967497825623e-02 7.773078978061676025e-02 1.202709004282951355e-01 2.903638184070587158e-01 5.792028307914733887e-01 6.886430978775024414e-01 8.452146649360656738e-01 9.250180125236511230e-01 9.457371830940246582e-01 9.549690485000610352e-01 9.664340615272521973e-01 9.681363105773925781e-01 9.731909632682800293e-01 0.000000000000000000e+00 0.000000000000000000e+00 
4.463398363441228867e-05 7.160125096561387181e-05 7.677192479604855180e-05 1.040325805661268532e-04 1.521847152616828680e-04 2.285555965499952435e-04 3.548661770764738321e-04 9.407533216290175915e-04 3.005730453878641129e-03 4.323164001107215881e-03 9.489194490015506744e-03 1.622436568140983582e-02 2.710177749395370483e-02 2.973032742738723755e-02 2.820304967463016510e-02 2.046800032258033752e-02 1.146391779184341431e-02 1.092768926173448563e-02 8.554066531360149384e-03 5.465012043714523315e-03 4.115008749067783356e-03 2.799798501655459404e-03 0.000000000000000000e+00 0.000000000000000000e+00 
2.137906663119792938e-02 2.167815715074539185e-02 2.175493352115154266e-02 2.215401083230972290e-02 2.278843335807323456e-02 2.325858734548091888e-02 2.426530607044696808e-02 2.676180750131607056e-02 3.679985180497169495e-02 4.440864548087120056e-02 7.626096159219741821e-02 1.194630414247512817e-01 2.927641868591308594e-01 5.853374600410461426e-01 6.949192881584167480e-01 8.510826230049133301e-01 9.299089312553405762e-01 9.486125111579895020e-01 9.578152894973754883e-01 9.687695503234863281e-01 9.707136750221252441e-01 9.751408100128173828e-01 0.000000000000000000e+00 0.000000000000000000e+00 
3.961120819440111518e-05 6.404241139534860849e-05 6.859115819679573178e-05 9.375435911351814866e-05 1.387082156725227833e-04 2.115885581588372588e-04 3.290226159151643515e-04 9.118821471929550171e-04 3.001751611009240150e-03 4.397521261125802994e-03 9.658874943852424622e-03 1.655930094420909882e-02 2.752525173127651215e-02 2.997375652194023132e-02 2.833949401974678040e-02 2.045218087732791901e-02 1.130323670804500580e-02 1.089806761592626572e-02 8.444479666650295258e-03 5.285421386361122131e-03 3.879076568409800529e-03 2.720936667174100876e-03 0.000000000000000000e+00 0.000000000000000000e+00 
2.013016678392887115e-02 2.039862982928752899e-02 2.047731354832649231e-02 2.084806933999061584e-02 2.144526876509189606e-02 2.188739739358425140e-02 2.282846905291080475e-02 2.521887235343456268e-02 3.521881252527236938e-02 4.290350154042243958e-02 7.556530088186264038e-02 1.194460317492485046e-01 2.963406145572662354e-01 5.925888419151306152e-01 7.019984722137451172e-01 8.571037650108337402e-01 9.347096085548400879e-01 9.512927532196044922e-01 9.604955911636352539e-01 9.709703326225280762e-01 9.730842709541320801e-01 9.769087433815002441e-01 0.000000000000000000e+00 0.000000000000000000e+00 
3.547427331795915961e-05 5.790068826172500849e-05 6.192307046148926020e-05 8.541721763322129846e-05 1.277922128792852163e-04 1.980867673410102725e-04 3.087306395173072815e-04 8.965636370703577995e-04 3.034723922610282898e-03 4.531353246420621872e-03 9.898111224174499512e-03 1.692386716604232788e-02 2.795583009719848633e-02 3.015971742570400238e-02 2.841069363057613373e-02 2.038141898810863495e-02 1.111551001667976379e-02 1.084222365170717239e-02 8.313029073178768158e-03 5.055140238255262375e-03 3.624396398663520813e-03 2.615914214402437210e-03 0.000000000000000000e+00 0.000000000000000000e+00 
1.899718865752220154e-02 1.923232153058052063e-02 1.930303685367107391e-02 1.963334158062934875e-02 2.015889622271060944e-02 2.055148035287857056e-02 2.137340232729911804e-02 2.349039167165756226e-02 3.252772241830825806e-02 3.954350575804710388e-02 7.016918808221817017e-02 1.137540787458419800e-01 2.888031005859375000e-01 5.850043892860412598e-01 6.966641545295715332e-01 8.554595708847045898e-01 9.346170425415039062e-01 9.519624114036560059e-01 9.611153006553649902e-01 9.717045426368713379e-01 9.740700125694274902e-01 9.779838919639587402e-01 0.000000000000000000e+00 0.000000000000000000e+00 
3.143203866784460843e-05 5.110627171234227717e-05 5.449003583635203540e-05 7.524234388256445527e-05 1.120882880059070885e-04 1.743696047924458981e-04 2.695014118216931820e-04 7.954604807309806347e-04 2.765110926702618599e-03 4.197590053081512451e-03 9.470525197684764862e-03 1.673913560807704926e-02 2.795837260782718658e-02 3.054133243858814240e-02 2.883568033576011658e-02 2.073921449482440948e-02 1.135742384940385818e-02 1.103991456329822540e-02 8.504536934196949005e-03 5.341210402548313141e-03 3.792302915826439857e-03 2.735294634476304054e-03 0.000000000000000000e+00 0.000000000000000000e+00 
1.799401640892028809e-02 1.820510253310203552e-02 1.827323436737060547e-02 1.857646368443965912e-02 1.905972510576248169e-02 1.942227222025394440e-02 2.017408795654773712e-02 2.214617468416690826e-02 3.081220202147960663e-02 3.763972967863082886e-02 6.790897250175476074e-02 1.117597743868827820e-01 2.880093157291412354e-01 5.859270095825195312e-01 6.984047293663024902e-01 8.579293489456176758e-01 9.370058774948120117e-01 9.535217285156250000e-01 9.626554846763610840e-01 9.730288386344909668e-01 9.755811691284179688e-01 9.792122244834899902e-01 0.000000000000000000e+00 0.000000000000000000e+00 
2.830276389431674033e-05 4.616837759385816753e-05 4.913508018944412470e-05 6.820342969149351120e-05 1.019469927996397018e-04 1.601563999429345131e-04 2.469680039212107658e-04 7.521270890720188618e-04 2.681416226550936699e-03 4.145652987062931061e-03 9.434980340301990509e-03 1.686171814799308777e-02 2.818380296230316162e-02 3.077511303126811981e-02 2.902224659919738770e-02 2.082603983581066132e-02 1.134461909532546997e-02 1.107678376138210297e-02 8.502808399498462677e-03 5.323220975697040558e-03 3.716913517564535141e-03 2.719377866014838219e-03 0.000000000000000000e+00 0.000000000000000000e+00 
1.707360707223415375e-02 1.725950650870800018e-02 1.731923222541809082e-02 1.758874766528606415e-02 1.800989732146263123e-02 1.832988858222961426e-02 1.898030191659927368e-02 2.070038020610809326e-02 2.834817022085189819e-02 3.438387811183929443e-02 6.207398325204849243e-02 1.053800582885742188e-01 2.781662940979003906e-01 5.746660232543945312e-01 6.899052858352661133e-01 8.541645407676696777e-01 9.353579282760620117e-01 9.535084962844848633e-01 9.624964594841003418e-01 9.731491208076477051e-01 9.759838581085205078e-01 9.798849225044250488e-01 0.000000000000000000e+00 0.000000000000000000e+00 
2.526361640775576234e-05 4.092108792974613607e-05 4.340054510976187885e-05 6.019333886797539890e-05 8.908479503588750958e-05 1.399770553689450026e-04 2.134854439646005630e-04 6.507334765046834946e-04 2.381290309131145477e-03 3.705167211592197418e-03 8.877247571945190430e-03 1.652048714458942413e-02 2.803045138716697693e-02 3.116594068706035614e-02 2.949854359030723572e-02 2.126253768801689148e-02 1.169495284557342529e-02 1.131101604551076889e-02 8.772869594395160675e-03 5.746606737375259399e-03 3.996367100626230240e-03 2.897219499573111534e-03 0.000000000000000000e+00 0.000000000000000000e+00 
1.625820621848106384e-02 1.642841473221778870e-02 1.648865453898906708e-02 1.674196682870388031e-02 1.714251376688480377e-02 1.744710840284824371e-02 1.806240901350975037e-02 1.972507126629352570e-02 2.736944332718849182e-02 3.352335840463638306e-02 6.186617165803909302e-02 1.058719605207443237e-01 2.817818224430084229e-01 5.810299515724182129e-01 6.961836218833923340e-01 8.591778874397277832e-01 9.392293095588684082e-01 9.554658532142639160e-01 9.645024538040161133e-01 9.747263789176940918e-01 9.776936173439025879e-01 9.810770750045776367e-01 0.000000000000000000e+00 0.000000000000000000e+00 
2.310587842657696456e-05 3.773859134525991976e-05 3.996060695499181747e-05 5.586892802966758609e-05 8.338854240719228983e-05 1.328741491306573153e-04 2.027541777351871133e-04 6.440603174269199371e-04 2.415433293208479881e-03 3.833106253296136856e-03 9.071342647075653076e-03 1.684314757585525513e-02 2.839781902730464935e-02 3.129136934876441956e-02 2.951855398714542389e-02 2.116656862199306488e-02 1.150353346019983292e-02 1.124936155974864960e-02 8.639246225357055664e-03 5.520980805158615112e-03 3.759111044928431511e-03 2.788234502077102661e-03 0.000000000000000000e+00 0.000000000000000000e+00 
1.550732366740703583e-02 1.566113904118537903e-02 1.571750268340110779e-02 1.595026999711990356e-02 1.631635241210460663e-02 1.659670472145080566e-02 1.715592853724956512e-02 1.868839189410209656e-02 2.587601542472839355e-02 3.172461315989494324e-02 5.912539735436439514e-02 1.032387167215347290e-01 2.789015769958496094e-01 5.786328315734863281e-01 6.950563192367553711e-01 8.596884012222290039e-01 9.401684999465942383e-01 9.562984108924865723e-01 9.652833342552185059e-01 9.754408597946166992e-01 9.785990715026855469e-01 9.818672537803649902e-01 0.000000000000000000e+00 0.000000000000000000e+00 
2.103665610775351524e-05 3.435807229834608734e-05 3.626909892773255706e-05 5.089779733680188656e-05 7.583718979731202126e-05 1.216028977069072425e-04 1.845979277277365327e-04 5.972142680548131466e-04 2.293584402650594711e-03 3.684546332806348801e-03 8.891316130757331848e-03 1.682931929826736450e-02 2.848737314343452454e-02 3.152685984969139099e-02 2.974544838070869446e-02 2.132051438093185425e-02 1.157650817185640335e-02 1.132568530738353729e-02 8.701007813215255737e-03 5.612205248326063156e-03 3.780558239668607712e-03 2.822705311700701714e-03 0.000000000000000000e+00 0.000000000000000000e+00 
1.482088025659322739e-02 1.496051531285047531e-02 1.501305866986513138e-02 1.522759161889553070e-02 1.556302048265933990e-02 1.582180894911289215e-02 1.633207872509956360e-02 1.774901896715164185e-02 2.452022396028041840e-02 3.008399903774261475e-02 5.659522116184234619e-02 1.008109673857688904e-01 2.762121558189392090e-01 5.762953162193298340e-01 6.939244866371154785e-01 8.600955605506896973e-01 9.409764409065246582e-01 9.570232033729553223e-01 9.659574627876281738e-01 9.760733246803283691e-01 9.794042706489562988e-01 9.825695753097534180e-01 0.000000000000000000e+00 0.000000000000000000e+00 
1.924616117321420461e-05 3.141799606964923441e-05 3.306350117782130837e-05 4.656430246541276574e-05 6.921945168869569898e-05 1.116083076340146363e-04 1.687606272753328085e-04 5.554589442908763885e-04 2.179622184485197067e-03 3.543904749676585197e-03 8.722500875592231750e-03 1.681212149560451508e-02 2.856672555208206177e-02 3.174791112542152405e-02 2.995672821998596191e-02 2.146543189883232117e-02 1.164986286312341690e-02 1.140008773654699326e-02 8.764357306063175201e-03 5.702030379325151443e-03 3.808842040598392487e-03 2.861048793420195580e-03 0.000000000000000000e+00 0.000000000000000000e+00 
1.419997867196798325e-02 1.433048769831657410e-02 1.438455097377300262e-02 1.459039933979511261e-02 1.491858065128326416e-02 1.517143659293651581e-02 1.566987857222557068e-02 1.709168590605258942e-02 2.414241805672645569e-02 3.008882887661457062e-02 5.816580727696418762e-02 1.032793670892715454e-01 2.834923863410949707e-01 5.871339440345764160e-01 7.036807537078857422e-01 8.666253685951232910e-01 9.455216526985168457e-01 9.590464830398559570e-01 9.681324958801269531e-01 9.778033494949340820e-01 9.810909628868103027e-01 9.836615324020385742e-01 0.000000000000000000e+00 0.000000000000000000e+00 
1.793436240404844284e-05 2.961061727546621114e-05 3.112057675025425851e-05 4.424008147907443345e-05 6.658427446382120252e-05 1.091334561351686716e-04 1.657272659940645099e-04 5.760348285548388958e-04 2.301720669493079185e-03 3.845026716589927673e-03 9.121194481849670410e-03 1.728395372629165649e-02 2.904342673718929291e-02 3.175174072384834290e-02 2.981048822402954102e-02 2.121307887136936188e-02 1.135128922760486603e-02 1.126655936241149902e-02 8.540452457964420319e-03 5.275542382150888443e-03 3.444023430347442627e-03 2.669681096449494362e-03 0.000000000000000000e+00 0.000000000000000000e+00 
1.360807847231626511e-02 1.372512150555849075e-02 1.377265714108943939e-02 1.395850908011198044e-02 1.424848381429910660e-02 1.447460614144802094e-02 1.491274870932102203e-02 1.616455614566802979e-02 2.238241769373416901e-02 2.762841619551181793e-02 5.320212617516517639e-02 9.788664430379867554e-02 2.742293477058410645e-01 5.758790373802185059e-01 6.950433254241943359e-01 8.626582622528076172e-01 9.435434341430664062e-01 9.586927890777587891e-01 9.676116704940795898e-01 9.775094985961914062e-01 9.810992479324340820e-01 9.839216470718383789e-01 0.000000000000000000e+00 0.000000000000000000e+00 
1.633874853723682463e-05 2.674996176210697740e-05 2.800124275381676853e-05 3.977524102083407342e-05 5.914242865401320159e-05 9.667923586675897241e-05 1.457819016650319099e-04 5.008219159208238125e-04 2.036795485764741898e-03 3.408189862966537476e-03 8.574836887419223785e-03 1.692517288029193878e-02 2.882531471550464630e-02 3.208836913108825684e-02 3.023749217391014099e-02 2.161202393472194672e-02 1.167527493089437485e-02 1.147370971739292145e-02 8.786872029304504395e-03 5.715371575206518173e-03 3.742296947166323662e-03 2.861968707293272018e-03 0.000000000000000000e+00 0.000000000000000000e+00 
1.306996401399374008e-02 1.317759696394205093e-02 1.322335656732320786e-02 1.339743100106716156e-02 1.366939581930637360e-02 1.388286892324686050e-02 1.429351326078176498e-02 1.548312231898307800e-02 2.149532362818717957e-02 2.664570324122905731e-02 5.195763334631919861e-02 9.693176299333572388e-02 2.741203308105468750e-01 5.767406225204467773e-01 6.963704228401184082e-01 8.642933964729309082e-01 9.449824690818786621e-01 9.595319032669067383e-01 9.684710502624511719e-01 9.782251119613647461e-01 9.819177389144897461e-01 9.845544695854187012e-01 0.000000000000000000e+00 0.000000000000000000e+00 
1.514534596935845912e-05 2.484285141690634191e-05 2.594045508885756135e-05 3.702892354340292513e-05 5.512106508831493556e-05 9.082251199288293719e-05 1.371414255117997527e-04 4.827425873372703791e-04 1.987167168408632278e-03 3.373102983459830284e-03 8.545286953449249268e-03 1.701493188738822937e-02 2.897499874234199524e-02 3.222457319498062134e-02 3.033716045320034027e-02 2.164621837437152863e-02 1.165773905813694000e-02 1.149014942348003387e-02 8.771633729338645935e-03 5.683831870555877686e-03 3.678345354273915291e-03 2.838905435055494308e-03 0.000000000000000000e+00 0.000000000000000000e+00 
1.257153321057558060e-02 1.267128717154264450e-02 1.271578110754489899e-02 1.288086920976638794e-02 1.313829142600297928e-02 1.334209460765123367e-02 1.373209711164236069e-02 1.487904973328113556e-02 2.078364975750446320e-02 2.592872269451618195e-02 5.134640634059906006e-02 9.669291973114013672e-02 2.754451334476470947e-01 5.794053077697753906e-01 6.991481184959411621e-01 8.666653037071228027e-01 9.468421936035156250e-01 9.604836702346801758e-01 9.694807529449462891e-01 9.790492653846740723e-01 9.827976822853088379e-01 9.851976037025451660e-01 0.000000000000000000e+00 0.000000000000000000e+00 
1.410676395607879385e-05 2.325006244063843042e-05 2.419844167889095843e-05 3.477087375358678401e-05 5.185122063267044723e-05 8.625798363937065005e-05 1.307043712586164474e-04 4.734528192784637213e-04 1.971222925931215286e-03 3.397329943254590034e-03 8.596564643085002899e-03 1.716886647045612335e-02 2.917629852890968323e-02 3.232209384441375732e-02 3.037937358021736145e-02 2.162156999111175537e-02 1.158936694264411926e-02 1.147672533988952637e-02 8.716810494661331177e-03 5.578488111495971680e-03 3.561391262337565422e-03 2.783571369946002960e-03 0.000000000000000000e+00 0.000000000000000000e+00 
1.209775451570749283e-02 1.218832749873399734e-02 1.222629752010107040e-02 1.237757783383131027e-02 1.260045822709798813e-02 1.278273761272430420e-02 1.312341913580894470e-02 1.412077713757753372e-02 1.919278502464294434e-02 2.354477345943450928e-02 4.608156159520149231e-02 9.064311534166336060e-02 2.639203071594238281e-01 5.647798180580139160e-01 6.874219179153442383e-01 8.607858419418334961e-01 9.434976577758789062e-01 9.596270322799682617e-01 9.683152437210083008e-01 9.782830476760864258e-01 9.823604226112365723e-01 9.851857423782348633e-01 0.000000000000000000e+00 0.000000000000000000e+00 
1.295030324399704114e-05 2.126092294929549098e-05 2.187771679018624127e-05 3.140181433991529047e-05 4.580061431624926627e-05 7.592672045575454831e-05 1.142166947829537094e-04 4.026910755783319473e-04 1.690158504061400890e-03 2.879438456147909164e-03 7.975468412041664124e-03 1.664744876325130463e-02 2.879367023706436157e-02 3.266890719532966614e-02 3.087327443063259125e-02 2.209834754467010498e-02 1.202844176441431046e-02 1.171875651925802231e-02 9.049167856574058533e-03 6.154732313007116318e-03 3.983885981142520905e-03 3.042300464585423470e-03 0.000000000000000000e+00 0.000000000000000000e+00 
1.167156267911195755e-02 1.175981014966964722e-02 1.179671101272106171e-02 1.194461341947317123e-02 1.216099876910448074e-02 1.234189607203006744e-02 1.267633680254220963e-02 1.368067227303981781e-02 1.890816725790500641e-02 2.354009635746479034e-02 4.723947495222091675e-02 9.260693937540054321e-02 2.699048519134521484e-01 5.735237002372741699e-01 6.952983140945434570e-01 8.659933209419250488e-01 9.471319913864135742e-01 9.611117243766784668e-01 9.700129628181457520e-01 9.795778989791870117e-01 9.835986495018005371e-01 9.859514236450195312e-01 0.000000000000000000e+00 0.000000000000000000e+00 
1.224596690008183941e-05 2.042048618022818118e-05 2.088099427055567503e-05 3.013790956174489111e-05 4.433624417288228869e-05 7.458347681676968932e-05 1.128290750784799457e-04 4.166299768257886171e-04 1.765241613611578941e-03 3.087548539042472839e-03 8.253129199147224426e-03 1.704026199877262115e-02 2.919488400220870972e-02 3.266658261418342590e-02 3.074267879128456116e-02 2.189014479517936707e-02 1.176913641393184662e-02 1.161266583949327469e-02 8.848028257489204407e-03 5.803036503493785858e-03 3.683849237859249115e-03 2.882086904719471931e-03 0.000000000000000000e+00 0.000000000000000000e+00 
1.127159595489501953e-02 1.135425828397274017e-02 1.138761453330516815e-02 1.152771059423685074e-02 1.172803435474634171e-02 1.190029922872781754e-02 1.220912579447031021e-02 1.314920652657747269e-02 1.807052269577980042e-02 2.247217111289501190e-02 4.537098482251167297e-02 9.074193984270095825e-02 2.672914266586303711e-01 5.707535147666931152e-01 6.934714913368225098e-01 8.656596541404724121e-01 9.472390413284301758e-01 9.613884091377258301e-01 9.702412486076354980e-01 9.798045754432678223e-01 9.839500784873962402e-01 9.862818717956542969e-01 0.000000000000000000e+00 0.000000000000000000e+00 
1.143576810136437416e-05 1.914608401420991868e-05 1.944205178006086498e-05 2.815162224578671157e-05 4.124075712752528489e-05 6.971140828682109714e-05 1.050980135914869606e-04 3.896157431881874800e-04 1.669661141932010651e-03 2.942842897027730942e-03 8.096319623291492462e-03 1.697550341486930847e-02 2.919627539813518524e-02 3.282457590103149414e-02 3.091128729283809662e-02 2.201348729431629181e-02 1.185264158993959427e-02 1.167305931448936462e-02 8.907998912036418915e-03 5.905519239604473114e-03 3.738523693755269051e-03 2.925951732322573662e-03 0.000000000000000000e+00 0.000000000000000000e+00 
1.090192329138517380e-02 1.097888406366109848e-02 1.101029664278030396e-02 1.114320382475852966e-02 1.133294869214296341e-02 1.149731222540140152e-02 1.178885716944932938e-02 1.268612220883369446e-02 1.744004338979721069e-02 2.177059277892112732e-02 4.446703195571899414e-02 9.005109965801239014e-02 2.671994864940643311e-01 5.713706612586975098e-01 6.944563388824462891e-01 8.668647408485412598e-01 9.482918977737426758e-01 9.619607925415039062e-01 9.708517789840698242e-01 9.803099036216735840e-01 9.845176339149475098e-01 9.867036342620849609e-01 0.000000000000000000e+00 0.000000000000000000e+00 
1.072553914127638564e-05 1.803148006729315966e-05 1.817232987377792597e-05 2.651369686645921320e-05 3.887158891302533448e-05 6.619447231059893966e-05 9.960056195268407464e-05 3.740918473340570927e-04 1.624180120415985584e-03 2.903132466599345207e-03 8.071468211710453033e-03 1.704282313585281372e-02 2.930893003940582275e-02 3.292636200785636902e-02 3.098592162132263184e-02 2.203599177300930023e-02 1.183596160262823105e-02 1.168341096490621567e-02 8.890229277312755585e-03 5.866340361535549164e-03 3.675012849271297455e-03 2.903397660702466965e-03 0.000000000000000000e+00 0.000000000000000000e+00 
1.055594254285097122e-02 1.062797661870718002e-02 1.065668649971485138e-02 1.078211888670921326e-02 1.096081081777811050e-02 1.111681759357452393e-02 1.139098871499300003e-02 1.224243640899658203e-02 1.680655963718891144e-02 2.102089300751686096e-02 4.336526989936828613e-02 8.909313380718231201e-02 2.664292156696319580e-01 5.709728598594665527e-01 6.945919394493103027e-01 8.675233721733093262e-01 9.489892721176147461e-01 9.623840451240539551e-01 9.712808132171630859e-01 9.806773066520690918e-01 9.849722385406494141e-01 9.870492219924926758e-01 0.000000000000000000e+00 0.000000000000000000e+00 
1.006148886517621577e-05 1.693369995336979628e-05 1.697524385235738009e-05 2.491573286533821374e-05 3.649294376373291016e-05 6.256791675696149468e-05 9.395820961799472570e-05 3.565107181202620268e-04 1.569665852002799511e-03 2.834910992532968521e-03 8.013821206986904144e-03 1.707076840102672577e-02 2.938637509942054749e-02 3.303953260183334351e-02 3.108111023902893066e-02 2.208757400512695312e-02 1.185006741434335709e-02 1.171065960079431534e-02 8.899238891899585724e-03 5.875332746654748917e-03 3.647662233561277390e-03 2.905207453295588493e-03 0.000000000000000000e+00 0.000000000000000000e+00 
1.023325510323047638e-02 1.030125096440315247e-02 1.032949704676866531e-02 1.045050378888845444e-02 1.062467880547046661e-02 1.077744364738464355e-02 1.104551553726196289e-02 1.189221534878015518e-02 1.655530557036399841e-02 2.099833451211452484e-02 4.427839070558547974e-02 9.058425575494766235e-02 2.711776196956634521e-01 5.779128670692443848e-01 7.008355259895324707e-01 8.714085221290588379e-01 9.516271948814392090e-01 9.634413123130798340e-01 9.725344777107238770e-01 9.816798567771911621e-01 9.858809113502502441e-01 9.876350760459899902e-01 0.000000000000000000e+00 0.000000000000000000e+00 
9.527026122668758035e-06 1.615097244211938232e-05 1.615961446077562869e-05 2.385982043051626533e-05 3.529390596668235958e-05 6.123112689238041639e-05 9.208608389599248767e-05 3.621464711613953114e-04 1.623435528017580509e-03 3.003343474119901657e-03 8.239894174039363861e-03 1.738027110695838928e-02 2.970998361706733704e-02 3.302943706512451172e-02 3.096441552042961121e-02 2.191915549337863922e-02 1.165971066802740097e-02 1.163189206272363663e-02 8.748761378228664398e-03 5.575187038630247116e-03 3.391684265807271004e-03 2.758730435743927956e-03 0.000000000000000000e+00 0.000000000000000000e+00 
9.920791722834110260e-03 9.983060881495475769e-03 1.000738795846700668e-02 1.011869218200445175e-02 1.027441117912530899e-02 1.041405182331800461e-02 1.065381150692701340e-02 1.140852365642786026e-02 1.552067324519157410e-02 1.939148083329200745e-02 4.054707661271095276e-02 8.632773905992507935e-02 2.627022266387939453e-01 5.671205520629882812e-01 6.922132372856140137e-01 8.672839403152465820e-01 9.493547081947326660e-01 9.628385901451110840e-01 9.716591238975524902e-01 9.810400009155273438e-01 9.855668544769287109e-01 9.875501990318298340e-01 0.000000000000000000e+00 0.000000000000000000e+00 
8.857760803948622197e-06 1.487552708567818627e-05 1.483932464907411486e-05 2.184251752623822540e-05 3.188745176885277033e-05 5.526899985852651298e-05 8.247500954894348979e-05 3.169816045556217432e-04 1.429537078365683556e-03 2.616307931020855904e-03 7.794898934662342072e-03 1.699372939765453339e-02 2.941833809018135071e-02 3.329427167773246765e-02 3.133964911103248596e-02 2.227057144045829773e-02 1.196433231234550476e-02 1.180322282016277313e-02 8.987262845039367676e-03 6.024646572768688202e-03 3.695914987474679947e-03 2.969997236505150795e-03 0.000000000000000000e+00 0.000000000000000000e+00 
9.632622823119163513e-03 9.691935032606124878e-03 9.716729633510112762e-03 9.824573993682861328e-03 9.978399612009525299e-03 1.011581253260374069e-02 1.035361457616090775e-02 1.111536286771297455e-02 1.539367623627185822e-02 1.957002282142639160e-02 4.196142405271530151e-02 8.844764530658721924e-02 2.688134014606475830e-01 5.757815241813659668e-01 6.998773217201232910e-01 8.718412518501281738e-01 9.523729085922241211e-01 9.639824032783508301e-01 9.730543494224548340e-01 9.821452498435974121e-01 9.865263104438781738e-01 9.881511330604553223e-01 0.000000000000000000e+00 0.000000000000000000e+00 
8.438588338322006166e-06 1.428384075552457944e-05 1.425264235876966268e-05 2.107173168042208999e-05 3.115486833848990500e-05 5.448158117360435426e-05 8.186315972125157714e-05 3.281302633695304394e-04 1.508829416707158089e-03 2.837524050846695900e-03 8.078929968178272247e-03 1.736983843147754669e-02 2.979936636984348297e-02 3.324701637029647827e-02 3.116282075643539429e-02 2.204709686338901520e-02 1.172193884849548340e-02 1.170022040605545044e-02 8.799090050160884857e-03 5.653920583426952362e-03 3.389240009710192680e-03 2.788599580526351929e-03 0.000000000000000000e+00 0.000000000000000000e+00 
9.356520138680934906e-03 9.412349201738834381e-03 9.436320513486862183e-03 9.538957849144935608e-03 9.685962460935115814e-03 9.817846119403839111e-03 1.004579197615385056e-02 1.078382320702075958e-02 1.499573700129985809e-02 1.918017305433750153e-02 4.167483374476432800e-02 8.840375393629074097e-02 2.698904275894165039e-01 5.776727199554443359e-01 7.018377184867858887e-01 8.732815980911254883e-01 9.534494280815124512e-01 9.644729495048522949e-01 9.736033678054809570e-01 9.826124310493469238e-01 9.869992136955261230e-01 9.884860515594482422e-01 0.000000000000000000e+00 0.000000000000000000e+00 
7.993086001079063863e-06 1.354615233140066266e-05 1.351233731838874519e-05 2.002078690566122532e-05 2.968349144794046879e-05 5.217078432906419039e-05 7.855561852920800447e-05 3.212220617569983006e-04 1.498721307143568993e-03 2.854189835488796234e-03 8.118282072246074677e-03 1.747447438538074493e-02 2.993888594210147858e-02 3.329915553331375122e-02 3.116985410451889038e-02 2.201933227479457855e-02 1.167329307645559311e-02 1.169114373624324799e-02 8.764607831835746765e-03 5.566718988120555878e-03 3.296884475275874138e-03 2.743136603385210037e-03 0.000000000000000000e+00 0.000000000000000000e+00 
9.088957682251930237e-03 9.140294045209884644e-03 9.161027148365974426e-03 9.254972450435161591e-03 9.385840967297554016e-03 9.505908004939556122e-03 9.708710014820098877e-03 1.036214549094438553e-02 1.403233036398887634e-02 1.760030165314674377e-02 3.777669370174407959e-02 8.385335654020309448e-02 2.604100704193115234e-01 5.653442740440368652e-01 6.918730139732360840e-01 8.684254288673400879e-01 9.507005214691162109e-01 9.636804461479187012e-01 9.724619984626770020e-01 9.817672967910766602e-01 9.865246415138244629e-01 9.882742762565612793e-01 0.000000000000000000e+00 0.000000000000000000e+00 
7.463816473318729550e-06 1.249192882823990658e-05 1.243430961039848626e-05 1.836744195315986872e-05 2.677647353266365826e-05 4.697218901128508151e-05 7.008354441495612264e-05 2.779005735646933317e-04 1.301048672758042812e-03 2.433873945847153664e-03 7.637683767825365067e-03 1.701790280640125275e-02 2.957670949399471283e-02 3.357286751270294189e-02 3.157959133386611938e-02 2.240953594446182251e-02 1.201704237610101700e-02 1.187876611948013306e-02 9.038968011736869812e-03 6.087858229875564575e-03 3.655591281130909920e-03 2.998810261487960815e-03 0.000000000000000000e+00 0.000000000000000000e+00 
8.843245916068553925e-03 8.893080055713653564e-03 8.915868587791919708e-03 9.009000845253467560e-03 9.144141338765621185e-03 9.266566485166549683e-03 9.476539678871631622e-03 1.017522346228361130e-02 1.428712066262960434e-02 1.852079853415489197e-02 4.134524613618850708e-02 8.853048831224441528e-02 2.723622024059295654e-01 5.818046331405639648e-01 7.059935331344604492e-01 8.761502504348754883e-01 9.555052518844604492e-01 9.653993248939514160e-01 9.746547341346740723e-01 9.835326075553894043e-01 9.878966212272644043e-01 9.891291856765747070e-01 0.000000000000000000e+00 0.000000000000000000e+00 
7.209484920167597011e-06 1.224206334882183000e-05 1.220359808939974755e-05 1.818898817873559892e-05 2.714964830374810845e-05 4.822504706680774689e-05 7.276275573531165719e-05 3.104174393229186535e-04 1.488989917561411858e-03 2.908191876485943794e-03 8.223092183470726013e-03 1.768826320767402649e-02 3.021461330354213715e-02 3.337775170803070068e-02 3.115686401724815369e-02 2.194310352206230164e-02 1.157132070511579514e-02 1.166434679180383682e-02 8.690724149346351624e-03 5.367037840187549591e-03 3.094370476901531219e-03 2.634622855111956596e-03 0.000000000000000000e+00 0.000000000000000000e+00 
8.600905537605285645e-03 8.647223003208637238e-03 8.667765185236930847e-03 8.754462935030460358e-03 8.877987973392009735e-03 8.991666138172149658e-03 9.183432906866073608e-03 9.821331128478050232e-03 1.355119422078132629e-02 1.735779270529747009e-02 3.859265148639678955e-02 8.550366014242172241e-02 2.663613855838775635e-01 5.740759372711181641e-01 6.999060511589050293e-01 8.734105229377746582e-01 9.540891647338867188e-01 9.650161862373352051e-01 9.740831255912780762e-01 9.830778241157531738e-01 9.877108931541442871e-01 9.890516400337219238e-01 0.000000000000000000e+00 0.000000000000000000e+00 
6.781171578040812165e-06 1.142659311881288886e-05 1.136978789872955531e-05 1.692643309070263058e-05 2.503325413272250444e-05 4.443246507435105741e-05 6.670050061075016856e-05 2.797027700580656528e-04 1.350676058791577816e-03 2.616744488477706909e-03 7.888392545282840729e-03 1.741868630051612854e-02 3.001709096133708954e-02 3.358009085059165955e-02 3.143399581313133240e-02 2.219889126718044281e-02 1.177158858627080917e-02 1.178731117397546768e-02 8.850672282278537750e-03 5.700245965272188187e-03 3.310209140181541443e-03 2.801331691443920135e-03 0.000000000000000000e+00 0.000000000000000000e+00 
8.372920565307140350e-03 8.416974917054176331e-03 8.437328971922397614e-03 8.520877920091152191e-03 8.640916086733341217e-03 8.751563727855682373e-03 8.938360959291458130e-03 9.569366462528705597e-03 1.333147473633289337e-02 1.726404763758182526e-02 3.904408216476440430e-02 8.629749715328216553e-02 2.691754698753356934e-01 5.782331824302673340e-01 7.036935687065124512e-01 8.756803870201110840e-01 9.555724859237670898e-01 9.656129479408264160e-01 9.748060703277587891e-01 9.836920499801635742e-01 9.882467389106750488e-01 9.894223213195800781e-01 0.000000000000000000e+00 0.000000000000000000e+00 
6.478512204921571538e-06 1.095806783268926665e-05 1.089628312911372632e-05 1.629931466595735401e-05 2.424929880362469703e-05 4.326879934524185956e-05 6.515267887152731419e-05 2.810317673720419407e-04 1.376309082843363285e-03 2.711853478103876114e-03 8.020632900297641754e-03 1.760360226035118103e-02 3.021927364170551300e-02 3.357531875371932983e-02 3.135836124420166016e-02 2.209358848631381989e-02 1.166424155235290527e-02 1.174305658787488937e-02 8.768830448389053345e-03 5.507942754775285721e-03 3.143481910228729248e-03 2.697751624509692192e-03 0.000000000000000000e+00 0.000000000000000000e+00 
8.155089803040027618e-03 8.197087794542312622e-03 8.217308670282363892e-03 8.298044092953205109e-03 8.415203541517257690e-03 8.523168973624706268e-03 8.705987595021724701e-03 9.333484806120395660e-03 1.315349154174327850e-02 1.724807173013687134e-02 3.970308229327201843e-02 8.727384358644485474e-02 2.723824977874755859e-01 5.828760862350463867e-01 7.078530788421630859e-01 8.780679106712341309e-01 9.570713639259338379e-01 9.662172198295593262e-01 9.755362272262573242e-01 9.843359589576721191e-01 9.887884855270385742e-01 9.898051619529724121e-01 0.000000000000000000e+00 0.000000000000000000e+00 
6.207115347933722660e-06 1.054236054187640548e-05 1.047313890012446791e-05 1.575027818034868687e-05 2.358084020670503378e-05 4.230063495924696326e-05 6.392222712747752666e-05 2.843005640897899866e-04 1.412219251506030560e-03 2.832225291058421135e-03 8.183494210243225098e-03 1.780186034739017487e-02 3.043171018362045288e-02 3.355398401618003845e-02 3.126218914985656738e-02 2.196867018938064575e-02 1.155084092170000076e-02 1.169002708047628403e-02 8.682768791913986206e-03 5.289945751428604126e-03 2.956042066216468811e-03 2.577513456344604492e-03 0.000000000000000000e+00 0.000000000000000000e+00 
7.944672368466854095e-03 7.984247989952564240e-03 8.003117516636848450e-03 8.079752326011657715e-03 8.190027438104152679e-03 8.292440325021743774e-03 8.464981801807880402e-03 9.060298092663288116e-03 1.270140055567026138e-02 1.662158593535423279e-02 3.846058994531631470e-02 8.603939414024353027e-02 2.704042792320251465e-01 5.805014371871948242e-01 7.061951756477355957e-01 8.775500059127807617e-01 9.569276571273803711e-01 9.662471413612365723e-01 9.755184650421142578e-01 9.843304157257080078e-01 9.888937473297119141e-01 9.898998737335205078e-01 0.000000000000000000e+00 0.000000000000000000e+00 
5.913098902965430170e-06 1.000795782601926476e-05 9.918278919940348715e-06 1.495196465839399025e-05 2.229222263849806041e-05 4.003980575362220407e-05 6.044346446287818253e-05 2.696004521567374468e-04 1.352451392449438572e-03 2.716830233111977577e-03 8.059452287852764130e-03 1.773532107472419739e-02 3.040946274995803833e-02 3.365728631615638733e-02 3.137576952576637268e-02 2.205940708518028259e-02 1.161046698689460754e-02 1.173565723001956940e-02 8.732284419238567352e-03 5.388615187257528305e-03 3.002952318638563156e-03 2.623767126351594925e-03 0.000000000000000000e+00 0.000000000000000000e+00 
7.744734641164541245e-03 7.782524917274713516e-03 7.801307365298271179e-03 7.875561714172363281e-03 7.983648218214511871e-03 8.083771914243698120e-03 8.253269828855991364e-03 8.847796358168125153e-03 1.256005931645631790e-02 1.666344329714775085e-02 3.925662115216255188e-02 8.713175356388092041e-02 2.738054692745208740e-01 5.854002237319946289e-01 7.105371356010437012e-01 8.799616694450378418e-01 9.583976864814758301e-01 9.668394923210144043e-01 9.762362241744995117e-01 9.849804639816284180e-01 9.894229173660278320e-01 9.902786016464233398e-01 0.000000000000000000e+00 0.000000000000000000e+00 
5.684424650098662823e-06 9.654211680754087865e-06 9.560571925248950720e-06 1.448774492018856108e-05 2.175772351620253175e-05 3.927125362679362297e-05 5.945055090705864131e-05 2.740543277468532324e-04 1.392914098687469959e-03 2.851156983524560928e-03 8.239617571234703064e-03 1.793938688933849335e-02 3.062286414206027985e-02 3.362368419766426086e-02 3.126573935151100159e-02 2.192221768200397491e-02 1.149391941726207733e-02 1.167648192495107651e-02 8.643683046102523804e-03 5.153598729521036148e-03 2.801382914185523987e-03 2.492008963599801064e-03 0.000000000000000000e+00 0.000000000000000000e+00 
7.552556693553924561e-03 7.588529493659734726e-03 7.606750819832086563e-03 7.678267080336809158e-03 7.782784756273031235e-03 7.879686541855335236e-03 8.044099435210227966e-03 8.627858012914657593e-03 1.232797373086214066e-02 1.649348810315132141e-02 3.936734050512313843e-02 8.740852773189544678e-02 2.752820253372192383e-01 5.876656770706176758e-01 7.126921415328979492e-01 8.812605738639831543e-01 9.592289328575134277e-01 9.672059416770935059e-01 9.766598343849182129e-01 9.853816628456115723e-01 9.897772669792175293e-01 9.905418157577514648e-01 0.000000000000000000e+00 0.000000000000000000e+00 
5.457941824715817347e-06 9.274755029764492065e-06 9.173857506539206952e-06 1.395687559124780819e-05 2.102089092659298331e-05 3.807205939665436745e-05 5.772029544459655881e-05 2.721110358834266663e-04 1.399401924572885036e-03 2.900929190218448639e-03 8.315435610711574554e-03 1.804194040596485138e-02 3.074627928435802460e-02 3.363415971398353577e-02 3.123204968869686127e-02 2.186405658721923828e-02 1.144278515130281448e-02 1.165382005274295807e-02 8.606859482824802399e-03 5.036043003201484680e-03 2.690677531063556671e-03 2.423840109258890152e-03 0.000000000000000000e+00 0.000000000000000000e+00 
7.367560639977455139e-03 7.401646580547094345e-03 7.418997585773468018e-03 7.487464230507612228e-03 7.587351836264133453e-03 7.680336479097604752e-03 7.837942801415920258e-03 8.402101695537567139e-03 1.201249659061431885e-02 1.612475328147411346e-02 3.883539885282516479e-02 8.696615695953369141e-02 2.750549912452697754e-01 5.876154899597167969e-01 7.129338979721069336e-01 8.816198706626892090e-01 9.595482945442199707e-01 9.673852920532226562e-01 9.768519997596740723e-01 9.855636358261108398e-01 9.899896383285522461e-01 9.907050728797912598e-01 0.000000000000000000e+00 0.000000000000000000e+00 
5.231698196439538151e-06 8.872159924067091197e-06 8.761472599871922284e-06 1.336986497335601598e-05 2.012433105846866965e-05 3.653826206573285162e-05 5.539903577300719917e-05 2.643696498125791550e-04 1.373432693071663380e-03 2.868444658815860748e-03 8.290023542940616608e-03 1.805812120437622070e-02 3.079345077276229858e-02 3.368673473596572876e-02 3.126724064350128174e-02 2.187847159802913666e-02 1.144516002386808395e-02 1.166432630270719528e-02 8.610923774540424347e-03 5.025117658078670502e-03 2.657016273587942123e-03 2.411918016150593758e-03 0.000000000000000000e+00 0.000000000000000000e+00 
7.189938798546791077e-03 7.222304586321115494e-03 7.239106576889753342e-03 7.304910104721784592e-03 7.401182316243648529e-03 7.491024676710367203e-03 7.643189281225204468e-03 8.193384855985641479e-03 1.175526622682809830e-02 1.587530970573425293e-02 3.864821419119834900e-02 8.689120411872863770e-02 2.756353020668029785e-01 5.886613726615905762e-01 7.140663862228393555e-01 8.823930621147155762e-01 9.600769281387329102e-01 9.676397442817687988e-01 9.771416783332824707e-01 9.858394265174865723e-01 9.902540445327758789e-01 9.909077286720275879e-01 0.000000000000000000e+00 0.000000000000000000e+00 
5.023450739827239886e-06 8.513598004356026649e-06 8.397437341045588255e-06 1.285897633351851255e-05 1.938983950822148472e-05 3.532443952281028032e-05 5.356818292057141662e-05 2.599641447886824608e-04 1.363910851068794727e-03 2.877604449167847633e-03 8.314985781908035278e-03 1.811351813375949860e-02 3.087192401289939880e-02 3.371465206146240234e-02 3.126560896635055542e-02 2.185572125017642975e-02 1.142167858779430389e-02 1.165702473372220993e-02 8.594095706939697266e-03 4.961341619491577148e-03 2.585534239187836647e-03 2.370605245232582092e-03 0.000000000000000000e+00 0.000000000000000000e+00 
7.020525634288787842e-03 7.051669526845216751e-03 7.068705279380083084e-03 7.133068982511758804e-03 7.228920236229896545e-03 7.317930459976196289e-03 7.469885051250457764e-03 8.031022734940052032e-03 1.175660919398069382e-02 1.620259322226047516e-02 4.026049375534057617e-02 8.871041983366012573e-02 2.805945575237274170e-01 5.956497192382812500e-01 7.200109958648681641e-01 8.854249119758605957e-01 9.617370367050170898e-01 9.683185219764709473e-01 9.779561161994934082e-01 9.866337180137634277e-01 9.908224344253540039e-01 9.913496375083923340e-01 0.000000000000000000e+00 0.000000000000000000e+00 
4.862712557951454073e-06 8.283081115223467350e-06 8.172898560587782413e-06 1.258558586414437741e-05 1.918414454848971218e-05 3.516729702823795378e-05 5.355082248570397496e-05 2.715405425988137722e-04 1.442525186575949192e-03 3.112958045676350594e-03 8.621875196695327759e-03 1.838049665093421936e-02 3.112971782684326172e-02 3.362024575471878052e-02 3.107781708240509033e-02 2.163621410727500916e-02 1.127179153263568878e-02 1.155748311430215836e-02 8.475812152028083801e-03 4.621804691851139069e-03 2.322241198271512985e-03 2.173932734876871109e-03 0.000000000000000000e+00 0.000000000000000000e+00 
6.855641957372426987e-03 6.885093636810779572e-03 6.901039741933345795e-03 6.962404586374759674e-03 7.053109351545572281e-03 7.137980777770280838e-03 7.282191421836614609e-03 7.816727273166179657e-03 1.138042379170656204e-02 1.565309055149555206e-02 3.909464552998542786e-02 8.759224414825439453e-02 2.786992490291595459e-01 5.932877659797668457e-01 7.183798551559448242e-01 8.848583698272705078e-01 9.615629315376281738e-01 9.682989716529846191e-01 9.779133200645446777e-01 9.865819215774536133e-01 9.908846616744995117e-01 9.913969635963439941e-01 0.000000000000000000e+00 0.000000000000000000e+00 
4.659146270569181070e-06 7.904232916189357638e-06 7.782845386827830225e-06 1.200597125716740265e-05 1.823204365791752934e-05 3.347402162034995854e-05 5.090695412945933640e-05 2.584171306807547808e-04 1.385814161039888859e-03 2.994720358401536942e-03 8.489447645843029022e-03 1.831316202878952026e-02 3.110244311392307281e-02 3.371414542198181152e-02 3.117889724671840668e-02 2.172363363206386566e-02 1.132337097078561783e-02 1.160356029868125916e-02 8.519727736711502075e-03 4.721512086689472198e-03 2.365305786952376366e-03 2.221088856458663940e-03 0.000000000000000000e+00 0.000000000000000000e+00 
6.697919219732284546e-03 6.726042367517948151e-03 6.741594057530164719e-03 6.800920702517032623e-03 6.889075040817260742e-03 6.971708498895168304e-03 7.112236227840185165e-03 7.639888208359479904e-03 1.120894867926836014e-02 1.556527614593505859e-02 3.935823217034339905e-02 8.795402199029922485e-02 2.802206575870513916e-01 5.955767631530761719e-01 7.204920649528503418e-01 8.860377669334411621e-01 9.622558355331420898e-01 9.686080813407897949e-01 9.782764911651611328e-01 9.869353175163269043e-01 9.911785721778869629e-01 9.916338920593261719e-01 0.000000000000000000e+00 0.000000000000000000e+00 
4.492492735153064132e-06 7.624787940585520118e-06 7.502774678869172931e-06 1.161566433438565582e-05 1.770462949934881181e-05 3.263422695454210043e-05 4.969174187863245606e-05 2.580003056209534407e-04 1.398037187755107880e-03 3.058095928281545639e-03 8.580991066992282867e-03 1.840940676629543304e-02 3.121174685657024384e-02 3.370999917387962341e-02 3.113360889256000519e-02 2.165579423308372498e-02 1.127626374363899231e-02 1.157563179731369019e-02 8.483617566525936127e-03 4.604077432304620743e-03 2.260081470012664795e-03 2.144189551472663879e-03 0.000000000000000000e+00 0.000000000000000000e+00 
6.545788142830133438e-03 6.572616286575794220e-03 6.587671115994453430e-03 6.644916255027055740e-03 6.730206310749053955e-03 6.810382474213838577e-03 6.946696899831295013e-03 7.463955786079168320e-03 1.100475247949361801e-02 1.538913231343030930e-02 3.932109102606773376e-02 8.799520134925842285e-02 2.809610366821289062e-01 5.968015789985656738e-01 7.217355966567993164e-01 8.868005275726318359e-01 9.627261161804199219e-01 9.688319563865661621e-01 9.785328507423400879e-01 9.871867299079895020e-01 9.914071559906005859e-01 9.918195009231567383e-01 0.000000000000000000e+00 0.000000000000000000e+00 
4.328901468397816643e-06 7.344861387537093833e-06 7.221023224701639265e-06 1.121494915423681960e-05 1.713066194497514516e-05 3.168589682900346816e-05 4.828126475331373513e-05 2.550670469645410776e-04 1.395735074765980244e-03 3.081826958805322647e-03 8.623195812106132507e-03 1.846682839095592499e-02 3.128624334931373596e-02 3.372527658939361572e-02 3.111962601542472839e-02 2.162132412195205688e-02 1.125249546021223068e-02 1.156364846974611282e-02 8.466254919767379761e-03 4.536732099950313568e-03 2.190679777413606644e-03 2.096018521115183830e-03 0.000000000000000000e+00 0.000000000000000000e+00 
6.400109268724918365e-03 6.425961386412382126e-03 6.441191770136356354e-03 6.497249938547611237e-03 6.582220550626516342e-03 6.661723833531141281e-03 6.798041053116321564e-03 7.326833903789520264e-03 1.103194523602724075e-02 1.574747078120708466e-02 4.099230468273162842e-02 8.971241116523742676e-02 2.855794429779052734e-01 6.033488512039184570e-01 7.272135615348815918e-01 8.895351886749267578e-01 9.641072154045104980e-01 9.694287180900573730e-01 9.792216420173645020e-01 9.878939390182495117e-01 9.918818473815917969e-01 9.922230839729309082e-01 0.000000000000000000e+00 0.000000000000000000e+00 
4.201174306217581034e-06 7.159017513913568109e-06 7.044263838906772435e-06 1.099782366509316489e-05 1.697802144917659461e-05 3.157738319714553654e-05 4.833261846215464175e-05 2.668083761818706989e-04 1.474450109526515007e-03 3.321957308799028397e-03 8.942472748458385468e-03 1.870745792984962463e-02 3.150861710309982300e-02 3.362412378191947937e-02 3.093889914453029633e-02 2.139954641461372375e-02 1.112468075007200241e-02 1.146043464541435242e-02 8.358987979590892792e-03 4.219522699713706970e-03 1.959376502782106400e-03 1.903533237054944038e-03 0.000000000000000000e+00 0.000000000000000000e+00 
6.258144509047269821e-03 6.282645277678966522e-03 6.296942476183176041e-03 6.350537762045860291e-03 6.431221961975097656e-03 6.507294252514839172e-03 6.637068931013345718e-03 7.142522372305393219e-03 1.069717109203338623e-02 1.525120902806520462e-02 3.989161923527717590e-02 8.869190514087677002e-02 2.838247120380401611e-01 6.011601686477661133e-01 7.257227897644042969e-01 8.890050053596496582e-01 9.639599323272705078e-01 9.694000482559204102e-01 9.791852235794067383e-01 9.878457784652709961e-01 9.919359087944030762e-01 9.922600984573364258e-01 0.000000000000000000e+00 0.000000000000000000e+00 
4.037163762404816225e-06 6.850527825008612126e-06 6.729668257321463898e-06 1.052370589604834095e-05 1.619218528503552079e-05 3.017196468135807663e-05 4.610475298250094056e-05 2.547786280047148466e-04 1.419970416463911533e-03 3.209096146747469902e-03 8.809166029095649719e-03 1.864487864077091217e-02 3.148319199681282043e-02 3.371039777994155884e-02 3.102905675768852234e-02 2.148200012743473053e-02 1.116789039224386215e-02 1.150456350296735764e-02 8.397449739277362823e-03 4.306518472731113434e-03 1.992119243368506432e-03 1.943565206602215767e-03 0.000000000000000000e+00 0.000000000000000000e+00 
6.122375838458538055e-03 6.145953666418790817e-03 6.160235498100519180e-03 6.212573964148759842e-03 6.292410194873809814e-03 6.367474794387817383e-03 6.496256683021783829e-03 7.007953245192766190e-03 1.067695673555135727e-02 1.548981852829456329e-02 4.113606736063957214e-02 8.993463218212127686e-02 2.872958183288574219e-01 6.061252951622009277e-01 7.298923134803771973e-01 8.911125063896179199e-01 9.649998545646667480e-01 9.698696732521057129e-01 9.797075986862182617e-01 9.883980154991149902e-01 9.923129677772521973e-01 9.925854206085205078e-01 0.000000000000000000e+00 0.000000000000000000e+00 
3.915834440704202279e-06 6.664210104645462707e-06 6.550520993187092245e-06 1.028942460834514350e-05 1.596721449459437281e-05 2.989668973896186799e-05 4.581642133416607976e-05 2.627381763886660337e-04 1.477576675824820995e-03 3.396874060854315758e-03 9.059529751539230347e-03 1.882715895771980286e-02 3.165330737829208374e-02 3.363761678338050842e-02 3.089572489261627197e-02 2.130964957177639008e-02 1.107531134039163589e-02 1.142313145101070404e-02 8.317497558891773224e-03 4.064368084073066711e-03 1.812354312278330326e-03 1.793617499060928822e-03 0.000000000000000000e+00 0.000000000000000000e+00 
5.990423262119293213e-03 6.012841127812862396e-03 6.026489194482564926e-03 6.076798774302005768e-03 6.153414491564035416e-03 6.225825287401676178e-03 6.349634844809770584e-03 6.844948511570692062e-03 1.042067538946866989e-02 1.515899226069450378e-02 4.052552953362464905e-02 8.939165621995925903e-02 2.865965366363525391e-01 6.053671240806579590e-01 7.295277118682861328e-01 8.910876512527465820e-01 9.650757908821105957e-01 9.699293971061706543e-01 9.797728061676025391e-01 9.884611964225769043e-01 9.924216866493225098e-01 9.926730394363403320e-01 0.000000000000000000e+00 0.000000000000000000e+00 
3.773668368012295105e-06 6.404897249012719840e-06 6.290089459071168676e-06 9.901360499497968704e-06 1.535857518319971859e-05 2.883452543755993247e-05 4.414002614794299006e-05 2.549954806454479694e-04 1.445789006538689137e-03 3.344808006659150124e-03 9.002784267067909241e-03 1.881305128335952759e-02 3.166446834802627563e-02 3.368883952498435974e-02 3.093827888369560242e-02 2.134029194712638855e-02 1.109001692384481430e-02 1.144190598279237747e-02 8.332023397088050842e-03 4.085370805114507675e-03 1.803474151529371738e-03 1.794742536731064320e-03 0.000000000000000000e+00 0.000000000000000000e+00 
5.864001810550689697e-03 5.885611753910779953e-03 5.899313837289810181e-03 5.948559846729040146e-03 6.024674512445926666e-03 6.096363998949527740e-03 6.219681818038225174e-03 6.723938975483179092e-03 1.043613161891698837e-02 1.546418014913797379e-02 4.196117445826530457e-02 9.076365828514099121e-02 2.903106510639190674e-01 6.106576919555664062e-01 7.338886857032775879e-01 8.932592868804931641e-01 9.660940766334533691e-01 9.704115390777587891e-01 9.802896380424499512e-01 9.890187382698059082e-01 9.927808046340942383e-01 9.929941892623901367e-01 0.000000000000000000e+00 0.000000000000000000e+00 
3.666946440716856159e-06 6.243703865038696676e-06 6.138858680060366169e-06 9.707153367344290018e-06 1.520165915280813351e-05 2.868214141926728189e-05 4.403932325658388436e-05 2.646531502250581980e-04 1.511800684966146946e-03 3.555485978722572327e-03 9.284327737987041473e-03 1.900164596736431122e-02 3.183215111494064331e-02 3.359990194439888000e-02 3.079175949096679688e-02 2.114879898726940155e-02 1.099468115717172623e-02 1.134637929499149323e-02 8.243615739047527313e-03 3.831065027043223381e-03 1.626329729333519936e-03 1.641006441786885262e-03 0.000000000000000000e+00 0.000000000000000000e+00 
5.741243716329336166e-03 5.761887412518262863e-03 5.775141995400190353e-03 5.822767503559589386e-03 5.896534770727157593e-03 5.966258700937032700e-03 6.086097098886966705e-03 6.581767927855253220e-03 1.026713196188211441e-02 1.532750856131315231e-02 4.195096716284751892e-02 9.078091382980346680e-02 2.908798754215240479e-01 6.116210818290710449e-01 7.348609566688537598e-01 8.938420414924621582e-01 9.664242267608642578e-01 9.705839753150939941e-01 9.804781675338745117e-01 9.892175197601318359e-01 9.929513335227966309e-01 9.931426644325256348e-01 0.000000000000000000e+00 0.000000000000000000e+00 
3.544872015481814742e-06 6.029681117070140317e-06 5.926529411226511002e-06 9.397419489687308669e-06 1.474694818170974031e-05 2.792488885461352766e-05 4.288775016902945936e-05 2.620414306875318289e-04 1.508046290837228298e-03 3.579875687137246132e-03 9.324993006885051727e-03 1.904503069818019867e-02 3.188579902052879333e-02 3.360966593027114868e-02 3.077937103807926178e-02 2.111550047993659973e-02 1.097821537405252457e-02 1.133197452872991562e-02 8.226629346609115601e-03 3.772414987906813622e-03 1.570742577314376831e-03 1.597581431269645691e-03 0.000000000000000000e+00 0.000000000000000000e+00 
5.623169243335723877e-03 5.643071141093969345e-03 5.656257271766662598e-03 5.702828057110309601e-03 5.775774829089641571e-03 5.844610743224620819e-03 5.963515490293502808e-03 6.465850863605737686e-03 1.026433985680341721e-02 1.557604502886533737e-02 4.318399354815483093e-02 9.190538525581359863e-02 2.939894199371337891e-01 6.160488724708557129e-01 7.384884953498840332e-01 8.956660032272338867e-01 9.672437906265258789e-01 9.709995985031127930e-01 9.809074401855468750e-01 9.896818399429321289e-01 9.932448267936706543e-01 9.934127926826477051e-01 0.000000000000000000e+00 0.000000000000000000e+00 
3.444843514444073662e-06 5.874939688510494307e-06 5.779137609351892024e-06 9.200602107739541680e-06 1.454185712645994499e-05 2.766499164863489568e-05 4.262828588252887130e-05 2.700702752918004990e-04 1.563902827911078930e-03 3.764183726161718369e-03 9.574525058269500732e-03 1.920226402580738068e-02 3.202392160892486572e-02 3.353630751371383667e-02 3.066033124923706055e-02 2.095098420977592468e-02 1.090492773801088333e-02 1.124578807502985001e-02 8.148711174726486206e-03 3.561380784958600998e-03 1.431751181371510029e-03 1.472218660637736320e-03 0.000000000000000000e+00 0.000000000000000000e+00 
5.507868714630603790e-03 5.526696797460317612e-03 5.538751836866140366e-03 5.583082791417837143e-03 5.651399958878755569e-03 5.716701969504356384e-03 5.828483961522579193e-03 6.298312917351722717e-03 9.844946675002574921e-03 1.481521409004926682e-02 4.111420363187789917e-02 9.007591009140014648e-02 2.902426123619079590e-01 6.110643148422241211e-01 7.348617911338806152e-01 8.940870761871337891e-01 9.666826128959655762e-01 9.707344174385070801e-01 9.806530475616455078e-01 9.894001483917236328e-01 9.931770563125610352e-01 9.933291673660278320e-01 0.000000000000000000e+00 0.000000000000000000e+00 
3.310693045932566747e-06 5.607990260614315048e-06 5.502158273884560913e-06 8.759547199588268995e-06 1.373330633214209229e-05 2.614918230392504483e-05 4.015911326860077679e-05 2.501519920770078897e-04 1.463316730223596096e-03 3.519079415127635002e-03 9.266073815524578094e-03 1.905060186982154846e-02 3.192875534296035767e-02 3.368527069687843323e-02 3.082942031323909760e-02 2.114013023674488068e-02 1.099022943526506424e-02 1.135310530662536621e-02 8.238203823566436768e-03 3.768707159906625748e-03 1.529697445221245289e-03 1.576931332238018513e-03 0.000000000000000000e+00 0.000000000000000000e+00 
5.398090928792953491e-03 5.416517611593008041e-03 5.429296754300594330e-03 5.473580677062273026e-03 5.544008221477270126e-03 5.610463675111532211e-03 5.725997965782880783e-03 6.232302170246839523e-03 1.016870327293872833e-02 1.584101095795631409e-02 4.484030231833457947e-02 9.336797893047332764e-02 2.983832359313964844e-01 6.223869323730468750e-01 7.437083721160888672e-01 8.983869552612304688e-01 9.684407114982604980e-01 9.716591238975524902e-01 9.815708994865417480e-01 9.903860092163085938e-01 9.936973452568054199e-01 9.938381910324096680e-01 0.000000000000000000e+00 0.000000000000000000e+00 
3.247746008128160611e-06 5.553887149289948866e-06 5.469119969347957522e-06 8.768633961153682321e-06 1.400612745783291757e-05 2.684990067791659385e-05 4.158577576163224876e-05 2.795367909129709005e-04 1.637774403207004070e-03 4.030622541904449463e-03 9.936654940247535706e-03 1.942690461874008179e-02 3.222632408142089844e-02 3.344134613871574402e-02 3.049920313060283661e-02 2.070661820471286774e-02 1.080723479390144348e-02 1.111092884093523026e-02 8.027087897062301636e-03 3.255274845287203789e-03 1.236039912328124046e-03 1.290966640226542950e-03 0.000000000000000000e+00 0.000000000000000000e+00 
5.290158092975616455e-03 5.307635292410850525e-03 5.319486837834119797e-03 5.361829418689012527e-03 5.428354721516370773e-03 5.491794552654027939e-03 5.601302720606327057e-03 6.079836282879114151e-03 9.802871383726596832e-03 1.520571671426296234e-02 4.316252842545509338e-02 9.193003177642822266e-02 2.955315113067626953e-01 6.186618804931640625e-01 7.411091923713684082e-01 8.972759842872619629e-01 9.680964350700378418e-01 9.714729189872741699e-01 9.814112782478332520e-01 9.902200698852539062e-01 9.936865568161010742e-01 9.938088655471801758e-01 0.000000000000000000e+00 0.000000000000000000e+00 
3.127436229988234118e-06 5.318744570104172453e-06 5.226809662417508662e-06 8.384551620110869408e-06 1.331808380200527608e-05 2.556536310294177383e-05 3.949159508920274675e-05 2.625285997055470943e-04 1.553257461637258530e-03 3.833891125395894051e-03 9.690565057098865509e-03 1.931964047253131866e-02 3.216530010104179382e-02 3.356223180890083313e-02 3.062747791409492493e-02 2.084955200552940369e-02 1.086634397506713867e-02 1.119803730398416519e-02 8.098291233181953430e-03 3.396064275875687599e-03 1.291980734094977379e-03 1.356960972771048546e-03 0.000000000000000000e+00 0.000000000000000000e+00 
5.186487920582294464e-03 5.203344859182834625e-03 5.215028766542673111e-03 5.256404634565114975e-03 5.321914795786142349e-03 5.384337622672319412e-03 5.492497701197862625e-03 5.974153056740760803e-03 9.773009456694126129e-03 1.536511443555355072e-02 4.405517131090164185e-02 9.270692616701126099e-02 2.978012263774871826e-01 6.219203472137451172e-01 7.437767386436462402e-01 8.986510038375854492e-01 9.686842560768127441e-01 9.718002080917358398e-01 9.817376732826232910e-01 9.905676245689392090e-01 9.938993453979492188e-01 9.940134882926940918e-01 0.000000000000000000e+00 0.000000000000000000e+00 
3.040716137547860853e-06 5.180801963433623314e-06 5.094159405416576192e-06 8.199106559914071113e-06 1.309822073380928487e-05 2.523001785448286682e-05 3.908424696419388056e-05 2.678077435120940208e-04 1.592918299138545990e-03 3.973882645368576050e-03 9.880792349576950073e-03 1.943379268050193787e-02 3.226625546813011169e-02 3.351097181439399719e-02 3.054285421967506409e-02 2.072323672473430634e-02 1.081757154315710068e-02 1.112800464034080505e-02 8.035703562200069427e-03 3.239837940782308578e-03 1.199231483042240143e-03 1.267712214030325413e-03 0.000000000000000000e+00 0.000000000000000000e+00 
5.085911601781845093e-03 5.102114751935005188e-03 5.113509017974138260e-03 5.153783597052097321e-03 5.217810161411762238e-03 5.278915166854858398e-03 5.384964868426322937e-03 5.864509381353855133e-03 9.689307771623134613e-03 1.538827456533908844e-02 4.449607804417610168e-02 9.308665990829467773e-02 2.991418242454528809e-01 6.238933205604553223e-01 7.454576492309570312e-01 8.995562791824340820e-01 9.690844416618347168e-01 9.720306396484375000e-01 9.819669723510742188e-01 9.908117651939392090e-01 9.940631389617919922e-01 9.941684007644653320e-01 0.000000000000000000e+00 0.000000000000000000e+00 
2.953113607873092405e-06 5.032266017224173993e-06 4.948804416926577687e-06 7.988125616975594312e-06 1.280701417272211984e-05 2.474442953825928271e-05 3.840409772237762809e-05 2.692732668947428465e-04 1.611186075024306774e-03 4.054220858961343765e-03 9.993688203394412994e-03 1.950651593506336212e-02 3.233632817864418030e-02 3.349070250988006592e-02 3.049723990261554718e-02 2.064629644155502319e-02 1.079005934298038483e-02 1.108490303158760071e-02 7.997632026672363281e-03 3.140880726277828217e-03 1.137090264819562435e-03 1.209725975058972836e-03 0.000000000000000000e+00 0.000000000000000000e+00 
4.988525062799453735e-03 5.004170350730419159e-03 5.015403963625431061e-03 5.054802168160676956e-03 5.117928143590688705e-03 5.178120452910661697e-03 5.283037200570106506e-03 5.767101887613534927e-03 9.681776165962219238e-03 1.558980159461498260e-02 4.549955576658248901e-02 9.393154084682464600e-02 3.015510737895965576e-01 6.273077130317687988e-01 7.482025027275085449e-01 9.009776711463928223e-01 9.696543812751770020e-01 9.723762869834899902e-01 9.822923541069030762e-01 9.911513924598693848e-01 9.942622780799865723e-01 9.943632483482360840e-01 0.000000000000000000e+00 0.000000000000000000e+00 
2.874991423595929518e-06 4.907275069854222238e-06 4.829028512176591903e-06 7.821045983291696757e-06 1.261408306163502857e-05 2.445257268846035004e-05 3.807433677138760686e-05 2.756275353021919727e-04 1.657328801229596138e-03 4.210331477224826813e-03 1.020286139100790024e-02 1.962352730333805084e-02 3.243780136108398438e-02 3.343260288238525391e-02 3.040768206119537354e-02 2.051066793501377106e-02 1.074245385825634003e-02 1.100319251418113708e-02 7.928537204861640930e-03 2.983991522341966629e-03 1.050697872415184975e-03 1.124219503253698349e-03 0.000000000000000000e+00 0.000000000000000000e+00 
4.894168116152286530e-03 4.909324925392866135e-03 4.920548293739557266e-03 4.959280602633953094e-03 5.022094119340181351e-03 5.081810057163238525e-03 5.186542868614196777e-03 5.682394374161958694e-03 9.755021892488002777e-03 1.597556471824645996e-02 4.708430916070938110e-02 9.523159265518188477e-02 3.050068616867065430e-01 6.321239471435546875e-01 7.519385218620300293e-01 9.028888344764709473e-01 9.703585505485534668e-01 9.728416800498962402e-01 9.827032089233398438e-01 9.915705919265747070e-01 9.944868683815002441e-01 9.945884346961975098e-01 0.000000000000000000e+00 0.000000000000000000e+00 
2.805709527819999494e-06 4.803241154149873182e-06 4.732025900011649355e-06 7.697331056988332421e-06 1.251849516847869381e-05 2.436532668070867658e-05 3.810087946476414800e-05 2.875842037610709667e-04 1.732227392494678497e-03 4.444125108420848846e-03 1.051160320639610291e-02 1.978000439703464508e-02 3.256579488515853882e-02 3.333466872572898865e-02 3.027461655437946320e-02 2.031674422323703766e-02 1.067803241312503815e-02 1.087929215282201767e-02 7.825337350368499756e-03 2.776596695184707642e-03 9.466023766435682774e-04 1.017570961266756058e-03 0.000000000000000000e+00 0.000000000000000000e+00 
4.801909439265727997e-03 4.816325381398200989e-03 4.826655611395835876e-03 4.863765556365251541e-03 4.923066589981317520e-03 4.980095662176609039e-03 5.079458933323621750e-03 5.547509528696537018e-03 9.396197274327278137e-03 1.532832626253366470e-02 4.530844092369079590e-02 9.377206861972808838e-02 3.020561039447784424e-01 6.282771825790405273e-01 7.493185400962829590e-01 9.017196297645568848e-01 9.700313210487365723e-01 9.726136326789855957e-01 9.825294613838195801e-01 9.914061427116394043e-01 9.944781661033630371e-01 9.945594668388366699e-01 0.000000000000000000e+00 0.000000000000000000e+00 
2.708472266021999530e-06 4.610795258486177772e-06 4.528663339442573488e-06 7.370060302491765469e-06 1.191033243230776861e-05 2.320617204532027245e-05 3.620390998548828065e-05 2.695308940019458532e-04 1.642899471335113049e-03 4.231047350913286209e-03 1.024204492568969727e-02 1.967281289398670197e-02 3.250533342361450195e-02 3.346217423677444458e-02 3.040381893515586853e-02 2.046843431890010834e-02 1.073409616947174072e-02 1.098081748932600021e-02 7.910276763141155243e-03 2.913481090217828751e-03 9.932243265211582184e-04 1.077213790267705917e-03 0.000000000000000000e+00 0.000000000000000000e+00 
4.713206551969051361e-03 4.727275110781192780e-03 4.737748298794031143e-03 4.774549975991249084e-03 4.834305960685014725e-03 4.891432821750640869e-03 4.991928581148386002e-03 5.481587722897529602e-03 9.581510908901691437e-03 1.597545668482780457e-02 4.771411791443824768e-02 9.572786092758178711e-02 3.070458471775054932e-01 6.351540684700012207e-01 7.545176744461059570e-01 9.043553471565246582e-01 9.709457159042358398e-01 9.732522964477539062e-01 9.830735325813293457e-01 9.919481277465820312e-01 9.947427511215209961e-01 9.948337078094482422e-01 0.000000000000000000e+00 0.000000000000000000e+00 
2.651024715305538848e-06 4.539044311968609691e-06 4.463605819182703272e-06 7.307321538974065334e-06 1.194344349642051384e-05 2.339669117645826191e-05 3.671090962598100305e-05 2.888963790610432625e-04 1.757393591105937958e-03 4.575804807245731354e-03 1.069120876491069794e-02 1.988843083381652832e-02 3.267480805516242981e-02 3.330745920538902283e-02 3.020800463855266571e-02 2.019031345844268799e-02 1.064351480454206467e-02 1.079718954861164093e-02 7.756346836686134338e-03 2.629745285958051682e-03 8.612855453975498676e-04 9.360443218611180782e-04 0.000000000000000000e+00 0.000000000000000000e+00 
4.626411013305187225e-03 4.639856517314910889e-03 4.649891518056392670e-03 4.685673397034406662e-03 4.743407014757394791e-03 4.799001384526491165e-03 4.896660335361957550e-03 5.378534551709890366e-03 9.453826583921909332e-03 1.589520461857318878e-02 4.778419062495231628e-02 9.578082710504531860e-02 3.075496852397918701e-01 6.360234022140502930e-01 7.553690075874328613e-01 9.048634767532348633e-01 9.711872935295104980e-01 9.734103679656982422e-01 9.832155108451843262e-01 9.920998811721801758e-01 9.948613047599792480e-01 9.949384927749633789e-01 0.000000000000000000e+00 0.000000000000000000e+00 
2.571357981651090086e-06 4.401336809678468853e-06 4.314588295528665185e-06 7.090113285812549293e-06 1.157320821221219376e-05 2.278132160427048802e-05 3.576121525838971138e-05 2.863042755052447319e-04 1.748634851537644863e-03 4.607891198247671127e-03 1.074097957462072372e-02 1.992525905370712280e-02 3.272025659680366516e-02 3.331694006919860840e-02 3.019644878804683685e-02 2.015963383018970490e-02 1.063787564635276794e-02 1.078001130372285843e-02 7.742259185761213303e-03 2.584715839475393295e-03 8.326342795044183731e-04 9.113980922847986221e-04 0.000000000000000000e+00 0.000000000000000000e+00 
4.520861897617578506e-03 4.534333944320678711e-03 4.543616902083158493e-03 4.578654654324054718e-03 4.633627831935882568e-03 4.687944892793893814e-03 4.779975395649671555e-03 5.240867380052804947e-03 9.154857136309146881e-03 1.539790909737348557e-02 4.650062322616577148e-02 9.477710723876953125e-02 3.056204915046691895e-01 6.334525942802429199e-01 7.537430524826049805e-01 9.041659235954284668e-01 9.710623025894165039e-01 9.733218550682067871e-01 9.831783771514892578e-01 9.920755028724670410e-01 9.949480891227722168e-01 9.950072169303894043e-01 0.000000000000000000e+00 0.000000000000000000e+00 
2.524457840991090052e-06 4.310464646550826728e-06 4.261326012056088075e-06 6.900995231262641028e-06 1.107101797970244661e-05 2.189162478316575289e-05 3.400979039724916220e-05 2.726897655520588160e-04 1.690690871328115463e-03 4.468299448490142822e-03 1.055847480893135071e-02 1.986126042902469635e-02 3.269307315349578857e-02 3.341656923294067383e-02 3.028321638703346252e-02 2.026658132672309875e-02 1.067936513572931290e-02 1.085892319679260254e-02 7.805938832461833954e-03 2.677976386621594429e-03 8.599357679486274719e-04 9.497208520770072937e-04 0.000000000000000000e+00 0.000000000000000000e+00 
4.420250654220581055e-03 4.435055423527956009e-03 4.443386569619178772e-03 4.480951931327581406e-03 4.540934227406978607e-03 4.598649218678474426e-03 4.702507518231868744e-03 5.294024478644132614e-03 1.047710236161947250e-02 1.844850555062294006e-02 5.702316015958786011e-02 1.029443517327308655e-01 3.246904015541076660e-01 6.587538123130798340e-01 7.713842988014221191e-01 9.130820035934448242e-01 9.736371040344238281e-01 9.756571650505065918e-01 9.849659800529479980e-01 9.935799837112426758e-01 9.955412745475769043e-01 9.956653118133544922e-01 0.000000000000000000e+00 0.000000000000000000e+00 
2.509979822207242250e-06 4.442640602064784616e-06 4.406755124364281073e-06 7.165660917962668464e-06 1.200892711494816467e-05 2.400244738964829594e-05 3.852927329717203975e-05 3.784529399126768112e-04 2.236251719295978546e-03 5.840925034135580063e-03 1.239773910492658615e-02 2.058060094714164734e-02 3.321341797709465027e-02 3.272697329521179199e-02 2.953316643834114075e-02 1.927388459444046021e-02 1.036101859062910080e-02 1.011386513710021973e-02 7.127332035452127457e-03 1.815996132791042328e-03 5.469540483318269253e-04 5.835813935846090317e-04 0.000000000000000000e+00 0.000000000000000000e+00 
4.335647914558649063e-03 4.351030569523572922e-03 4.359427373856306076e-03 4.398504737764596939e-03 4.463001154363155365e-03 4.523631185293197632e-03 4.637773614376783371e-03 5.364873912185430527e-03 1.180848665535449982e-02 2.093398198485374451e-02 6.598632782697677612e-02 1.098286062479019165e-01 3.401916325092315674e-01 6.786184906959533691e-01 7.842510938644409180e-01 9.196885228157043457e-01 9.753575325012207031e-01 9.776493906974792480e-01 9.864848256111145020e-01 9.945202469825744629e-01 9.959300160408020020e-01 9.960765242576599121e-01 0.000000000000000000e+00 0.000000000000000000e+00 
2.499789843568578362e-06 4.524074029177427292e-06 4.517985871643759310e-06 7.388648100459249690e-06 1.281266577279893681e-05 2.579541069280821830e-05 4.255712701706215739e-05 4.932630108669400215e-04 2.744750119745731354e-03 6.893992889672517776e-03 1.392691861838102341e-02 2.111121639609336853e-02 3.359681367874145508e-02 3.216046467423439026e-02 2.894906513392925262e-02 1.855504140257835388e-02 1.007778383791446686e-02 9.533067233860492706e-03 6.444216705858707428e-03 1.300247851759195328e-03 3.865366161335259676e-04 3.980438050348311663e-04 0.000000000000000000e+00 0.000000000000000000e+00 
4.255845211446285248e-03 4.271741956472396851e-03 4.281712695956230164e-03 4.322836641222238541e-03 4.395017400383949280e-03 4.461134318262338638e-03 4.591834265738725662e-03 5.562862381339073181e-03 1.408809609711170197e-02 2.420831285417079926e-02 7.810692489147186279e-02 1.197206526994705200e-01 3.605975806713104248e-01 7.037523984909057617e-01 7.994766235351562500e-01 9.273718595504760742e-01 9.773766994476318359e-01 9.800524711608886719e-01 9.885295033454895020e-01 9.953587055206298828e-01 9.962491989135742188e-01 9.964012503623962402e-01 0.000000000000000000e+00 0.000000000000000000e+00 
2.522045861041988246e-06 4.676202024711528793e-06 4.730335149361053482e-06 7.835361429897602648e-06 1.410887034580809996e-05 2.885623143811244518e-05 4.910263305646367371e-05 7.055243477225303650e-04 3.533484414219856262e-03 8.110902272164821625e-03 1.589136570692062378e-02 2.180376090109348297e-02 3.403072059154510498e-02 3.143820539116859436e-02 2.819102630019187927e-02 1.772374100983142853e-02 9.594182483851909637e-03 8.924217894673347473e-03 5.382006522268056870e-03 8.297577733173966408e-04 2.555400424171239138e-04 2.452734916005283594e-04 0.000000000000000000e+00 0.000000000000000000e+00 
4.176827613264322281e-03 4.192474763840436935e-03 4.202757030725479126e-03 4.243743140250444412e-03 4.317301325500011444e-03 4.384307656437158585e-03 4.519367124885320663e-03 5.597360432147979736e-03 1.500861812382936478e-02 2.536681294441223145e-02 8.274379372596740723e-02 1.236426532268524170e-01 3.688270747661590576e-01 7.136007547378540039e-01 8.053277134895324707e-01 9.303622245788574219e-01 9.782677888870239258e-01 9.809562563896179199e-01 9.894645810127258301e-01 9.956602454185485840e-01 9.963924884796142578e-01 9.965366721153259277e-01 0.000000000000000000e+00 0.000000000000000000e+00 
2.488432755853864364e-06 4.638008704205276445e-06 4.710653229267336428e-06 7.853247552702669054e-06 1.434026853530667722e-05 2.954592673631850630e-05 5.096038512419909239e-05 8.039620006456971169e-04 3.867960302159190178e-03 8.543468080461025238e-03 1.664782874286174774e-02 2.209428139030933380e-02 3.421471267938613892e-02 3.119220957159996033e-02 2.790086716413497925e-02 1.741985231637954712e-02 9.353760629892349243e-03 8.739201352000236511e-03 4.882436245679855347e-03 6.851846701465547085e-04 2.142151643056422472e-04 2.010018069995567203e-04 0.000000000000000000e+00 0.000000000000000000e+00 
4.099239595234394073e-03 4.114316776394844055e-03 4.124325700104236603e-03 4.164215642958879471e-03 4.236281383782625198e-03 4.302046261727809906e-03 4.435317590832710266e-03 5.533111747354269028e-03 1.513740606606006622e-02 2.558346651494503021e-02 8.405172824859619141e-02 1.246313452720642090e-01 3.714642822742462158e-01 7.170227766036987305e-01 8.074216842651367188e-01 9.314674735069274902e-01 9.786354303359985352e-01 9.813061952590942383e-01 9.898603558540344238e-01 9.958047866821289062e-01 9.964816570281982422e-01 9.966189861297607422e-01 0.000000000000000000e+00 0.000000000000000000e+00 
2.425105549264117144e-06 4.511526185524417087e-06 4.582788278639782220e-06 7.665355951758101583e-06 1.407645686413161457e-05 2.908934584411326796e-05 5.041042822995223105e-05 8.268072269856929779e-04 3.953235223889350891e-03 8.683932945132255554e-03 1.690019480884075165e-02 2.220326662063598633e-02 3.430370986461639404e-02 3.113686852157115936e-02 2.781887166202068329e-02 1.732692308723926544e-02 9.273030795156955719e-03 8.686086162924766541e-03 4.690088331699371338e-03 6.324041751213371754e-04 1.968700235011056066e-04 1.839354808907955885e-04 0.000000000000000000e+00 0.000000000000000000e+00 
4.024058114737272263e-03 4.038700368255376816e-03 4.048918839544057846e-03 4.088211338967084885e-03 4.160451702773571014e-03 4.226223565638065338e-03 4.361039493232965469e-03 5.531569477170705795e-03 1.571853086352348328e-02 2.625647932291030884e-02 8.702468872070312500e-02 1.271801441907882690e-01 3.768778443336486816e-01 7.233455181121826172e-01 8.112553358078002930e-01 9.333733916282653809e-01 9.792642593383789062e-01 9.818575978279113770e-01 9.905183315277099609e-01 9.959883093833923340e-01 9.965794682502746582e-01 9.967091679573059082e-01 0.000000000000000000e+00 0.000000000000000000e+00 
2.379025772825116292e-06 4.433230969880241901e-06 4.517364686762448400e-06 7.596475825266679749e-06 1.408624211762798950e-05 2.928503090515732765e-05 5.119004345033317804e-05 8.965710294432938099e-04 4.175287671387195587e-03 8.941997773945331573e-03 1.739408448338508606e-02 2.240367047488689423e-02 3.442810103297233582e-02 3.099694289267063141e-02 2.762500755488872528e-02 1.714194752275943756e-02 9.092440828680992126e-03 8.588399738073348999e-03 4.325999878346920013e-03 5.540848942473530769e-04 1.743081811582669616e-04 1.600033574504777789e-04 0.000000000000000000e+00 0.000000000000000000e+00 
3.950567450374364853e-03 3.964508883655071259e-03 3.974236547946929932e-03 4.012046847492456436e-03 4.081600811332464218e-03 4.145220853388309479e-03 4.275417421013116837e-03 5.417681764811277390e-03 1.542969979345798492e-02 2.602687850594520569e-02 8.671394735574722290e-02 1.266910880804061890e-01 3.767264485359191895e-01 7.236394882202148438e-01 8.115085959434509277e-01 9.335992336273193359e-01 9.793648123741149902e-01 9.819568991661071777e-01 9.906428456306457520e-01 9.960612654685974121e-01 9.966402053833007812e-01 9.967653155326843262e-01 0.000000000000000000e+00 0.000000000000000000e+00 
2.305024509041686542e-06 4.272271326044574380e-06 4.348117272456875071e-06 7.324731541302753612e-06 1.361165232083294541e-05 2.833058715623337775e-05 4.951202208758331835e-05 8.767048711888492107e-04 4.128876607865095139e-03 8.954167366027832031e-03 1.740410737693309784e-02 2.241938374936580658e-02 3.447004035115242004e-02 3.102794289588928223e-02 2.765006944537162781e-02 1.714608445763587952e-02 9.096597321331501007e-03 8.591275662183761597e-03 4.289791453629732132e-03 5.399042274802923203e-04 1.674177910899743438e-04 1.538540382171049714e-04 0.000000000000000000e+00 0.000000000000000000e+00 
3.879515454173088074e-03 3.892858512699604034e-03 3.902281634509563446e-03 3.938905894756317139e-03 4.006625153124332428e-03 4.068728536367416382e-03 4.196084104478359222e-03 5.336782895028591156e-03 1.537049096077680588e-02 2.602357044816017151e-02 8.723794668912887573e-02 1.269753277301788330e-01 3.779259026050567627e-01 7.253622412681579590e-01 8.125978112220764160e-01 9.342066645622253418e-01 9.795880317687988281e-01 9.821499586105346680e-01 9.908920526504516602e-01 9.961523413658142090e-01 9.967036843299865723e-01 9.968242049217224121e-01 0.000000000000000000e+00 0.000000000000000000e+00 
2.241625452370499261e-06 4.139721113460836932e-06 4.214000455249333754e-06 7.117035238479729742e-06 1.328260259469971061e-05 2.771374965959694237e-05 4.853473001276142895e-05 8.802696829661726952e-04 4.150960594415664673e-03 9.021831676363945007e-03 1.753431558609008789e-02 2.247972413897514343e-02 3.452796861529350281e-02 3.101593814790248871e-02 2.761990018188953400e-02 1.710540801286697388e-02 9.052904322743415833e-03 8.572050370275974274e-03 4.171514417976140976e-03 5.133124650456011295e-04 1.582147961016744375e-04 1.447394315619021654e-04 0.000000000000000000e+00 0.000000000000000000e+00 
3.810814581811428070e-03 3.823692910373210907e-03 3.833057126030325890e-03 3.868865314871072769e-03 3.935826942324638367e-03 3.997206687927246094e-03 4.123982042074203491e-03 5.300920922309160233e-03 1.563610695302486420e-02 2.632138691842556000e-02 8.888338506221771240e-02 1.283328831195831299e-01 3.810103833675384521e-01 7.290080189704895020e-01 8.148468136787414551e-01 9.353263974189758301e-01 9.799833893775939941e-01 9.824625849723815918e-01 9.913229346275329590e-01 9.962655305862426758e-01 9.967718124389648438e-01 9.968875050544738770e-01 0.000000000000000000e+00 0.000000000000000000e+00 
2.190457280448754318e-06 4.041963620693422854e-06 4.122675363760208711e-06 6.988119821471627802e-06 1.313596931140637025e-05 2.751918509602546692e-05 4.845360672334209085e-05 9.174599545076489449e-04 4.270886071026325226e-03 9.161212481558322906e-03 1.782172732055187225e-02 2.260227501392364502e-02 3.460824862122535706e-02 3.094738908112049103e-02 2.751279249787330627e-02 1.700465194880962372e-02 8.941181935369968414e-03 8.524887263774871826e-03 3.927996847778558731e-03 4.720666038338094950e-04 1.462735090171918273e-04 1.320771407335996628e-04 0.000000000000000000e+00 0.000000000000000000e+00 
3.743850160390138626e-03 3.756131976842880249e-03 3.765117609873414040e-03 3.799678524956107140e-03 3.864459460601210594e-03 3.924019169062376022e-03 4.046960733830928802e-03 5.199052393436431885e-03 1.538100745528936386e-02 2.612118236720561981e-02 8.863654732704162598e-02 1.278982609510421753e-01 3.809130191802978516e-01 7.292890548706054688e-01 8.150660395622253418e-01 9.355203509330749512e-01 9.800727963447570801e-01 9.825453162193298340e-01 9.914522171020507812e-01 9.963258504867553711e-01 9.968222379684448242e-01 9.969345331192016602e-01 0.000000000000000000e+00 0.000000000000000000e+00 
2.126774234056938440e-06 3.905420271621551365e-06 3.982236194133292884e-06 6.760403266525827348e-06 1.274356873182114214e-05 2.672901064215693623e-05 4.706106119556352496e-05 8.996318792924284935e-04 4.228743724524974823e-03 9.171706624329090118e-03 1.783455163240432739e-02 2.261541225016117096e-02 3.464355319738388062e-02 3.097235225141048431e-02 2.753325365483760834e-02 1.700827479362487793e-02 8.940921165049076080e-03 8.528322912752628326e-03 3.877077018842101097e-03 4.611197218764573336e-04 1.413267164025455713e-04 1.275032700505107641e-04 0.000000000000000000e+00 0.000000000000000000e+00 
3.678960260003805161e-03 3.690728684887290001e-03 3.699475433677434921e-03 3.733022371307015419e-03 3.796281060203909874e-03 3.854522015899419785e-03 3.975032363086938858e-03 5.125365685671567917e-03 1.532574184238910675e-02 2.610641531646251678e-02 8.907657116651535034e-02 1.281242072582244873e-01 3.819693922996520996e-01 7.307341098785400391e-01 8.159891963005065918e-01 9.360271096229553223e-01 9.802743196487426758e-01 9.827059507369995117e-01 9.916877746582031250e-01 9.963991045951843262e-01 9.968751072883605957e-01 9.969839453697204590e-01 0.000000000000000000e+00 0.000000000000000000e+00 
2.072370762107311748e-06 3.791029939748113975e-06 3.868743078783154488e-06 6.582270998478634283e-06 1.246508054464356974e-05 2.620524901431053877e-05 4.622838605428114533e-05 9.022961603477597237e-04 4.246861673891544342e-03 9.225726127624511719e-03 1.794395036995410919e-02 2.266648411750793457e-02 3.469241783022880554e-02 3.096287138760089874e-02 2.750686369836330414e-02 1.697542704641819000e-02 8.896308019757270813e-03 8.513965643942356110e-03 3.753360826522111893e-03 4.414636059664189816e-04 1.347343350062146783e-04 1.208577887155115604e-04 0.000000000000000000e+00 0.000000000000000000e+00 
3.616256639361381531e-03 3.627742640674114227e-03 3.636731533333659172e-03 3.669958794489502907e-03 3.733816789463162422e-03 3.792334115132689476e-03 3.915080800652503967e-03 5.152027588337659836e-03 1.603186503052711487e-02 2.675835974514484406e-02 9.207601100206375122e-02 1.308447122573852539e-01 3.873527646064758301e-01 7.364696860313415527e-01 8.195317387580871582e-01 9.376688003540039062e-01 9.809204339981079102e-01 9.831278920173645020e-01 9.923114180564880371e-01 9.965223670005798340e-01 9.969415664672851562e-01 9.970455765724182129e-01 0.000000000000000000e+00 0.000000000000000000e+00 
2.039027549471938983e-06 3.739227622645557858e-06 3.833474238490452990e-06 6.555149866471765563e-06 1.254897415492450818e-05 2.654257332324050367e-05 4.727939449367113411e-05 9.846810717135667801e-04 4.496980924159288406e-03 9.434024803340435028e-03 1.841244101524353027e-02 2.286454476416110992e-02 3.479551523923873901e-02 3.083018958568572998e-02 2.730654366314411163e-02 1.681146584451198578e-02 8.679460734128952026e-03 8.438943885266780853e-03 3.362063551321625710e-03 3.913448599632829428e-04 1.219700061483308673e-04 1.068717392627149820e-04 0.000000000000000000e+00 0.000000000000000000e+00 
3.554878989234566689e-03 3.565820399671792984e-03 3.574353409931063652e-03 3.606382757425308228e-03 3.667948767542839050e-03 3.724562702700495720e-03 3.843165468424558640e-03 5.042518489062786102e-03 1.568095199763774872e-02 2.647444233298301697e-02 9.146426618099212646e-02 1.300630569458007812e-01 3.865925967693328857e-01 7.360594868659973145e-01 8.193244934082031250e-01 9.376576542854309082e-01 9.809435606002807617e-01 9.831599593162536621e-01 9.923651218414306641e-01 9.965658187866210938e-01 9.969830513000488281e-01 9.970846176147460938e-01 0.000000000000000000e+00 0.000000000000000000e+00 
1.980648448807187378e-06 3.609585746744414791e-06 3.697755346365738660e-06 6.329662937787361443e-06 1.214299209095770493e-05 2.569837124610785395e-05 4.574036211124621332e-05 9.546725195832550526e-04 4.422945901751518250e-03 9.421957656741142273e-03 1.837004721164703369e-02 2.285293862223625183e-02 3.481877967715263367e-02 3.087136521935462952e-02 2.735166624188423157e-02 1.683627441525459290e-02 8.699407801032066345e-03 8.452973328530788422e-03 3.356588538736104965e-03 3.878200659528374672e-04 1.192121708299964666e-04 1.046334873535670340e-04 0.000000000000000000e+00 0.000000000000000000e+00 
3.495340235531330109e-03 3.505818312987685204e-03 3.514025127515196800e-03 3.545075189322233200e-03 3.604961559176445007e-03 3.660140093415975571e-03 3.775931429117918015e-03 4.961240105330944061e-03 1.553132012486457825e-02 2.636557444930076599e-02 9.150275588035583496e-02 1.299259513616561890e-01 3.869579136371612549e-01 7.367495298385620117e-01 8.197790980339050293e-01 9.379292726516723633e-01 9.810804724693298340e-01 9.832571744918823242e-01 9.925187230110168457e-01 9.966205954551696777e-01 9.970266819000244141e-01 9.971258640289306641e-01 0.000000000000000000e+00 0.000000000000000000e+00 
1.930026655827532522e-06 3.501047785903210752e-06 3.587029368645744398e-06 6.150379249447723851e-06 1.184248412755550817e-05 2.510311242076568305e-05 4.473685112316161394e-05 9.458059794269502163e-04 4.409127403050661087e-03 9.447940625250339508e-03 1.841723360121250153e-02 2.287831902503967285e-02 3.485509380698204041e-02 3.088031522929668427e-02 2.735118009150028229e-02 1.682776957750320435e-02 8.674495853483676910e-03 8.451286703348159790e-03 3.281262936070561409e-03 3.767112211789935827e-04 1.152197219198569655e-04 1.006787715596146882e-04 0.000000000000000000e+00 0.000000000000000000e+00 
3.437672741711139679e-03 3.447910072281956673e-03 3.456258913502097130e-03 3.486999310553073883e-03 3.547266591340303421e-03 3.602556651458144188e-03 3.720100037753582001e-03 4.984021186828613281e-03 1.617799140512943268e-02 2.691660821437835693e-02 9.409366548061370850e-02 1.323242634534835815e-01 3.917253017425537109e-01 7.416608929634094238e-01 8.228408694267272949e-01 9.393067955970764160e-01 9.816709756851196289e-01 9.835973978042602539e-01 9.930494427680969238e-01 9.967188835144042969e-01 9.970822334289550781e-01 9.971780180931091309e-01 0.000000000000000000e+00 0.000000000000000000e+00 
1.898638970487809274e-06 3.451890734140761197e-06 3.550636392901651561e-06 6.115016276453388855e-06 1.189332033391110599e-05 2.534722443670034409e-05 4.559041553875431418e-05 1.021153642795979977e-03 4.638831596821546555e-03 9.617399424314498901e-03 1.881735026836395264e-02 2.305185236036777496e-02 3.494671732187271118e-02 3.076938726007938385e-02 2.717290073633193970e-02 1.669097691774368286e-02 8.474848233163356781e-03 8.390692993998527527e-03 2.940487815067172050e-03 3.393390506971627474e-04 1.062373485183343291e-04 9.051979577634483576e-05 0.000000000000000000e+00 0.000000000000000000e+00 
3.381352405995130539e-03 3.391196252778172493e-03 3.399209352210164070e-03 3.429085481911897659e-03 3.487834474071860313e-03 3.541809739544987679e-03 3.656945191323757172e-03 4.912687465548515320e-03 1.608724519610404968e-02 2.684412896633148193e-02 9.426711499691009521e-02 1.323379725217819214e-01 3.923135697841644287e-01 7.425039410591125488e-01 8.234092593193054199e-01 9.396166801452636719e-01 9.818191528320312500e-01 9.836919903755187988e-01 9.932035803794860840e-01 9.967703223228454590e-01 9.971231222152709961e-01 9.972166419029235840e-01 0.000000000000000000e+00 0.000000000000000000e+00 
1.852806917668203823e-06 3.355467697474523447e-06 3.451393240538891405e-06 5.952705123490886763e-06 1.162383159680757672e-05 2.480936382198706269e-05 4.473685112316161394e-05 1.017421600408852100e-03 4.641601350158452988e-03 9.646750055253505707e-03 1.887964643537998199e-02 2.308369241654872894e-02 3.498468175530433655e-02 3.077245689928531647e-02 2.716237679123878479e-02 1.667642407119274139e-02 8.443756960332393646e-03 8.387596346437931061e-03 2.860751468688249588e-03 3.290900494903326035e-04 1.027587641146965325e-04 8.710040128789842129e-05 0.000000000000000000e+00 0.000000000000000000e+00 
3.326502395793795586e-03 3.335971850901842117e-03 3.343740012496709824e-03 3.372826613485813141e-03 3.430306212976574898e-03 3.483145963400602341e-03 3.596282098442316055e-03 4.849772434681653976e-03 1.604640856385231018e-02 2.681156247854232788e-02 9.458099305629730225e-02 1.325009912252426147e-01 3.931391835212707520e-01 7.435418963432312012e-01 8.240858912467956543e-01 9.399636983871459961e-01 9.819871783256530762e-01 9.837936162948608398e-01 9.933714270591735840e-01 9.968212842941284180e-01 9.971630573272705078e-01 9.972544908523559570e-01 0.000000000000000000e+00 0.000000000000000000e+00 
1.809987224987708032e-06 3.266520934630534612e-06 3.362089046277105808e-06 5.809137292089872062e-06 1.139260257332352921e-05 2.436073009448591620e-05 4.404736318974755704e-05 1.018979586660861969e-03 4.658451769500970840e-03 9.682219475507736206e-03 1.895909756422042847e-02 2.312281355261802673e-02 3.502409532666206360e-02 3.076817654073238373e-02 2.714251726865768433e-02 1.665653474628925323e-02 8.403681218624114990e-03 8.381712250411510468e-03 2.769307699054479599e-03 3.184903762303292751e-04 9.939153096638619900e-05 8.369028364541009068e-05 0.000000000000000000e+00 0.000000000000000000e+00 
3.273166250437498093e-03 3.282411023974418640e-03 3.290206193923950195e-03 3.318933304399251938e-03 3.376441076397895813e-03 3.429120872169733047e-03 3.543246304616332054e-03 4.862065892666578293e-03 1.656958460807800293e-02 2.721796929836273193e-02 9.657583385705947876e-02 1.343887746334075928e-01 3.969300091266632080e-01 7.473015189170837402e-01 8.264757990837097168e-01 9.410028457641601562e-01 9.824674725532531738e-01 9.840414524078369141e-01 9.937757849693298340e-01 9.968957901000976562e-01 9.972099661827087402e-01 9.972984194755554199e-01 0.000000000000000000e+00 0.000000000000000000e+00 
1.778862724677310325e-06 3.214924618077930063e-06 3.319100642329431139e-06 5.755683559982571751e-06 1.138564584834966809e-05 2.445277641527354717e-05 4.458952389541082084e-05 1.082616625353693962e-03 4.848125856369733810e-03 9.804824367165565491e-03 1.926469430327415466e-02 2.326092310249805450e-02 3.509980440139770508e-02 3.068687580525875092e-02 2.700289525091648102e-02 1.655660010874271393e-02 8.244724944233894348e-03 8.337045088410377502e-03 2.507290570065379143e-03 2.942324499599635601e-04 9.307157597504556179e-05 7.685452146688476205e-05 0.000000000000000000e+00 0.000000000000000000e+00 
3.220934886485338211e-03 3.229811321943998337e-03 3.237332217395305634e-03 3.265245584771037102e-03 3.321307478472590446e-03 3.372712759301066399e-03 3.484301036223769188e-03 4.786294419318437576e-03 1.640355773270130157e-02 2.708717808127403259e-02 9.648512303829193115e-02 1.341466605663299561e-01 3.970554471015930176e-01 7.476636171340942383e-01 8.267225623130798340e-01 9.411668181419372559e-01 9.825633168220520020e-01 9.841009378433227539e-01 9.938801527023315430e-01 9.969377517700195312e-01 9.972456097602844238e-01 9.973325729370117188e-01 0.000000000000000000e+00 0.000000000000000000e+00 
1.736554622766561806e-06 3.125470811937702820e-06 3.227437900932272896e-06 5.603968475043075159e-06 1.112255358748370782e-05 2.391381167399231344e-05 4.366972643765620887e-05 1.070634927600622177e-03 4.825318697839975357e-03 9.817712008953094482e-03 1.928613707423210144e-02 2.327490597963333130e-02 3.512829169631004333e-02 3.070049360394477844e-02 2.701069973409175873e-02 1.655689813196659088e-02 8.231170475482940674e-03 8.340729400515556335e-03 2.458531875163316727e-03 2.879388630390167236e-04 9.079355368157848716e-05 7.470431592082604766e-05 0.000000000000000000e+00 0.000000000000000000e+00 
3.170052543282508850e-03 3.178600221872329712e-03 3.185890149325132370e-03 3.213090822100639343e-03 3.267979482188820839e-03 3.318323520943522453e-03 3.428035415709018707e-03 4.728119354695081711e-03 1.636248640716075897e-02 2.704964019358158112e-02 9.675402194261550903e-02 1.342813968658447266e-01 3.978044986724853516e-01 7.485855221748352051e-01 8.273274302482604980e-01 9.414692521095275879e-01 9.827212691307067871e-01 9.841879606246948242e-01 9.940289258956909180e-01 9.969838261604309082e-01 9.972821474075317383e-01 9.973672628402709961e-01 0.000000000000000000e+00 0.000000000000000000e+00 
1.698238520475570112e-06 3.045957100766827352e-06 3.147071993225836195e-06 5.473623332363786176e-06 1.090918158297426999e-05 2.349149872316047549e-05 4.301962326280772686e-05 1.072311541065573692e-03 4.840810317546129227e-03 9.848125278949737549e-03 1.935532502830028534e-02 2.330987527966499329e-02 3.516426682472229004e-02 3.069829195737838745e-02 2.699336037039756775e-02 1.654105260968208313e-02 8.194025605916976929e-03 8.336613886058330536e-03 2.377204596996307373e-03 2.790230209939181805e-04 8.793753659119829535e-05 7.197260129032656550e-05 0.000000000000000000e+00 0.000000000000000000e+00 
3.120609559118747711e-03 3.129009855911135674e-03 3.136425511911511421e-03 3.163460409268736839e-03 3.218908328562974930e-03 3.269506152719259262e-03 3.381488379091024399e-03 4.783537704497575760e-03 1.718247309327125549e-02 2.763746306300163269e-02 9.942770004272460938e-02 1.370005905628204346e-01 4.028129577636718750e-01 7.532286643981933594e-01 8.303750157356262207e-01 9.427080154418945312e-01 9.833111763000488281e-01 9.844639897346496582e-01 9.944741725921630859e-01 9.970593452453613281e-01 9.973278641700744629e-01 9.974091649055480957e-01 0.000000000000000000e+00 0.000000000000000000e+00 
1.675164526204753201e-06 3.013690275111002848e-06 3.125837793049868196e-06 5.462097306008217856e-06 1.099726705433567986e-05 2.380569640081375837e-05 4.409557368489913642e-05 1.170135335996747017e-03 5.121484398841857910e-03 9.991570375859737396e-03 1.973961293697357178e-02 2.348905801773071289e-02 3.525190800428390503e-02 3.059028461575508118e-02 2.679982967674732208e-02 1.641435362398624420e-02 7.992583326995372772e-03 8.276516571640968323e-03 2.078920602798461914e-03 2.529764315113425255e-04 8.152031659847125411e-05 6.536171713378280401e-05 0.000000000000000000e+00 0.000000000000000000e+00 
3.072202205657958984e-03 3.080359660089015961e-03 3.087671706452965736e-03 3.114217426627874374e-03 3.169126808643341064e-03 3.219149075448513031e-03 3.330745035782456398e-03 4.769805818796157837e-03 1.745853759348392487e-02 2.781498059630393982e-02 1.005103066563606262e-01 1.380558311939239502e-01 4.049952328205108643e-01 7.553216814994812012e-01 8.317736387252807617e-01 9.432897567749023438e-01 9.836142063140869141e-01 9.846023917198181152e-01 9.946994185447692871e-01 9.971110224723815918e-01 9.973652958869934082e-01 9.974443316459655762e-01 0.000000000000000000e+00 0.000000000000000000e+00 
1.644082772145338822e-06 2.954738874905160628e-06 3.069838840019656345e-06 5.378396053856704384e-06 1.089474426407832652e-05 2.364711508562322706e-05 4.406428706715814769e-05 1.207958674058318138e-03 5.233759526163339615e-03 1.005480717867612839e-02 1.990992017090320587e-02 2.357295341789722443e-02 3.530382737517356873e-02 3.055304288864135742e-02 2.672187797725200653e-02 1.636325195431709290e-02 7.897428236901760101e-03 8.253333158791065216e-03 1.938655972480773926e-03 2.401420642854645848e-04 7.797728903824463487e-05 6.191852298798039556e-05 0.000000000000000000e+00 0.000000000000000000e+00 
3.024849342182278633e-03 3.032711567357182503e-03 3.039764938876032829e-03 3.065631724894046783e-03 3.119307337328791618e-03 3.168236231431365013e-03 3.277739742770791054e-03 4.707808140665292740e-03 1.736722886562347412e-02 2.772708795964717865e-02 1.005828902125358582e-01 1.380112767219543457e-01 4.053740501403808594e-01 7.558585405349731445e-01 8.321408033370971680e-01 9.434756040573120117e-01 9.837270975112915039e-01 9.846596121788024902e-01 9.947978258132934570e-01 9.971493482589721680e-01 9.973978996276855469e-01 9.974756240844726562e-01 0.000000000000000000e+00 0.000000000000000000e+00 
1.608011871212511323e-06 2.879764451790833846e-06 2.992606368934502825e-06 5.249491550785023719e-06 1.067210268956841901e-05 2.318974657100625336e-05 4.330961746745742857e-05 1.202949322760105133e-03 5.231976509094238281e-03 1.007124222815036774e-02 1.994847320020198822e-02 2.359566837549209595e-02 3.533336147665977478e-02 3.055954910814762115e-02 2.671828866004943848e-02 1.635902002453804016e-02 7.874442264437675476e-03 8.254717104136943817e-03 1.889369916170835495e-03 2.345097891520708799e-04 7.606418512295931578e-05 6.019834472681395710e-05 0.000000000000000000e+00 0.000000000000000000e+00 
2.978625940158963203e-03 2.986324252560734749e-03 2.993412548676133156e-03 3.019012045115232468e-03 3.072798717767000198e-03 3.121642628684639931e-03 3.232247661799192429e-03 4.738244693726301193e-03 1.797389425337314606e-02 2.812641113996505737e-02 1.024543941020965576e-01 1.399712711572647095e-01 4.089943766593933105e-01 7.590910792350769043e-01 8.343175053596496582e-01 9.443308711051940918e-01 9.841798543930053711e-01 9.848516583442687988e-01 9.950913786888122559e-01 9.972070455551147461e-01 9.974365234375000000e-01 9.975114464759826660e-01 0.000000000000000000e+00 0.000000000000000000e+00 
1.582821141710155644e-06 2.839902435880503617e-06 2.960252004413632676e-06 5.210978088143747300e-06 1.068120127456495538e-05 2.330492134205996990e-05 4.391494076116941869e-05 1.276965020224452019e-03 5.445466376841068268e-03 1.016636751592159271e-02 2.021540328860282898e-02 2.372652105987071991e-02 3.540084511041641235e-02 3.048738092184066772e-02 2.657958306372165680e-02 1.627325639128684998e-02 7.720272522419691086e-03 8.210654370486736298e-03 1.693471451289951801e-03 2.177159185521304607e-04 7.177663064794614911e-05 5.601963857770897448e-05 0.000000000000000000e+00 0.000000000000000000e+00 
2.933340612798929214e-03 2.940777689218521118e-03 2.947664353996515274e-03 2.972674788907170296e-03 3.025484038516879082e-03 3.073426196351647377e-03 3.182497108355164528e-03 4.692988470196723938e-03 1.799935102462768555e-02 2.811743132770061493e-02 1.028036326169967651e-01 1.402468383312225342e-01 4.098801612854003906e-01 7.600106596946716309e-01 8.349533081054687500e-01 9.446111917495727539e-01 9.843446612358093262e-01 9.849255681037902832e-01 9.952124357223510742e-01 9.972465634346008301e-01 9.974688291549682617e-01 9.975421428680419922e-01 0.000000000000000000e+00 0.000000000000000000e+00 
1.550465981381421443e-06 2.773998176053282805e-06 2.893503960876842029e-06 5.101554052089340985e-06 1.050311402650550008e-05 2.295154627063311636e-05 4.339349470683373511e-05 1.284421654418110847e-03 5.479179788380861282e-03 1.019342243671417236e-02 2.028760872781276703e-02 2.376532368361949921e-02 3.543552011251449585e-02 3.048194386065006256e-02 2.655478753149509430e-02 1.625625602900981903e-02 7.676446810364723206e-03 8.204653859138488770e-03 1.625975477509200573e-03 2.110012428602203727e-04 6.964928616071119905e-05 5.413049075286835432e-05 0.000000000000000000e+00 0.000000000000000000e+00 
2.889089751988649368e-03 2.896309597417712212e-03 2.903074491769075394e-03 2.927615074440836906e-03 2.979792188853025436e-03 3.027092898264527321e-03 3.135412232950329781e-03 4.671530798077583313e-03 1.819021627306938171e-02 2.822129614651203156e-02 1.035521700978279114e-01 1.409830749034881592e-01 4.114920794963836670e-01 7.615008354187011719e-01 8.359830975532531738e-01 9.450346827507019043e-01 9.845834374427795410e-01 9.850274324417114258e-01 9.953705072402954102e-01 9.972890019416809082e-01 9.975018501281738281e-01 9.975732564926147461e-01 0.000000000000000000e+00 0.000000000000000000e+00 
1.521359877187933307e-06 2.718636324061662890e-06 2.839610488081234507e-06 5.016841896576806903e-06 1.038369464367860928e-05 2.273864083690568805e-05 4.320395964896306396e-05 1.311566564254462719e-03 5.563441198319196701e-03 1.023669540882110596e-02 2.040859311819076538e-02 2.382772043347358704e-02 3.547791764140129089e-02 3.045890666544437408e-02 2.649921923875808716e-02 1.622043177485466003e-02 7.603201083838939667e-03 8.187404833734035492e-03 1.530548557639122009e-03 2.023273846134543419e-04 6.712837057420983911e-05 5.184386827750131488e-05 0.000000000000000000e+00 0.000000000000000000e+00 
2.845825627446174622e-03 2.852897159755229950e-03 2.859655534848570824e-03 2.883918350562453270e-03 2.936046337708830833e-03 2.983140992000699043e-03 3.092122497037053108e-03 4.700244870036840439e-03 1.871478185057640076e-02 2.854002453386783600e-02 1.050529703497886658e-01 1.426107734441757202e-01 4.144754707813262939e-01 7.640403509140014648e-01 8.377569913864135742e-01 9.457195997238159180e-01 9.849604368209838867e-01 9.851807951927185059e-01 9.955933690071105957e-01 9.973375201225280762e-01 9.975363612174987793e-01 9.976055622100830078e-01 0.000000000000000000e+00 0.000000000000000000e+00 
1.496994627814274281e-06 2.679282033568597399e-06 2.806000566124566831e-06 4.971976068190997466e-06 1.036554476741002873e-05 2.277565545227844268e-05 4.362213076092302799e-05 1.382474903948605061e-03 5.750170908868312836e-03 1.030995603650808334e-02 2.062036283314228058e-02 2.393534779548645020e-02 3.553520888090133667e-02 3.040346503257751465e-02 2.638514898717403412e-02 1.615043543279170990e-02 7.473818957805633545e-03 8.148894645273685455e-03 1.386112999171018600e-03 1.901266077766194940e-04 6.389886402757838368e-05 4.886325405095703900e-05 0.000000000000000000e+00 0.000000000000000000e+00 
2.803440671414136887e-03 2.810310106724500656e-03 2.816961845383048058e-03 2.840785775333642960e-03 2.892336575314402580e-03 2.938834484666585922e-03 3.047145670279860497e-03 4.689639434218406677e-03 1.894202828407287598e-02 2.865025401115417480e-02 1.057935953140258789e-01 1.433698385953903198e-01 4.160699248313903809e-01 7.654522061347961426e-01 8.387519717216491699e-01 9.461160302162170410e-01 9.851922988891601562e-01 9.852744936943054199e-01 9.957339763641357422e-01 9.973770380020141602e-01 9.975677728652954102e-01 9.976353049278259277e-01 0.000000000000000000e+00 0.000000000000000000e+00 
1.469751623517367989e-06 2.627554295031586662e-06 2.755906052698264830e-06 4.893649474979611114e-06 1.025584788294509053e-05 2.258117820019833744e-05 4.346675632405094802e-05 1.418225583620369434e-03 5.847919266670942307e-03 1.035043317824602127e-02 2.073650807142257690e-02 2.399655804038047791e-02 3.557599335908889771e-02 3.038104996085166931e-02 2.632951177656650543e-02 1.611615903675556183e-02 7.400593254715204239e-03 8.130958303809165955e-03 1.302910852245986462e-03 1.825431099859997630e-04 6.169173138914629817e-05 4.691150752478279173e-05 0.000000000000000000e+00 0.000000000000000000e+00 
2.762004267424345016e-03 2.768732840195298195e-03 2.775372238829731941e-03 2.798928646370768547e-03 2.850414020940661430e-03 2.896717283874750137e-03 3.005687147378921509e-03 4.727777093648910522e-03 1.951207593083381653e-02 2.897597663104534149e-02 1.072646006941795349e-01 1.450256258249282837e-01 4.189974069595336914e-01 7.678357362747192383e-01 8.404694795608520508e-01 9.467580914497375488e-01 9.855526685714721680e-01 9.854159355163574219e-01 9.959259033203125000e-01 9.974220395088195801e-01 9.976008534431457520e-01 9.976658821105957031e-01 0.000000000000000000e+00 0.000000000000000000e+00 
1.447279828425962478e-06 2.590637905086623505e-06 2.723835677898023278e-06 4.851410722039872780e-06 1.023704407998593524e-05 2.261496774735860527e-05 4.388650631881318986e-05 1.496680895797908306e-03 6.051802076399326324e-03 1.041923277080059052e-02 2.093929797410964966e-02 2.410210669040679932e-02 3.563167154788970947e-02 3.032726608216762543e-02 2.621656656265258789e-02 1.604873314499855042e-02 7.274079136550426483e-03 8.091316558420658112e-03 1.181531115435063839e-03 1.719363353913649917e-04 5.881815377506427467e-05 4.436010931385681033e-05 0.000000000000000000e+00 0.000000000000000000e+00 
2.721316879615187645e-03 2.727756043896079063e-03 2.733975648880004883e-03 2.756753005087375641e-03 2.806372940540313721e-03 2.851111814379692078e-03 2.956257900223135948e-03 4.608803894370794296e-03 1.895410194993019104e-02 2.857821807265281677e-02 1.062233000993728638e-01 1.436630189418792725e-01 4.173233807086944580e-01 7.667314410209655762e-01 8.396781682968139648e-01 9.465216398239135742e-01 9.854484200477600098e-01 9.853820800781250000e-01 9.959073066711425781e-01 9.974445700645446777e-01 9.976258873939514160e-01 9.976906180381774902e-01 0.000000000000000000e+00 0.000000000000000000e+00 
1.412523715771385469e-06 2.512043238311889581e-06 2.635600594658171758e-06 4.691090452979551628e-06 9.907956155075225979e-06 2.185900848417077214e-05 4.234413427184335887e-05 1.434297184459865093e-03 5.903584882616996765e-03 1.038719341158866882e-02 2.083852700889110565e-02 2.405450679361820221e-02 3.563525527715682983e-02 3.038190491497516632e-02 2.630051039159297943e-02 1.609648205339908600e-02 7.335446309298276901e-03 8.124992251396179199e-03 1.216067816130816936e-03 1.734480611048638821e-04 5.858871736563742161e-05 4.435109804035164416e-05 0.000000000000000000e+00 0.000000000000000000e+00 
2.681580604985356331e-03 2.687974367290735245e-03 2.694421913474798203e-03 2.717237453907728195e-03 2.767805010080337524e-03 2.813124796375632286e-03 2.921340521425008774e-03 4.736251197755336761e-03 2.015955559909343719e-02 2.928884886205196381e-02 1.089704483747482300e-01 1.469147950410842896e-01 4.225850701332092285e-01 7.707883119583129883e-01 8.426361083984375000e-01 9.475736618041992188e-01 9.860377907752990723e-01 9.856078028678894043e-01 9.961820840835571289e-01 9.974974393844604492e-01 9.976609349250793457e-01 9.977227449417114258e-01 0.000000000000000000e+00 0.000000000000000000e+00 
1.397617324983002618e-06 2.500191612853086554e-06 2.637042143760481849e-06 4.717158390121767297e-06 1.006156253424705938e-05 2.233351733593735844e-05 4.382354018162004650e-05 1.591087086126208305e-03 6.306380964815616608e-03 1.050502713769674301e-02 2.118981443345546722e-02 2.423634193837642670e-02 3.571513295173645020e-02 3.027207218110561371e-02 2.608613669872283936e-02 1.597170904278755188e-02 7.111641112715005875e-03 8.045315742492675781e-03 1.033186679705977440e-03 1.579562958795577288e-04 5.477145896293222904e-05 4.090230140718631446e-05 0.000000000000000000e+00 0.000000000000000000e+00 
2.642563544213771820e-03 2.648776164278388023e-03 2.655079821124672890e-03 2.677471609786152840e-03 2.727364422753453255e-03 2.772031584754586220e-03 2.879309933632612228e-03 4.721723496913909912e-03 2.034548856317996979e-02 2.935386635363101959e-02 1.094975098967552185e-01 1.474736928939819336e-01 4.237780869007110596e-01 7.717948555946350098e-01 8.433906435966491699e-01 9.478627443313598633e-01 9.862166047096252441e-01 9.856784343719482422e-01 9.962774515151977539e-01 9.975314140319824219e-01 9.976893663406372070e-01 9.977496266365051270e-01 0.000000000000000000e+00 0.000000000000000000e+00 
1.372280735267850105e-06 2.451508635203936137e-06 2.587989683888736181e-06 4.637437086785212159e-06 9.936974493029993027e-06 2.209369631600566208e-05 4.353931944933719933e-05 1.620391034521162510e-03 6.390657741576433182e-03 1.053420081734657288e-02 2.127474918961524963e-02 2.428281120955944061e-02 3.574954718351364136e-02 3.025827743113040924e-02 2.604640275239944458e-02 1.594818383455276489e-02 7.055375259369611740e-03 8.031874895095825195e-03 9.830461349338293076e-04 1.528811844764277339e-04 5.316133319865912199e-05 3.958772867918014526e-05 0.000000000000000000e+00 0.000000000000000000e+00 
2.604311797767877579e-03 2.610356546938419342e-03 2.616556594148278236e-03 2.638564677909016609e-03 2.687912201508879662e-03 2.732029417529702187e-03 2.838642336428165436e-03 4.717997275292873383e-03 2.059515938162803650e-02 2.945775911211967468e-02 1.101420968770980835e-01 1.481919437646865845e-01 4.251838624477386475e-01 7.729382514953613281e-01 8.442471623420715332e-01 9.481813311576843262e-01 9.864119291305541992e-01 9.857540726661682129e-01 9.963756203651428223e-01 9.975650310516357422e-01 9.977174401283264160e-01 9.977763295173645020e-01 0.000000000000000000e+00 0.000000000000000000e+00 
1.348288378721917979e-06 2.406490693829255179e-06 2.543808705013361759e-06 4.567086762108374387e-06 9.833662261371500790e-06 2.190663508372381330e-05 4.337351856520399451e-05 1.658663037233054638e-03 6.494659464806318283e-03 1.056748535484075546e-02 2.137214317917823792e-02 2.433621697127819061e-02 3.578533604741096497e-02 3.023858927190303802e-02 2.599718235433101654e-02 1.591972820460796356e-02 6.991361733525991440e-03 8.014377206563949585e-03 9.303888655267655849e-04 1.476059114793315530e-04 5.154815880814567208e-05 3.827110413112677634e-05 0.000000000000000000e+00 0.000000000000000000e+00 
2.566840499639511108e-03 2.572748344391584396e-03 2.578911604359745979e-03 2.600631909444928169e-03 2.649733331054449081e-03 2.693538786843419075e-03 2.800238318741321564e-03 4.744413774460554123e-03 2.104583755135536194e-02 2.968720905482769012e-02 1.111745610833168030e-01 1.494216620922088623e-01 4.272972941398620605e-01 7.745632529258728027e-01 8.454820513725280762e-01 9.486191868782043457e-01 9.866731166839599609e-01 9.858554005622863770e-01 9.964929223060607910e-01 9.976006746292114258e-01 9.977459311485290527e-01 9.978032112121582031e-01 0.000000000000000000e+00 0.000000000000000000e+00 
1.327088625657779630e-06 2.369749381614383310e-06 2.509990963517338969e-06 4.517853085417300463e-06 9.782342203834559768e-06 2.185308949265163392e-05 4.354068732936866581e-05 1.723427209071815014e-03 6.661613006144762039e-03 1.061541214585304260e-02 2.151321992278099060e-02 2.441332302987575531e-02 3.582781553268432617e-02 3.020128794014453888e-02 2.591524645686149597e-02 1.587341725826263428e-02 6.898079067468643188e-03 7.983297109603881836e-03 8.639346342533826828e-04 1.411422854289412498e-04 4.970185545971617103e-05 3.673622632049955428e-05 0.000000000000000000e+00 0.000000000000000000e+00 
2.530096564441919327e-03 2.535911975428462029e-03 2.542123664170503616e-03 2.563685644418001175e-03 2.612960757687687874e-03 2.656776225194334984e-03 2.764638513326644897e-03 4.817459732294082642e-03 2.180453762412071228e-02 3.011000528931617737e-02 1.127813756465911865e-01 1.514208912849426270e-01 4.304953217506408691e-01 7.769223451614379883e-01 8.472909331321716309e-01 9.492380023002624512e-01 9.870425462722778320e-01 9.859988689422607422e-01 9.966387748718261719e-01 9.976393580436706543e-01 9.977753758430480957e-01 9.978306293487548828e-01 0.000000000000000000e+00 0.000000000000000000e+00 
1.309276171923556831e-06 2.343865617149276659e-06 2.490127144483267330e-06 4.497223926591686904e-06 9.804235560295637697e-06 2.199004302383400500e-05 4.419836477609351277e-05 1.829975633881986141e-03 6.925717927515506744e-03 1.068648137152194977e-02 2.171806246042251587e-02 2.452605403959751129e-02 3.588073700666427612e-02 3.013617359101772308e-02 2.578337118029594421e-02 1.579979620873928070e-02 6.756940856575965881e-03 7.929511368274688721e-03 7.770693628117442131e-04 1.328199141426011920e-04 4.743988756672479212e-05 3.483314139884896576e-05 0.000000000000000000e+00 0.000000000000000000e+00 
2.493989886716008186e-03 2.499625086784362793e-03 2.505641430616378784e-03 2.526738680899143219e-03 2.575069665908813477e-03 2.618026221171021461e-03 2.724155317991971970e-03 4.774529021233320236e-03 2.175596728920936584e-02 3.002726100385189056e-02 1.128078848123550415e-01 1.513591706752777100e-01 4.307587444782257080e-01 7.772331833839416504e-01 8.475295901298522949e-01 9.493399262428283691e-01 9.871237277984619141e-01 9.860306978225708008e-01 9.966896176338195801e-01 9.976669549942016602e-01 9.978007078170776367e-01 9.978549480438232422e-01 0.000000000000000000e+00 0.000000000000000000e+00 
1.283888195757754147e-06 2.293208126502577215e-06 2.436402155581163242e-06 4.403822913445765153e-06 9.631985449232161045e-06 2.161321572202723473e-05 4.354838893050327897e-05 1.830833847634494305e-03 6.935334298759698868e-03 1.069444417953491211e-02 2.174195647239685059e-02 2.454064972698688507e-02 3.590393066406250000e-02 3.014329634606838226e-02 2.578279003500938416e-02 1.580037176609039307e-02 6.739751435816287994e-03 7.931680418550968170e-03 7.585047860629856586e-04 1.304131292272359133e-04 4.646921661333180964e-05 3.411623765714466572e-05 0.000000000000000000e+00 0.000000000000000000e+00 
2.458625473082065582e-03 2.464127959683537483e-03 2.470063744112849236e-03 2.490855753421783447e-03 2.538794418796896935e-03 2.581329783424735069e-03 2.687160857021808624e-03 4.791748709976673126e-03 2.211228385567665100e-02 3.019609861075878143e-02 1.136059165000915527e-01 1.523258984088897705e-01 4.324455261230468750e-01 7.785060405731201172e-01 8.485179543495178223e-01 9.496818184852600098e-01 9.873394966125488281e-01 9.861152768135070801e-01 9.967788457870483398e-01 9.976990818977355957e-01 9.978271722793579102e-01 9.978802204132080078e-01 0.000000000000000000e+00 0.000000000000000000e+00 
1.263148533325875178e-06 2.255955223517958075e-06 2.400398216195753776e-06 4.347748927102657035e-06 9.556967597745824605e-06 2.149212741642259061e-05 4.354639168013818562e-05 1.885686069726943970e-03 7.072502747178077698e-03 1.073260605335235596e-02 2.185271680355072021e-02 2.460309863090515137e-02 3.594095259904861450e-02 3.011459484696388245e-02 2.571749687194824219e-02 1.576495729386806488e-02 6.663232576102018356e-03 7.905934937298297882e-03 7.124261464923620224e-04 1.255017268704250455e-04 4.499308124650269747e-05 3.294045745860785246e-05 0.000000000000000000e+00 0.000000000000000000e+00 
2.423975616693496704e-03 2.429400337859988213e-03 2.435390138998627663e-03 2.456055721268057823e-03 2.504233270883560181e-03 2.546839881688356400e-03 2.654042094945907593e-03 4.883333109319210052e-03 2.295684628188610077e-02 3.067156672477722168e-02 1.153054833412170410e-01 1.545326709747314453e-01 4.357898533344268799e-01 7.808543443679809570e-01 8.503789901733398438e-01 9.502970576286315918e-01 9.877094626426696777e-01 9.862622022628784180e-01 9.969050288200378418e-01 9.977353215217590332e-01 9.978553652763366699e-01 9.979063868522644043e-01 0.000000000000000000e+00 0.000000000000000000e+00 
1.247522959602065384e-06 2.234044814031221904e-06 2.384485469519859180e-06 4.333960077929077670e-06 9.592098649591207504e-06 2.166067315556574613e-05 4.430267290445044637e-05 2.007867908105254173e-03 7.363625336438417435e-03 1.080678030848503113e-02 2.206298336386680603e-02 2.472302876412868500e-02 3.599314391613006592e-02 3.004378266632556915e-02 2.557523734867572784e-02 1.568712107837200165e-02 6.516940891742706299e-03 7.845577783882617950e-03 6.401134887710213661e-04 1.180663020932115614e-04 4.297569103073328733e-05 3.128933894913643599e-05 0.000000000000000000e+00 0.000000000000000000e+00 
2.389880595728754997e-03 2.395118353888392448e-03 2.400854602456092834e-03 2.421010285615921021e-03 2.468010876327753067e-03 2.509599318727850914e-03 2.614448079839348793e-03 4.814826883375644684e-03 2.272828109562397003e-02 3.047331236302852631e-02 1.149865165352821350e-01 1.539995670318603516e-01 4.353912472724914551e-01 7.807087302207946777e-01 8.502625823020935059e-01 9.502823948860168457e-01 9.877227544784545898e-01 9.862664937973022461e-01 9.969341754913330078e-01 9.977595210075378418e-01 9.978788495063781738e-01 9.979290962219238281e-01 0.000000000000000000e+00 0.000000000000000000e+00 
1.222368496200942900e-06 2.181026502512395382e-06 2.325960849702823907e-06 4.228179932397324592e-06 9.381892596138641238e-06 2.117772237397730350e-05 4.336125857662409544e-05 1.983393449336290359e-03 7.315559778362512589e-03 1.079984661191701889e-02 2.204759046435356140e-02 2.471469528973102570e-02 3.600927442312240601e-02 3.006716631352901459e-02 2.560487017035484314e-02 1.570447161793708801e-02 6.528554484248161316e-03 7.861103862524032593e-03 6.365319713950157166e-04 1.170446848846040666e-04 4.235718006384558976e-05 3.087778168264776468e-05 0.000000000000000000e+00 0.000000000000000000e+00 
2.356439828872680664e-03 2.361556282266974449e-03 2.367191482335329056e-03 2.387044951319694519e-03 2.433575922623276711e-03 2.474695444107055664e-03 2.579044550657272339e-03 4.826940596103668213e-03 2.302413247525691986e-02 3.060621395707130432e-02 1.156360656023025513e-01 1.548039615154266357e-01 4.367895722389221191e-01 7.817358374595642090e-01 8.510823249816894531e-01 9.505620002746582031e-01 9.879023432731628418e-01 9.863390922546386719e-01 9.970045685768127441e-01 9.977887272834777832e-01 9.979039430618286133e-01 9.979530572891235352e-01 0.000000000000000000e+00 0.000000000000000000e+00 
1.202477051265304908e-06 2.145073722203960642e-06 2.290104703206452541e-06 4.169638941675657406e-06 9.294575647800229490e-06 2.101910104101989418e-05 4.326106136431917548e-05 2.031923970207571983e-03 7.433100603520870209e-03 1.083203591406345367e-02 2.213935740292072296e-02 2.476846240460872650e-02 3.604197874665260315e-02 3.004485554993152618e-02 2.555181644856929779e-02 1.567629724740982056e-02 6.465782877057790756e-03 7.839143276214599609e-03 6.036380655132234097e-04 1.132289835368283093e-04 4.111693488084711134e-05 2.992990266648121178e-05 0.000000000000000000e+00 0.000000000000000000e+00 
2.323610475286841393e-03 2.328626345843076706e-03 2.334223827347159386e-03 2.353844698518514633e-03 2.400144934654235840e-03 2.440977608785033226e-03 2.545404946431517601e-03 4.862309433519840240e-03 2.347290143370628357e-02 3.083621151745319366e-02 1.165504977107048035e-01 1.559913158416748047e-01 4.386852979660034180e-01 7.830663323402404785e-01 8.521558046340942383e-01 9.509195089340209961e-01 9.881292581558227539e-01 9.864323735237121582e-01 9.970832467079162598e-01 9.978185892105102539e-01 9.979290962219238281e-01 9.979769587516784668e-01 0.000000000000000000e+00 0.000000000000000000e+00 
1.184563188871834427e-06 2.114955805154750124e-06 2.262223461002577096e-06 4.127711690671276301e-06 9.246909939975012094e-06 2.096295065712183714e-05 4.342694592196494341e-05 2.100925892591476440e-03 7.598647382110357285e-03 1.087473053485155106e-02 2.225853130221366882e-02 2.483919821679592133e-02 3.607776388525962830e-02 3.000858426094055176e-02 2.547442540526390076e-02 1.563463732600212097e-02 6.380380596965551376e-03 7.804977241903543472e-03 5.647874786518514156e-04 1.088536300812847912e-04 3.982272028224542737e-05 2.891373878810554743e-05 0.000000000000000000e+00 0.000000000000000000e+00 
2.291362965479493141e-03 2.296263119205832481e-03 2.301798900589346886e-03 2.321143401786684990e-03 2.367061795666813850e-03 2.407491905614733696e-03 2.511557191610336304e-03 4.879928659647703171e-03 2.379467152059078217e-02 3.098693490028381348e-02 1.172279715538024902e-01 1.568538099527359009e-01 4.401385486125946045e-01 7.841037511825561523e-01 8.529968261718750000e-01 9.512009024620056152e-01 9.883160591125488281e-01 9.865090847015380859e-01 9.971499443054199219e-01 9.978466629981994629e-01 9.979533553123474121e-01 9.980001449584960938e-01 0.000000000000000000e+00 0.000000000000000000e+00 
1.165996764029841870e-06 2.081665115838404745e-06 2.229994152003200725e-06 4.076577624800847843e-06 9.172535101242829114e-06 2.083382969431113452e-05 4.339667793828994036e-05 2.153203357011079788e-03 7.724037859588861465e-03 1.090752799063920975e-02 2.235092408955097198e-02 2.489468641579151154e-02 3.610909357666969299e-02 2.998310700058937073e-02 2.541673555970191956e-02 1.560424733906984329e-02 6.312521174550056458e-03 7.779290433973073959e-03 5.342458025552332401e-04 1.053439773386344314e-04 3.871693843393586576e-05 2.805115946102887392e-05 0.000000000000000000e+00 0.000000000000000000e+00 
2.259701956063508987e-03 2.264520619064569473e-03 2.270039636641740799e-03 2.289196476340293884e-03 2.335009630769491196e-03 2.375254174694418907e-03 2.479732735082507133e-03 4.934634547680616379e-03 2.434265986084938049e-02 3.128464519977569580e-02 1.183064430952072144e-01 1.583044826984405518e-01 4.423204958438873291e-01 7.855787277221679688e-01 8.542123436927795410e-01 9.515951871871948242e-01 9.885664582252502441e-01 9.866186380386352539e-01 9.972268342971801758e-01 9.978758692741394043e-01 9.979780912399291992e-01 9.980233907699584961e-01 0.000000000000000000e+00 0.000000000000000000e+00 
1.149579020420787856e-06 2.055751565421815030e-06 2.207072384408093058e-06 4.044027264171745628e-06 9.147065611614380032e-06 2.083599792968016118e-05 4.372154944576323032e-05 2.239102730527520180e-03 7.921041920781135559e-03 1.095722336322069168e-02 2.248619310557842255e-02 2.497743442654609680e-02 3.614622354507446289e-02 2.993828058242797852e-02 2.532425895333290100e-02 1.555508468300104141e-02 6.215025205165147781e-03 7.733566220849752426e-03 4.967043059878051281e-04 1.010883788694627583e-04 3.740772808669134974e-05 2.703105019463691860e-05 0.000000000000000000e+00 0.000000000000000000e+00 
2.228614641353487968e-03 2.233408624306321144e-03 2.239039633423089981e-03 2.258194377645850182e-03 2.304563065990805626e-03 2.345152897760272026e-03 2.451941836625337601e-03 5.082170013338327408e-03 2.547438628971576691e-02 3.196934983134269714e-02 1.204028129577636719e-01 1.612759083509445190e-01 4.464006721973419189e-01 7.882013320922851562e-01 8.564199805259704590e-01 9.522907733917236328e-01 9.889872670173645020e-01 9.868137836456298828e-01 9.973322749137878418e-01 9.979096651077270508e-01 9.980042576789855957e-01 9.980476498603820801e-01 0.000000000000000000e+00 0.000000000000000000e+00 
1.138129164246493019e-06 2.045309202003409155e-06 2.204539669037330896e-06 4.055522367707453668e-06 9.238829079549759626e-06 2.116048563038930297e-05 4.494483437156304717e-05 2.410181099548935890e-03 8.302747271955013275e-03 1.105216611176729202e-02 2.272882685065269470e-02 2.513161860406398773e-02 3.619784489274024963e-02 2.984129637479782104e-02 2.513897418975830078e-02 1.545521989464759827e-02 6.037923973053693771e-03 7.636378053575754166e-03 4.399088793434202671e-04 9.419149864697828889e-05 3.554171053110621870e-05 2.556877370807342231e-05 0.000000000000000000e+00 0.000000000000000000e+00 
2.198028611019253731e-03 2.202626317739486694e-03 2.207934157922863960e-03 2.226514974609017372e-03 2.271353732794523239e-03 2.310659270733594894e-03 2.413964364677667618e-03 4.959214013069868088e-03 2.487977407872676849e-02 3.152086958289146423e-02 1.194423437118530273e-01 1.597728431224822998e-01 4.447759091854095459e-01 7.873021364212036133e-01 8.556498289108276367e-01 9.520664811134338379e-01 9.888849258422851562e-01 9.867611527442932129e-01 9.973363876342773438e-01 9.979287385940551758e-01 9.980246424674987793e-01 9.980680942535400391e-01 0.000000000000000000e+00 0.000000000000000000e+00 
1.113319626711017918e-06 1.989173824767931364e-06 2.139266143785789609e-06 3.931595074391225353e-06 8.966874702309723943e-06 2.049424074357375503e-05 4.344348053564317524e-05 2.331837080419063568e-03 8.137638680636882782e-03 1.101426314562559128e-02 2.264536730945110321e-02 2.507644332945346832e-02 3.620419651269912720e-02 2.989746630191802979e-02 2.522899210453033447e-02 1.550667919218540192e-02 6.101792678236961365e-03 7.684077136218547821e-03 4.520717775449156761e-04 9.507775394013151526e-05 3.544037826941348612e-05 2.555872742959763855e-05 0.000000000000000000e+00 0.000000000000000000e+00 
2.167977625504136086e-03 2.172493375837802887e-03 2.177785383537411690e-03 2.196169923990964890e-03 2.240848960354924202e-03 2.279937732964754105e-03 2.383430488407611847e-03 5.006602965295314789e-03 2.535768039524555206e-02 3.178231418132781982e-02 1.203664913773536682e-01 1.610544919967651367e-01 4.466753304004669189e-01 7.885557413101196289e-01 8.567090034484863281e-01 9.524037241935729980e-01 9.891036748886108398e-01 9.868625998497009277e-01 9.973992705345153809e-01 9.979560971260070801e-01 9.980480670928955078e-01 9.980903267860412598e-01 0.000000000000000000e+00 0.000000000000000000e+00 
1.097624135582009330e-06 1.963633621926419437e-06 2.116063342327834107e-06 3.897845999745186418e-06 8.930795956985093653e-06 2.046814734057988971e-05 4.366888970253057778e-05 2.409528475254774094e-03 8.311904035508632660e-03 1.105866674333810806e-02 2.276070229709148407e-02 2.515053190290927887e-02 3.623624145984649658e-02 2.985746785998344421e-02 2.514731697738170624e-02 1.546400040388107300e-02 6.016294471919536591e-03 7.640379015356302261e-03 4.239936824887990952e-04 9.136449079960584641e-05 3.436822953517548740e-05 2.473312633810564876e-05 0.000000000000000000e+00 0.000000000000000000e+00 
2.138449111953377724e-03 2.142900368198752403e-03 2.148241735994815826e-03 2.166496589779853821e-03 2.211279701441526413e-03 2.250363351777195930e-03 2.354758325964212418e-03 5.088618490844964981e-03 2.604384906589984894e-02 3.218974545598030090e-02 1.216461732983589172e-01 1.628931313753128052e-01 4.492387473583221436e-01 7.901844382286071777e-01 8.581044077873229980e-01 9.528399705886840820e-01 9.893780350685119629e-01 9.869948029518127441e-01 9.974690079689025879e-01 9.979842901229858398e-01 9.980714321136474609e-01 9.981123805046081543e-01 0.000000000000000000e+00 0.000000000000000000e+00 
1.084063114831224084e-06 1.943953066074755043e-06 2.100970959872938693e-06 3.881300472130533308e-06 8.939970030041877180e-06 2.056517587334383279e-05 4.423810605658218265e-05 2.518650842830538750e-03 8.551416918635368347e-03 1.111998781561851501e-02 2.291209809482097626e-02 2.524966746568679810e-02 3.627212345600128174e-02 2.979825809597969055e-02 2.503200620412826538e-02 1.540304627269506454e-02 5.903920624405145645e-03 7.576900999993085861e-03 3.912769316229969263e-04 8.705288200872018933e-05 3.317456867080181837e-05 2.381463309575337917e-05 0.000000000000000000e+00 0.000000000000000000e+00 
2.109399996697902679e-03 2.113699913024902344e-03 2.118810545653104782e-03 2.136619528755545616e-03 2.180259209126234055e-03 2.218357054516673088e-03 2.320209518074989319e-03 5.005194805562496185e-03 2.569357305765151978e-02 3.190210461616516113e-02 1.211121231317520142e-01 1.620056927204132080e-01 4.484069049358367920e-01 7.897741794586181641e-01 8.577432632446289062e-01 9.527406692504882812e-01 9.893481135368347168e-01 9.869747757911682129e-01 9.974864125251770020e-01 9.980046153068542480e-01 9.980918765068054199e-01 9.981325864791870117e-01 0.000000000000000000e+00 0.000000000000000000e+00 
1.062548903973947745e-06 1.898645450637559406e-06 2.049555405392311513e-06 3.785370836340007372e-06 8.733718459552619606e-06 2.006623799388762563e-05 4.316515696700662374e-05 2.474652836099267006e-03 8.462753146886825562e-03 1.109996251761913300e-02 2.287327311933040619e-02 2.522231079638004303e-02 3.628385066986083984e-02 2.983301877975463867e-02 2.508360333740711212e-02 1.543351728469133377e-02 5.933915730565786362e-03 7.605212274938821793e-03 3.937958681490272284e-04 8.694683492649346590e-05 3.286500214016996324e-05 2.363178646191954613e-05 0.000000000000000000e+00 0.000000000000000000e+00 
2.080889884382486343e-03 2.085178857669234276e-03 2.090411027893424034e-03 2.108233515173196793e-03 2.152438042685389519e-03 2.190899103879928589e-03 2.295021433383226395e-03 5.161209031939506531e-03 2.681375481188297272e-02 3.261357173323631287e-02 1.231393814086914062e-01 1.650160104036331177e-01 4.523542821407318115e-01 7.922055125236511230e-01 8.598542809486389160e-01 9.533898830413818359e-01 9.897425770759582520e-01 9.871746897697448730e-01 9.975712895393371582e-01 9.980350136756896973e-01 9.981158375740051270e-01 9.981550574302673340e-01 0.000000000000000000e+00 0.000000000000000000e+00 
1.052316747518489137e-06 1.890562543849227950e-06 2.049465820164186880e-06 3.798450961767230183e-06 8.825870281725656241e-06 2.038848651864100248e-05 4.438485120772384107e-05 2.651613205671310425e-03 8.838499896228313446e-03 1.119758654385805130e-02 2.310175076127052307e-02 2.537666819989681244e-02 3.632804378867149353e-02 2.973364293575286865e-02 2.489820122718811035e-02 1.533392351120710373e-02 5.764204543083906174e-03 7.499061990529298782e-03 3.508632653392851353e-04 8.115739910863339901e-05 3.134283542749471962e-05 2.246775147796142846e-05 0.000000000000000000e+00 0.000000000000000000e+00 
2.052845433354377747e-03 2.057089237496256828e-03 2.062373096123337746e-03 2.080100821331143379e-03 2.124491613358259201e-03 2.163023687899112701e-03 2.268358599394559860e-03 5.265684332698583603e-03 2.759646996855735779e-02 3.311046212911605835e-02 1.245633289217948914e-01 1.671639978885650635e-01 4.551687836647033691e-01 7.939348220825195312e-01 8.613780140876770020e-01 9.538648724555969238e-01 9.900279641151428223e-01 9.873257875442504883e-01 9.976347088813781738e-01 9.980622529983520508e-01 9.981385469436645508e-01 9.981763958930969238e-01 0.000000000000000000e+00 0.000000000000000000e+00 
1.040233541971247178e-06 1.874720851446909364e-06 2.038483671640278772e-06 3.786933575611328706e-06 8.850723133946303278e-06 2.052816671493928879e-05 4.510385770117864013e-05 2.780533395707607269e-03 9.106616489589214325e-03 1.126983016729354858e-02 2.326450683176517487e-02 2.549168840050697327e-02 3.636191040277481079e-02 2.966278791427612305e-02 2.476539649069309235e-02 1.526089292019605637e-02 5.643664393573999405e-03 7.420979440212249756e-03 3.225535328965634108e-04 7.707289478275924921e-05 3.018326424353290349e-05 2.160793519578874111e-05 0.000000000000000000e+00 0.000000000000000000e+00 
2.025216352194547653e-03 2.029232447966933250e-03 2.034076023846864700e-03 2.051101299002766609e-03 2.093319082632660866e-03 2.130068838596343994e-03 2.229835838079452515e-03 5.026080179959535599e-03 2.631541341543197632e-02 3.216762468218803406e-02 1.224238574504852295e-01 1.637578904628753662e-01 4.513110518455505371e-01 7.917473912239074707e-01 8.594445586204528809e-01 9.532809853553771973e-01 9.897333979606628418e-01 9.871587753295898438e-01 9.976127743721008301e-01 9.980755448341369629e-01 9.981560111045837402e-01 9.981941580772399902e-01 0.000000000000000000e+00 0.000000000000000000e+00 
1.013218138723459560e-06 1.809160494303796440e-06 1.958240773092256859e-06 3.629865659604547545e-06 8.465519385936204344e-06 1.952898674062453210e-05 4.256407919456250966e-05 2.590045100077986717e-03 8.723801001906394958e-03 1.117102336138486862e-02 2.306089922785758972e-02 2.534420602023601532e-02 3.635544702410697937e-02 2.978547103703022003e-02 2.497141435742378235e-02 1.537889242172241211e-02 5.799240898340940475e-03 7.540066260844469070e-03 3.503934131003916264e-04 8.028453157749027014e-05 3.064263364649377763e-05 2.203085750807076693e-05 0.000000000000000000e+00 0.000000000000000000e+00 
1.998104620724916458e-03 2.002105116844177246e-03 2.007067902013659477e-03 2.024092711508274078e-03 2.066811779513955116e-03 2.103880979120731354e-03 2.205710858106613159e-03 5.176270846277475357e-03 2.737046591937541962e-02 3.284717351198196411e-02 1.243161931633949280e-01 1.666223257780075073e-01 4.549922943115234375e-01 7.939816713333129883e-01 8.614154458045959473e-01 9.538926482200622559e-01 9.900938868522644043e-01 9.873496890068054199e-01 9.976861476898193359e-01 9.981039166450500488e-01 9.981788992881774902e-01 9.982156753540039062e-01 0.000000000000000000e+00 0.000000000000000000e+00 
1.003422312351176515e-06 1.800527797968243249e-06 1.957023641807609238e-06 3.639918759290594608e-06 8.545911441615317017e-06 1.981390596483834088e-05 4.368719964986667037e-05 2.760536735877394676e-03 9.077887050807476044e-03 1.126452162861824036e-02 2.327263541519641876e-02 2.549231611192226410e-02 3.639437258243560791e-02 2.968950569629669189e-02 2.479467913508415222e-02 1.528040412813425064e-02 5.642511881887912750e-03 7.436685264110565186e-03 3.151525161229074001e-04 7.532612653449177742e-05 2.931735980382654816e-05 2.104172199324239045e-05 0.000000000000000000e+00 0.000000000000000000e+00 
1.971445279195904732e-03 1.975385006517171860e-03 1.980326604098081589e-03 1.997191691771149635e-03 2.039775718003511429e-03 2.076676348224282265e-03 2.178838243708014488e-03 5.239040590822696686e-03 2.788607217371463776e-02 3.316362574696540833e-02 1.252782493829727173e-01 1.680733561515808105e-01 4.569189548492431641e-01 7.951704263687133789e-01 8.624769449234008789e-01 9.542255997657775879e-01 9.902960658073425293e-01 9.874621629714965820e-01 9.977344870567321777e-01 9.981280565261840820e-01 9.982000589370727539e-01 9.982358217239379883e-01 0.000000000000000000e+00 0.000000000000000000e+00 
9.903233149088919163e-07 1.779647050170751754e-06 1.937973593157948926e-06 3.610983412727364339e-06 8.516856723872479051e-06 1.979844273591879755e-05 4.397845623316243291e-05 2.849635435268282890e-03 9.260591119527816772e-03 1.131527498364448547e-02 2.338674478232860565e-02 2.557463571429252625e-02 3.642153739929199219e-02 2.964306436479091644e-02 2.470518276095390320e-02 1.523072551935911179e-02 5.560073070228099823e-03 7.380721624940633774e-03 2.964135201182216406e-04 7.251896749949082732e-05 2.843818401743192226e-05 2.040052822849247605e-05 0.000000000000000000e+00 0.000000000000000000e+00 
1.945210155099630356e-03 1.949090976268053055e-03 1.954003702849149704e-03 1.970710698515176773e-03 2.013149671256542206e-03 2.049869857728481293e-03 2.152364933863282204e-03 5.301813594996929169e-03 2.839679829776287079e-02 3.348292037844657898e-02 1.262307316064834595e-01 1.695391386747360229e-01 4.588360488414764404e-01 7.963490486145019531e-01 8.635426759719848633e-01 9.545559883117675781e-01 9.904990792274475098e-01 9.875767827033996582e-01 9.977812170982360840e-01 9.981518983840942383e-01 9.982209801673889160e-01 9.982557892799377441e-01 0.000000000000000000e+00 0.000000000000000000e+00 
9.772493285709060729e-07 1.758929442985390779e-06 1.918942416523350403e-06 3.581696773835574277e-06 8.486726073897443712e-06 1.977988722501322627e-05 4.427446765475906432e-05 2.938375808298587799e-03 9.441506117582321167e-03 1.136698760092258453e-02 2.349904552102088928e-02 2.565819211304187775e-02 3.644810616970062256e-02 2.959631569683551788e-02 2.461371198296546936e-02 1.518096216022968292e-02 5.475737154483795166e-03 7.322842255234718323e-03 2.788025594782084227e-04 6.974878488108515739e-05 2.755839341261889786e-05 1.977068859559949487e-05 0.000000000000000000e+00 0.000000000000000000e+00 
1.919391215778887272e-03 1.923104864545166492e-03 1.927712815813720226e-03 1.943908049724996090e-03 1.984829781576991081e-03 2.020304789766669273e-03 2.119000069797039032e-03 5.150007084012031555e-03 2.764308080077171326e-02 3.288422897458076477e-02 1.250059455633163452e-01 1.674957424402236938e-01 4.566699862480163574e-01 7.951727509498596191e-01 8.624662756919860840e-01 9.542340040206909180e-01 9.903519749641418457e-01 9.874807596206665039e-01 9.977827072143554688e-01 9.981681704521179199e-01 9.982389807701110840e-01 9.982737898826599121e-01 0.000000000000000000e+00 0.000000000000000000e+00 
9.563225376041373238e-07 1.710439050839340780e-06 1.860293536992685404e-06 3.469457396931829862e-06 8.217140930355526507e-06 1.909405909827910364e-05 4.256502143107354641e-05 2.827181946486234665e-03 9.225509129464626312e-03 1.130708865821361542e-02 2.339179627597332001e-02 2.557310461997985840e-02 3.645369783043861389e-02 2.967185340821743011e-02 2.473852597177028656e-02 1.525323931127786636e-02 5.563343875110149384e-03 7.398740388453006744e-03 2.904378052335232496e-04 7.096557237673550844e-05 2.762459735095035285e-05 1.986255665542557836e-05 0.000000000000000000e+00 0.000000000000000000e+00 
1.894014771096408367e-03 1.897724810987710953e-03 1.902460702694952488e-03 1.918679219670593739e-03 1.960157416760921478e-03 1.996014732867479324e-03 2.097059972584247589e-03 5.318751093000173569e-03 2.876403927803039551e-02 3.364991396665573120e-02 1.269966214895248413e-01 1.706749349832534790e-01 4.605183601379394531e-01 7.974440455436706543e-01 8.645367622375488281e-01 9.548684954643249512e-01 9.907191395759582520e-01 9.876964092254638672e-01 9.978470206260681152e-01 9.981945753097534180e-01 9.982604980468750000e-01 9.982941746711730957e-01 0.000000000000000000e+00 0.000000000000000000e+00 
9.480116318627551664e-07 1.704763349152926821e-06 1.862053750301129185e-06 3.484004992060363293e-06 8.307782991323620081e-06 1.941229311341885477e-05 4.383532359497621655e-05 3.013606416061520576e-03 9.595300070941448212e-03 1.141215022653341293e-02 2.360694669187068939e-02 2.573815546929836273e-02 3.648798912763595581e-02 2.956513687968254089e-02 2.454300038516521454e-02 1.514446642249822617e-02 5.393617786467075348e-03 7.275159470736980438e-03 2.609717193990945816e-04 6.657931226072832942e-05 2.643083462317008525e-05 1.898347181850112975e-05 0.000000000000000000e+00 0.000000000000000000e+00 
1.869035069830715656e-03 1.872743712738156319e-03 1.877625007182359695e-03 1.893879496492445469e-03 1.935970154590904713e-03 1.972257625311613083e-03 2.075843745842576027e-03 5.493937060236930847e-03 2.990863285958766937e-02 3.449036180973052979e-02 1.290250867605209351e-01 1.740228235721588135e-01 4.644456505775451660e-01 7.997293472290039062e-01 8.666563034057617188e-01 9.555187821388244629e-01 9.910874962806701660e-01 9.879292249679565430e-01 9.979072809219360352e-01 9.982205629348754883e-01 9.982818365097045898e-01 9.983140826225280762e-01 0.000000000000000000e+00 0.000000000000000000e+00 
9.404870979778934270e-07 1.700588427411275916e-06 1.866047227849776391e-06 3.503044126773602329e-06 8.408507710555568337e-06 1.976136991288512945e-05 4.521592927630990744e-05 3.205367596819996834e-03 9.968047030270099640e-03 1.152879837900400162e-02 2.382065728306770325e-02 2.591394819319248199e-02 3.651822730898857117e-02 2.945263870060443878e-02 2.433766983449459076e-02 1.503086835145950317e-02 5.218274891376495361e-03 7.138459011912345886e-03 2.345071115996688604e-04 6.239447975531220436e-05 2.528795994294341654e-05 1.815380892367102206e-05 0.000000000000000000e+00 0.000000000000000000e+00 
1.844429760240018368e-03 1.848005340434610844e-03 1.852664980106055737e-03 1.868509687483310699e-03 1.909460755996406078e-03 1.944794435985386372e-03 2.045598579570651054e-03 5.397082306444644928e-03 2.948205918073654175e-02 3.410297259688377380e-02 1.283474415540695190e-01 1.728217303752899170e-01 4.632850587368011475e-01 7.991384863853454590e-01 8.660975694656372070e-01 9.553502202033996582e-01 9.910277128219604492e-01 9.878796339035034180e-01 9.979199171066284180e-01 9.982380270957946777e-01 9.982997179031372070e-01 9.983319044113159180e-01 0.000000000000000000e+00 0.000000000000000000e+00 
9.222999324265401810e-07 1.660680368331668433e-06 1.819194039853755385e-06 3.414474349483498372e-06 8.203738616430200636e-06 1.924627213156782091e-05 4.398333476274274290e-05 3.144104033708572388e-03 9.855435229837894440e-03 1.149284560233354568e-02 2.377024851739406586e-02 2.586736157536506653e-02 3.652967140078544617e-02 2.949876897037029266e-02 2.441125921905040741e-02 1.507437042891979218e-02 5.263641942292451859e-03 7.184871006757020950e-03 2.382050442975014448e-04 6.263001705519855022e-05 2.516650238248985261e-05 1.809414061426650733e-05 0.000000000000000000e+00 0.000000000000000000e+00 
1.820221892558038235e-03 1.823707600124180317e-03 1.828236272558569908e-03 1.843802398070693016e-03 1.884096302092075348e-03 1.918855821713805199e-03 2.018374158069491386e-03 5.375335458666086197e-03 2.948741056025028229e-02 3.405833244323730469e-02 1.284207850694656372e-01 1.728868782520294189e-01 4.635352194309234619e-01 7.993453145027160645e-01 8.662835359573364258e-01 9.554098844528198242e-01 9.910865426063537598e-01 9.879097342491149902e-01 9.979455471038818359e-01 9.982574582099914551e-01 9.983183741569519043e-01 9.983499050140380859e-01 0.000000000000000000e+00 0.000000000000000000e+00 
9.073600040210294537e-07 1.631569034543645103e-06 1.787060114111227449e-06 3.356007027832674794e-06 8.084265573415905237e-06 1.897133915917947888e-05 4.348265429143793881e-05 3.152135526761412621e-03 9.875779971480369568e-03 1.149983331561088562e-02 2.379304356873035431e-02 2.588318660855293274e-02 3.654631599783897400e-02 2.950070798397064209e-02 2.440712228417396545e-02 1.507406961172819138e-02 5.247653927654027939e-03 7.179570384323596954e-03 2.338163467356935143e-04 6.161865167086943984e-05 2.474075336067471653e-05 1.781440187187399715e-05 0.000000000000000000e+00 0.000000000000000000e+00 
1.796392258256673813e-03 1.799867721274495125e-03 1.804482424631714821e-03 1.820036210119724274e-03 1.860706834122538567e-03 1.895714667625725269e-03 1.997115090489387512e-03 5.519255530089139938e-03 3.044335357844829559e-02 3.477253764867782593e-02 1.301307678222656250e-01 1.757458001375198364e-01 4.668596684932708740e-01 8.012713789939880371e-01 8.680926561355590820e-01 9.559631347656250000e-01 9.914003014564514160e-01 9.881165623664855957e-01 9.979948401451110840e-01 9.982815980911254883e-01 9.983385801315307617e-01 9.983690977096557617e-01 0.000000000000000000e+00 0.000000000000000000e+00 
8.988490094452572521e-07 1.623770458536455408e-06 1.785009999366593547e-06 3.361362360010389239e-06 8.144904313667211682e-06 1.920644172059837729e-05 4.454626105143688619e-05 3.313904395326972008e-03 1.018736790865659714e-02 1.160280033946037292e-02 2.397367917001247406e-02 2.603776939213275909e-02 3.657249733805656433e-02 2.940437942743301392e-02 2.423136308789253235e-02 1.497757341712713242e-02 5.096624139696359634e-03 7.058198098093271255e-03 2.143218443961814046e-04 5.817462442792020738e-05 2.373917050135787576e-05 1.711060758680105209e-05 0.000000000000000000e+00 0.000000000000000000e+00 
1.772951451130211353e-03 1.776404678821563721e-03 1.781066297553479671e-03 1.796563854441046715e-03 1.837427844293415546e-03 1.872548251412808895e-03 1.975287217646837234e-03 5.633619613945484161e-03 3.121987730264663696e-02 3.536591306328773499e-02 1.315313428640365601e-01 1.781441867351531982e-01 4.696085155010223389e-01 8.028531074523925781e-01 8.695940971374511719e-01 9.564238190650939941e-01 9.916591048240661621e-01 9.882955551147460938e-01 9.980365037918090820e-01 9.983041286468505859e-01 9.983581304550170898e-01 9.983876347541809082e-01 0.000000000000000000e+00 0.000000000000000000e+00 
8.896130339053343050e-07 1.612835831110714935e-06 1.778172077138151508e-06 3.356050910952035338e-06 8.173557944246567786e-06 1.935422733367886394e-05 4.535005064099095762e-05 3.447669558227062225e-03 1.044133864343166351e-02 1.169137749820947647e-02 2.412155829370021820e-02 2.617063000798225403e-02 3.659423440694808960e-02 2.932456322014331818e-02 2.408544346690177917e-02 1.489780377596616745e-02 4.970055073499679565e-03 6.953920237720012665e-03 1.996302453335374594e-04 5.544394662138074636e-05 2.291725832037627697e-05 1.653957588132470846e-05 0.000000000000000000e+00 0.000000000000000000e+00 
1.749855233356356621e-03 1.753136515617370605e-03 1.757473917677998543e-03 1.772432704456150532e-03 1.811594702303409576e-03 1.845316262915730476e-03 1.943371375091373920e-03 5.435596220195293427e-03 3.021398000419139862e-02 3.448799997568130493e-02 1.298478245735168457e-01 1.751548796892166138e-01 4.665508866310119629e-01 8.012186884880065918e-01 8.680323958396911621e-01 9.559492468833923340e-01 9.914492368698120117e-01 9.881280660629272461e-01 9.980360269546508789e-01 9.983181357383728027e-01 9.983743429183959961e-01 9.984039664268493652e-01 0.000000000000000000e+00 0.000000000000000000e+00 
8.690591357662924565e-07 1.563406271998246666e-06 1.716845645205467008e-06 3.235117219446692616e-06 7.869281944294925779e-06 1.854652873589657247e-05 4.314759644330479205e-05 3.290491411462426186e-03 1.015342865139245987e-02 1.159098278731107712e-02 2.397663146257400513e-02 2.603303827345371246e-02 3.660162165760993958e-02 2.943278290331363678e-02 2.426708675920963287e-02 1.500102039426565170e-02 5.099085159599781036e-03 7.078107446432113647e-03 2.109043998643755913e-04 5.702495036530308425e-05 2.313425102329347283e-05 1.672368489380460232e-05 0.000000000000000000e+00 0.000000000000000000e+00 
1.727141672745347023e-03 1.730415737256407738e-03 1.734818797558546066e-03 1.749758375808596611e-03 1.789222355000674725e-03 1.823147526010870934e-03 1.922858995385468006e-03 5.569504573941230774e-03 3.108832798898220062e-02 3.516436368227005005e-02 1.314232945442199707e-01 1.778599023818969727e-01 4.696236252784729004e-01 8.029789924621582031e-01 8.697036504745483398e-01 9.564584493637084961e-01 9.917334318161010742e-01 9.883266091346740723e-01 9.980792403221130371e-01 9.983407258987426758e-01 9.983935356140136719e-01 9.984222650527954102e-01 0.000000000000000000e+00 0.000000000000000000e+00 
8.605663879279745743e-07 1.555205813019711059e-06 1.713702204142464325e-06 3.236944621676229872e-06 7.917295079096220434e-06 1.874731970019638538e-05 4.410645851748995483e-05 3.441904205828905106e-03 1.043720636516809464e-02 1.168993581086397171e-02 2.414155378937721252e-02 2.618099562823772430e-02 3.662373125553131104e-02 2.934225648641586304e-02 2.410238236188888550e-02 1.491108536720275879e-02 4.958371166139841080e-03 6.960500497370958328e-03 1.949525030795484781e-04 5.408074139268137515e-05 2.227986078651156276e-05 1.613379026821348816e-05 0.000000000000000000e+00 0.000000000000000000e+00 
1.704789465293288231e-03 1.708041643723845482e-03 1.712467637844383717e-03 1.727337017655372620e-03 1.766895060427486897e-03 1.800862606614828110e-03 1.901601208373904228e-03 5.670619662851095200e-03 3.176670148968696594e-02 3.570355474948883057e-02 1.326608359813690186e-01 1.800199598073959351e-01 4.720551967620849609e-01 8.043686151504516602e-01 8.710452318191528320e-01 9.568624496459960938e-01 9.919587969779968262e-01 9.884913563728332520e-01 9.981159567832946777e-01 9.983616471290588379e-01 9.984121322631835938e-01 9.984400868415832520e-01 0.000000000000000000e+00 0.000000000000000000e+00 
8.512910198987810872e-07 1.543461394248879515e-06 1.705005843177787028e-06 3.226818535040365532e-06 7.929071216494776309e-06 1.884426455944776535e-05 4.475053356145508587e-05 3.562378231436014175e-03 1.065930258482694626e-02 1.177204027771949768e-02 2.427218109369277954e-02 2.630277164280414581e-02 3.664269670844078064e-02 2.927128225564956665e-02 2.397133037447929382e-02 1.484127901494503021e-02 4.845902323722839355e-03 6.864271126687526703e-03 1.829667162382975221e-04 5.182528911973349750e-05 2.157550625270232558e-05 1.564330523251555860e-05 0.000000000000000000e+00 0.000000000000000000e+00 
1.682744594290852547e-03 1.685915514826774597e-03 1.690224162302911282e-03 1.704833121038973331e-03 1.743734697811305523e-03 1.777136581949889660e-03 1.876438618637621403e-03 5.642250645905733109e-03 3.170926868915557861e-02 3.561228513717651367e-02 1.326192468404769897e-01 1.799011528491973877e-01 4.720782637596130371e-01 8.044339418411254883e-01 8.711025714874267578e-01 9.568775892257690430e-01 9.919939041137695312e-01 9.885075688362121582e-01 9.981366395950317383e-01 9.983792304992675781e-01 9.984292984008789062e-01 9.984568357467651367e-01 0.000000000000000000e+00 0.000000000000000000e+00 
8.375540119232027791e-07 1.516621182418020908e-06 1.674931809247937053e-06 3.170787294948240742e-06 7.807828296790830791e-06 1.855720438470598310e-05 4.415941657498478889e-05 3.561992431059479713e-03 1.065930258482694626e-02 1.177225913852453232e-02 2.428294718265533447e-02 2.630892582237720490e-02 3.665694966912269592e-02 2.927950769662857056e-02 2.397889830172061920e-02 1.484790723770856857e-02 4.840327426791191101e-03 6.866814102977514267e-03 1.807962980819866061e-04 5.122052971273660660e-05 2.127548032149206847e-05 1.544912265671882778e-05 0.000000000000000000e+00 0.000000000000000000e+00 
1.661064568907022476e-03 1.664243056438863277e-03 1.668634708039462566e-03 1.683263108134269714e-03 1.722582965157926083e-03 1.756289973855018616e-03 1.857700641267001629e-03 5.796018522232770920e-03 3.267002478241920471e-02 3.642981126904487610e-02 1.343741267919540405e-01 1.830260008573532104e-01 4.754815697669982910e-01 8.063433766365051270e-01 8.729783296585083008e-01 9.574377536773681641e-01 9.922919869422912598e-01 9.887415766716003418e-01 9.981772303581237793e-01 9.984011650085449219e-01 9.984478950500488281e-01 9.984745383262634277e-01 0.000000000000000000e+00 0.000000000000000000e+00 
8.303848062496399507e-07 1.511900450168468524e-06 1.675961016189830843e-06 3.181092779414029792e-06 7.877546522649936378e-06 1.882081596704665571e-05 4.535896005108952522e-05 3.730603028088808060e-03 1.096385344862937927e-02 1.189176738262176514e-02 2.445793896913528442e-02 2.648135460913181305e-02 3.667482733726501465e-02 2.917431481182575226e-02 2.378680370748043060e-02 1.474642660468816757e-02 4.681760445237159729e-03 6.723341066390275955e-03 1.662328868405893445e-04 4.845537114306353033e-05 2.046331610472407192e-05 1.490022077632602304e-05 0.000000000000000000e+00 0.000000000000000000e+00 
1.639718422666192055e-03 1.642840215936303139e-03 1.647155848331749439e-03 1.661600545048713684e-03 1.700539607554674149e-03 1.733910525217652321e-03 1.834847964346408844e-03 5.820672493427991867e-03 3.290701657533645630e-02 3.660351037979125977e-02 1.348556429147720337e-01 1.838601380586624146e-01 4.764782786369323730e-01 8.069431781768798828e-01 8.735661506652832031e-01 9.576103091239929199e-01 9.924029111862182617e-01 9.888237118721008301e-01 9.982029795646667480e-01 9.984195232391357422e-01 9.984654188156127930e-01 9.984911680221557617e-01 0.000000000000000000e+00 0.000000000000000000e+00 
8.188315518964373041e-07 1.491198077019362245e-06 1.654160200814658310e-06 3.142830564684118144e-06 7.807154361216817051e-06 1.868010622274596244e-05 4.525457552517764270e-05 3.779081627726554871e-03 1.105125714093446732e-02 1.192725915461778641e-02 2.451635524630546570e-02 2.653725817799568176e-02 3.669039160013198853e-02 2.914920449256896973e-02 2.373601868748664856e-02 1.472181081771850586e-02 4.630681592971086502e-03 6.681426893919706345e-03 1.608511665835976601e-04 4.723504389403387904e-05 2.001412030949722975e-05 1.460926705476595089e-05 0.000000000000000000e+00 0.000000000000000000e+00 
1.618701149709522724e-03 1.621777075342833996e-03 1.626040088012814522e-03 1.640331698581576347e-03 1.678996370173990726e-03 1.712118042632937431e-03 1.812900300137698650e-03 5.858988501131534576e-03 3.322061896324157715e-02 3.685230016708374023e-02 1.354709714651107788e-01 1.849498599767684937e-01 4.777215421199798584e-01 8.076677918434143066e-01 8.742824196815490723e-01 9.578204154968261719e-01 9.925298690795898438e-01 9.889231920242309570e-01 9.982289075851440430e-01 9.984380006790161133e-01 9.984825253486633301e-01 9.985077977180480957e-01 0.000000000000000000e+00 0.000000000000000000e+00 
8.081532314463402145e-07 1.473129373152914923e-06 1.635776811781397555e-06 3.111488240392645821e-06 7.754782018309924752e-06 1.858896212070249021e-05 4.530529622570611537e-05 3.839675802737474442e-03 1.116006076335906982e-02 1.197217870503664017e-02 2.458517067134380341e-02 2.660601958632469177e-02 3.670481592416763306e-02 2.911463007330894470e-02 2.366989664733409882e-02 1.468916423618793488e-02 4.568150267004966736e-03 6.627222057431936264e-03 1.550322194816544652e-04 4.600250758812762797e-05 1.957336462510284036e-05 1.431606597179779783e-05 0.000000000000000000e+00 0.000000000000000000e+00 
1.597992843016982079e-03 1.601001829840242863e-03 1.605159603059291840e-03 1.619225717149674892e-03 1.657327404245734215e-03 1.689962693490087986e-03 1.789585920050740242e-03 5.846997257322072983e-03 3.325114399194717407e-02 3.683549165725708008e-02 1.355732977390289307e-01 1.851050108671188354e-01 4.779977202415466309e-01 8.078659176826477051e-01 8.744755387306213379e-01 9.578728079795837402e-01 9.925820827484130859e-01 9.889575242996215820e-01 9.982493519783020020e-01 9.984551668167114258e-01 9.984989762306213379e-01 9.985240101814270020e-01 0.000000000000000000e+00 0.000000000000000000e+00 
7.959167191984306555e-07 1.449442493139940780e-06 1.609393166290828958e-06 3.062738414882915094e-06 7.650789484614506364e-06 1.834551949286833405e-05 4.484231249080039561e-05 3.853250993415713310e-03 1.118481252342462540e-02 1.198140252381563187e-02 2.460832335054874420e-02 2.662626095116138458e-02 3.671854734420776367e-02 2.911299467086791992e-02 2.366150356829166412e-02 1.468742359429597855e-02 4.550335463136434555e-03 6.616780534386634827e-03 1.525606203358620405e-04 4.534177060122601688e-05 1.928860365296714008e-05 1.413266272720647976e-05 0.000000000000000000e+00 0.000000000000000000e+00 
1.577578717842698097e-03 1.580540905706584454e-03 1.584675395861268044e-03 1.598595641553401947e-03 1.636473578400909901e-03 1.668904442340135574e-03 1.768430229276418686e-03 5.885408259928226471e-03 3.356277570128440857e-02 3.709787875413894653e-02 1.361921727657318115e-01 1.862051337957382202e-01 4.792582690715789795e-01 8.085930943489074707e-01 8.751935958862304688e-01 9.580811858177185059e-01 9.927094578742980957e-01 9.890582561492919922e-01 9.982745647430419922e-01 9.984731674194335938e-01 9.985156655311584473e-01 9.985402226448059082e-01 0.000000000000000000e+00 0.000000000000000000e+00 
7.855541070966864936e-07 1.432100702913885470e-06 1.592554895069042686e-06 3.035047257071710192e-06 7.605538030475145206e-06 1.827409323595929891e-05 4.492792504606768489e-05 3.913135267794132233e-03 1.129233464598655701e-02 1.202792022377252579e-02 2.467619068920612335e-02 2.669555693864822388e-02 3.673182427883148193e-02 2.907744981348514557e-02 2.359401620924472809e-02 1.465448271483182907e-02 4.486092831939458847e-03 6.561551708728075027e-03 1.469968701712787151e-04 4.409410757943987846e-05 1.888388396764639765e-05 1.387200427416246384e-05 0.000000000000000000e+00 0.000000000000000000e+00 
1.557480078190565109e-03 1.560421544127166271e-03 1.564581063576042652e-03 1.578432391397655010e-03 1.616384135559201241e-03 1.648857025429606438e-03 1.749345450662076473e-03 5.976554471999406815e-03 3.416854888200759888e-02 3.765792772173881531e-02 1.373592466115951538e-01 1.883303821086883545e-01 4.815612137317657471e-01 8.098714351654052734e-01 8.764654397964477539e-01 9.584527611732482910e-01 9.929118752479553223e-01 9.892312884330749512e-01 9.983043074607849121e-01 9.984919428825378418e-01 9.985327124595642090e-01 9.985564947128295898e-01 0.000000000000000000e+00 0.000000000000000000e+00 
7.773138008815294597e-07 1.421261345058155712e-06 1.584440951774013229e-06 3.025679006896098144e-06 7.614104106323793530e-06 1.836116462072823197e-05 4.555747000267729163e-05 4.021607805043458939e-03 1.148488838225603104e-02 1.211514882743358612e-02 2.479130774736404419e-02 2.681919187307357788e-02 3.674472495913505554e-02 2.900628373026847839e-02 2.346448972821235657e-02 1.458939164876937866e-02 4.373377189040184021e-03 6.457260809838771820e-03 1.386170915793627501e-04 4.234804873703978956e-05 1.832935231504961848e-05 1.350099046248942614e-05 0.000000000000000000e+00 0.000000000000000000e+00 
1.537689007818698883e-03 1.540561905130743980e-03 1.544610015116631985e-03 1.558231655508279800e-03 1.595583045855164528e-03 1.627552206628024578e-03 1.726737595163285732e-03 5.958991125226020813e-03 3.416370600461959839e-02 3.761162608861923218e-02 1.373990625143051147e-01 1.883753091096878052e-01 4.817332625389099121e-01 8.100077509880065918e-01 8.765950202941894531e-01 9.584857225418090820e-01 9.929553270339965820e-01 9.892584681510925293e-01 9.983235001564025879e-01 9.985083341598510742e-01 9.985486268997192383e-01 9.985721111297607422e-01 0.000000000000000000e+00 0.000000000000000000e+00 
7.654151090719096828e-07 1.397553319293365348e-06 1.557550262987206224e-06 2.975764118673396297e-06 7.504266250180080533e-06 1.810196954465936869e-05 4.501930743572302163e-05 4.029163159430027008e-03 1.149853691458702087e-02 1.212062966078519821e-02 2.480908110737800598e-02 2.683412469923496246e-02 3.675816208124160767e-02 2.900858968496322632e-02 2.346292324364185333e-02 1.459107175469398499e-02 4.359910730272531509e-03 6.451420485973358154e-03 1.365921198157593608e-04 4.177402661298401654e-05 1.806399086490273476e-05 1.332476313109509647e-05 0.000000000000000000e+00 0.000000000000000000e+00 
1.518174540251493454e-03 1.521012512966990471e-03 1.525044674053788185e-03 1.538549084216356277e-03 1.575766480527818203e-03 1.607612939551472664e-03 1.707045943476259708e-03 6.014404352754354477e-03 3.457194566726684570e-02 3.798677772283554077e-02 1.382064968347549438e-01 1.898521780967712402e-01 4.833691418170928955e-01 8.109201192855834961e-01 8.775062561035156250e-01 9.587486386299133301e-01 9.931053519248962402e-01 9.893895387649536133e-01 9.983491301536560059e-01 9.985259771347045898e-01 9.985650181770324707e-01 9.985877871513366699e-01 0.000000000000000000e+00 0.000000000000000000e+00 
7.562060204691078980e-07 1.383057224302319810e-06 1.543895450595300645e-06 2.953935563709819689e-06 7.476209248125087470e-06 1.808282468118704855e-05 4.528308272711001337e-05 4.103826358914375305e-03 1.163174025714397430e-02 1.218335423618555069e-02 2.489161863923072815e-02 2.692428790032863617e-02 3.676994144916534424e-02 2.896010875701904297e-02 2.337286248803138733e-02 1.454734988510608673e-02 4.277698695659637451e-03 6.375242955982685089e-03 1.305786572629585862e-04 4.048255505040287971e-05 1.762316242093220353e-05 1.302645068790297955e-05 0.000000000000000000e+00 0.000000000000000000e+00 
1.498966128565371037e-03 1.501789432950317860e-03 1.505842199549078941e-03 1.519287121482193470e-03 1.556593109853565693e-03 1.588496263138949871e-03 1.688984339125454426e-03 6.106129381805658340e-03 3.518420457839965820e-02 3.858717903494834900e-02 1.394039988517761230e-01 1.920828223228454590e-01 4.857407510280609131e-01 8.122128248214721680e-01 8.788104057312011719e-01 9.591244459152221680e-01 9.933047890663146973e-01 9.895753264427185059e-01 9.983767867088317871e-01 9.985441565513610840e-01 9.985814094543457031e-01 9.986035227775573730e-01 0.000000000000000000e+00 0.000000000000000000e+00 
7.485460287171008531e-07 1.373321424580353778e-06 1.536849822514341213e-06 2.945643245766405016e-06 7.488418759749038145e-06 1.817868724174331874e-05 4.596303551807068288e-05 4.211626481264829636e-03 1.182223670184612274e-02 1.227719150483608246e-02 2.500570937991142273e-02 2.705417200922966003e-02 3.678009286522865295e-02 2.888564020395278931e-02 2.323748730123043060e-02 1.448188256472349167e-02 4.160581622272729874e-03 6.261690519750118256e-03 1.231671485584229231e-04 3.892930180882103741e-05 1.711342520138714463e-05 1.267949119210243225e-05 0.000000000000000000e+00 0.000000000000000000e+00 
1.480012782849371433e-03 1.482781837694346905e-03 1.486760913394391537e-03 1.500023412518203259e-03 1.536898547783493996e-03 1.568432897329330444e-03 1.668141572736203671e-03 6.111974827945232391e-03 3.530731052160263062e-02 3.868207335472106934e-02 1.396812647581100464e-01 1.925859749317169189e-01 4.863642156124114990e-01 8.125786185264587402e-01 8.791792392730712891e-01 9.592259526252746582e-01 9.933778643608093262e-01 9.896345734596252441e-01 9.983968734741210938e-01 9.985603690147399902e-01 9.985969662666320801e-01 9.986186623573303223e-01 0.000000000000000000e+00 0.000000000000000000e+00 
7.378446866823651362e-07 1.353470565845782403e-06 1.515383132755232509e-06 2.906486542997299694e-06 7.407889825117308646e-06 1.800077006919309497e-05 4.568988879327662289e-05 4.239847883582115173e-03 1.187171228229999542e-02 1.230282057076692581e-02 2.504252828657627106e-02 2.709314413368701935e-02 3.679205849766731262e-02 2.887205965816974640e-02 2.320784516632556915e-02 1.446976140141487122e-02 4.126107785850763321e-03 6.233931053429841995e-03 1.203309584525413811e-04 3.820357596850953996e-05 1.681508001638576388e-05 1.248279568244470283e-05 0.000000000000000000e+00 0.000000000000000000e+00 
1.461339765228331089e-03 1.464016851969063282e-03 1.467808266170322895e-03 1.480754232034087181e-03 1.516617368906736374e-03 1.547308522276580334e-03 1.644197036512196064e-03 6.022433284670114517e-03 3.488055989146232605e-02 3.818992525339126587e-02 1.389223933219909668e-01 1.911248862743377686e-01 4.850144982337951660e-01 8.119106292724609375e-01 8.784897923469543457e-01 9.590177536010742188e-01 9.933096170425415039e-01 9.895500540733337402e-01 9.984087944030761719e-01 9.985746741294860840e-01 9.986116290092468262e-01 9.986332654953002930e-01 0.000000000000000000e+00 0.000000000000000000e+00 
7.241147841341444291e-07 1.322971229456015863e-06 1.478303602198138833e-06 2.833396365531370975e-06 7.224305136332986876e-06 1.751887430145870894e-05 4.434891525306738913e-05 4.179683513939380646e-03 1.176392659544944763e-02 1.224637497216463089e-02 2.499328739941120148e-02 2.702832967042922974e-02 3.680654242634773254e-02 2.892714738845825195e-02 2.329859137535095215e-02 1.451780181378126144e-02 4.186098929494619370e-03 6.303653586655855179e-03 1.222627033712342381e-04 3.836623000097461045e-05 1.674972190812695771e-05 1.244440863956697285e-05 0.000000000000000000e+00 0.000000000000000000e+00 
1.442950451746582985e-03 1.445609843358397484e-03 1.449415110982954502e-03 1.462293090298771858e-03 1.498188707046210766e-03 1.528896042145788670e-03 1.626589684747159481e-03 6.100371014326810837e-03 3.541119769215583801e-02 3.873104974627494812e-02 1.399748325347900391e-01 1.931002885103225708e-01 4.871130585670471191e-01 8.130502104759216309e-01 8.796464800834655762e-01 9.593510031700134277e-01 9.934875369071960449e-01 9.897173643112182617e-01 9.984340071678161621e-01 9.985918998718261719e-01 9.986273050308227539e-01 9.986485242843627930e-01 0.000000000000000000e+00 0.000000000000000000e+00 
7.163859550018969458e-07 1.312538074671465438e-06 1.470231609346228652e-06 2.822442638716893271e-06 7.226199613796779886e-06 1.758488724590279162e-05 4.490155697567388415e-05 4.273773636668920517e-03 1.192944776266813278e-02 1.233438588678836823e-02 2.509381808340549469e-02 2.714478410780429840e-02 3.681571409106254578e-02 2.886160276830196381e-02 2.317839674651622772e-02 1.446024142205715179e-02 4.081004299223423004e-03 6.202433723956346512e-03 1.160083556897006929e-04 3.700065644807182252e-05 1.630674341868143529e-05 1.214842450281139463e-05 0.000000000000000000e+00 0.000000000000000000e+00 
1.424820045940577984e-03 1.427454059012234211e-03 1.431251410394906998e-03 1.444034045562148094e-03 1.479843049310147762e-03 1.510471920482814312e-03 1.608560443855822086e-03 6.158990785479545593e-03 3.582936897873878479e-02 3.916171938180923462e-02 1.408239454030990601e-01 1.947029381990432739e-01 4.888277351856231689e-01 8.139805197715759277e-01 8.806005716323852539e-01 9.596207737922668457e-01 9.936364889144897461e-01 9.898656010627746582e-01 9.984573125839233398e-01 9.986085295677185059e-01 9.986427426338195801e-01 9.986634850502014160e-01 0.000000000000000000e+00 0.000000000000000000e+00 
7.081350190674129408e-07 1.300100620937882923e-06 1.458995370740012731e-06 2.804631776598398574e-06 7.206866484921192750e-06 1.758883445290848613e-05 4.524131873040460050e-05 4.349717870354652405e-03 1.206156890839338303e-02 1.240746211260557175e-02 2.517652325332164764e-02 2.724189497530460358e-02 3.682534396648406982e-02 2.880955487489700317e-02 2.308116108179092407e-02 1.441536191850900650e-02 3.993484657257795334e-03 6.113724317401647568e-03 1.109335207729600370e-04 3.587603714549914002e-05 1.590649117133580148e-05 1.187768248200882226e-05 0.000000000000000000e+00 0.000000000000000000e+00 
1.406948198564350605e-03 1.409504795446991920e-03 1.413166639395058155e-03 1.425688038580119610e-03 1.460711355321109295e-03 1.490688067860901356e-03 1.586664235219359398e-03 6.105173379182815552e-03 3.559705987572669983e-02 3.886768221855163574e-02 1.404179036617279053e-01 1.939117908477783203e-01 4.881442189216613770e-01 8.136602044105529785e-01 8.802638649940490723e-01 9.595141410827636719e-01 9.936146736145019531e-01 9.898279905319213867e-01 9.984713792800903320e-01 9.986227750778198242e-01 9.986571073532104492e-01 9.986776709556579590e-01 0.000000000000000000e+00 0.000000000000000000e+00 
6.962849283809191547e-07 1.274579403798270505e-06 1.428714085704996251e-06 2.746015979937510565e-06 7.062697022774955258e-06 1.721861553960479796e-05 4.425976658239960670e-05 4.321858752518892288e-03 1.200931519269943237e-02 1.237830519676208496e-02 2.515734545886516571e-02 2.721248380839824677e-02 3.683905676007270813e-02 2.884152345359325409e-02 2.313150651752948761e-02 1.444302592426538467e-02 4.022735636681318283e-03 6.151533219963312149e-03 1.112544850911945105e-04 3.576383096515201032e-05 1.577396142238285393e-05 1.178742422780487686e-05 0.000000000000000000e+00 0.000000000000000000e+00 
1.389336655847728252e-03 1.391882076859474182e-03 1.395576517097651958e-03 1.408048789016902447e-03 1.443170360289514065e-03 1.473222742788493633e-03 1.570234075188636780e-03 6.191015709191560745e-03 3.616838157176971436e-02 3.947869315743446350e-02 1.415725350379943848e-01 1.961079090833663940e-01 4.904415905475616455e-01 8.148884177207946777e-01 8.815321326255798340e-01 9.598736763000488281e-01 9.938031435012817383e-01 9.900223016738891602e-01 9.984960556030273438e-01 9.986394047737121582e-01 9.986723661422729492e-01 9.986924529075622559e-01 0.000000000000000000e+00 0.000000000000000000e+00 
6.892832971061579883e-07 1.265943978978611995e-06 1.422942546014382970e-06 2.739726369327399880e-06 7.075869689288083464e-06 1.731825796014163643e-05 4.494101813179440796e-05 4.422234371304512024e-03 1.218326017260551453e-02 1.247693505138158798e-02 2.526339143514633179e-02 2.734056115150451660e-02 3.684677556157112122e-02 2.876879088580608368e-02 2.299688011407852173e-02 1.438063662499189377e-02 3.906216006726026535e-03 6.031049881130456924e-03 1.052069492288865149e-04 3.446141636231914163e-05 1.533515387563966215e-05 1.148921819549286738e-05 0.000000000000000000e+00 0.000000000000000000e+00 
1.371982623822987080e-03 1.374501502141356468e-03 1.378169632516801357e-03 1.390534569509327412e-03 1.425486523658037186e-03 1.455394318327307701e-03 1.552502159029245377e-03 6.233359687030315399e-03 3.649060055613517761e-02 3.982039168477058411e-02 1.422518491744995117e-01 1.974042057991027832e-01 4.918279349803924561e-01 8.156396150588989258e-01 8.823109269142150879e-01 9.600890874862670898e-01 9.939256310462951660e-01 9.901471138000488281e-01 9.985167384147644043e-01 9.986552000045776367e-01 9.986871480941772461e-01 9.987066984176635742e-01 0.000000000000000000e+00 0.000000000000000000e+00 
6.808687089687737171e-07 1.252677066077012569e-06 1.410245772603957448e-06 2.717718643907574005e-06 7.042142442514887080e-06 1.727848939481191337e-05 4.512383384280838072e-05 4.482189193367958069e-03 1.228597760200500488e-02 1.253763865679502487e-02 2.533040754497051239e-02 2.742109075188636780e-02 3.685574233531951904e-02 2.872787602245807648e-02 2.291821315884590149e-02 1.434630341827869415e-02 3.834208939224481583e-03 5.957952234894037247e-03 1.013583314488641918e-04 3.353561260155402124e-05 1.500702092016581446e-05 1.126956703956238925e-05 0.000000000000000000e+00 0.000000000000000000e+00 
1.354882027953863144e-03 1.357344212010502815e-03 1.360922236926853657e-03 1.373085426166653633e-03 1.407475443556904793e-03 1.436913851648569107e-03 1.532616675831377506e-03 6.209627725183963776e-03 3.642389923334121704e-02 3.971339389681816101e-02 1.421612203121185303e-01 1.972137093544006348e-01 4.917402565479278564e-01 8.156222701072692871e-01 8.822895884513854980e-01 9.600751996040344238e-01 9.939436316490173340e-01 9.901555180549621582e-01 9.985319972038269043e-01 9.986695647239685059e-01 9.987012147903442383e-01 9.987205862998962402e-01 0.000000000000000000e+00 0.000000000000000000e+00 
6.705419650643307250e-07 1.232102817994018551e-06 1.386999656460830010e-06 2.673096787475515157e-06 6.936996214790269732e-06 1.702069857856258750e-05 4.450599590199999511e-05 4.481073934584856033e-03 1.227953284978866577e-02 1.253402698785066605e-02 2.533554472029209137e-02 2.742251195013523102e-02 3.686695545911788940e-02 2.873842418193817139e-02 2.293091081082820892e-02 1.435511186718940735e-02 3.834968898445367813e-03 5.963910371065139771e-03 1.005862723104655743e-04 3.322275733808055520e-05 1.486361907154787332e-05 1.116810472012730315e-05 0.000000000000000000e+00 0.000000000000000000e+00 
1.338015310466289520e-03 1.340449438430368900e-03 1.344009884633123875e-03 1.356067135930061340e-03 1.390303135849535465e-03 1.419613836333155632e-03 1.515441690571606159e-03 6.252446211874485016e-03 3.674984723329544067e-02 4.006660357117652893e-02 1.428508162498474121e-01 1.985329836606979370e-01 4.931503832340240479e-01 8.163842558860778809e-01 8.830841183662414551e-01 9.602944850921630859e-01 9.940661191940307617e-01 9.902865290641784668e-01 9.985523819923400879e-01 9.986848831176757812e-01 9.987156391143798828e-01 9.987347126007080078e-01 0.000000000000000000e+00 0.000000000000000000e+00 
6.625277819694019854e-07 1.219230398419313133e-06 1.374819589727849234e-06 2.652463990671094507e-06 6.905801001266809180e-06 1.698779124126303941e-05 4.470741259865462780e-05 4.540907684713602066e-03 1.238247379660606384e-02 1.259604003280401230e-02 2.540227025747299194e-02 2.750401571393013000e-02 3.687531128525733948e-02 2.869626134634017944e-02 2.284957841038703918e-02 1.431991532444953918e-02 3.761728759855031967e-03 5.886511877179145813e-03 9.687375131761655211e-05 3.231073060305789113e-05 1.454755692975595593e-05 1.095728021027753130e-05 0.000000000000000000e+00 0.000000000000000000e+00 
1.321386429481208324e-03 1.323827542364597321e-03 1.327467034570872784e-03 1.339535461738705635e-03 1.374123035930097103e-03 1.403726870194077492e-03 1.501568709500133991e-03 6.371007300913333893e-03 3.753806278109550476e-02 4.099078103899955750e-02 1.444792449474334717e-01 2.016874700784683228e-01 4.963479638099670410e-01 8.180574178695678711e-01 8.848479986190795898e-01 9.607872366905212402e-01 9.943096637725830078e-01 9.905671477317810059e-01 9.985775947570800781e-01 9.987012147903442383e-01 9.987304806709289551e-01 9.987487792968750000e-01 0.000000000000000000e+00 0.000000000000000000e+00 
6.575256747964886017e-07 1.216004875459475443e-06 1.376422915200237185e-06 2.661809503479162231e-06 6.965013199078384787e-06 1.722986780805513263e-05 4.592516415868885815e-05 4.669590387493371964e-03 1.261170115321874619e-02 1.273892913013696671e-02 2.553987130522727966e-02 2.768210321664810181e-02 3.687861189246177673e-02 2.859060093760490417e-02 2.265584096312522888e-02 1.423422992229461670e-02 3.598869312554597855e-03 5.707280710339546204e-03 9.022492304211482406e-05 3.082424154854379594e-05 1.405304192303447053e-05 1.062562478182371706e-05 0.000000000000000000e+00 0.000000000000000000e+00 
1.305008656345307827e-03 1.307406579144299030e-03 1.310977037064731121e-03 1.322887721471488476e-03 1.357086235657334328e-03 1.386364689096808434e-03 1.483510714024305344e-03 6.380028091371059418e-03 3.766966611146926880e-02 4.112053290009498596e-02 1.447840034961700439e-01 2.022824883460998535e-01 4.970188736915588379e-01 8.184295296669006348e-01 8.852425813674926758e-01 9.608888030052185059e-01 9.943794012069702148e-01 9.906390309333801270e-01 9.985948204994201660e-01 9.987158179283142090e-01 9.987444877624511719e-01 9.987624883651733398e-01 0.000000000000000000e+00 0.000000000000000000e+00 
6.486442316600005142e-07 1.199338043988973368e-06 1.358073745905130636e-06 2.627637286423123442e-06 6.892629698995733634e-06 1.707022784103173763e-05 4.568375879898667336e-05 4.697971511632204056e-03 1.265954039990901947e-02 1.276943646371364594e-02 2.557634934782981873e-02 2.772592566907405853e-02 3.688860684633255005e-02 2.857449091970920563e-02 2.262063324451446533e-02 1.422176789492368698e-02 3.561141667887568474e-03 5.670425947755575180e-03 8.817591879051178694e-05 3.027060301974415779e-05 1.380269077344564721e-05 1.044709915731800720e-05 0.000000000000000000e+00 0.000000000000000000e+00 
1.288849744014441967e-03 1.291228458285331726e-03 1.294801710173487663e-03 1.306635094806551933e-03 1.340792863629758358e-03 1.370037090964615345e-03 1.467741676606237888e-03 6.434439215809106827e-03 3.808150067925453186e-02 4.161890968680381775e-02 1.456870585680007935e-01 2.040322124958038330e-01 4.988326132297515869e-01 8.193833827972412109e-01 8.862549066543579102e-01 9.611644148826599121e-01 9.945260286331176758e-01 9.908066987991333008e-01 9.986149668693542480e-01 9.987307786941528320e-01 9.987585544586181641e-01 9.987761378288269043e-01 0.000000000000000000e+00 0.000000000000000000e+00 
6.416275937226600945e-07 1.189064846585097257e-06 1.349304511677473783e-06 2.614170171000296250e-06 6.881751687615178525e-06 1.709862772258929908e-05 4.612570410245098174e-05 4.767125938087701797e-03 1.278295181691646576e-02 1.285205502063035965e-02 2.565580420196056366e-02 2.782984450459480286e-02 3.689388558268547058e-02 2.851735241711139679e-02 2.251318655908107758e-02 1.417711563408374786e-02 3.465636400505900383e-03 5.568160675466060638e-03 8.437978249276056886e-05 2.934659460152033716e-05 1.347514626104384661e-05 1.022293781716143712e-05 0.000000000000000000e+00 0.000000000000000000e+00 
1.272914931178092957e-03 1.275234273634850979e-03 1.278703450225293636e-03 1.290329848416149616e-03 1.323881442658603191e-03 1.352615072391927242e-03 1.448744791559875011e-03 6.406853441148996353e-03 3.798969089984893799e-02 4.147164151072502136e-02 1.455340236425399780e-01 2.037368118762969971e-01 4.986379444599151611e-01 8.193181157112121582e-01 8.861820697784423828e-01 9.611340761184692383e-01 9.945379495620727539e-01 9.908064007759094238e-01 9.986292719841003418e-01 9.987443089485168457e-01 9.987718462944030762e-01 9.987892508506774902e-01 0.000000000000000000e+00 0.000000000000000000e+00 
6.316637950476433616e-07 1.168517997029994149e-06 1.325301809629308991e-06 2.567538331277319230e-06 6.769138508389005437e-06 1.681446701695676893e-05 4.540825830190442502e-05 4.761556163430213928e-03 1.276938524097204208e-02 1.284308917820453644e-02 2.565746009349822998e-02 2.782682701945304871e-02 3.690606355667114258e-02 2.853136323392391205e-02 2.253191173076629639e-02 1.418843120336532593e-02 3.470512805506587029e-03 5.580338649451732635e-03 8.379312203032895923e-05 2.909296199504751712e-05 1.331823023065226153e-05 1.010929372569080442e-05 0.000000000000000000e+00 0.000000000000000000e+00 
1.257205964066088200e-03 1.259477226994931698e-03 1.262865378521382809e-03 1.274316571652889252e-03 1.307387487031519413e-03 1.335715875029563904e-03 1.430730568245053291e-03 6.396749056875705719e-03 3.800251707434654236e-02 4.145933315157890320e-02 1.456014215946197510e-01 2.038678675889968872e-01 4.988642930984497070e-01 8.194676041603088379e-01 8.863338828086853027e-01 9.611665606498718262e-01 9.945772886276245117e-01 9.908399581909179688e-01 9.986445903778076172e-01 9.987579584121704102e-01 9.987851381301879883e-01 9.988023638725280762e-01 0.000000000000000000e+00 0.000000000000000000e+00 
6.224677804311795626e-07 1.150574576058716048e-06 1.304968463955447078e-06 2.528564209569594823e-06 6.679036687273764983e-06 1.659938243392389268e-05 4.493859523790888488e-05 4.771640524268150330e-03 1.278424449265003204e-02 1.285339612513780594e-02 2.567533589899539948e-02 2.784636616706848145e-02 3.691699728369712830e-02 2.853057906031608582e-02 2.252448163926601410e-02 1.418819278478622437e-02 3.454889636486768723e-03 5.569612607359886169e-03 8.254116255557164550e-05 2.868687988666351885e-05 1.312061704084044322e-05 9.972009138436987996e-06 0.000000000000000000e+00 0.000000000000000000e+00 
1.241729711182415485e-03 1.243982696905732155e-03 1.247362815774977207e-03 1.258737524040043354e-03 1.291744178161025047e-03 1.320018665865063667e-03 1.415524631738662720e-03 6.449107080698013306e-03 3.840259090065956116e-02 4.194432497024536133e-02 1.464771330356597900e-01 2.055898308753967285e-01 5.006223917007446289e-01 8.203974962234497070e-01 8.873118162155151367e-01 9.614298939704895020e-01 9.947171211242675781e-01 9.910029768943786621e-01 9.986636638641357422e-01 9.987724423408508301e-01 9.987988471984863281e-01 9.988154768943786621e-01 0.000000000000000000e+00 0.000000000000000000e+00 
6.155988216960395221e-07 1.140416884481965099e-06 1.296011191698198672e-06 2.514107109163887799e-06 6.664525244559627026e-06 1.661524220253340900e-05 4.533735773293301463e-05 4.838312044739723206e-03 1.290297415107488632e-02 1.293380185961723328e-02 2.575192227959632874e-02 2.794870547950267792e-02 3.692179545760154724e-02 2.847396209836006165e-02 2.242040261626243591e-02 1.414590608328580856e-02 3.362371120601892471e-03 5.470663774758577347e-03 7.911801367299631238e-05 2.781420880637597293e-05 1.280994092667242512e-05 9.761844012246001512e-06 0.000000000000000000e+00 0.000000000000000000e+00 
1.226452062837779522e-03 1.228660577908158302e-03 1.231981441378593445e-03 1.243198174051940441e-03 1.275798538699746132e-03 1.303722965531051159e-03 1.398321241140365601e-03 6.445205304771661758e-03 3.845014423131942749e-02 4.198337718844413757e-02 1.466220766305923462e-01 2.058716565370559692e-01 5.010002255439758301e-01 8.206202387809753418e-01 8.875436782836914062e-01 9.614840745925903320e-01 9.947664141654968262e-01 9.910499453544616699e-01 9.986790418624877930e-01 9.987858533859252930e-01 9.988119602203369141e-01 9.988284111022949219e-01 0.000000000000000000e+00 0.000000000000000000e+00 
6.069919322726491373e-07 1.123991182794270571e-06 1.277935098187299445e-06 2.479876911820610985e-06 6.586693416466005147e-06 1.643104405957274139e-05 4.497621557675302029e-05 4.853409249335527420e-03 1.292653940618038177e-02 1.295100897550582886e-02 2.577462606132030487e-02 2.797528170049190521e-02 3.693115338683128357e-02 2.846717275679111481e-02 2.240291610360145569e-02 1.414131652563810349e-02 3.338444279506802559e-03 5.450779572129249573e-03 7.772993558319285512e-05 2.739607589319348335e-05 1.262285240954952314e-05 9.628819498175289482e-06 0.000000000000000000e+00 0.000000000000000000e+00 
1.211385242640972137e-03 1.213583862408995628e-03 1.216931501403450966e-03 1.228098175488412380e-03 1.260754070244729519e-03 1.288719242438673973e-03 1.384177012369036674e-03 6.505271419882774353e-03 3.890341892838478088e-02 4.256892204284667969e-02 1.476480066776275635e-01 2.078771591186523438e-01 5.030427575111389160e-01 8.216831684112548828e-01 8.886717557907104492e-01 9.617858529090881348e-01 9.949238300323486328e-01 9.912391304969787598e-01 9.986979365348815918e-01 9.988002181053161621e-01 9.988251924514770508e-01 9.988414049148559570e-01 0.000000000000000000e+00 0.000000000000000000e+00 
6.008742730045923963e-07 1.116158500735764392e-06 1.272462441193056293e-06 2.473016593285137787e-06 6.592020781681640074e-06 1.650206286285538226e-05 4.557868669508025050e-05 4.926035646349191666e-03 1.305766776204109192e-02 1.304541621357202530e-02 2.585938759148120880e-02 2.809075079858303070e-02 3.693312034010887146e-02 2.839948423206806183e-02 2.228009141981601715e-02 1.409197505563497543e-02 3.230156376957893372e-03 5.334191489964723587e-03 7.419478060910478234e-05 2.652189868967980146e-05 1.232818704011151567e-05 9.420879905519541353e-06 0.000000000000000000e+00 0.000000000000000000e+00 
1.196536119095981121e-03 1.198690151795744896e-03 1.201978651806712151e-03 1.212987815961241722e-03 1.245230436325073242e-03 1.272847061045467854e-03 1.367336139082908630e-03 6.499034352600574493e-03 3.893744945526123047e-02 4.259310290217399597e-02 1.477612704038619995e-01 2.081050127744674683e-01 5.033527016639709473e-01 8.218658566474914551e-01 8.888624906539916992e-01 9.618269205093383789e-01 9.949659705162048340e-01 9.912791848182678223e-01 9.987123012542724609e-01 9.988131523132324219e-01 9.988378882408142090e-01 9.988538026809692383e-01 0.000000000000000000e+00 0.000000000000000000e+00 
5.924458150730060879e-07 1.099864562092989217e-06 1.254419885299284942e-06 2.438914407321135513e-06 6.512942491099238396e-06 1.631222949072252959e-05 4.517653360380791128e-05 4.938527941703796387e-03 1.307651028037071228e-02 1.306005101650953293e-02 2.587917074561119080e-02 2.811384014785289764e-02 3.694197535514831543e-02 2.839445136487483978e-02 2.226646244525909424e-02 1.408956386148929596e-02 3.210072405636310577e-03 5.318918265402317047e-03 7.310639921342954040e-05 2.617202153487596661e-05 1.217955832544248551e-05 9.308984772360417992e-06 0.000000000000000000e+00 0.000000000000000000e+00 
1.181898987852036953e-03 1.184058492071926594e-03 1.187400659546256065e-03 1.198408077470958233e-03 1.230902737006545067e-03 1.258739619515836239e-03 1.354997511953115463e-03 6.587049923837184906e-03 3.959193453192710876e-02 4.348096996545791626e-02 1.492515951395034790e-01 2.110365778207778931e-01 5.062543749809265137e-01 8.233599662780761719e-01 8.904613852500915527e-01 9.622512459754943848e-01 9.951754808425903320e-01 9.915421605110168457e-01 9.987323284149169922e-01 9.988276362419128418e-01 9.988511204719543457e-01 9.988666176795959473e-01 0.000000000000000000e+00 0.000000000000000000e+00 
5.876692625861323904e-07 1.096059122573933564e-06 1.254440917364263441e-06 2.443915718686184846e-06 6.555976597155677155e-06 1.650223202886991203e-05 4.628459282685071230e-05 5.035597831010818481e-03 1.325904484838247299e-02 1.319732051342725754e-02 2.599473856389522552e-02 2.827721647918224335e-02 3.694017231464385986e-02 2.829458937048912048e-02 2.208818867802619934e-02 1.401925086975097656e-02 3.058598143979907036e-03 5.152463447302579880e-03 6.880064029246568680e-05 2.510699050617404282e-05 1.183105541713302955e-05 9.064473488251678646e-06 0.000000000000000000e+00 0.000000000000000000e+00 
1.167454291135072708e-03 1.169547438621520996e-03 1.172767719253897667e-03 1.183548942208290100e-03 1.215311582200229168e-03 1.242531347088515759e-03 1.336577464826405048e-03 6.539192516356706619e-03 3.935338929295539856e-02 4.311672225594520569e-02 1.487471759319305420e-01 2.100589275360107422e-01 5.054019093513488770e-01 8.229583501815795898e-01 8.900236487388610840e-01 9.621217250823974609e-01 9.951424002647399902e-01 9.914816617965698242e-01 9.987441897392272949e-01 9.988395571708679199e-01 9.988632202148437500e-01 9.988786578178405762e-01 0.000000000000000000e+00 0.000000000000000000e+00 
5.778418881163815968e-07 1.074445890481001697e-06 1.228087285198853351e-06 2.391340103713446297e-06 6.419958026526728645e-06 1.613642052689101547e-05 4.519553840509615839e-05 5.010444670915603638e-03 1.320611033588647842e-02 1.315707061439752579e-02 2.597232162952423096e-02 2.823865599930286407e-02 3.695461899042129517e-02 2.833237871527671814e-02 2.214839123189449310e-02 1.404700614511966705e-02 3.097854321822524071e-03 5.205514375120401382e-03 6.915154517628252506e-05 2.506706914573442191e-05 1.174983026430709288e-05 8.998807970783673227e-06 0.000000000000000000e+00 0.000000000000000000e+00 
1.153216115199029446e-03 1.155261183157563210e-03 1.158393919467926025e-03 1.169001683592796326e-03 1.200249535031616688e-03 1.227037282660603523e-03 1.319750212132930756e-03 6.519958842545747757e-03 3.930111229419708252e-02 4.302092269062995911e-02 1.486664116382598877e-01 2.099099755287170410e-01 5.053465366363525391e-01 8.229556679725646973e-01 8.900192379951477051e-01 9.621092677116394043e-01 9.951609969139099121e-01 9.914895296096801758e-01 9.987576007843017578e-01 9.988520741462707520e-01 9.988755583763122559e-01 9.988908171653747559e-01 0.000000000000000000e+00 0.000000000000000000e+00 
5.693125899597362150e-07 1.057247573044151068e-06 1.207932768920727540e-06 2.351696139157866128e-06 6.323923116724472493e-06 1.589539351698476821e-05 4.459085175767540932e-05 5.010658409446477890e-03 1.320213638246059418e-02 1.315477117896080017e-02 2.597890235483646393e-02 2.824268490076065063e-02 3.696550428867340088e-02 2.834125421941280365e-02 2.215796150267124176e-02 1.405407395213842392e-02 3.096478292718529701e-03 5.212374962866306305e-03 6.852781370980665088e-05 2.480809962435159832e-05 1.161162799689918756e-05 8.896600775187835097e-06 0.000000000000000000e+00 0.000000000000000000e+00 
1.139158965088427067e-03 1.141198212280869484e-03 1.144360983744263649e-03 1.154929166659712791e-03 1.186256296932697296e-03 1.213113428093492985e-03 1.306836376897990704e-03 6.577867548912763596e-03 3.976512327790260315e-02 4.366630315780639648e-02 1.497557610273361206e-01 2.120570838451385498e-01 5.074967145919799805e-01 8.240655064582824707e-01 8.912163972854614258e-01 9.624214172363281250e-01 9.953210353851318359e-01 9.916888475418090820e-01 9.987753629684448242e-01 9.988656640052795410e-01 9.988880753517150879e-01 9.989031553268432617e-01 0.000000000000000000e+00 0.000000000000000000e+00 
5.637360231958155055e-07 1.050564719662361313e-06 1.203667238769412506e-06 2.346959490751032718e-06 6.334528279694495723e-06 1.598341987119056284e-05 4.528927820501849055e-05 5.079708062112331390e-03 1.333317998796701431e-02 1.325780525803565979e-02 2.606453932821750641e-02 2.836457267403602600e-02 3.696601465344429016e-02 2.826868183910846710e-02 2.202638797461986542e-02 1.400328055024147034e-02 2.982595702633261681e-03 5.089413840323686600e-03 6.528256199089810252e-05 2.397367643425241113e-05 1.132659599534235895e-05 8.700642865733243525e-06 0.000000000000000000e+00 0.000000000000000000e+00 
1.125322887673974037e-03 1.127299619838595390e-03 1.130343996919691563e-03 1.140696345828473568e-03 1.171318930573761463e-03 1.197588746435940266e-03 1.289153704419732094e-03 6.532143335789442062e-03 3.953138366341590881e-02 4.330862686038017273e-02 1.492575258016586304e-01 2.110907435417175293e-01 5.066572427749633789e-01 8.236714005470275879e-01 8.907845616340637207e-01 9.622937440872192383e-01 9.952887296676635742e-01 9.916284084320068359e-01 9.987867474555969238e-01 9.988774061203002930e-01 9.988998174667358398e-01 9.989147782325744629e-01 0.000000000000000000e+00 0.000000000000000000e+00 
5.544678742808173411e-07 1.030157591230818070e-06 1.178718434857728425e-06 2.296838829352054745e-06 6.203649718372616917e-06 1.563308433105703443e-05 4.422150595928542316e-05 5.055846180766820908e-03 1.328162010759115219e-02 1.321810483932495117e-02 2.604248002171516418e-02 2.832612395286560059e-02 3.697999939322471619e-02 2.830569818615913391e-02 2.208546735346317291e-02 1.403057482093572617e-02 3.021066542714834213e-03 5.142515059560537338e-03 6.562686758115887642e-05 2.393877730355598032e-05 1.126388269767630845e-05 8.645462003187276423e-06 0.000000000000000000e+00 0.000000000000000000e+00 
1.111664460040628910e-03 1.113676349632441998e-03 1.116837258450686932e-03 1.127269933931529522e-03 1.158494618721306324e-03 1.185282715596258640e-03 1.280101132579147816e-03 6.661119405180215836e-03 4.049322381615638733e-02 4.469524696469306946e-02 1.515034139156341553e-01 2.155416458845138550e-01 5.109416246414184570e-01 8.258636593818664551e-01 8.931413292884826660e-01 9.629109501838684082e-01 9.955773949623107910e-01 9.920129776000976562e-01 9.988077878952026367e-01 9.988915920257568359e-01 9.989126920700073242e-01 9.989269971847534180e-01 0.000000000000000000e+00 0.000000000000000000e+00 
5.518110697266820353e-07 1.033321609611448366e-06 1.188532451124046929e-06 2.322145746802561916e-06 6.310378921625670046e-06 1.601831718289759010e-05 4.616636942955665290e-05 5.187803413718938828e-03 1.354010589420795441e-02 1.342564914375543594e-02 2.620371989905834198e-02 2.856700122356414795e-02 3.697048127651214600e-02 2.815091609954833984e-02 2.181717380881309509e-02 1.392694376409053802e-02 2.800998743623495102e-03 4.894593730568885803e-03 6.036198828951455653e-05 2.266471892653498799e-05 1.085386611521244049e-05 8.354480996786151081e-06 0.000000000000000000e+00 0.000000000000000000e+00 
1.098192878998816013e-03 1.100167864933609962e-03 1.103273010812699795e-03 1.113567734137177467e-03 1.144423731602728367e-03 1.170902862213551998e-03 1.264909631572663784e-03 6.659054663032293320e-03 4.055713862180709839e-02 4.477119445800781250e-02 1.516799479722976685e-01 2.159159034490585327e-01 5.113647580146789551e-01 8.261036276817321777e-01 8.933954238891601562e-01 9.629670977592468262e-01 9.956239461898803711e-01 9.920622706413269043e-01 9.988211393356323242e-01 9.989036917686462402e-01 9.989245533943176270e-01 9.989387392997741699e-01 0.000000000000000000e+00 0.000000000000000000e+00 
5.442945507638796698e-07 1.019137357616273221e-06 1.172642896563047543e-06 2.291656301167677157e-06 6.239942649699514732e-06 1.585064637765754014e-05 4.584076668834313750e-05 5.202535539865493774e-03 1.356521621346473694e-02 1.344746630638837814e-02 2.622658200562000275e-02 2.859763801097869873e-02 3.697830066084861755e-02 2.814048156142234802e-02 2.179543860256671906e-02 1.392155233770608902e-02 2.775341039523482323e-03 4.873698577284812927e-03 5.938276080996729434e-05 2.234809289802797139e-05 1.071074802894145250e-05 8.242192052421160042e-06 0.000000000000000000e+00 0.000000000000000000e+00 
1.084897201508283615e-03 1.086813397705554962e-03 1.089811092242598534e-03 1.099902437999844551e-03 1.130092656239867210e-03 1.156011014245450497e-03 1.247920910827815533e-03 6.617777515202760696e-03 4.034296050667762756e-02 4.442697018384933472e-02 1.512036472558975220e-01 2.149960398674011230e-01 5.105853676795959473e-01 8.257406353950500488e-01 8.929951786994934082e-01 9.628515839576721191e-01 9.955974221229553223e-01 9.920059442520141602e-01 9.988325238227844238e-01 9.989151358604431152e-01 9.989359974861145020e-01 9.989500641822814941e-01 0.000000000000000000e+00 0.000000000000000000e+00 
5.353359142645786051e-07 9.997028200814384036e-07 1.148998421740543563e-06 2.244421693831100129e-06 6.115492851677117869e-06 1.551505010866094381e-05 4.479402923607267439e-05 5.182292778044939041e-03 1.351899839937686920e-02 1.341004949063062668e-02 2.620687708258628845e-02 2.856169454753398895e-02 3.699197992682456970e-02 2.817552722990512848e-02 2.185078524053096771e-02 1.394607778638601303e-02 2.809564350172877312e-03 4.924163222312927246e-03 5.958434849162586033e-05 2.227816003141924739e-05 1.063868421624647453e-05 8.183572390407789499e-06 0.000000000000000000e+00 0.000000000000000000e+00 
1.071784063242375851e-03 1.073676859959959984e-03 1.076647196896374226e-03 1.086639589630067348e-03 1.116623287089169025e-03 1.142370630986988544e-03 1.234128139913082123e-03 6.635488010942935944e-03 4.054159671068191528e-02 4.470980539917945862e-02 1.517070829868316650e-01 2.160028368234634399e-01 5.116158723831176758e-01 8.262912034988403320e-01 8.935799002647399902e-01 9.629937410354614258e-01 9.956811666488647461e-01 9.921102523803710938e-01 9.988467693328857422e-01 9.989272952079772949e-01 9.989475607872009277e-01 9.989614486694335938e-01 0.000000000000000000e+00 0.000000000000000000e+00 
5.287934072839561850e-07 9.887238547889865004e-07 1.137688968810834922e-06 2.223493993369629607e-06 6.074615612305933610e-06 1.543982398288790137e-05 4.484064629650674760e-05 5.214190576225519180e-03 1.357861142605543137e-02 1.346123125404119492e-02 2.625094167888164520e-02 2.862477488815784454e-02 3.699697926640510559e-02 2.814207039773464203e-02 2.179032191634178162e-02 1.392543315887451172e-02 2.753739943727850914e-03 4.866309929639101028e-03 5.796134428237564862e-05 2.180415140173863620e-05 1.045214503392344341e-05 8.045210051932372153e-06 0.000000000000000000e+00 0.000000000000000000e+00 
1.058851834386587143e-03 1.060767099261283875e-03 1.063817064277827740e-03 1.073848572559654713e-03 1.104240422137081623e-03 1.130348769947886467e-03 1.224659616127610207e-03 6.730116438120603561e-03 4.130497202277183533e-02 4.587887972593307495e-02 1.535874605178833008e-01 2.197138518095016479e-01 5.151597857475280762e-01 8.281080722808837891e-01 8.955391049385070801e-01 9.634850621223449707e-01 9.959109425544738770e-01 9.924364089965820312e-01 9.988651871681213379e-01 9.989404678344726562e-01 9.989596605300903320e-01 9.989731907844543457e-01 0.000000000000000000e+00 0.000000000000000000e+00 
5.254746042737679090e-07 9.888860859064152464e-07 1.142695396083581727e-06 2.237897660961607471e-06 6.146537543827435002e-06 1.572136716276872903e-05 4.642425483325496316e-05 5.313588771969079971e-03 1.378136035054922104e-02 1.363702211529016495e-02 2.638228610157966614e-02 2.882711961865425110e-02 3.698976337909698486e-02 2.801254577934741974e-02 2.156798355281352997e-02 1.384373102337121964e-02 2.576758153736591339e-03 4.658826161175966263e-03 5.407532444223761559e-05 2.081277852994389832e-05 1.011644326354144141e-05 7.805992026987951249e-06 0.000000000000000000e+00 0.000000000000000000e+00 
1.046090503223240376e-03 1.047988538630306721e-03 1.051040366291999817e-03 1.061001094058156013e-03 1.091326237656176090e-03 1.117393141612410545e-03 1.212190836668014526e-03 6.762216333299875259e-03 4.162488505244255066e-02 4.637716710567474365e-02 1.544196158647537231e-01 2.213622182607650757e-01 5.167636275291442871e-01 8.289460539817810059e-01 8.964381814002990723e-01 9.636995196342468262e-01 9.960223436355590820e-01 9.925900697708129883e-01 9.988798499107360840e-01 9.989525079727172852e-01 9.989712238311767578e-01 9.989843964576721191e-01 0.000000000000000000e+00 0.000000000000000000e+00 
5.198868393563316204e-07 9.803571856537018903e-07 1.135020170295319986e-06 2.225467596872476861e-06 6.131483587523689494e-06 1.573063309479039162e-05 4.684185842052102089e-05 5.357342772185802460e-03 1.387027744203805923e-02 1.371791772544384003e-02 2.644529566168785095e-02 2.892311848700046539e-02 3.699148446321487427e-02 2.795609459280967712e-02 2.146976068615913391e-02 1.381018478423357010e-02 2.496193628758192062e-03 4.567850846797227859e-03 5.216484714765101671e-05 2.026978836511261761e-05 9.914398106047883630e-06 7.656874913664069027e-06 0.000000000000000000e+00 0.000000000000000000e+00 
1.033500651828944683e-03 1.035344088450074196e-03 1.038314774632453918e-03 1.048095757141709328e-03 1.077866181731224060e-03 1.103470451198518276e-03 1.196563011035323143e-03 6.735630333423614502e-03 4.150599241256713867e-02 4.617103561758995056e-02 1.541504561901092529e-01 2.208684831857681274e-01 5.163899064064025879e-01 8.287846446037292480e-01 8.962586522102355957e-01 9.636436104774475098e-01 9.960203170776367188e-01 9.925688505172729492e-01 9.988911747932434082e-01 9.989636540412902832e-01 9.989822506904602051e-01 9.989952445030212402e-01 0.000000000000000000e+00 0.000000000000000000e+00 
5.118798185321793426e-07 9.630525710235815495e-07 1.114408178182202391e-06 2.185167204515892081e-06 6.026953087712172419e-06 1.545352643006481230e-05 4.600697138812392950e-05 5.349661223590373993e-03 1.384830661118030548e-02 1.370048802345991135e-02 2.643938362598419189e-02 2.890894748270511627e-02 3.700284659862518311e-02 2.797570265829563141e-02 2.149864286184310913e-02 1.382391992956399918e-02 2.509975573047995567e-03 4.595146980136632919e-03 5.197483551455661654e-05 2.012996992561966181e-05 9.828255315369460732e-06 7.584598279208876193e-06 0.000000000000000000e+00 0.000000000000000000e+00 
1.021093339659273624e-03 1.022904529236257076e-03 1.025821547955274582e-03 1.035481924191117287e-03 1.064929994754493237e-03 1.090272329747676849e-03 1.182760344818234444e-03 6.738897413015365601e-03 4.161139950156211853e-02 4.632178321480751038e-02 1.544343084096908569e-01 2.214596569538116455e-01 5.170054435729980469e-01 8.291242718696594238e-01 8.966199159622192383e-01 9.637227058410644531e-01 9.960737824440002441e-01 9.926347136497497559e-01 9.989039301872253418e-01 9.989750385284423828e-01 9.989933371543884277e-01 9.990062117576599121e-01 0.000000000000000000e+00 0.000000000000000000e+00 
5.051489324614522047e-07 9.503932005827664398e-07 1.100331928682862781e-06 2.158224106096895412e-06 5.966799108136910945e-06 1.531609996163751930e-05 4.579610686050727963e-05 5.367942620068788528e-03 1.388275157660245895e-02 1.373257301747798920e-02 2.646791189908981323e-02 2.895061112940311432e-02 3.700923174619674683e-02 2.795707061886787415e-02 2.146364934742450714e-02 1.381404884159564972e-02 2.477038186043500900e-03 4.563719034194946289e-03 5.098487235954962671e-05 1.979126864171121269e-05 9.689365469967015088e-06 7.479648502339841798e-06 0.000000000000000000e+00 0.000000000000000000e+00 
1.008842373266816139e-03 1.010641222819685936e-03 1.013563014566898346e-03 1.023165648803114891e-03 1.052584382705390453e-03 1.077918219380080700e-03 1.171073643490672112e-03 6.774217821657657623e-03 4.195640236139297485e-02 4.688163474202156067e-02 1.553483903408050537e-01 2.232700437307357788e-01 5.187510848045349121e-01 8.300343751907348633e-01 8.975988626480102539e-01 9.639554023742675781e-01 9.961892366409301758e-01 9.927985072135925293e-01 9.989181756973266602e-01 9.989868402481079102e-01 9.990044832229614258e-01 9.990170598030090332e-01 0.000000000000000000e+00 0.000000000000000000e+00 
4.999668590244255029e-07 9.428997032046027016e-07 1.093955233955057338e-06 2.148305839000386186e-06 5.959394002275075763e-06 1.534682814963161945e-05 4.631987394532188773e-05 5.413843784481287003e-03 1.397683098912239075e-02 1.382169499993324280e-02 2.653451450169086456e-02 2.905449457466602325e-02 3.700968250632286072e-02 2.789444103837013245e-02 2.135569974780082703e-02 1.377664785832166672e-02 2.391880610957741737e-03 4.465732257813215256e-03 4.908721530227921903e-05 1.925257311086170375e-05 9.492917342868167907e-06 7.334908787015592679e-06 0.000000000000000000e+00 0.000000000000000000e+00 
9.967515943571925163e-04 9.985831566154956818e-04 1.001606229692697525e-03 1.011280342936515808e-03 1.041247625835239887e-03 1.067070057615637779e-03 1.163603621535003185e-03 6.870306562632322311e-03 4.280207306146621704e-02 4.832175001502037048e-02 1.576160192489624023e-01 2.276690602302551270e-01 5.228602886199951172e-01 8.321423530578613281e-01 8.998712301254272461e-01 9.645071029663085938e-01 9.964284896850585938e-01 9.931683540344238281e-01 9.989355802536010742e-01 9.989994764328002930e-01 9.990159869194030762e-01 9.990282058715820312e-01 0.000000000000000000e+00 0.000000000000000000e+00 
4.978242031938862056e-07 9.460811156714044046e-07 1.103114868783450220e-06 2.171365849790163338e-06 6.058802682673558593e-06 1.571803477418143302e-05 4.841370900976471603e-05 5.511238239705562592e-03 1.419455464929342270e-02 1.403184980154037476e-02 2.668181061744689941e-02 2.929171733558177948e-02 3.699846938252449036e-02 2.773880586028099060e-02 2.109591662883758545e-02 1.368023920804262161e-02 2.201243769377470016e-03 4.228245001286268234e-03 4.548491051536984742e-05 1.828481254051439464e-05 9.161673006019555032e-06 7.107327292033005506e-06 0.000000000000000000e+00 0.000000000000000000e+00 
9.848186746239662170e-04 9.865871397778391838e-04 9.894910035654902458e-04 9.989520767703652382e-04 1.028170576319098473e-03 1.053354470059275627e-03 1.147231785580515862e-03 6.823609117418527603e-03 4.251381382346153259e-02 4.780100658535957336e-02 1.568574607372283936e-01 2.262533158063888550e-01 5.216424465179443359e-01 8.315534591674804688e-01 8.992303609848022461e-01 9.643397927284240723e-01 9.963830113410949707e-01 9.930737614631652832e-01 9.989453554153442383e-01 9.990097284317016602e-01 9.990263581275939941e-01 9.990385174751281738e-01 0.000000000000000000e+00 0.000000000000000000e+00 
4.889769797955523245e-07 9.259663897864811588e-07 1.077993488252104726e-06 2.120478939104941674e-06 5.918885563005460426e-06 1.532013811811339110e-05 4.701230136561207473e-05 5.485991481691598892e-03 1.413031760603189468e-02 1.397152058780193329e-02 2.664691023528575897e-02 2.922999858856201172e-02 3.701367974281311035e-02 2.779134921729564667e-02 2.117856405675411224e-02 1.371408440172672272e-02 2.251463476568460464e-03 4.305802751332521439e-03 4.593621997628360987e-05 1.830616929510142654e-05 9.124756616074591875e-06 7.074026598274940625e-06 0.000000000000000000e+00 0.000000000000000000e+00 
9.730565361678600311e-04 9.747468284331262112e-04 9.774940554052591324e-04 9.866956388577818871e-04 1.014943234622478485e-03 1.039299997501075268e-03 1.129468088038265705e-03 6.747608073055744171e-03 4.199474304914474487e-02 4.690000414848327637e-02 1.555112749338150024e-01 2.236771732568740845e-01 5.193592905998229980e-01 8.304247856140136719e-01 8.980006575584411621e-01 9.640235900878906250e-01 9.962772727012634277e-01 9.928839206695556641e-01 9.989532232284545898e-01 9.990194439888000488e-01 9.990364313125610352e-01 9.990486502647399902e-01 0.000000000000000000e+00 0.000000000000000000e+00 
4.792864842784183566e-07 9.024200835483497940e-07 1.047580326485331170e-06 2.057530991805833764e-06 5.738011168432421982e-06 1.479220009059645236e-05 4.499928036238998175e-05 5.434809718281030655e-03 1.400842517614364624e-02 1.385701913386583328e-02 2.657553553581237793e-02 2.910799719393253326e-02 3.703352436423301697e-02 2.788523025810718536e-02 2.133025415241718292e-02 1.377446763217449188e-02 2.352222101762890816e-03 4.447153769433498383e-03 4.726207771454937756e-05 1.853014691732823849e-05 9.158557077171280980e-06 7.088583970471518114e-06 0.000000000000000000e+00 0.000000000000000000e+00 
9.614318842068314552e-04 9.631227003410458565e-04 9.659041534177958965e-04 9.750815806910395622e-04 1.003436511382460594e-03 1.027897000312805176e-03 1.119294785894453526e-03 6.793205626308917999e-03 4.244035482406616211e-02 4.764833673834800720e-02 1.567050665616989136e-01 2.260151952505111694e-01 5.215901732444763184e-01 8.315777778625488281e-01 8.992434740066528320e-01 9.643223881721496582e-01 9.964151382446289062e-01 9.930868148803710938e-01 9.989674687385559082e-01 9.990308880805969238e-01 9.990471005439758301e-01 9.990591406822204590e-01 0.000000000000000000e+00 0.000000000000000000e+00 
4.749058746256196173e-07 8.977788183983648196e-07 1.045198018800874706e-06 2.055802042377763428e-06 5.754625362897058949e-06 1.489437545387772843e-05 4.584675480145961046e-05 5.488417576998472214e-03 1.412629708647727966e-02 1.397221162915229797e-02 2.665752358734607697e-02 2.923906035721302032e-02 3.703108802437782288e-02 2.780271321535110474e-02 2.119117043912410736e-02 1.372338086366653442e-02 2.246528165414929390e-03 4.323246888816356659e-03 4.514127795118838549e-05 1.794146737665869296e-05 8.943966349761467427e-06 6.936534191481769085e-06 0.000000000000000000e+00 0.000000000000000000e+00 
9.499619482085108757e-04 9.516710415482521057e-04 9.545336361043155193e-04 9.637423208914697170e-04 9.924677433446049690e-04 1.017265371046960354e-03 1.111168880015611649e-03 6.862877402454614639e-03 4.309937730431556702e-02 4.881046339869499207e-02 1.585438996553421021e-01 2.295363545417785645e-01 5.248966813087463379e-01 8.332813978195190430e-01 9.010753035545349121e-01 9.647641181945800781e-01 9.966028928756713867e-01 9.933813214302062988e-01 9.989828467369079590e-01 9.990423917770385742e-01 9.990580677986145020e-01 9.990696310997009277e-01 0.000000000000000000e+00 0.000000000000000000e+00 
4.720654658285639016e-07 8.978604455478489399e-07 1.049819502441096120e-06 2.069291440420784056e-06 5.819576472276821733e-06 1.515568874310702085e-05 4.745727710542269051e-05 5.561735481023788452e-03 1.429578103125095367e-02 1.414271071553230286e-02 2.677557989954948425e-02 2.943033725023269653e-02 3.702295571565628052e-02 2.767674624919891357e-02 2.098258584737777710e-02 1.364422775804996490e-02 2.096563111990690231e-03 4.136725328862667084e-03 4.237679968355223536e-05 1.719657848298083991e-05 8.680877726874314249e-06 6.751882210664916784e-06 0.000000000000000000e+00 0.000000000000000000e+00 
9.386547026224434376e-04 9.403407457284629345e-04 9.431733633391559124e-04 9.522864129394292831e-04 9.807815076783299446e-04 1.005393918603658676e-03 1.099038752727210522e-03 6.870006211102008820e-03 4.324644058942794800e-02 4.906734451651573181e-02 1.589821577072143555e-01 2.303955405950546265e-01 5.257542729377746582e-01 8.337445259094238281e-01 9.015694856643676758e-01 9.648762345314025879e-01 9.966630339622497559e-01 9.934637546539306641e-01 9.989948868751525879e-01 9.990530610084533691e-01 9.990682601928710938e-01 9.990797638893127441e-01 0.000000000000000000e+00 0.000000000000000000e+00 
4.662610137984302128e-07 8.876546075953228865e-07 1.038841332956508268e-06 2.048697069767513312e-06 5.774990768259158358e-06 1.506375974713591859e-05 4.745015394291840494e-05 5.581606179475784302e-03 1.433865912258625031e-02 1.418859604746103287e-02 2.681101113557815552e-02 2.948543243110179901e-02 3.702748566865921021e-02 2.764728292822837830e-02 2.093147858977317810e-02 1.362576615065336227e-02 2.055321820080280304e-03 4.094244912266731262e-03 4.140508463024161756e-05 1.688058910076506436e-05 8.540736416762229055e-06 6.645188477705232799e-06 0.000000000000000000e+00 0.000000000000000000e+00 
9.275006013922393322e-04 9.291573078371584415e-04 9.319545351900160313e-04 9.409587364643812180e-04 9.691737359389662743e-04 9.935620473697781563e-04 1.086678705178201199e-03 6.871604826301336288e-03 4.334890469908714294e-02 4.924431443214416504e-02 1.592900902032852173e-01 2.310133725404739380e-01 5.263861417770385742e-01 8.340919613838195801e-01 9.019352793693542480e-01 9.649568200111389160e-01 9.967106580734252930e-01 9.935259819030761719e-01 9.990062117576599121e-01 9.990634322166442871e-01 9.990783929824829102e-01 9.990897774696350098e-01 0.000000000000000000e+00 0.000000000000000000e+00 
4.603191143814910902e-07 8.764884000811434817e-07 1.026539621307165362e-06 2.025545200012857094e-06 5.721248271584045142e-06 1.494218031439231709e-05 4.728016574517823756e-05 5.596674047410488129e-03 1.437040977180004120e-02 1.422324683517217636e-02 2.683866769075393677e-02 2.952803112566471100e-02 3.703306615352630615e-02 2.762667089700698853e-02 2.089512161910533905e-02 1.361328270286321640e-02 2.024743938818573952e-03 4.065571818500757217e-03 4.063919914187863469e-05 1.660724956309422851e-05 8.425337910011876374e-06 6.557371762028196827e-06 0.000000000000000000e+00 0.000000000000000000e+00 
9.164817747659981251e-04 9.181327768601477146e-04 9.209429845213890076e-04 9.299058001488447189e-04 9.581390186212956905e-04 9.825665038079023361e-04 1.076631364412605762e-03 6.901947315782308578e-03 4.370714724063873291e-02 4.990573599934577942e-02 1.603433191776275635e-01 2.330197989940643311e-01 5.282865762710571289e-01 8.350878953933715820e-01 9.029971361160278320e-01 9.652079343795776367e-01 9.968187212944030762e-01 9.936952590942382812e-01 9.990191459655761719e-01 9.990742206573486328e-01 9.990887641906738281e-01 9.990997314453125000e-01 0.000000000000000000e+00 0.000000000000000000e+00 
4.558505111162958201e-07 8.707596634849323891e-07 1.022173591991304420e-06 2.019388375629205257e-06 5.722870355384657159e-06 1.500271991972113028e-05 4.798781810677610338e-05 5.635506007820367813e-03 1.446461398154497147e-02 1.432343944907188416e-02 2.690903656184673309e-02 2.964225038886070251e-02 3.703244030475616455e-02 2.755544893443584442e-02 2.077705226838588715e-02 1.356733590364456177e-02 1.941557507961988449e-03 3.963854629546403885e-03 3.908156941179186106e-05 1.612703817954752594e-05 8.239665476139634848e-06 6.428205324482405558e-06 0.000000000000000000e+00 0.000000000000000000e+00 
9.056222043000161648e-04 9.072436369024217129e-04 9.099980816245079041e-04 9.188424446620047092e-04 9.467200725339353085e-04 9.708559373393654823e-04 1.064055366441607475e-03 6.895856000483036041e-03 4.374562948942184448e-02 4.996813833713531494e-02 1.604737192392349243e-01 2.333030700683593750e-01 5.286175608634948730e-01 8.352850079536437988e-01 9.032033085823059082e-01 9.652479887008666992e-01 9.968500137329101562e-01 9.937306642532348633e-01 9.990299940109252930e-01 9.990842938423156738e-01 9.990985393524169922e-01 9.991095066070556641e-01 0.000000000000000000e+00 0.000000000000000000e+00 
4.495333882914565038e-07 8.586770832152978983e-07 1.008251842904428486e-06 1.991988710869918577e-06 5.655838322127237916e-06 1.483696632931241766e-05 4.761993477586656809e-05 5.643722601234912872e-03 1.448044087737798691e-02 1.434266567230224609e-02 2.692618966102600098e-02 2.966785803437232971e-02 3.703975677490234375e-02 2.754658833146095276e-02 2.075955830514431000e-02 1.356212422251701355e-02 1.925167394801974297e-03 3.953473642468452454e-03 3.852636655210517347e-05 1.590738429513294250e-05 8.135470125125721097e-06 6.346945610857801512e-06 0.000000000000000000e+00 0.000000000000000000e+00 
8.949020411819219589e-04 8.964895969256758690e-04 8.991830400191247463e-04 9.078987059183418751e-04 9.353806381113827229e-04 9.591883281245827675e-04 1.051316503435373306e-03 6.885743234306573868e-03 4.375026747584342957e-02 4.996491596102714539e-02 1.604988873004913330e-01 2.333958894014358521e-01 5.287730097770690918e-01 8.353946208953857422e-01 9.033166170120239258e-01 9.652651548385620117e-01 9.968734979629516602e-01 9.937521815299987793e-01 9.990405440330505371e-01 9.990942478179931641e-01 9.991083145141601562e-01 9.991191029548645020e-01 0.000000000000000000e+00 0.000000000000000000e+00 
4.431829268014553236e-07 8.459344940092705656e-07 9.932625744113465771e-07 1.962398982868762687e-06 5.581420282396720722e-06 1.464452179789077491e-05 4.712833106168545783e-05 5.648433230817317963e-03 1.448795013129711151e-02 1.435295958071947098e-02 2.693747356534004211e-02 2.968376874923706055e-02 3.704801946878433228e-02 2.754452265799045563e-02 2.075317874550819397e-02 1.356154680252075195e-02 1.915319240652024746e-03 3.952824976295232773e-03 3.806402310146950185e-05 1.571535904076881707e-05 8.035346581891644746e-06 6.268799552344717085e-06 0.000000000000000000e+00 0.000000000000000000e+00 
8.843187824822962284e-04 8.858914370648562908e-04 8.885770803317427635e-04 8.972233626991510391e-04 9.245892288163304329e-04 9.483190951868891716e-04 1.040723989717662334e-03 6.901880260556936264e-03 4.398529976606369019e-02 5.040572211146354675e-02 1.612105071544647217e-01 2.347589135169982910e-01 5.300678610801696777e-01 8.360859751701354980e-01 9.040487408638000488e-01 9.654347300529479980e-01 9.969494342803955078e-01 9.938675165176391602e-01 9.990521669387817383e-01 9.991044402122497559e-01 9.991182088851928711e-01 9.991287589073181152e-01 0.000000000000000000e+00 0.000000000000000000e+00 
4.383050224987528054e-07 8.381339284824207425e-07 9.856389624474104494e-07 1.949101715581491590e-06 5.558159500651527196e-06 1.462050022382754833e-05 4.743760291603393853e-05 5.674821324646472931e-03 1.455125864595174789e-02 1.442219410091638565e-02 2.698750793933868408e-02 2.976493909955024719e-02 3.705023601651191711e-02 2.749663405120372772e-02 2.067366614937782288e-02 1.353029441088438034e-02 1.859302050434052944e-03 3.887872211635112762e-03 3.698352884384803474e-05 1.535844967293087393e-05 7.890584129199851304e-06 6.164188107504742220e-06 0.000000000000000000e+00 0.000000000000000000e+00 
8.738747565075755119e-04 8.753910660743713379e-04 8.779586642049252987e-04 8.864039555191993713e-04 9.130357648245990276e-04 9.361341362819075584e-04 1.025727135129272938e-03 6.857310421764850616e-03 4.367435723543167114e-02 4.979961365461349487e-02 1.603024750947952271e-01 2.331232875585556030e-01 5.286549925804138184e-01 8.353915214538574219e-01 9.033038616180419922e-01 9.652389287948608398e-01 9.968985319137573242e-01 9.937556385993957520e-01 9.990608096122741699e-01 9.991136193275451660e-01 9.991275072097778320e-01 9.991379976272583008e-01 0.000000000000000000e+00 0.000000000000000000e+00 
4.304224887619056972e-07 8.196852263608889189e-07 9.621282970329048112e-07 1.900619054140406661e-06 5.420319666882278398e-06 1.421808428858639672e-05 4.590315074892714620e-05 5.650567356497049332e-03 1.448201946914196014e-02 1.435193978250026703e-02 2.694564126431941986e-02 2.969147078692913055e-02 3.706620633602142334e-02 2.755765803158283234e-02 2.076792158186435699e-02 1.357192639261484146e-02 1.914333086460828781e-03 3.978345543146133423e-03 3.745791400433517992e-05 1.539706136099994183e-05 7.862337042752187699e-06 6.135850526334252208e-06 0.000000000000000000e+00 0.000000000000000000e+00 
8.635534322820603848e-04 8.650920935906469822e-04 8.677269215695559978e-04 8.762091747485101223e-04 9.031909285113215446e-04 9.266193374060094357e-04 1.018843380734324455e-03 6.917864084243774414e-03 4.432123899459838867e-02 5.103682354092597961e-02 1.622509658336639404e-01 2.367551326751708984e-01 5.320103168487548828e-01 8.371393084526062012e-01 9.051690697669982910e-01 9.656886458396911621e-01 9.970701336860656738e-01 9.940447807312011719e-01 9.990745186805725098e-01 9.991241693496704102e-01 9.991374611854553223e-01 9.991476535797119141e-01 0.000000000000000000e+00 0.000000000000000000e+00 
4.278128926671342924e-07 8.204153232327371370e-07 9.668610800872556865e-07 1.913678488563164137e-06 5.483496806846233085e-06 1.447778777219355106e-05 4.761817035614512861e-05 5.713310558348894119e-03 1.464481744915246964e-02 1.452744472771883011e-02 2.706553973257541656e-02 2.988998033106327057e-02 3.705799952149391174e-02 2.742682397365570068e-02 2.055563963949680328e-02 1.348354760557413101e-02 1.773968571797013283e-03 3.794381860643625259e-03 3.523486884660087526e-05 1.474870987294707447e-05 7.619199550390476361e-06 5.966793196421349421e-06 0.000000000000000000e+00 0.000000000000000000e+00 
8.533793734386563301e-04 8.548897458240389824e-04 8.574766106903553009e-04 8.658436127007007599e-04 8.924821158871054649e-04 9.156231535598635674e-04 1.006932347081601620e-03 6.910214200615882874e-03 4.433954134583473206e-02 5.106804147362709045e-02 1.623250246047973633e-01 2.369300127029418945e-01 5.322373509407043457e-01 8.372825980186462402e-01 9.053186178207397461e-01 9.657146930694580078e-01 9.970949888229370117e-01 9.940690398216247559e-01 9.990844726562500000e-01 9.991335868835449219e-01 9.991467595100402832e-01 9.991568326950073242e-01 0.000000000000000000e+00 0.000000000000000000e+00 
4.219670302063605050e-07 8.089588732218544465e-07 9.536370271234773099e-07 1.887761186480929609e-06 5.417518877948168665e-06 1.430971133231651038e-05 4.721019286080263555e-05 5.719421431422233582e-03 1.465503405779600143e-02 1.454215683043003082e-02 2.707860246300697327e-02 2.990929037332534790e-02 3.706522658467292786e-02 2.742160111665725708e-02 2.054424770176410675e-02 1.348024420440196991e-02 1.762034255079925060e-03 3.791480325162410736e-03 3.482028841972351074e-05 1.457240341551369056e-05 7.532155905209947377e-06 5.895824870094656944e-06 0.000000000000000000e+00 0.000000000000000000e+00 
8.433319744653999805e-04 8.448041626252233982e-04 8.473217603750526905e-04 8.555440581403672695e-04 8.817038033157587051e-04 9.044387843459844589e-04 9.941222378984093666e-04 6.889034528285264969e-03 4.423151910305023193e-02 5.084853246808052063e-02 1.620125025510787964e-01 2.363967895507812500e-01 5.318276882171630859e-01 8.371005058288574219e-01 9.051209688186645508e-01 9.656556248664855957e-01 9.970912337303161621e-01 9.940401911735534668e-01 9.990937709808349609e-01 9.991428852081298828e-01 9.991558790206909180e-01 9.991659522056579590e-01 0.000000000000000000e+00 0.000000000000000000e+00 
4.155095325586444233e-07 7.951740030875953380e-07 9.369836106998263858e-07 1.854319748417765368e-06 5.326061454979935661e-06 1.405858802172588184e-05 4.637785605154931545e-05 5.714245140552520752e-03 1.463487744331359863e-02 1.452358905225992203e-02 2.706994675099849701e-02 2.989211305975914001e-02 3.707579523324966431e-02 2.744209766387939453e-02 2.057370916008949280e-02 1.349446270614862442e-02 1.775355776771903038e-03 3.825078951194882393e-03 3.473489050520583987e-05 1.447619069949723780e-05 7.468749117833795026e-06 5.845307896379381418e-06 0.000000000000000000e+00 0.000000000000000000e+00 
8.334100130014121532e-04 8.348992560058832169e-04 8.374857716262340546e-04 8.457381627522408962e-04 8.722249767743051052e-04 8.952798089012503624e-04 9.875289397314190865e-04 6.943407934159040451e-03 4.484542831778526306e-02 5.207055807113647461e-02 1.639334112405776978e-01 2.399092763662338257e-01 5.350657701492309570e-01 8.387888669967651367e-01 9.069162011146545410e-01 9.660918116569519043e-01 9.972489476203918457e-01 9.943107962608337402e-01 9.991067051887512207e-01 9.991529583930969238e-01 9.991654753684997559e-01 9.991752505302429199e-01 0.000000000000000000e+00 0.000000000000000000e+00 
4.130410218294855440e-07 7.955278533700038679e-07 9.411318728780315723e-07 1.866734919531154446e-06 5.384957148635294288e-06 1.430683641956420615e-05 4.807018194696865976e-05 5.770677700638771057e-03 1.478815916925668716e-02 1.469499804079532623e-02 2.718637697398662567e-02 3.008435480296611786e-02 3.706767410039901733e-02 2.731535956263542175e-02 2.037040516734123230e-02 1.340451743453741074e-02 1.645807409659028053e-03 3.652048762887716293e-03 3.277661016909405589e-05 1.389704630128107965e-05 7.253205694723874331e-06 5.695171694242162630e-06 0.000000000000000000e+00 0.000000000000000000e+00 
8.236287976615130901e-04 8.250893442891538143e-04 8.276228909380733967e-04 8.357596234418451786e-04 8.618961437605321407e-04 8.846636046655476093e-04 9.759782697074115276e-04 6.935608107596635818e-03 4.486542195081710815e-02 5.210266262292861938e-02 1.640041172504425049e-01 2.400816828012466431e-01 5.352888107299804688e-01 8.389312624931335449e-01 9.070636034011840820e-01 9.661174416542053223e-01 9.972726106643676758e-01 9.943333268165588379e-01 9.991163611412048340e-01 9.991621375083923340e-01 9.991744756698608398e-01 9.991842508316040039e-01 0.000000000000000000e+00 0.000000000000000000e+00 
4.073586978847743012e-07 7.841353522053395864e-07 9.278739412366121542e-07 1.840576828726625536e-06 5.318583589541958645e-06 1.413801601302111521e-05 4.765095945913344622e-05 5.776326172053813934e-03 1.479867473244667053e-02 1.470981538295745850e-02 2.719921432435512543e-02 3.010383993387222290e-02 3.707522153854370117e-02 2.731030061841011047e-02 2.035962231457233429e-02 1.340091321617364883e-02 1.634599757380783558e-03 3.650584258139133453e-03 3.238749923184514046e-05 1.371797134197549894e-05 7.164654107327805832e-06 5.631326075672404841e-06 0.000000000000000000e+00 0.000000000000000000e+00 
8.139678975567221642e-04 8.154084207490086555e-04 8.179181604646146297e-04 8.259667665697634220e-04 8.518822141923010349e-04 8.744754013605415821e-04 9.654504247009754181e-04 6.937222555279731750e-03 4.497528821229934692e-02 5.232561379671096802e-02 1.643717437982559204e-01 2.407725453376770020e-01 5.359779596328735352e-01 8.393116593360900879e-01 9.074628949165344238e-01 9.662076234817504883e-01 9.973153471946716309e-01 9.943929910659790039e-01 9.991263151168823242e-01 9.991714358329772949e-01 9.991834759712219238e-01 9.991930723190307617e-01 0.000000000000000000e+00 0.000000000000000000e+00 
4.023607687031471869e-07 7.750638246761809569e-07 9.180564006783242803e-07 1.822058266043313779e-06 5.275046078168088570e-06 1.404293379891896620e-05 4.758527575177140534e-05 5.789253860712051392e-03 1.483030896633863449e-02 1.474879682064056396e-02 2.722795493900775909e-02 3.014937974512577057e-02 3.707974776625633240e-02 2.728609740734100342e-02 2.031919732689857483e-02 1.338308956474065781e-02 1.606281031854450703e-03 3.623114433139562607e-03 3.179192572133615613e-05 1.350160800939192995e-05 7.066322723403573036e-06 5.555842108151409775e-06 0.000000000000000000e+00 0.000000000000000000e+00 
8.044318528845906258e-04 8.058458333835005760e-04 8.083136635832488537e-04 8.162531303241848946e-04 8.418439538218080997e-04 8.641682798042893410e-04 9.542203042656183243e-04 6.928796414285898209e-03 4.498273134231567383e-02 5.233852192759513855e-02 1.644145548343658447e-01 2.408785670995712280e-01 5.361451506614685059e-01 8.394224643707275391e-01 9.075721502304077148e-01 9.662265181541442871e-01 9.973345994949340820e-01 9.944089055061340332e-01 9.991357326507568359e-01 9.991803169250488281e-01 9.991922378540039062e-01 9.992017745971679688e-01 0.000000000000000000e+00 0.000000000000000000e+00 
3.969006172610534122e-07 7.642815376129874494e-07 9.056922181116533466e-07 1.797808863557293080e-06 5.212020823819329962e-06 1.388217788189649582e-05 4.716369585366919637e-05 5.793933756649494171e-03 1.483728270977735519e-02 1.476022042334079742e-02 2.723826467990875244e-02 3.016432933509349823e-02 3.708666935563087463e-02 2.728283219039440155e-02 2.031206525862216949e-02 1.338048838078975677e-02 1.598439761437475681e-03 3.625719342380762100e-03 3.147997995256446302e-05 1.336056902800919488e-05 6.998725893936352804e-06 5.499853614310268313e-06 0.000000000000000000e+00 0.000000000000000000e+00 
7.950253784656524658e-04 7.964007090777158737e-04 7.987899007275700569e-04 8.065793081186711788e-04 8.316469611600041389e-04 8.535206434316933155e-04 9.415908134542405605e-04 6.902473978698253632e-03 4.481345415115356445e-02 5.198314413428306580e-02 1.638842672109603882e-01 2.399622052907943726e-01 5.353994369506835938e-01 8.390631079673767090e-01 9.071827530860900879e-01 9.661198258399963379e-01 9.973159432411193848e-01 9.943516850471496582e-01 9.991441369056701660e-01 9.991889595985412598e-01 9.992007017135620117e-01 9.992102384567260742e-01 0.000000000000000000e+00 0.000000000000000000e+00 
3.905522589775500819e-07 7.502912353629653808e-07 8.883905593393137679e-07 1.762288093232200481e-06 5.112285634822910652e-06 1.359644375042989850e-05 4.609731695381924510e-05 5.784041713923215866e-03 1.480204053223133087e-02 1.472368929535150528e-02 2.721686847507953644e-02 3.012649528682231903e-02 3.709837421774864197e-02 2.731677517294883728e-02 2.036307007074356079e-02 1.340525317937135696e-02 1.624357188120484352e-03 3.679397981613874435e-03 3.159067637170664966e-05 1.332090232608607039e-05 6.964306521695107222e-06 5.468234121508430690e-06 0.000000000000000000e+00 0.000000000000000000e+00 
7.857339805923402309e-04 7.871030247770249844e-04 7.894817390479147434e-04 7.972200983203947544e-04 8.222092292271554470e-04 8.440389065071940422e-04 9.326398139819502831e-04 6.919544655829668045e-03 4.508034139871597290e-02 5.252014100551605225e-02 1.647483855485916138e-01 2.415406107902526855e-01 5.368925929069519043e-01 8.398596644401550293e-01 9.080268740653991699e-01 9.663226604461669922e-01 9.973927140235900879e-01 9.944761395454406738e-01 9.991546869277954102e-01 9.991981387138366699e-01 9.992097020149230957e-01 9.992188811302185059e-01 0.000000000000000000e+00 0.000000000000000000e+00 
3.863728466058091726e-07 7.441819889209000394e-07 8.825163604342378676e-07 1.751798777149815578e-06 5.096916538605000824e-06 1.359764610242564231e-05 4.656833334593102336e-05 5.809334106743335724e-03 1.487152371555566788e-02 1.480493880808353424e-02 2.727398648858070374e-02 3.021936677396297455e-02 3.709979355335235596e-02 2.726080641150474548e-02 2.027213573455810547e-02 1.336276158690452576e-02 1.565811922773718834e-03 3.606911981478333473e-03 3.058679430978372693e-05 1.298261577176162973e-05 6.817857411078875884e-06 5.360753220884362236e-06 0.000000000000000000e+00 0.000000000000000000e+00 
7.765656919218599796e-04 7.779113366268575191e-04 7.802405161783099174e-04 7.878753822296857834e-04 8.125434978865087032e-04 8.341069333255290985e-04 9.218784980475902557e-04 6.913707125931978226e-03 4.511849209666252136e-02 5.258259549736976624e-02 1.648636162281036377e-01 2.417959570884704590e-01 5.371851921081542969e-01 8.400350809097290039e-01 9.082134962081909180e-01 9.663575291633605957e-01 9.974181056022644043e-01 9.945023655891418457e-01 9.991639256477355957e-01 9.992068409919738770e-01 9.992182850837707520e-01 9.992274641990661621e-01 0.000000000000000000e+00 0.000000000000000000e+00 
3.811750275417580269e-07 7.340069032579776831e-07 8.705522418495093007e-07 1.727853600641537923e-06 5.035872618464054540e-06 1.344182510365499184e-05 4.620309846359305084e-05 5.815965589135885239e-03 1.488604024052619934e-02 1.482381019741296768e-02 2.728949859738349915e-02 3.024326078593730927e-02 3.710704669356346130e-02 2.725347317755222321e-02 2.025694586336612701e-02 1.335715688765048981e-02 1.552570611238479614e-03 3.603056306019425392e-03 3.019277573912404478e-05 1.280620654142694548e-05 6.727730124111985788e-06 5.289979526423849165e-06 0.000000000000000000e+00 0.000000000000000000e+00 
7.675083470530807972e-04 7.688641198910772800e-04 7.712363731116056442e-04 7.788769435137510300e-04 8.037388324737548828e-04 8.255045395344495773e-04 9.152622078545391560e-04 6.951190531253814697e-03 4.561034962534904480e-02 5.361586436629295349e-02 1.664923578500747681e-01 2.447017282247543335e-01 5.398510098457336426e-01 8.414400815963745117e-01 9.096965193748474121e-01 9.667267203330993652e-01 9.975381493568420410e-01 9.947155714035034180e-01 9.991751313209533691e-01 9.992161393165588379e-01 9.992269873619079590e-01 9.992358684539794922e-01 0.000000000000000000e+00 0.000000000000000000e+00 
3.784198270295746624e-07 7.325261890400724951e-07 8.717136665836733300e-07 1.733203021103690844e-06 5.070816314400872216e-06 1.361033810098888353e-05 4.756417911266908050e-05 5.856780335307121277e-03 1.500840671360492706e-02 1.496781595051288605e-02 2.738810144364833832e-02 3.040386736392974854e-02 3.710127994418144226e-02 2.714918553829193115e-02 2.009177953004837036e-02 1.327544357627630234e-02 1.454681390896439552e-03 3.467362606897950172e-03 2.877059341699350625e-05 1.236448315466986969e-05 6.553259026986779645e-06 5.165000857232371345e-06 0.000000000000000000e+00 0.000000000000000000e+00 
7.585644489154219627e-04 7.599070668220520020e-04 7.622670964337885380e-04 7.698382250964641571e-04 7.945456891320645809e-04 8.161918376572430134e-04 9.059500880539417267e-04 6.956151686608791351e-03 4.576464369893074036e-02 5.394164100289344788e-02 1.670192629098892212e-01 2.456531524658203125e-01 5.407689213752746582e-01 8.419398069381713867e-01 9.102219939231872559e-01 9.668520689010620117e-01 9.975859522819519043e-01 9.947883486747741699e-01 9.991846084594726562e-01 9.992247223854064941e-01 9.992355108261108398e-01 9.992442131042480469e-01 0.000000000000000000e+00 0.000000000000000000e+00 
3.740370857485686429e-07 7.251788929352187552e-07 8.641073918624897487e-07 1.718933845040737651e-06 5.039421921537723392e-06 1.355193580820923671e-05 4.770732266479171813e-05 5.871343426406383514e-03 1.504992041736841202e-02 1.501941960304975510e-02 2.742503210902214050e-02 3.046262264251708984e-02 3.710407391190528870e-02 2.711550332605838776e-02 2.003684081137180328e-02 1.324766408652067184e-02 1.420932938344776630e-03 3.429799573495984077e-03 2.816538471961393952e-05 1.214392796100582927e-05 6.457154086092486978e-06 5.090970716992160305e-06 0.000000000000000000e+00 0.000000000000000000e+00 
