1.560144662857055664e+00 1.548788189888000488e+00 0.000000000000000000e+00 5.000000000000000000e-01 5.000000000000000000e-01 0.000000000000000000e+00 1.000000000000000000e+00 0.000000000000000000e+00 0.000000000000000000e+00 0.000000000000000000e+00 
1.458752989768981934e+00 1.447364926338195801e+00 0.000000000000000000e+00 5.000000000000000000e-01 5.000000000000000000e-01 0.000000000000000000e+00 1.000000000000000000e+00 0.000000000000000000e+00 0.000000000000000000e+00 0.000000000000000000e+00 
1.356984615325927734e+00 1.345643043518066406e+00 0.000000000000000000e+00 5.000000000000000000e-01 5.000000000000000000e-01 0.000000000000000000e+00 1.000000000000000000e+00 0.000000000000000000e+00 0.000000000000000000e+00 0.000000000000000000e+00 
1.256130099296569824e+00 1.244912028312683105e+00 0.000000000000000000e+00 5.000000000000000000e-01 5.000000000000000000e-01 0.000000000000000000e+00 1.000000000000000000e+00 0.000000000000000000e+00 0.000000000000000000e+00 0.000000000000000000e+00 
1.157455682754516602e+00 1.146715402603149414e+00 0.000000000000000000e+00 5.000000000000000000e-01 5.000000000000000000e-01 0.000000000000000000e+00 1.000000000000000000e+00 0.000000000000000000e+00 0.000000000000000000e+00 0.000000000000000000e+00 
1.063547134399414062e+00 1.053446054458618164e+00 0.000000000000000000e+00 5.000000000000000000e-01 5.000000000000000000e-01 0.000000000000000000e+00 1.000000000000000000e+00 0.000000000000000000e+00 0.000000000000000000e+00 0.000000000000000000e+00 
9.765955209732055664e-01 9.673683047294616699e-01 0.000000000000000000e+00 5.000000000000000000e-01 5.000000000000000000e-01 0.000000000000000000e+00 1.000000000000000000e+00 0.000000000000000000e+00 0.000000000000000000e+00 0.000000000000000000e+00 
8.993378877639770508e-01 8.916960358619689941e-01 0.000000000000000000e+00 5.000000000000000000e-01 5.000000000000000000e-01 0.000000000000000000e+00 1.000000000000000000e+00 0.000000000000000000e+00 0.000000000000000000e+00 0.000000000000000000e+00 
8.359987735748291016e-01 8.297145366668701172e-01 0.000000000000000000e+00 5.000000000000000000e-01 5.000000000000000000e-01 0.000000000000000000e+00 1.000000000000000000e+00 0.000000000000000000e+00 0.000000000000000000e+00 0.000000000000000000e+00 
7.851322889328002930e-01 7.802771925926208496e-01 0.000000000000000000e+00 5.000000000000000000e-01 5.000000000000000000e-01 0.000000000000000000e+00 1.000000000000000000e+00 0.000000000000000000e+00 0.000000000000000000e+00 0.000000000000000000e+00 
7.470930814743041992e-01 7.436776161193847656e-01 0.000000000000000000e+00 5.000000000000000000e-01 5.000000000000000000e-01 0.000000000000000000e+00 1.000000000000000000e+00 0.000000000000000000e+00 0.000000000000000000e+00 0.000000000000000000e+00 
7.212073802947998047e-01 7.190598845481872559e-01 0.000000000000000000e+00 5.000000000000000000e-01 5.000000000000000000e-01 0.000000000000000000e+00 1.000000000000000000e+00 0.000000000000000000e+00 0.000000000000000000e+00 0.000000000000000000e+00 
7.056434750556945801e-01 7.044830918312072754e-01 0.000000000000000000e+00 5.000000000000000000e-01 5.000000000000000000e-01 0.000000000000000000e+00 1.000000000000000000e+00 0.000000000000000000e+00 0.000000000000000000e+00 0.000000000000000000e+00 
6.977347135543823242e-01 6.972032785415649414e-01 0.000000000000000000e+00 5.000000000000000000e-01 5.000000000000000000e-01 0.000000000000000000e+00 1.000000000000000000e+00 0.000000000000000000e+00 0.000000000000000000e+00 0.000000000000000000e+00 
6.942962408065795898e-01 6.941715478897094727e-01 0.000000000000000000e+00 5.000000000000000000e-01 5.000000000000000000e-01 0.000000000000000000e+00 1.000000000000000000e+00 0.000000000000000000e+00 0.000000000000000000e+00 0.000000000000000000e+00 
6.931372284889221191e-01 6.931837201118469238e-01 0.000000000000000000e+00 5.000000000000000000e-01 5.000000000000000000e-01 0.000000000000000000e+00 1.000000000000000000e+00 0.000000000000000000e+00 0.000000000000000000e+00 0.000000000000000000e+00 
6.928960680961608887e-01 6.929369568824768066e-01 0.000000000000000000e+00 5.000000000000000000e-01 5.000000000000000000e-01 0.000000000000000000e+00 1.000000000000000000e+00 0.000000000000000000e+00 0.000000000000000000e+00 0.000000000000000000e+00 
6.927505731582641602e-01 6.928323507308959961e-01 0.000000000000000000e+00 5.000000000000000000e-01 5.000000000000000000e-01 0.000000000000000000e+00 0.000000000000000000e+00 0.000000000000000000e+00 1.000000000000000000e+00 0.000000000000000000e+00 
6.925452947616577148e-01 6.926683783531188965e-01 0.000000000000000000e+00 5.000000000000000000e-01 5.000000000000000000e-01 0.000000000000000000e+00 0.000000000000000000e+00 0.000000000000000000e+00 1.000000000000000000e+00 0.000000000000000000e+00 
6.923627257347106934e-01 6.923709511756896973e-01 0.000000000000000000e+00 5.000000000000000000e-01 5.128205128205127750e-01 0.000000000000000000e+00 2.564102564102564014e-02 0.000000000000000000e+00 1.000000000000000000e+00 0.000000000000000000e+00 
6.918765902519226074e-01 6.918542385101318359e-01 0.000000000000000000e+00 6.562500000000000000e-01 7.500000000000000000e-01 0.000000000000000000e+00 5.128205128205127750e-01 0.000000000000000000e+00 9.871794871794872250e-01 0.000000000000000000e+00 
6.908377408981323242e-01 6.908917427062988281e-01 0.000000000000000000e+00 8.125000000000000000e-01 7.115384615384615641e-01 0.000000000000000000e+00 9.871794871794872250e-01 0.000000000000000000e+00 4.358974358974359031e-01 0.000000000000000000e+00 
6.891477704048156738e-01 6.894342303276062012e-01 0.000000000000000000e+00 5.625000000000000000e-01 5.128205128205127750e-01 0.000000000000000000e+00 1.000000000000000000e+00 0.000000000000000000e+00 2.564102564102564014e-02 0.000000000000000000e+00 
6.876550912857055664e-01 6.877298355102539062e-01 0.000000000000000000e+00 5.000000000000000000e-01 5.128205128205127750e-01 0.000000000000000000e+00 1.000000000000000000e+00 0.000000000000000000e+00 2.564102564102564014e-02 0.000000000000000000e+00 
6.845503449440002441e-01 6.855499148368835449e-01 0.000000000000000000e+00 5.937500000000000000e-01 5.833333333333333703e-01 0.000000000000000000e+00 1.000000000000000000e+00 0.000000000000000000e+00 1.666666666666666574e-01 0.000000000000000000e+00 
6.804006099700927734e-01 6.828674077987670898e-01 0.000000000000000000e+00 8.125000000000000000e-01 6.794871794871795156e-01 0.000000000000000000e+00 9.871794871794872250e-01 0.000000000000000000e+00 3.717948717948718063e-01 0.000000000000000000e+00 
6.765154600143432617e-01 6.796819567680358887e-01 0.000000000000000000e+00 8.750000000000000000e-01 7.435897435897436125e-01 0.000000000000000000e+00 9.871794871794872250e-01 0.000000000000000000e+00 5.000000000000000000e-01 0.000000000000000000e+00 
6.684815883636474609e-01 6.762983202934265137e-01 0.000000000000000000e+00 8.750000000000000000e-01 7.564102564102563875e-01 0.000000000000000000e+00 9.871794871794872250e-01 0.000000000000000000e+00 5.256410256410256610e-01 0.000000000000000000e+00 
6.614147424697875977e-01 6.727645993232727051e-01 0.000000000000000000e+00 9.687500000000000000e-01 8.589743589743589203e-01 0.000000000000000000e+00 9.615384615384615641e-01 0.000000000000000000e+00 7.564102564102563875e-01 0.000000000000000000e+00 
6.506516933441162109e-01 6.677054762840270996e-01 0.000000000000000000e+00 1.000000000000000000e+00 9.230769230769231282e-01 0.000000000000000000e+00 9.615384615384615641e-01 0.000000000000000000e+00 8.846153846153845812e-01 0.000000000000000000e+00 
6.313681006431579590e-01 6.614190936088562012e-01 0.000000000000000000e+00 9.687500000000000000e-01 8.910256410256410797e-01 0.000000000000000000e+00 8.717948717948718063e-01 0.000000000000000000e+00 9.102564102564102422e-01 0.000000000000000000e+00 
6.124879121780395508e-01 6.523559689521789551e-01 0.000000000000000000e+00 9.687500000000000000e-01 8.846153846153845812e-01 0.000000000000000000e+00 8.205128205128204844e-01 0.000000000000000000e+00 9.487179487179486781e-01 0.000000000000000000e+00 
5.957923531532287598e-01 6.406357884407043457e-01 0.000000000000000000e+00 9.375000000000000000e-01 8.525641025641025328e-01 0.000000000000000000e+00 7.435897435897436125e-01 0.000000000000000000e+00 9.615384615384615641e-01 0.000000000000000000e+00 
5.712122321128845215e-01 6.257011294364929199e-01 0.000000000000000000e+00 9.375000000000000000e-01 8.653846153846154188e-01 0.000000000000000000e+00 7.692307692307692735e-01 0.000000000000000000e+00 9.615384615384615641e-01 0.000000000000000000e+00 
5.364465117454528809e-01 6.061083674430847168e-01 0.000000000000000000e+00 9.375000000000000000e-01 8.589743589743589203e-01 0.000000000000000000e+00 7.435897435897436125e-01 0.000000000000000000e+00 9.743589743589743390e-01 0.000000000000000000e+00 
5.011057257652282715e-01 5.810137987136840820e-01 0.000000000000000000e+00 9.375000000000000000e-01 8.525641025641025328e-01 0.000000000000000000e+00 7.307692307692307265e-01 0.000000000000000000e+00 9.743589743589743390e-01 0.000000000000000000e+00 
4.622877240180969238e-01 5.467278361320495605e-01 0.000000000000000000e+00 9.375000000000000000e-01 8.846153846153845812e-01 0.000000000000000000e+00 7.820512820512820484e-01 0.000000000000000000e+00 9.871794871794872250e-01 0.000000000000000000e+00 
4.078647196292877197e-01 5.082477331161499023e-01 0.000000000000000000e+00 1.000000000000000000e+00 8.782051282051281937e-01 0.000000000000000000e+00 7.692307692307692735e-01 0.000000000000000000e+00 9.871794871794872250e-01 0.000000000000000000e+00 
3.380170166492462158e-01 4.598612785339355469e-01 0.000000000000000000e+00 1.000000000000000000e+00 9.294871794871795156e-01 0.000000000000000000e+00 8.589743589743589203e-01 0.000000000000000000e+00 1.000000000000000000e+00 0.000000000000000000e+00 
2.943651676177978516e-01 4.249692559242248535e-01 0.000000000000000000e+00 1.000000000000000000e+00 8.974358974358974672e-01 0.000000000000000000e+00 7.948717948717948234e-01 0.000000000000000000e+00 1.000000000000000000e+00 0.000000000000000000e+00 
2.476711869239807129e-01 3.746815323829650879e-01 0.000000000000000000e+00 1.000000000000000000e+00 9.487179487179486781e-01 0.000000000000000000e+00 8.974358974358974672e-01 0.000000000000000000e+00 1.000000000000000000e+00 0.000000000000000000e+00 
2.085652500391006470e-01 3.468865752220153809e-01 0.000000000000000000e+00 1.000000000000000000e+00 9.358974358974359031e-01 0.000000000000000000e+00 8.717948717948718063e-01 0.000000000000000000e+00 1.000000000000000000e+00 0.000000000000000000e+00 
1.782878339290618896e-01 3.113110065460205078e-01 0.000000000000000000e+00 1.000000000000000000e+00 9.615384615384615641e-01 0.000000000000000000e+00 9.230769230769231282e-01 0.000000000000000000e+00 1.000000000000000000e+00 0.000000000000000000e+00 
1.665996909141540527e-01 2.795739769935607910e-01 0.000000000000000000e+00 1.000000000000000000e+00 9.615384615384615641e-01 0.000000000000000000e+00 9.230769230769231282e-01 0.000000000000000000e+00 1.000000000000000000e+00 0.000000000000000000e+00 
1.369637995958328247e-01 2.543665468692779541e-01 0.000000000000000000e+00 1.000000000000000000e+00 9.551282051282051766e-01 0.000000000000000000e+00 9.230769230769231282e-01 0.000000000000000000e+00 9.871794871794872250e-01 0.000000000000000000e+00 
1.219741851091384888e-01 2.442516386508941650e-01 0.000000000000000000e+00 1.000000000000000000e+00 9.551282051282051766e-01 0.000000000000000000e+00 9.230769230769231282e-01 0.000000000000000000e+00 9.871794871794872250e-01 0.000000000000000000e+00 
1.078167259693145752e-01 2.230342924594879150e-01 0.000000000000000000e+00 1.000000000000000000e+00 9.551282051282051766e-01 0.000000000000000000e+00 9.230769230769231282e-01 0.000000000000000000e+00 9.871794871794872250e-01 0.000000000000000000e+00 
9.812013804912567139e-02 1.990732252597808838e-01 0.000000000000000000e+00 1.000000000000000000e+00 9.743589743589743390e-01 0.000000000000000000e+00 9.615384615384615641e-01 0.000000000000000000e+00 9.871794871794872250e-01 0.000000000000000000e+00 
8.794663101434707642e-02 1.848702132701873779e-01 0.000000000000000000e+00 1.000000000000000000e+00 9.743589743589743390e-01 0.000000000000000000e+00 9.615384615384615641e-01 0.000000000000000000e+00 9.871794871794872250e-01 0.000000000000000000e+00 
8.005791902542114258e-02 1.827211976051330566e-01 0.000000000000000000e+00 1.000000000000000000e+00 9.679487179487179516e-01 0.000000000000000000e+00 9.487179487179486781e-01 0.000000000000000000e+00 9.871794871794872250e-01 0.000000000000000000e+00 
7.532945275306701660e-02 1.684012711048126221e-01 0.000000000000000000e+00 1.000000000000000000e+00 9.743589743589743390e-01 0.000000000000000000e+00 9.615384615384615641e-01 0.000000000000000000e+00 9.871794871794872250e-01 0.000000000000000000e+00 
7.020223140716552734e-02 1.553708463907241821e-01 0.000000000000000000e+00 1.000000000000000000e+00 9.743589743589743390e-01 0.000000000000000000e+00 9.615384615384615641e-01 0.000000000000000000e+00 9.871794871794872250e-01 0.000000000000000000e+00 
6.467099487781524658e-02 1.507283747196197510e-01 0.000000000000000000e+00 1.000000000000000000e+00 9.743589743589743390e-01 0.000000000000000000e+00 9.615384615384615641e-01 0.000000000000000000e+00 9.871794871794872250e-01 0.000000000000000000e+00 
6.046298146247863770e-02 1.435105502605438232e-01 0.000000000000000000e+00 1.000000000000000000e+00 9.743589743589743390e-01 0.000000000000000000e+00 9.615384615384615641e-01 0.000000000000000000e+00 9.871794871794872250e-01 0.000000000000000000e+00 
5.663289502263069153e-02 1.332135349512100220e-01 0.000000000000000000e+00 1.000000000000000000e+00 9.807692307692307265e-01 0.000000000000000000e+00 9.743589743589743390e-01 0.000000000000000000e+00 9.871794871794872250e-01 0.000000000000000000e+00 
5.343396961688995361e-02 1.268513798713684082e-01 0.000000000000000000e+00 1.000000000000000000e+00 9.807692307692307265e-01 0.000000000000000000e+00 9.743589743589743390e-01 0.000000000000000000e+00 9.871794871794872250e-01 0.000000000000000000e+00 
5.036761611700057983e-02 1.214469671249389648e-01 0.000000000000000000e+00 1.000000000000000000e+00 9.871794871794872250e-01 0.000000000000000000e+00 9.871794871794872250e-01 0.000000000000000000e+00 9.871794871794872250e-01 0.000000000000000000e+00 
4.644533991813659668e-02 1.154875010251998901e-01 0.000000000000000000e+00 1.000000000000000000e+00 9.871794871794872250e-01 0.000000000000000000e+00 9.871794871794872250e-01 0.000000000000000000e+00 9.871794871794872250e-01 0.000000000000000000e+00 
4.370770975947380066e-02 1.099041178822517395e-01 0.000000000000000000e+00 1.000000000000000000e+00 9.871794871794872250e-01 0.000000000000000000e+00 9.871794871794872250e-01 0.000000000000000000e+00 9.871794871794872250e-01 0.000000000000000000e+00 
4.031289368867874146e-02 1.048364639282226562e-01 0.000000000000000000e+00 1.000000000000000000e+00 9.871794871794872250e-01 0.000000000000000000e+00 9.871794871794872250e-01 0.000000000000000000e+00 9.871794871794872250e-01 0.000000000000000000e+00 
3.826091438531875610e-02 1.022895649075508118e-01 0.000000000000000000e+00 1.000000000000000000e+00 9.871794871794872250e-01 0.000000000000000000e+00 9.871794871794872250e-01 0.000000000000000000e+00 9.871794871794872250e-01 0.000000000000000000e+00 
3.627742081880569458e-02 9.976299107074737549e-02 0.000000000000000000e+00 1.000000000000000000e+00 9.871794871794872250e-01 0.000000000000000000e+00 9.871794871794872250e-01 0.000000000000000000e+00 9.871794871794872250e-01 0.000000000000000000e+00 
3.399175405502319336e-02 9.416105598211288452e-02 0.000000000000000000e+00 1.000000000000000000e+00 9.871794871794872250e-01 0.000000000000000000e+00 9.871794871794872250e-01 0.000000000000000000e+00 9.871794871794872250e-01 0.000000000000000000e+00 
3.276258334517478943e-02 9.068708866834640503e-02 0.000000000000000000e+00 1.000000000000000000e+00 9.871794871794872250e-01 0.000000000000000000e+00 9.871794871794872250e-01 0.000000000000000000e+00 9.871794871794872250e-01 0.000000000000000000e+00 
3.120811283588409424e-02 8.877535909414291382e-02 0.000000000000000000e+00 1.000000000000000000e+00 9.871794871794872250e-01 0.000000000000000000e+00 9.871794871794872250e-01 0.000000000000000000e+00 9.871794871794872250e-01 0.000000000000000000e+00 
2.989749982953071594e-02 8.798155188560485840e-02 0.000000000000000000e+00 1.000000000000000000e+00 9.871794871794872250e-01 0.000000000000000000e+00 9.871794871794872250e-01 0.000000000000000000e+00 9.871794871794872250e-01 0.000000000000000000e+00 
2.857069671154022217e-02 8.676027506589889526e-02 0.000000000000000000e+00 1.000000000000000000e+00 9.871794871794872250e-01 0.000000000000000000e+00 9.871794871794872250e-01 0.000000000000000000e+00 9.871794871794872250e-01 0.000000000000000000e+00 
2.778364159166812897e-02 8.458399772644042969e-02 0.000000000000000000e+00 1.000000000000000000e+00 9.871794871794872250e-01 0.000000000000000000e+00 9.871794871794872250e-01 0.000000000000000000e+00 9.871794871794872250e-01 0.000000000000000000e+00 
2.678294666111469269e-02 8.237215131521224976e-02 0.000000000000000000e+00 1.000000000000000000e+00 9.871794871794872250e-01 0.000000000000000000e+00 9.871794871794872250e-01 0.000000000000000000e+00 9.871794871794872250e-01 0.000000000000000000e+00 
2.580882981419563293e-02 8.051835000514984131e-02 0.000000000000000000e+00 1.000000000000000000e+00 9.871794871794872250e-01 0.000000000000000000e+00 9.871794871794872250e-01 0.000000000000000000e+00 9.871794871794872250e-01 0.000000000000000000e+00 
2.472379058599472046e-02 7.884606719017028809e-02 0.000000000000000000e+00 1.000000000000000000e+00 9.871794871794872250e-01 0.000000000000000000e+00 9.871794871794872250e-01 0.000000000000000000e+00 9.871794871794872250e-01 0.000000000000000000e+00 
2.386167645454406738e-02 7.706964015960693359e-02 0.000000000000000000e+00 1.000000000000000000e+00 9.871794871794872250e-01 0.000000000000000000e+00 9.871794871794872250e-01 0.000000000000000000e+00 9.871794871794872250e-01 0.000000000000000000e+00 
2.398193813860416412e-02 7.613359391689300537e-02 0.000000000000000000e+00 1.000000000000000000e+00 9.871794871794872250e-01 0.000000000000000000e+00 9.871794871794872250e-01 0.000000000000000000e+00 9.871794871794872250e-01 0.000000000000000000e+00 
2.253515087068080902e-02 7.505098730325698853e-02 0.000000000000000000e+00 1.000000000000000000e+00 9.871794871794872250e-01 0.000000000000000000e+00 9.871794871794872250e-01 0.000000000000000000e+00 9.871794871794872250e-01 0.000000000000000000e+00 
2.386337518692016602e-02 7.270638644695281982e-02 0.000000000000000000e+00 1.000000000000000000e+00 9.871794871794872250e-01 0.000000000000000000e+00 9.871794871794872250e-01 0.000000000000000000e+00 9.871794871794872250e-01 0.000000000000000000e+00 
2.145086973905563354e-02 7.059882581233978271e-02 0.000000000000000000e+00 1.000000000000000000e+00 9.871794871794872250e-01 0.000000000000000000e+00 9.871794871794872250e-01 0.000000000000000000e+00 9.871794871794872250e-01 0.000000000000000000e+00 
2.063862234354019165e-02 7.001116871833801270e-02 0.000000000000000000e+00 1.000000000000000000e+00 9.871794871794872250e-01 0.000000000000000000e+00 9.871794871794872250e-01 0.000000000000000000e+00 9.871794871794872250e-01 0.000000000000000000e+00 
1.985226199030876160e-02 6.950141489505767822e-02 0.000000000000000000e+00 1.000000000000000000e+00 9.871794871794872250e-01 0.000000000000000000e+00 9.871794871794872250e-01 0.000000000000000000e+00 9.871794871794872250e-01 0.000000000000000000e+00 
1.934308744966983795e-02 6.911303102970123291e-02 0.000000000000000000e+00 1.000000000000000000e+00 9.871794871794872250e-01 0.000000000000000000e+00 9.871794871794872250e-01 0.000000000000000000e+00 9.871794871794872250e-01 0.000000000000000000e+00 
1.893115788698196411e-02 6.881763786077499390e-02 0.000000000000000000e+00 1.000000000000000000e+00 9.871794871794872250e-01 0.000000000000000000e+00 9.871794871794872250e-01 0.000000000000000000e+00 9.871794871794872250e-01 0.000000000000000000e+00 
1.845666766166687012e-02 6.829340010881423950e-02 0.000000000000000000e+00 1.000000000000000000e+00 9.871794871794872250e-01 0.000000000000000000e+00 9.871794871794872250e-01 0.000000000000000000e+00 9.871794871794872250e-01 0.000000000000000000e+00 
1.781320199370384216e-02 6.747642904520034790e-02 0.000000000000000000e+00 1.000000000000000000e+00 9.871794871794872250e-01 0.000000000000000000e+00 9.871794871794872250e-01 0.000000000000000000e+00 9.871794871794872250e-01 0.000000000000000000e+00 
1.750012859702110291e-02 6.666079908609390259e-02 0.000000000000000000e+00 1.000000000000000000e+00 9.871794871794872250e-01 0.000000000000000000e+00 9.871794871794872250e-01 0.000000000000000000e+00 9.871794871794872250e-01 0.000000000000000000e+00 
1.703697070479393005e-02 6.609365344047546387e-02 0.000000000000000000e+00 1.000000000000000000e+00 9.871794871794872250e-01 0.000000000000000000e+00 9.871794871794872250e-01 0.000000000000000000e+00 9.871794871794872250e-01 0.000000000000000000e+00 
1.705318316817283630e-02 6.557879596948623657e-02 0.000000000000000000e+00 1.000000000000000000e+00 9.871794871794872250e-01 0.000000000000000000e+00 9.871794871794872250e-01 0.000000000000000000e+00 9.871794871794872250e-01 0.000000000000000000e+00 
1.627283170819282532e-02 6.489480286836624146e-02 0.000000000000000000e+00 1.000000000000000000e+00 9.871794871794872250e-01 0.000000000000000000e+00 9.871794871794872250e-01 0.000000000000000000e+00 9.871794871794872250e-01 0.000000000000000000e+00 
1.588663458824157715e-02 6.438434869050979614e-02 0.000000000000000000e+00 1.000000000000000000e+00 9.871794871794872250e-01 0.000000000000000000e+00 9.871794871794872250e-01 0.000000000000000000e+00 9.871794871794872250e-01 0.000000000000000000e+00 
1.560798473656177521e-02 6.378526985645294189e-02 0.000000000000000000e+00 1.000000000000000000e+00 9.871794871794872250e-01 0.000000000000000000e+00 9.871794871794872250e-01 0.000000000000000000e+00 9.871794871794872250e-01 0.000000000000000000e+00 
1.552855409681797028e-02 6.313052773475646973e-02 0.000000000000000000e+00 1.000000000000000000e+00 9.871794871794872250e-01 0.000000000000000000e+00 9.871794871794872250e-01 0.000000000000000000e+00 9.871794871794872250e-01 0.000000000000000000e+00 
1.494244672358036041e-02 6.260660290718078613e-02 0.000000000000000000e+00 1.000000000000000000e+00 9.871794871794872250e-01 0.000000000000000000e+00 9.871794871794872250e-01 0.000000000000000000e+00 9.871794871794872250e-01 0.000000000000000000e+00 
1.473139785230159760e-02 6.226875260472297668e-02 0.000000000000000000e+00 1.000000000000000000e+00 9.871794871794872250e-01 0.000000000000000000e+00 9.871794871794872250e-01 0.000000000000000000e+00 9.871794871794872250e-01 0.000000000000000000e+00 
1.439328957349061966e-02 6.181043386459350586e-02 0.000000000000000000e+00 1.000000000000000000e+00 9.871794871794872250e-01 0.000000000000000000e+00 9.871794871794872250e-01 0.000000000000000000e+00 9.871794871794872250e-01 0.000000000000000000e+00 
1.414925418794155121e-02 6.115800514817237854e-02 0.000000000000000000e+00 1.000000000000000000e+00 9.871794871794872250e-01 0.000000000000000000e+00 9.871794871794872250e-01 0.000000000000000000e+00 9.871794871794872250e-01 0.000000000000000000e+00 
1.405807677656412125e-02 6.060907244682312012e-02 0.000000000000000000e+00 1.000000000000000000e+00 9.871794871794872250e-01 0.000000000000000000e+00 9.871794871794872250e-01 0.000000000000000000e+00 9.871794871794872250e-01 0.000000000000000000e+00 
1.371619291603565216e-02 6.058134138584136963e-02 0.000000000000000000e+00 1.000000000000000000e+00 9.871794871794872250e-01 0.000000000000000000e+00 9.871794871794872250e-01 0.000000000000000000e+00 9.871794871794872250e-01 0.000000000000000000e+00 
1.334967371076345444e-02 6.010330840945243835e-02 0.000000000000000000e+00 1.000000000000000000e+00 9.871794871794872250e-01 0.000000000000000000e+00 9.871794871794872250e-01 0.000000000000000000e+00 9.871794871794872250e-01 0.000000000000000000e+00 
1.321810483932495117e-02 5.955979228019714355e-02 0.000000000000000000e+00 1.000000000000000000e+00 9.871794871794872250e-01 0.000000000000000000e+00 9.871794871794872250e-01 0.000000000000000000e+00 9.871794871794872250e-01 0.000000000000000000e+00 
1.295616850256919861e-02 5.909928306937217712e-02 0.000000000000000000e+00 1.000000000000000000e+00 9.871794871794872250e-01 0.000000000000000000e+00 9.871794871794872250e-01 0.000000000000000000e+00 9.871794871794872250e-01 0.000000000000000000e+00 
1.276351045817136765e-02 5.881635472178459167e-02 0.000000000000000000e+00 1.000000000000000000e+00 9.871794871794872250e-01 0.000000000000000000e+00 9.871794871794872250e-01 0.000000000000000000e+00 9.871794871794872250e-01 0.000000000000000000e+00 
1.253703981637954712e-02 5.865203589200973511e-02 0.000000000000000000e+00 1.000000000000000000e+00 9.871794871794872250e-01 0.000000000000000000e+00 9.871794871794872250e-01 0.000000000000000000e+00 9.871794871794872250e-01 0.000000000000000000e+00 
1.235765591263771057e-02 5.841449648141860962e-02 0.000000000000000000e+00 1.000000000000000000e+00 9.871794871794872250e-01 0.000000000000000000e+00 9.871794871794872250e-01 0.000000000000000000e+00 9.871794871794872250e-01 0.000000000000000000e+00 
1.220340467989444733e-02 5.793793499469757080e-02 0.000000000000000000e+00 1.000000000000000000e+00 9.871794871794872250e-01 0.000000000000000000e+00 9.871794871794872250e-01 0.000000000000000000e+00 9.871794871794872250e-01 0.000000000000000000e+00 
1.199231855571269989e-02 5.770429596304893494e-02 0.000000000000000000e+00 1.000000000000000000e+00 9.871794871794872250e-01 0.000000000000000000e+00 9.871794871794872250e-01 0.000000000000000000e+00 9.871794871794872250e-01 0.000000000000000000e+00 
1.182135194540023804e-02 5.716532468795776367e-02 0.000000000000000000e+00 1.000000000000000000e+00 9.871794871794872250e-01 0.000000000000000000e+00 9.871794871794872250e-01 0.000000000000000000e+00 9.871794871794872250e-01 0.000000000000000000e+00 
1.159483287483453751e-02 5.656493082642555237e-02 0.000000000000000000e+00 1.000000000000000000e+00 9.871794871794872250e-01 0.000000000000000000e+00 9.871794871794872250e-01 0.000000000000000000e+00 9.871794871794872250e-01 0.000000000000000000e+00 
1.142664439976215363e-02 5.639209598302841187e-02 0.000000000000000000e+00 1.000000000000000000e+00 9.871794871794872250e-01 0.000000000000000000e+00 9.871794871794872250e-01 0.000000000000000000e+00 9.871794871794872250e-01 0.000000000000000000e+00 
1.144805643707513809e-02 5.610523372888565063e-02 0.000000000000000000e+00 1.000000000000000000e+00 9.871794871794872250e-01 0.000000000000000000e+00 9.871794871794872250e-01 0.000000000000000000e+00 9.871794871794872250e-01 0.000000000000000000e+00 
1.116448082029819489e-02 5.584091320633888245e-02 0.000000000000000000e+00 1.000000000000000000e+00 9.871794871794872250e-01 0.000000000000000000e+00 9.871794871794872250e-01 0.000000000000000000e+00 9.871794871794872250e-01 0.000000000000000000e+00 
1.101162470877170563e-02 5.554144456982612610e-02 0.000000000000000000e+00 1.000000000000000000e+00 9.871794871794872250e-01 0.000000000000000000e+00 9.871794871794872250e-01 0.000000000000000000e+00 9.871794871794872250e-01 0.000000000000000000e+00 
1.073936931788921356e-02 5.547035112977027893e-02 0.000000000000000000e+00 1.000000000000000000e+00 9.871794871794872250e-01 0.000000000000000000e+00 9.871794871794872250e-01 0.000000000000000000e+00 9.871794871794872250e-01 0.000000000000000000e+00 
1.068850979208946228e-02 5.537951365113258362e-02 0.000000000000000000e+00 1.000000000000000000e+00 9.871794871794872250e-01 0.000000000000000000e+00 9.871794871794872250e-01 0.000000000000000000e+00 9.871794871794872250e-01 0.000000000000000000e+00 
1.051503792405128479e-02 5.499612540006637573e-02 0.000000000000000000e+00 1.000000000000000000e+00 9.871794871794872250e-01 0.000000000000000000e+00 9.871794871794872250e-01 0.000000000000000000e+00 9.871794871794872250e-01 0.000000000000000000e+00 
1.040411554276943207e-02 5.432797223329544067e-02 0.000000000000000000e+00 1.000000000000000000e+00 9.871794871794872250e-01 0.000000000000000000e+00 9.871794871794872250e-01 0.000000000000000000e+00 9.871794871794872250e-01 0.000000000000000000e+00 
1.015881076455116272e-02 5.394515022635459900e-02 0.000000000000000000e+00 1.000000000000000000e+00 9.871794871794872250e-01 0.000000000000000000e+00 9.871794871794872250e-01 0.000000000000000000e+00 9.871794871794872250e-01 0.000000000000000000e+00 
1.013617590069770813e-02 5.390312150120735168e-02 0.000000000000000000e+00 1.000000000000000000e+00 9.871794871794872250e-01 0.000000000000000000e+00 9.871794871794872250e-01 0.000000000000000000e+00 9.871794871794872250e-01 0.000000000000000000e+00 
9.940315969288349152e-03 5.382896587252616882e-02 0.000000000000000000e+00 1.000000000000000000e+00 9.871794871794872250e-01 0.000000000000000000e+00 9.871794871794872250e-01 0.000000000000000000e+00 9.871794871794872250e-01 0.000000000000000000e+00 
9.797588922083377838e-03 5.378603562712669373e-02 0.000000000000000000e+00 1.000000000000000000e+00 9.871794871794872250e-01 0.000000000000000000e+00 9.871794871794872250e-01 0.000000000000000000e+00 9.871794871794872250e-01 0.000000000000000000e+00 
9.741982445120811462e-03 5.374599248170852661e-02 0.000000000000000000e+00 1.000000000000000000e+00 9.871794871794872250e-01 0.000000000000000000e+00 9.871794871794872250e-01 0.000000000000000000e+00 9.871794871794872250e-01 0.000000000000000000e+00 
9.523243643343448639e-03 5.337914451956748962e-02 0.000000000000000000e+00 1.000000000000000000e+00 9.871794871794872250e-01 0.000000000000000000e+00 9.871794871794872250e-01 0.000000000000000000e+00 9.871794871794872250e-01 0.000000000000000000e+00 
9.487133473157882690e-03 5.303944647312164307e-02 0.000000000000000000e+00 1.000000000000000000e+00 9.871794871794872250e-01 0.000000000000000000e+00 9.871794871794872250e-01 0.000000000000000000e+00 9.871794871794872250e-01 0.000000000000000000e+00 
9.385373443365097046e-03 5.292037129402160645e-02 0.000000000000000000e+00 1.000000000000000000e+00 9.871794871794872250e-01 0.000000000000000000e+00 9.871794871794872250e-01 0.000000000000000000e+00 9.871794871794872250e-01 0.000000000000000000e+00 
9.238657541573047638e-03 5.269153416156768799e-02 0.000000000000000000e+00 1.000000000000000000e+00 9.871794871794872250e-01 0.000000000000000000e+00 9.871794871794872250e-01 0.000000000000000000e+00 9.871794871794872250e-01 0.000000000000000000e+00 
9.085409343242645264e-03 5.241936817765235901e-02 0.000000000000000000e+00 1.000000000000000000e+00 9.871794871794872250e-01 0.000000000000000000e+00 9.871794871794872250e-01 0.000000000000000000e+00 9.871794871794872250e-01 0.000000000000000000e+00 
9.039787575602531433e-03 5.213642120361328125e-02 0.000000000000000000e+00 1.000000000000000000e+00 9.871794871794872250e-01 0.000000000000000000e+00 9.871794871794872250e-01 0.000000000000000000e+00 9.871794871794872250e-01 0.000000000000000000e+00 
8.919288404285907745e-03 5.199211835861206055e-02 0.000000000000000000e+00 1.000000000000000000e+00 9.871794871794872250e-01 0.000000000000000000e+00 9.871794871794872250e-01 0.000000000000000000e+00 9.871794871794872250e-01 0.000000000000000000e+00 
9.789945557713508606e-03 5.194839090108871460e-02 0.000000000000000000e+00 1.000000000000000000e+00 9.871794871794872250e-01 0.000000000000000000e+00 9.871794871794872250e-01 0.000000000000000000e+00 9.871794871794872250e-01 0.000000000000000000e+00 
8.741114288568496704e-03 5.228162556886672974e-02 0.000000000000000000e+00 1.000000000000000000e+00 9.871794871794872250e-01 0.000000000000000000e+00 9.871794871794872250e-01 0.000000000000000000e+00 9.871794871794872250e-01 0.000000000000000000e+00 
8.646928705275058746e-03 5.251422524452209473e-02 0.000000000000000000e+00 1.000000000000000000e+00 9.871794871794872250e-01 0.000000000000000000e+00 9.871794871794872250e-01 0.000000000000000000e+00 9.871794871794872250e-01 0.000000000000000000e+00 
8.536946028470993042e-03 5.252597481012344360e-02 0.000000000000000000e+00 1.000000000000000000e+00 9.871794871794872250e-01 0.000000000000000000e+00 9.871794871794872250e-01 0.000000000000000000e+00 9.871794871794872250e-01 0.000000000000000000e+00 
8.414804935455322266e-03 5.231184139847755432e-02 0.000000000000000000e+00 1.000000000000000000e+00 9.871794871794872250e-01 0.000000000000000000e+00 9.871794871794872250e-01 0.000000000000000000e+00 9.871794871794872250e-01 0.000000000000000000e+00 
8.292712271213531494e-03 5.215493217110633850e-02 0.000000000000000000e+00 1.000000000000000000e+00 9.871794871794872250e-01 0.000000000000000000e+00 9.871794871794872250e-01 0.000000000000000000e+00 9.871794871794872250e-01 0.000000000000000000e+00 
8.281744085252285004e-03 5.198860913515090942e-02 0.000000000000000000e+00 1.000000000000000000e+00 9.871794871794872250e-01 0.000000000000000000e+00 9.871794871794872250e-01 0.000000000000000000e+00 9.871794871794872250e-01 0.000000000000000000e+00 
8.141994476318359375e-03 5.205119773745536804e-02 0.000000000000000000e+00 1.000000000000000000e+00 9.871794871794872250e-01 0.000000000000000000e+00 9.871794871794872250e-01 0.000000000000000000e+00 9.871794871794872250e-01 0.000000000000000000e+00 
8.087834343314170837e-03 5.178194865584373474e-02 0.000000000000000000e+00 1.000000000000000000e+00 9.871794871794872250e-01 0.000000000000000000e+00 9.871794871794872250e-01 0.000000000000000000e+00 9.871794871794872250e-01 0.000000000000000000e+00 
7.982051931321620941e-03 5.127906426787376404e-02 0.000000000000000000e+00 1.000000000000000000e+00 9.871794871794872250e-01 0.000000000000000000e+00 9.871794871794872250e-01 0.000000000000000000e+00 9.871794871794872250e-01 0.000000000000000000e+00 
7.857929915189743042e-03 5.104668438434600830e-02 0.000000000000000000e+00 1.000000000000000000e+00 9.871794871794872250e-01 0.000000000000000000e+00 9.871794871794872250e-01 0.000000000000000000e+00 9.871794871794872250e-01 0.000000000000000000e+00 
7.840542122721672058e-03 5.092585459351539612e-02 0.000000000000000000e+00 1.000000000000000000e+00 9.871794871794872250e-01 0.000000000000000000e+00 9.871794871794872250e-01 0.000000000000000000e+00 9.871794871794872250e-01 0.000000000000000000e+00 
7.761667016893625259e-03 5.089619755744934082e-02 0.000000000000000000e+00 1.000000000000000000e+00 9.871794871794872250e-01 0.000000000000000000e+00 9.871794871794872250e-01 0.000000000000000000e+00 9.871794871794872250e-01 0.000000000000000000e+00 
7.646947633475065231e-03 5.078437924385070801e-02 0.000000000000000000e+00 1.000000000000000000e+00 9.871794871794872250e-01 0.000000000000000000e+00 9.871794871794872250e-01 0.000000000000000000e+00 9.871794871794872250e-01 0.000000000000000000e+00 
7.594046648591756821e-03 5.060386285185813904e-02 0.000000000000000000e+00 1.000000000000000000e+00 9.871794871794872250e-01 0.000000000000000000e+00 9.871794871794872250e-01 0.000000000000000000e+00 9.871794871794872250e-01 0.000000000000000000e+00 
7.479890715330839157e-03 5.034226924180984497e-02 0.000000000000000000e+00 1.000000000000000000e+00 9.871794871794872250e-01 0.000000000000000000e+00 9.871794871794872250e-01 0.000000000000000000e+00 9.871794871794872250e-01 0.000000000000000000e+00 
7.384002208709716797e-03 5.007835477590560913e-02 0.000000000000000000e+00 1.000000000000000000e+00 9.871794871794872250e-01 0.000000000000000000e+00 9.871794871794872250e-01 0.000000000000000000e+00 9.871794871794872250e-01 0.000000000000000000e+00 
7.367534562945365906e-03 4.981072992086410522e-02 0.000000000000000000e+00 1.000000000000000000e+00 9.935897435897436125e-01 0.000000000000000000e+00 1.000000000000000000e+00 0.000000000000000000e+00 9.871794871794872250e-01 0.000000000000000000e+00 
7.266041357070207596e-03 4.978209361433982849e-02 0.000000000000000000e+00 1.000000000000000000e+00 9.935897435897436125e-01 0.000000000000000000e+00 1.000000000000000000e+00 0.000000000000000000e+00 9.871794871794872250e-01 0.000000000000000000e+00 
7.228993345052003860e-03 4.985048994421958923e-02 0.000000000000000000e+00 1.000000000000000000e+00 9.871794871794872250e-01 0.000000000000000000e+00 9.871794871794872250e-01 0.000000000000000000e+00 9.871794871794872250e-01 0.000000000000000000e+00 
7.157720625400543213e-03 4.975454136729240417e-02 0.000000000000000000e+00 1.000000000000000000e+00 9.871794871794872250e-01 0.000000000000000000e+00 9.871794871794872250e-01 0.000000000000000000e+00 9.871794871794872250e-01 0.000000000000000000e+00 
7.064756937325000763e-03 4.903915524482727051e-02 0.000000000000000000e+00 1.000000000000000000e+00 9.935897435897436125e-01 0.000000000000000000e+00 1.000000000000000000e+00 0.000000000000000000e+00 9.871794871794872250e-01 0.000000000000000000e+00 
6.975372321903705597e-03 4.877640306949615479e-02 0.000000000000000000e+00 1.000000000000000000e+00 9.935897435897436125e-01 0.000000000000000000e+00 1.000000000000000000e+00 0.000000000000000000e+00 9.871794871794872250e-01 0.000000000000000000e+00 
6.912099197506904602e-03 4.873131215572357178e-02 0.000000000000000000e+00 1.000000000000000000e+00 9.935897435897436125e-01 0.000000000000000000e+00 1.000000000000000000e+00 0.000000000000000000e+00 9.871794871794872250e-01 0.000000000000000000e+00 
6.847816519439220428e-03 4.883288219571113586e-02 0.000000000000000000e+00 1.000000000000000000e+00 9.935897435897436125e-01 0.000000000000000000e+00 1.000000000000000000e+00 0.000000000000000000e+00 9.871794871794872250e-01 0.000000000000000000e+00 
6.851584184914827347e-03 4.892511293292045593e-02 0.000000000000000000e+00 1.000000000000000000e+00 9.935897435897436125e-01 0.000000000000000000e+00 1.000000000000000000e+00 0.000000000000000000e+00 9.871794871794872250e-01 0.000000000000000000e+00 
6.729451939463615417e-03 4.904141277074813843e-02 0.000000000000000000e+00 1.000000000000000000e+00 9.935897435897436125e-01 0.000000000000000000e+00 1.000000000000000000e+00 0.000000000000000000e+00 9.871794871794872250e-01 0.000000000000000000e+00 
6.655601784586906433e-03 4.896247759461402893e-02 0.000000000000000000e+00 1.000000000000000000e+00 9.935897435897436125e-01 0.000000000000000000e+00 1.000000000000000000e+00 0.000000000000000000e+00 9.871794871794872250e-01 0.000000000000000000e+00 
6.625620648264884949e-03 4.872420057654380798e-02 0.000000000000000000e+00 1.000000000000000000e+00 9.935897435897436125e-01 0.000000000000000000e+00 1.000000000000000000e+00 0.000000000000000000e+00 9.871794871794872250e-01 0.000000000000000000e+00 
6.560725625604391098e-03 4.858288168907165527e-02 0.000000000000000000e+00 1.000000000000000000e+00 9.935897435897436125e-01 0.000000000000000000e+00 1.000000000000000000e+00 0.000000000000000000e+00 9.871794871794872250e-01 0.000000000000000000e+00 
6.451300345361232758e-03 4.872158914804458618e-02 0.000000000000000000e+00 1.000000000000000000e+00 9.935897435897436125e-01 0.000000000000000000e+00 1.000000000000000000e+00 0.000000000000000000e+00 9.871794871794872250e-01 0.000000000000000000e+00 
6.423302460461854935e-03 4.881146177649497986e-02 0.000000000000000000e+00 1.000000000000000000e+00 9.935897435897436125e-01 0.000000000000000000e+00 1.000000000000000000e+00 0.000000000000000000e+00 9.871794871794872250e-01 0.000000000000000000e+00 
6.343265529721975327e-03 4.872257262468338013e-02 0.000000000000000000e+00 1.000000000000000000e+00 9.935897435897436125e-01 0.000000000000000000e+00 1.000000000000000000e+00 0.000000000000000000e+00 9.871794871794872250e-01 0.000000000000000000e+00 
6.319965235888957977e-03 4.871788620948791504e-02 0.000000000000000000e+00 1.000000000000000000e+00 9.935897435897436125e-01 0.000000000000000000e+00 1.000000000000000000e+00 0.000000000000000000e+00 9.871794871794872250e-01 0.000000000000000000e+00 
6.238873116672039032e-03 4.857526347041130066e-02 0.000000000000000000e+00 1.000000000000000000e+00 9.935897435897436125e-01 0.000000000000000000e+00 1.000000000000000000e+00 0.000000000000000000e+00 9.871794871794872250e-01 0.000000000000000000e+00 
6.218998692929744720e-03 4.849428310990333557e-02 0.000000000000000000e+00 1.000000000000000000e+00 9.935897435897436125e-01 0.000000000000000000e+00 1.000000000000000000e+00 0.000000000000000000e+00 9.871794871794872250e-01 0.000000000000000000e+00 
6.157023366540670395e-03 4.839774966239929199e-02 0.000000000000000000e+00 1.000000000000000000e+00 9.935897435897436125e-01 0.000000000000000000e+00 1.000000000000000000e+00 0.000000000000000000e+00 9.871794871794872250e-01 0.000000000000000000e+00 
6.103559862822294235e-03 4.837049916386604309e-02 0.000000000000000000e+00 1.000000000000000000e+00 9.935897435897436125e-01 0.000000000000000000e+00 1.000000000000000000e+00 0.000000000000000000e+00 9.871794871794872250e-01 0.000000000000000000e+00 
6.021856795996427536e-03 4.849065467715263367e-02 0.000000000000000000e+00 1.000000000000000000e+00 9.935897435897436125e-01 0.000000000000000000e+00 1.000000000000000000e+00 0.000000000000000000e+00 9.871794871794872250e-01 0.000000000000000000e+00 
5.997505970299243927e-03 4.848253354430198669e-02 0.000000000000000000e+00 1.000000000000000000e+00 9.935897435897436125e-01 0.000000000000000000e+00 1.000000000000000000e+00 0.000000000000000000e+00 9.871794871794872250e-01 0.000000000000000000e+00 
5.950048565864562988e-03 4.836950823664665222e-02 0.000000000000000000e+00 1.000000000000000000e+00 9.935897435897436125e-01 0.000000000000000000e+00 1.000000000000000000e+00 0.000000000000000000e+00 9.871794871794872250e-01 0.000000000000000000e+00 
5.861641373485326767e-03 4.834425076842308044e-02 0.000000000000000000e+00 1.000000000000000000e+00 9.935897435897436125e-01 0.000000000000000000e+00 1.000000000000000000e+00 0.000000000000000000e+00 9.871794871794872250e-01 0.000000000000000000e+00 
5.837511271238327026e-03 4.832022637128829956e-02 0.000000000000000000e+00 1.000000000000000000e+00 9.935897435897436125e-01 0.000000000000000000e+00 1.000000000000000000e+00 0.000000000000000000e+00 9.871794871794872250e-01 0.000000000000000000e+00 
5.976596847176551819e-03 1.022850945591926575e-01 0.000000000000000000e+00 1.000000000000000000e+00 9.615384615384615641e-01 0.000000000000000000e+00 9.358974358974359031e-01 0.000000000000000000e+00 9.871794871794872250e-01 0.000000000000000000e+00 
6.045358255505561829e-03 1.660821586847305298e-01 0.000000000000000000e+00 1.000000000000000000e+00 9.102564102564102422e-01 0.000000000000000000e+00 8.333333333333333703e-01 0.000000000000000000e+00 9.871794871794872250e-01 0.000000000000000000e+00 
5.933056585490703583e-03 1.381129771471023560e-01 0.000000000000000000e+00 1.000000000000000000e+00 9.294871794871795156e-01 0.000000000000000000e+00 8.717948717948718063e-01 0.000000000000000000e+00 9.871794871794872250e-01 0.000000000000000000e+00 
5.778682418167591095e-03 9.738395363092422485e-02 0.000000000000000000e+00 1.000000000000000000e+00 9.679487179487179516e-01 0.000000000000000000e+00 9.487179487179486781e-01 0.000000000000000000e+00 9.871794871794872250e-01 0.000000000000000000e+00 
5.678184796124696732e-03 7.484067231416702271e-02 0.000000000000000000e+00 1.000000000000000000e+00 9.743589743589743390e-01 0.000000000000000000e+00 9.615384615384615641e-01 0.000000000000000000e+00 9.871794871794872250e-01 0.000000000000000000e+00 
5.664580035954713821e-03 6.338900327682495117e-02 0.000000000000000000e+00 1.000000000000000000e+00 9.807692307692307265e-01 0.000000000000000000e+00 9.743589743589743390e-01 0.000000000000000000e+00 9.871794871794872250e-01 0.000000000000000000e+00 
5.625743418931961060e-03 5.723241716623306274e-02 0.000000000000000000e+00 1.000000000000000000e+00 9.807692307692307265e-01 0.000000000000000000e+00 9.743589743589743390e-01 0.000000000000000000e+00 9.871794871794872250e-01 0.000000000000000000e+00 
5.565515719354152679e-03 5.376198515295982361e-02 0.000000000000000000e+00 1.000000000000000000e+00 9.807692307692307265e-01 0.000000000000000000e+00 9.743589743589743390e-01 0.000000000000000000e+00 9.871794871794872250e-01 0.000000000000000000e+00 
5.471815355122089386e-03 5.145294219255447388e-02 0.000000000000000000e+00 1.000000000000000000e+00 9.807692307692307265e-01 0.000000000000000000e+00 9.743589743589743390e-01 0.000000000000000000e+00 9.871794871794872250e-01 0.000000000000000000e+00 
5.422846879810094833e-03 5.009967461228370667e-02 0.000000000000000000e+00 1.000000000000000000e+00 9.807692307692307265e-01 0.000000000000000000e+00 9.743589743589743390e-01 0.000000000000000000e+00 9.871794871794872250e-01 0.000000000000000000e+00 
5.364312790334224701e-03 4.908829927444458008e-02 0.000000000000000000e+00 1.000000000000000000e+00 9.871794871794872250e-01 0.000000000000000000e+00 9.871794871794872250e-01 0.000000000000000000e+00 9.871794871794872250e-01 0.000000000000000000e+00 
5.352589767426252365e-03 4.845102131366729736e-02 0.000000000000000000e+00 1.000000000000000000e+00 9.871794871794872250e-01 0.000000000000000000e+00 9.871794871794872250e-01 0.000000000000000000e+00 9.871794871794872250e-01 0.000000000000000000e+00 
5.253296811133623123e-03 4.798538237810134888e-02 0.000000000000000000e+00 1.000000000000000000e+00 9.871794871794872250e-01 0.000000000000000000e+00 9.871794871794872250e-01 0.000000000000000000e+00 9.871794871794872250e-01 0.000000000000000000e+00 
5.222158040851354599e-03 4.733594134449958801e-02 0.000000000000000000e+00 1.000000000000000000e+00 9.871794871794872250e-01 0.000000000000000000e+00 9.871794871794872250e-01 0.000000000000000000e+00 9.871794871794872250e-01 0.000000000000000000e+00 
5.210050381720066071e-03 4.693099111318588257e-02 0.000000000000000000e+00 1.000000000000000000e+00 9.935897435897436125e-01 0.000000000000000000e+00 1.000000000000000000e+00 0.000000000000000000e+00 9.871794871794872250e-01 0.000000000000000000e+00 
5.173745099455118179e-03 4.670567810535430908e-02 0.000000000000000000e+00 1.000000000000000000e+00 9.935897435897436125e-01 0.000000000000000000e+00 1.000000000000000000e+00 0.000000000000000000e+00 9.871794871794872250e-01 0.000000000000000000e+00 
5.117816850543022156e-03 4.653950408101081848e-02 0.000000000000000000e+00 1.000000000000000000e+00 9.935897435897436125e-01 0.000000000000000000e+00 1.000000000000000000e+00 0.000000000000000000e+00 9.871794871794872250e-01 0.000000000000000000e+00 
5.088158883154392242e-03 4.648265615105628967e-02 0.000000000000000000e+00 1.000000000000000000e+00 9.935897435897436125e-01 0.000000000000000000e+00 1.000000000000000000e+00 0.000000000000000000e+00 9.871794871794872250e-01 0.000000000000000000e+00 
5.034973844885826111e-03 4.655721783638000488e-02 0.000000000000000000e+00 1.000000000000000000e+00 9.935897435897436125e-01 0.000000000000000000e+00 1.000000000000000000e+00 0.000000000000000000e+00 9.871794871794872250e-01 0.000000000000000000e+00 
5.001178011298179626e-03 4.661920294165611267e-02 0.000000000000000000e+00 1.000000000000000000e+00 9.935897435897436125e-01 0.000000000000000000e+00 1.000000000000000000e+00 0.000000000000000000e+00 9.871794871794872250e-01 0.000000000000000000e+00 
4.972885362803936005e-03 4.676940664649009705e-02 0.000000000000000000e+00 1.000000000000000000e+00 9.871794871794872250e-01 0.000000000000000000e+00 9.871794871794872250e-01 0.000000000000000000e+00 9.871794871794872250e-01 0.000000000000000000e+00 
4.956916905939579010e-03 4.666578397154808044e-02 0.000000000000000000e+00 1.000000000000000000e+00 9.935897435897436125e-01 0.000000000000000000e+00 1.000000000000000000e+00 0.000000000000000000e+00 9.871794871794872250e-01 0.000000000000000000e+00 
4.876355640590190887e-03 4.643078148365020752e-02 0.000000000000000000e+00 1.000000000000000000e+00 9.935897435897436125e-01 0.000000000000000000e+00 1.000000000000000000e+00 0.000000000000000000e+00 9.871794871794872250e-01 0.000000000000000000e+00 
4.852801561355590820e-03 4.624335840344429016e-02 0.000000000000000000e+00 1.000000000000000000e+00 9.935897435897436125e-01 0.000000000000000000e+00 1.000000000000000000e+00 0.000000000000000000e+00 9.871794871794872250e-01 0.000000000000000000e+00 
4.884487949311733246e-03 4.625600203871726990e-02 0.000000000000000000e+00 1.000000000000000000e+00 9.935897435897436125e-01 0.000000000000000000e+00 1.000000000000000000e+00 0.000000000000000000e+00 9.871794871794872250e-01 0.000000000000000000e+00 
4.806743934750556946e-03 4.638825356960296631e-02 0.000000000000000000e+00 1.000000000000000000e+00 9.935897435897436125e-01 0.000000000000000000e+00 1.000000000000000000e+00 0.000000000000000000e+00 9.871794871794872250e-01 0.000000000000000000e+00 
4.758974537253379822e-03 4.633495956659317017e-02 0.000000000000000000e+00 1.000000000000000000e+00 9.935897435897436125e-01 0.000000000000000000e+00 1.000000000000000000e+00 0.000000000000000000e+00 9.871794871794872250e-01 0.000000000000000000e+00 
4.709993489086627960e-03 4.642642661929130554e-02 0.000000000000000000e+00 1.000000000000000000e+00 9.935897435897436125e-01 0.000000000000000000e+00 1.000000000000000000e+00 0.000000000000000000e+00 9.871794871794872250e-01 0.000000000000000000e+00 
4.664974287152290344e-03 4.660005867481231689e-02 0.000000000000000000e+00 1.000000000000000000e+00 9.871794871794872250e-01 0.000000000000000000e+00 9.871794871794872250e-01 0.000000000000000000e+00 9.871794871794872250e-01 0.000000000000000000e+00 
4.641608800739049911e-03 4.670662432909011841e-02 0.000000000000000000e+00 1.000000000000000000e+00 9.871794871794872250e-01 0.000000000000000000e+00 9.871794871794872250e-01 0.000000000000000000e+00 9.871794871794872250e-01 0.000000000000000000e+00 
4.616024903953075409e-03 4.666104167699813843e-02 0.000000000000000000e+00 1.000000000000000000e+00 9.871794871794872250e-01 0.000000000000000000e+00 9.871794871794872250e-01 0.000000000000000000e+00 9.871794871794872250e-01 0.000000000000000000e+00 
4.598985426127910614e-03 4.655630886554718018e-02 0.000000000000000000e+00 1.000000000000000000e+00 9.871794871794872250e-01 0.000000000000000000e+00 9.871794871794872250e-01 0.000000000000000000e+00 9.871794871794872250e-01 0.000000000000000000e+00 
4.514974541962146759e-03 4.651088640093803406e-02 0.000000000000000000e+00 1.000000000000000000e+00 9.871794871794872250e-01 0.000000000000000000e+00 9.871794871794872250e-01 0.000000000000000000e+00 9.871794871794872250e-01 0.000000000000000000e+00 
4.525818862020969391e-03 4.637521877884864807e-02 0.000000000000000000e+00 1.000000000000000000e+00 9.935897435897436125e-01 0.000000000000000000e+00 1.000000000000000000e+00 0.000000000000000000e+00 9.871794871794872250e-01 0.000000000000000000e+00 
4.481910262256860733e-03 4.630661010742187500e-02 0.000000000000000000e+00 1.000000000000000000e+00 9.935897435897436125e-01 0.000000000000000000e+00 1.000000000000000000e+00 0.000000000000000000e+00 9.871794871794872250e-01 0.000000000000000000e+00 
4.443434067070484161e-03 4.630080237984657288e-02 0.000000000000000000e+00 1.000000000000000000e+00 9.935897435897436125e-01 0.000000000000000000e+00 1.000000000000000000e+00 0.000000000000000000e+00 9.871794871794872250e-01 0.000000000000000000e+00 
4.421390593051910400e-03 4.635989293456077576e-02 0.000000000000000000e+00 1.000000000000000000e+00 9.935897435897436125e-01 0.000000000000000000e+00 1.000000000000000000e+00 0.000000000000000000e+00 9.871794871794872250e-01 0.000000000000000000e+00 
4.404505714774131775e-03 4.630767181515693665e-02 0.000000000000000000e+00 1.000000000000000000e+00 9.935897435897436125e-01 0.000000000000000000e+00 1.000000000000000000e+00 0.000000000000000000e+00 9.871794871794872250e-01 0.000000000000000000e+00 
4.354534670710563660e-03 4.633155465126037598e-02 0.000000000000000000e+00 1.000000000000000000e+00 9.935897435897436125e-01 0.000000000000000000e+00 1.000000000000000000e+00 0.000000000000000000e+00 9.871794871794872250e-01 0.000000000000000000e+00 
4.336134996265172958e-03 4.630222171545028687e-02 0.000000000000000000e+00 1.000000000000000000e+00 9.935897435897436125e-01 0.000000000000000000e+00 1.000000000000000000e+00 0.000000000000000000e+00 9.871794871794872250e-01 0.000000000000000000e+00 
4.314244259148836136e-03 4.622733965516090393e-02 0.000000000000000000e+00 1.000000000000000000e+00 9.935897435897436125e-01 0.000000000000000000e+00 1.000000000000000000e+00 0.000000000000000000e+00 9.871794871794872250e-01 0.000000000000000000e+00 
4.261111840605735779e-03 4.624570533633232117e-02 0.000000000000000000e+00 1.000000000000000000e+00 9.935897435897436125e-01 0.000000000000000000e+00 1.000000000000000000e+00 0.000000000000000000e+00 9.871794871794872250e-01 0.000000000000000000e+00 
4.254335537552833557e-03 4.625906795263290405e-02 0.000000000000000000e+00 1.000000000000000000e+00 9.935897435897436125e-01 0.000000000000000000e+00 1.000000000000000000e+00 0.000000000000000000e+00 9.871794871794872250e-01 0.000000000000000000e+00 
4.241878166794776917e-03 4.627831280231475830e-02 0.000000000000000000e+00 1.000000000000000000e+00 9.935897435897436125e-01 0.000000000000000000e+00 1.000000000000000000e+00 0.000000000000000000e+00 9.871794871794872250e-01 0.000000000000000000e+00 
4.178427159786224365e-03 4.628880321979522705e-02 0.000000000000000000e+00 1.000000000000000000e+00 9.935897435897436125e-01 0.000000000000000000e+00 1.000000000000000000e+00 0.000000000000000000e+00 9.871794871794872250e-01 0.000000000000000000e+00 
4.144381266087293625e-03 4.616684466600418091e-02 0.000000000000000000e+00 1.000000000000000000e+00 9.935897435897436125e-01 0.000000000000000000e+00 1.000000000000000000e+00 0.000000000000000000e+00 9.871794871794872250e-01 0.000000000000000000e+00 
4.141787998378276825e-03 4.587165266275405884e-02 0.000000000000000000e+00 1.000000000000000000e+00 9.935897435897436125e-01 0.000000000000000000e+00 1.000000000000000000e+00 0.000000000000000000e+00 9.871794871794872250e-01 0.000000000000000000e+00 
4.122107289731502533e-03 4.577333107590675354e-02 0.000000000000000000e+00 1.000000000000000000e+00 9.935897435897436125e-01 0.000000000000000000e+00 1.000000000000000000e+00 0.000000000000000000e+00 9.871794871794872250e-01 0.000000000000000000e+00 
4.074529744684696198e-03 4.576979205012321472e-02 0.000000000000000000e+00 1.000000000000000000e+00 9.935897435897436125e-01 0.000000000000000000e+00 1.000000000000000000e+00 0.000000000000000000e+00 9.871794871794872250e-01 0.000000000000000000e+00 
4.040978848934173584e-03 4.581453278660774231e-02 0.000000000000000000e+00 1.000000000000000000e+00 9.935897435897436125e-01 0.000000000000000000e+00 1.000000000000000000e+00 0.000000000000000000e+00 9.871794871794872250e-01 0.000000000000000000e+00 
4.026836249977350235e-03 4.591116681694984436e-02 0.000000000000000000e+00 1.000000000000000000e+00 9.935897435897436125e-01 0.000000000000000000e+00 1.000000000000000000e+00 0.000000000000000000e+00 9.871794871794872250e-01 0.000000000000000000e+00 
3.999434411525726318e-03 4.588753357529640198e-02 0.000000000000000000e+00 1.000000000000000000e+00 9.935897435897436125e-01 0.000000000000000000e+00 1.000000000000000000e+00 0.000000000000000000e+00 9.871794871794872250e-01 0.000000000000000000e+00 
3.973194863647222519e-03 4.573746398091316223e-02 0.000000000000000000e+00 1.000000000000000000e+00 9.935897435897436125e-01 0.000000000000000000e+00 1.000000000000000000e+00 0.000000000000000000e+00 9.871794871794872250e-01 0.000000000000000000e+00 
3.954750485718250275e-03 4.563836008310317993e-02 0.000000000000000000e+00 1.000000000000000000e+00 9.935897435897436125e-01 0.000000000000000000e+00 1.000000000000000000e+00 0.000000000000000000e+00 9.871794871794872250e-01 0.000000000000000000e+00 
3.927308134734630585e-03 4.573225975036621094e-02 0.000000000000000000e+00 1.000000000000000000e+00 9.935897435897436125e-01 0.000000000000000000e+00 1.000000000000000000e+00 0.000000000000000000e+00 9.871794871794872250e-01 0.000000000000000000e+00 
3.895263187587261200e-03 4.576501995325088501e-02 0.000000000000000000e+00 1.000000000000000000e+00 9.935897435897436125e-01 0.000000000000000000e+00 1.000000000000000000e+00 0.000000000000000000e+00 9.871794871794872250e-01 0.000000000000000000e+00 
3.877213224768638611e-03 4.567018151283264160e-02 0.000000000000000000e+00 1.000000000000000000e+00 9.935897435897436125e-01 0.000000000000000000e+00 1.000000000000000000e+00 0.000000000000000000e+00 9.871794871794872250e-01 0.000000000000000000e+00 
3.842301666736602783e-03 4.566301405429840088e-02 0.000000000000000000e+00 1.000000000000000000e+00 9.935897435897436125e-01 0.000000000000000000e+00 1.000000000000000000e+00 0.000000000000000000e+00 9.871794871794872250e-01 0.000000000000000000e+00 
3.807283239439129829e-03 4.565360397100448608e-02 0.000000000000000000e+00 1.000000000000000000e+00 9.935897435897436125e-01 0.000000000000000000e+00 1.000000000000000000e+00 0.000000000000000000e+00 9.871794871794872250e-01 0.000000000000000000e+00 
3.789945738390088081e-03 4.563565924763679504e-02 0.000000000000000000e+00 1.000000000000000000e+00 9.935897435897436125e-01 0.000000000000000000e+00 1.000000000000000000e+00 0.000000000000000000e+00 9.871794871794872250e-01 0.000000000000000000e+00 
3.771689254790544510e-03 4.551617428660392761e-02 0.000000000000000000e+00 1.000000000000000000e+00 9.935897435897436125e-01 0.000000000000000000e+00 1.000000000000000000e+00 0.000000000000000000e+00 9.871794871794872250e-01 0.000000000000000000e+00 
3.782111918553709984e-03 4.542101919651031494e-02 0.000000000000000000e+00 1.000000000000000000e+00 9.935897435897436125e-01 0.000000000000000000e+00 1.000000000000000000e+00 0.000000000000000000e+00 9.871794871794872250e-01 0.000000000000000000e+00 
3.726016264408826828e-03 4.524404555559158325e-02 0.000000000000000000e+00 1.000000000000000000e+00 9.935897435897436125e-01 0.000000000000000000e+00 1.000000000000000000e+00 0.000000000000000000e+00 9.871794871794872250e-01 0.000000000000000000e+00 
3.708183765411376953e-03 4.516772925853729248e-02 0.000000000000000000e+00 1.000000000000000000e+00 9.935897435897436125e-01 0.000000000000000000e+00 1.000000000000000000e+00 0.000000000000000000e+00 9.871794871794872250e-01 0.000000000000000000e+00 
3.680550726130604744e-03 4.520964622497558594e-02 0.000000000000000000e+00 1.000000000000000000e+00 9.935897435897436125e-01 0.000000000000000000e+00 1.000000000000000000e+00 0.000000000000000000e+00 9.871794871794872250e-01 0.000000000000000000e+00 
3.655628534033894539e-03 4.530966281890869141e-02 0.000000000000000000e+00 1.000000000000000000e+00 9.935897435897436125e-01 0.000000000000000000e+00 1.000000000000000000e+00 0.000000000000000000e+00 9.871794871794872250e-01 0.000000000000000000e+00 
3.625321201980113983e-03 4.542083665728569031e-02 0.000000000000000000e+00 1.000000000000000000e+00 9.935897435897436125e-01 0.000000000000000000e+00 1.000000000000000000e+00 0.000000000000000000e+00 9.871794871794872250e-01 0.000000000000000000e+00 
3.615167923271656036e-03 4.537417367100715637e-02 0.000000000000000000e+00 1.000000000000000000e+00 9.935897435897436125e-01 0.000000000000000000e+00 1.000000000000000000e+00 0.000000000000000000e+00 9.871794871794872250e-01 0.000000000000000000e+00 
3.585697151720523834e-03 4.531288892030715942e-02 0.000000000000000000e+00 1.000000000000000000e+00 9.935897435897436125e-01 0.000000000000000000e+00 1.000000000000000000e+00 0.000000000000000000e+00 9.871794871794872250e-01 0.000000000000000000e+00 
3.577801398932933807e-03 4.526595026254653931e-02 0.000000000000000000e+00 1.000000000000000000e+00 9.935897435897436125e-01 0.000000000000000000e+00 1.000000000000000000e+00 0.000000000000000000e+00 9.871794871794872250e-01 0.000000000000000000e+00 
3.538312623277306557e-03 4.514530301094055176e-02 0.000000000000000000e+00 1.000000000000000000e+00 9.935897435897436125e-01 0.000000000000000000e+00 1.000000000000000000e+00 0.000000000000000000e+00 9.871794871794872250e-01 0.000000000000000000e+00 
3.529754001647233963e-03 4.504215344786643982e-02 0.000000000000000000e+00 1.000000000000000000e+00 9.935897435897436125e-01 0.000000000000000000e+00 1.000000000000000000e+00 0.000000000000000000e+00 9.871794871794872250e-01 0.000000000000000000e+00 
3.504351247102022171e-03 4.492154344916343689e-02 0.000000000000000000e+00 1.000000000000000000e+00 9.935897435897436125e-01 0.000000000000000000e+00 1.000000000000000000e+00 0.000000000000000000e+00 9.871794871794872250e-01 0.000000000000000000e+00 
3.467526054009795189e-03 4.475942254066467285e-02 0.000000000000000000e+00 1.000000000000000000e+00 9.935897435897436125e-01 0.000000000000000000e+00 1.000000000000000000e+00 0.000000000000000000e+00 9.871794871794872250e-01 0.000000000000000000e+00 
3.468759357929229736e-03 4.477985575795173645e-02 0.000000000000000000e+00 1.000000000000000000e+00 9.935897435897436125e-01 0.000000000000000000e+00 1.000000000000000000e+00 0.000000000000000000e+00 9.871794871794872250e-01 0.000000000000000000e+00 
3.434966783970594406e-03 4.476440325379371643e-02 0.000000000000000000e+00 1.000000000000000000e+00 9.935897435897436125e-01 0.000000000000000000e+00 1.000000000000000000e+00 0.000000000000000000e+00 9.871794871794872250e-01 0.000000000000000000e+00 
3.406235249713063240e-03 4.479638114571571350e-02 0.000000000000000000e+00 1.000000000000000000e+00 9.935897435897436125e-01 0.000000000000000000e+00 1.000000000000000000e+00 0.000000000000000000e+00 9.871794871794872250e-01 0.000000000000000000e+00 
3.392794169485569000e-03 4.471757635474205017e-02 0.000000000000000000e+00 1.000000000000000000e+00 9.935897435897436125e-01 0.000000000000000000e+00 1.000000000000000000e+00 0.000000000000000000e+00 9.871794871794872250e-01 0.000000000000000000e+00 
3.365447279065847397e-03 4.457149282097816467e-02 0.000000000000000000e+00 1.000000000000000000e+00 9.935897435897436125e-01 0.000000000000000000e+00 1.000000000000000000e+00 0.000000000000000000e+00 9.871794871794872250e-01 0.000000000000000000e+00 
3.349007340148091316e-03 4.443393275141716003e-02 0.000000000000000000e+00 1.000000000000000000e+00 9.935897435897436125e-01 0.000000000000000000e+00 1.000000000000000000e+00 0.000000000000000000e+00 9.871794871794872250e-01 0.000000000000000000e+00 
3.332437016069889069e-03 4.428173601627349854e-02 0.000000000000000000e+00 1.000000000000000000e+00 9.935897435897436125e-01 0.000000000000000000e+00 1.000000000000000000e+00 0.000000000000000000e+00 9.871794871794872250e-01 0.000000000000000000e+00 
3.310248488560318947e-03 4.429998248815536499e-02 0.000000000000000000e+00 1.000000000000000000e+00 9.935897435897436125e-01 0.000000000000000000e+00 1.000000000000000000e+00 0.000000000000000000e+00 9.871794871794872250e-01 0.000000000000000000e+00 
3.309267340227961540e-03 4.435121640563011169e-02 0.000000000000000000e+00 1.000000000000000000e+00 9.935897435897436125e-01 0.000000000000000000e+00 1.000000000000000000e+00 0.000000000000000000e+00 9.871794871794872250e-01 0.000000000000000000e+00 
3.284847829490900040e-03 4.440821707248687744e-02 0.000000000000000000e+00 1.000000000000000000e+00 9.935897435897436125e-01 0.000000000000000000e+00 1.000000000000000000e+00 0.000000000000000000e+00 9.871794871794872250e-01 0.000000000000000000e+00 
3.255538176745176315e-03 4.450340941548347473e-02 0.000000000000000000e+00 1.000000000000000000e+00 9.935897435897436125e-01 0.000000000000000000e+00 1.000000000000000000e+00 0.000000000000000000e+00 9.871794871794872250e-01 0.000000000000000000e+00 
3.260212019085884094e-03 4.451907053589820862e-02 0.000000000000000000e+00 1.000000000000000000e+00 9.935897435897436125e-01 0.000000000000000000e+00 1.000000000000000000e+00 0.000000000000000000e+00 9.871794871794872250e-01 0.000000000000000000e+00 
3.212812356650829315e-03 4.457846283912658691e-02 0.000000000000000000e+00 1.000000000000000000e+00 9.935897435897436125e-01 0.000000000000000000e+00 1.000000000000000000e+00 0.000000000000000000e+00 9.871794871794872250e-01 0.000000000000000000e+00 
3.192538628354668617e-03 4.475698247551918030e-02 0.000000000000000000e+00 1.000000000000000000e+00 9.935897435897436125e-01 0.000000000000000000e+00 1.000000000000000000e+00 0.000000000000000000e+00 9.871794871794872250e-01 0.000000000000000000e+00 
3.181440290063619614e-03 4.497591778635978699e-02 0.000000000000000000e+00 1.000000000000000000e+00 9.935897435897436125e-01 0.000000000000000000e+00 1.000000000000000000e+00 0.000000000000000000e+00 9.871794871794872250e-01 0.000000000000000000e+00 
3.166044829413294792e-03 4.515669494867324829e-02 0.000000000000000000e+00 1.000000000000000000e+00 9.935897435897436125e-01 0.000000000000000000e+00 1.000000000000000000e+00 0.000000000000000000e+00 9.871794871794872250e-01 0.000000000000000000e+00 
3.154023317620158195e-03 4.507349431514739990e-02 0.000000000000000000e+00 1.000000000000000000e+00 9.935897435897436125e-01 0.000000000000000000e+00 1.000000000000000000e+00 0.000000000000000000e+00 9.871794871794872250e-01 0.000000000000000000e+00 
3.125058254227042198e-03 4.507555440068244934e-02 0.000000000000000000e+00 1.000000000000000000e+00 9.935897435897436125e-01 0.000000000000000000e+00 1.000000000000000000e+00 0.000000000000000000e+00 9.871794871794872250e-01 0.000000000000000000e+00 
3.103742143139243126e-03 4.528882727026939392e-02 0.000000000000000000e+00 1.000000000000000000e+00 9.935897435897436125e-01 0.000000000000000000e+00 1.000000000000000000e+00 0.000000000000000000e+00 9.871794871794872250e-01 0.000000000000000000e+00 
3.086087061092257500e-03 4.547248035669326782e-02 0.000000000000000000e+00 1.000000000000000000e+00 9.935897435897436125e-01 0.000000000000000000e+00 1.000000000000000000e+00 0.000000000000000000e+00 9.871794871794872250e-01 0.000000000000000000e+00 
3.061709227040410042e-03 4.565178602933883667e-02 0.000000000000000000e+00 1.000000000000000000e+00 9.935897435897436125e-01 0.000000000000000000e+00 1.000000000000000000e+00 0.000000000000000000e+00 9.871794871794872250e-01 0.000000000000000000e+00 
3.036618232727050781e-03 4.569045454263687134e-02 0.000000000000000000e+00 1.000000000000000000e+00 9.935897435897436125e-01 0.000000000000000000e+00 1.000000000000000000e+00 0.000000000000000000e+00 9.871794871794872250e-01 0.000000000000000000e+00 
3.033126704394817352e-03 4.572206363081932068e-02 0.000000000000000000e+00 1.000000000000000000e+00 9.935897435897436125e-01 0.000000000000000000e+00 1.000000000000000000e+00 0.000000000000000000e+00 9.871794871794872250e-01 0.000000000000000000e+00 
3.012474626302719116e-03 4.576835408806800842e-02 0.000000000000000000e+00 1.000000000000000000e+00 9.935897435897436125e-01 0.000000000000000000e+00 1.000000000000000000e+00 0.000000000000000000e+00 9.871794871794872250e-01 0.000000000000000000e+00 
3.024193923920392990e-03 4.577381163835525513e-02 0.000000000000000000e+00 1.000000000000000000e+00 9.935897435897436125e-01 0.000000000000000000e+00 1.000000000000000000e+00 0.000000000000000000e+00 9.871794871794872250e-01 0.000000000000000000e+00 
3.015589434653520584e-03 4.578593373298645020e-02 0.000000000000000000e+00 1.000000000000000000e+00 9.935897435897436125e-01 0.000000000000000000e+00 1.000000000000000000e+00 0.000000000000000000e+00 9.871794871794872250e-01 0.000000000000000000e+00 
2.951803151518106461e-03 4.605769738554954529e-02 0.000000000000000000e+00 1.000000000000000000e+00 9.935897435897436125e-01 0.000000000000000000e+00 1.000000000000000000e+00 0.000000000000000000e+00 9.871794871794872250e-01 0.000000000000000000e+00 
2.961658407002687454e-03 4.621386155486106873e-02 0.000000000000000000e+00 1.000000000000000000e+00 9.935897435897436125e-01 0.000000000000000000e+00 1.000000000000000000e+00 0.000000000000000000e+00 9.871794871794872250e-01 0.000000000000000000e+00 
2.920971484854817390e-03 4.623233154416084290e-02 0.000000000000000000e+00 1.000000000000000000e+00 9.935897435897436125e-01 0.000000000000000000e+00 1.000000000000000000e+00 0.000000000000000000e+00 9.871794871794872250e-01 0.000000000000000000e+00 
2.905261935666203499e-03 4.614867269992828369e-02 0.000000000000000000e+00 1.000000000000000000e+00 9.935897435897436125e-01 0.000000000000000000e+00 1.000000000000000000e+00 0.000000000000000000e+00 9.871794871794872250e-01 0.000000000000000000e+00 
2.892086748033761978e-03 4.608242213726043701e-02 0.000000000000000000e+00 1.000000000000000000e+00 9.935897435897436125e-01 0.000000000000000000e+00 1.000000000000000000e+00 0.000000000000000000e+00 9.871794871794872250e-01 0.000000000000000000e+00 
2.884802641347050667e-03 4.583962261676788330e-02 0.000000000000000000e+00 1.000000000000000000e+00 9.935897435897436125e-01 0.000000000000000000e+00 1.000000000000000000e+00 0.000000000000000000e+00 9.871794871794872250e-01 0.000000000000000000e+00 
2.878091298043727875e-03 4.578502476215362549e-02 0.000000000000000000e+00 1.000000000000000000e+00 9.935897435897436125e-01 0.000000000000000000e+00 1.000000000000000000e+00 0.000000000000000000e+00 9.871794871794872250e-01 0.000000000000000000e+00 
2.837976906448602676e-03 4.576918855309486389e-02 0.000000000000000000e+00 1.000000000000000000e+00 9.935897435897436125e-01 0.000000000000000000e+00 1.000000000000000000e+00 0.000000000000000000e+00 9.871794871794872250e-01 0.000000000000000000e+00 
2.820856869220733643e-03 4.581373929977416992e-02 0.000000000000000000e+00 1.000000000000000000e+00 9.935897435897436125e-01 0.000000000000000000e+00 1.000000000000000000e+00 0.000000000000000000e+00 9.871794871794872250e-01 0.000000000000000000e+00 
2.832172438502311707e-03 4.586873948574066162e-02 0.000000000000000000e+00 1.000000000000000000e+00 9.935897435897436125e-01 0.000000000000000000e+00 1.000000000000000000e+00 0.000000000000000000e+00 9.871794871794872250e-01 0.000000000000000000e+00 
2.817238681018352509e-03 4.576071724295616150e-02 0.000000000000000000e+00 1.000000000000000000e+00 9.935897435897436125e-01 0.000000000000000000e+00 1.000000000000000000e+00 0.000000000000000000e+00 9.871794871794872250e-01 0.000000000000000000e+00 
2.784335054457187653e-03 4.569969326257705688e-02 0.000000000000000000e+00 1.000000000000000000e+00 9.935897435897436125e-01 0.000000000000000000e+00 1.000000000000000000e+00 0.000000000000000000e+00 9.871794871794872250e-01 0.000000000000000000e+00 
2.751277294009923935e-03 4.549378529191017151e-02 0.000000000000000000e+00 1.000000000000000000e+00 9.935897435897436125e-01 0.000000000000000000e+00 1.000000000000000000e+00 0.000000000000000000e+00 9.871794871794872250e-01 0.000000000000000000e+00 
2.751537831500172615e-03 4.521331936120986938e-02 0.000000000000000000e+00 1.000000000000000000e+00 9.935897435897436125e-01 0.000000000000000000e+00 1.000000000000000000e+00 0.000000000000000000e+00 9.871794871794872250e-01 0.000000000000000000e+00 
2.748618833720684052e-03 4.499092698097229004e-02 0.000000000000000000e+00 1.000000000000000000e+00 9.935897435897436125e-01 0.000000000000000000e+00 1.000000000000000000e+00 0.000000000000000000e+00 9.871794871794872250e-01 0.000000000000000000e+00 
2.718792529776692390e-03 4.488141462206840515e-02 0.000000000000000000e+00 1.000000000000000000e+00 9.935897435897436125e-01 0.000000000000000000e+00 1.000000000000000000e+00 0.000000000000000000e+00 9.871794871794872250e-01 0.000000000000000000e+00 
2.693961374461650848e-03 4.487463831901550293e-02 0.000000000000000000e+00 1.000000000000000000e+00 9.935897435897436125e-01 0.000000000000000000e+00 1.000000000000000000e+00 0.000000000000000000e+00 9.871794871794872250e-01 0.000000000000000000e+00 
2.700731623917818069e-03 4.490319266915321350e-02 0.000000000000000000e+00 1.000000000000000000e+00 9.935897435897436125e-01 0.000000000000000000e+00 1.000000000000000000e+00 0.000000000000000000e+00 9.871794871794872250e-01 0.000000000000000000e+00 
2.674209885299205780e-03 4.491717740893363953e-02 0.000000000000000000e+00 1.000000000000000000e+00 9.935897435897436125e-01 0.000000000000000000e+00 1.000000000000000000e+00 0.000000000000000000e+00 9.871794871794872250e-01 0.000000000000000000e+00 
2.666525542736053467e-03 4.490687698125839233e-02 0.000000000000000000e+00 1.000000000000000000e+00 9.935897435897436125e-01 0.000000000000000000e+00 1.000000000000000000e+00 0.000000000000000000e+00 9.871794871794872250e-01 0.000000000000000000e+00 
2.654083771631121635e-03 4.455705732107162476e-02 0.000000000000000000e+00 1.000000000000000000e+00 9.935897435897436125e-01 0.000000000000000000e+00 1.000000000000000000e+00 0.000000000000000000e+00 9.871794871794872250e-01 0.000000000000000000e+00 
2.636792138218879700e-03 4.438734054565429688e-02 0.000000000000000000e+00 1.000000000000000000e+00 9.935897435897436125e-01 0.000000000000000000e+00 1.000000000000000000e+00 0.000000000000000000e+00 9.871794871794872250e-01 0.000000000000000000e+00 
2.619826933369040489e-03 4.451602697372436523e-02 0.000000000000000000e+00 1.000000000000000000e+00 9.935897435897436125e-01 0.000000000000000000e+00 1.000000000000000000e+00 0.000000000000000000e+00 9.871794871794872250e-01 0.000000000000000000e+00 
2.619103994220495224e-03 4.470017552375793457e-02 0.000000000000000000e+00 1.000000000000000000e+00 9.935897435897436125e-01 0.000000000000000000e+00 1.000000000000000000e+00 0.000000000000000000e+00 9.871794871794872250e-01 0.000000000000000000e+00 
2.584089525043964386e-03 4.476739093661308289e-02 0.000000000000000000e+00 1.000000000000000000e+00 9.935897435897436125e-01 0.000000000000000000e+00 1.000000000000000000e+00 0.000000000000000000e+00 9.871794871794872250e-01 0.000000000000000000e+00 
2.571698743849992752e-03 4.471626877784729004e-02 0.000000000000000000e+00 1.000000000000000000e+00 9.935897435897436125e-01 0.000000000000000000e+00 1.000000000000000000e+00 0.000000000000000000e+00 9.871794871794872250e-01 0.000000000000000000e+00 
2.551545388996601105e-03 4.470869153738021851e-02 0.000000000000000000e+00 1.000000000000000000e+00 9.935897435897436125e-01 0.000000000000000000e+00 1.000000000000000000e+00 0.000000000000000000e+00 9.871794871794872250e-01 0.000000000000000000e+00 
2.554928418248891830e-03 4.476033151149749756e-02 0.000000000000000000e+00 1.000000000000000000e+00 9.935897435897436125e-01 0.000000000000000000e+00 1.000000000000000000e+00 0.000000000000000000e+00 9.871794871794872250e-01 0.000000000000000000e+00 
2.545641968026757240e-03 4.484733566641807556e-02 0.000000000000000000e+00 1.000000000000000000e+00 9.935897435897436125e-01 0.000000000000000000e+00 1.000000000000000000e+00 0.000000000000000000e+00 9.871794871794872250e-01 0.000000000000000000e+00 
2.521689515560865402e-03 4.486014321446418762e-02 0.000000000000000000e+00 1.000000000000000000e+00 9.935897435897436125e-01 0.000000000000000000e+00 1.000000000000000000e+00 0.000000000000000000e+00 9.871794871794872250e-01 0.000000000000000000e+00 
2.490168437361717224e-03 4.478988796472549438e-02 0.000000000000000000e+00 1.000000000000000000e+00 9.935897435897436125e-01 0.000000000000000000e+00 1.000000000000000000e+00 0.000000000000000000e+00 9.871794871794872250e-01 0.000000000000000000e+00 
2.505949465557932854e-03 4.476642608642578125e-02 0.000000000000000000e+00 1.000000000000000000e+00 9.935897435897436125e-01 0.000000000000000000e+00 1.000000000000000000e+00 0.000000000000000000e+00 9.871794871794872250e-01 0.000000000000000000e+00 
2.476391382515430450e-03 4.477101191878318787e-02 0.000000000000000000e+00 1.000000000000000000e+00 9.935897435897436125e-01 0.000000000000000000e+00 1.000000000000000000e+00 0.000000000000000000e+00 9.871794871794872250e-01 0.000000000000000000e+00 
2.464503049850463867e-03 4.485079646110534668e-02 0.000000000000000000e+00 1.000000000000000000e+00 9.935897435897436125e-01 0.000000000000000000e+00 1.000000000000000000e+00 0.000000000000000000e+00 9.871794871794872250e-01 0.000000000000000000e+00 
2.443412085995078087e-03 4.506422951817512512e-02 0.000000000000000000e+00 1.000000000000000000e+00 9.935897435897436125e-01 0.000000000000000000e+00 1.000000000000000000e+00 0.000000000000000000e+00 9.871794871794872250e-01 0.000000000000000000e+00 
2.451384905725717545e-03 4.508912190794944763e-02 0.000000000000000000e+00 1.000000000000000000e+00 9.935897435897436125e-01 0.000000000000000000e+00 1.000000000000000000e+00 0.000000000000000000e+00 9.871794871794872250e-01 0.000000000000000000e+00 
2.425506245344877243e-03 4.518526047468185425e-02 0.000000000000000000e+00 1.000000000000000000e+00 9.935897435897436125e-01 0.000000000000000000e+00 1.000000000000000000e+00 0.000000000000000000e+00 9.871794871794872250e-01 0.000000000000000000e+00 
2.410426037386059761e-03 4.526571184396743774e-02 0.000000000000000000e+00 1.000000000000000000e+00 9.935897435897436125e-01 0.000000000000000000e+00 1.000000000000000000e+00 0.000000000000000000e+00 9.871794871794872250e-01 0.000000000000000000e+00 
2.395942574366927147e-03 4.524017870426177979e-02 0.000000000000000000e+00 1.000000000000000000e+00 9.935897435897436125e-01 0.000000000000000000e+00 1.000000000000000000e+00 0.000000000000000000e+00 9.871794871794872250e-01 0.000000000000000000e+00 
2.401265315711498260e-03 4.509795829653739929e-02 0.000000000000000000e+00 1.000000000000000000e+00 9.935897435897436125e-01 0.000000000000000000e+00 1.000000000000000000e+00 0.000000000000000000e+00 9.871794871794872250e-01 0.000000000000000000e+00 
2.368902089074254036e-03 4.495975747704505920e-02 0.000000000000000000e+00 1.000000000000000000e+00 9.935897435897436125e-01 0.000000000000000000e+00 1.000000000000000000e+00 0.000000000000000000e+00 9.871794871794872250e-01 0.000000000000000000e+00 
2.361108316108584404e-03 4.482610523700714111e-02 0.000000000000000000e+00 1.000000000000000000e+00 9.935897435897436125e-01 0.000000000000000000e+00 1.000000000000000000e+00 0.000000000000000000e+00 9.871794871794872250e-01 0.000000000000000000e+00 
2.347950823605060577e-03 4.468597099184989929e-02 0.000000000000000000e+00 1.000000000000000000e+00 9.935897435897436125e-01 0.000000000000000000e+00 1.000000000000000000e+00 0.000000000000000000e+00 9.871794871794872250e-01 0.000000000000000000e+00 
2.323374385014176369e-03 4.461676254868507385e-02 0.000000000000000000e+00 1.000000000000000000e+00 9.935897435897436125e-01 0.000000000000000000e+00 1.000000000000000000e+00 0.000000000000000000e+00 9.871794871794872250e-01 0.000000000000000000e+00 
2.326456364244222641e-03 4.462008923292160034e-02 0.000000000000000000e+00 1.000000000000000000e+00 9.935897435897436125e-01 0.000000000000000000e+00 1.000000000000000000e+00 0.000000000000000000e+00 9.871794871794872250e-01 0.000000000000000000e+00 
2.308894880115985870e-03 4.452342167496681213e-02 0.000000000000000000e+00 1.000000000000000000e+00 9.935897435897436125e-01 0.000000000000000000e+00 1.000000000000000000e+00 0.000000000000000000e+00 9.871794871794872250e-01 0.000000000000000000e+00 
2.301813103258609772e-03 4.446501657366752625e-02 0.000000000000000000e+00 1.000000000000000000e+00 9.935897435897436125e-01 0.000000000000000000e+00 1.000000000000000000e+00 0.000000000000000000e+00 9.871794871794872250e-01 0.000000000000000000e+00 
2.280542626976966858e-03 4.448660090565681458e-02 0.000000000000000000e+00 1.000000000000000000e+00 9.935897435897436125e-01 0.000000000000000000e+00 1.000000000000000000e+00 0.000000000000000000e+00 9.871794871794872250e-01 0.000000000000000000e+00 
2.285700291395187378e-03 4.445939883589744568e-02 0.000000000000000000e+00 1.000000000000000000e+00 9.935897435897436125e-01 0.000000000000000000e+00 1.000000000000000000e+00 0.000000000000000000e+00 9.871794871794872250e-01 0.000000000000000000e+00 
2.263755770400166512e-03 4.456237331032752991e-02 0.000000000000000000e+00 1.000000000000000000e+00 9.935897435897436125e-01 0.000000000000000000e+00 1.000000000000000000e+00 0.000000000000000000e+00 9.871794871794872250e-01 0.000000000000000000e+00 
2.262560185045003891e-03 4.465162009000778198e-02 0.000000000000000000e+00 1.000000000000000000e+00 9.935897435897436125e-01 0.000000000000000000e+00 1.000000000000000000e+00 0.000000000000000000e+00 9.871794871794872250e-01 0.000000000000000000e+00 
2.237769775092601776e-03 4.455131664872169495e-02 0.000000000000000000e+00 1.000000000000000000e+00 9.935897435897436125e-01 0.000000000000000000e+00 1.000000000000000000e+00 0.000000000000000000e+00 9.871794871794872250e-01 0.000000000000000000e+00 
2.220844384282827377e-03 4.461066052317619324e-02 0.000000000000000000e+00 1.000000000000000000e+00 9.935897435897436125e-01 0.000000000000000000e+00 1.000000000000000000e+00 0.000000000000000000e+00 9.871794871794872250e-01 0.000000000000000000e+00 
2.218486741185188293e-03 4.482583701610565186e-02 0.000000000000000000e+00 1.000000000000000000e+00 9.935897435897436125e-01 0.000000000000000000e+00 1.000000000000000000e+00 0.000000000000000000e+00 9.871794871794872250e-01 0.000000000000000000e+00 
2.197081223130226135e-03 4.501302167773246765e-02 0.000000000000000000e+00 1.000000000000000000e+00 9.935897435897436125e-01 0.000000000000000000e+00 1.000000000000000000e+00 0.000000000000000000e+00 9.871794871794872250e-01 0.000000000000000000e+00 
2.195147797465324402e-03 4.511287808418273926e-02 0.000000000000000000e+00 1.000000000000000000e+00 9.935897435897436125e-01 0.000000000000000000e+00 1.000000000000000000e+00 0.000000000000000000e+00 9.871794871794872250e-01 0.000000000000000000e+00 
2.192610176280140877e-03 4.492355138063430786e-02 0.000000000000000000e+00 1.000000000000000000e+00 9.935897435897436125e-01 0.000000000000000000e+00 1.000000000000000000e+00 0.000000000000000000e+00 9.871794871794872250e-01 0.000000000000000000e+00 
2.170861931517720222e-03 4.488997906446456909e-02 0.000000000000000000e+00 1.000000000000000000e+00 9.935897435897436125e-01 0.000000000000000000e+00 1.000000000000000000e+00 0.000000000000000000e+00 9.871794871794872250e-01 0.000000000000000000e+00 
2.149382606148719788e-03 4.491453990340232849e-02 0.000000000000000000e+00 1.000000000000000000e+00 9.935897435897436125e-01 0.000000000000000000e+00 1.000000000000000000e+00 0.000000000000000000e+00 9.871794871794872250e-01 0.000000000000000000e+00 
2.147364430129528046e-03 4.488034546375274658e-02 0.000000000000000000e+00 1.000000000000000000e+00 9.935897435897436125e-01 0.000000000000000000e+00 1.000000000000000000e+00 0.000000000000000000e+00 9.871794871794872250e-01 0.000000000000000000e+00 
2.123392419889569283e-03 4.487689211964607239e-02 0.000000000000000000e+00 1.000000000000000000e+00 9.935897435897436125e-01 0.000000000000000000e+00 1.000000000000000000e+00 0.000000000000000000e+00 9.871794871794872250e-01 0.000000000000000000e+00 
2.156030852347612381e-03 4.479816183447837830e-02 0.000000000000000000e+00 1.000000000000000000e+00 9.935897435897436125e-01 0.000000000000000000e+00 1.000000000000000000e+00 0.000000000000000000e+00 9.871794871794872250e-01 0.000000000000000000e+00 
2.111405367031693459e-03 4.463047161698341370e-02 0.000000000000000000e+00 1.000000000000000000e+00 9.935897435897436125e-01 0.000000000000000000e+00 1.000000000000000000e+00 0.000000000000000000e+00 9.871794871794872250e-01 0.000000000000000000e+00 
2.107820473611354828e-03 4.452154040336608887e-02 0.000000000000000000e+00 1.000000000000000000e+00 9.935897435897436125e-01 0.000000000000000000e+00 1.000000000000000000e+00 0.000000000000000000e+00 9.871794871794872250e-01 0.000000000000000000e+00 
2.088510198518633842e-03 4.447940364480018616e-02 0.000000000000000000e+00 1.000000000000000000e+00 9.935897435897436125e-01 0.000000000000000000e+00 1.000000000000000000e+00 0.000000000000000000e+00 9.871794871794872250e-01 0.000000000000000000e+00 
2.077001146972179413e-03 4.442420229315757751e-02 0.000000000000000000e+00 1.000000000000000000e+00 9.935897435897436125e-01 0.000000000000000000e+00 1.000000000000000000e+00 0.000000000000000000e+00 9.871794871794872250e-01 0.000000000000000000e+00 
2.070927526801824570e-03 4.442290216684341431e-02 0.000000000000000000e+00 1.000000000000000000e+00 9.935897435897436125e-01 0.000000000000000000e+00 1.000000000000000000e+00 0.000000000000000000e+00 9.871794871794872250e-01 0.000000000000000000e+00 
2.064938656985759735e-03 4.441055655479431152e-02 0.000000000000000000e+00 1.000000000000000000e+00 9.935897435897436125e-01 0.000000000000000000e+00 1.000000000000000000e+00 0.000000000000000000e+00 9.871794871794872250e-01 0.000000000000000000e+00 
2.045535016804933548e-03 4.438045620918273926e-02 0.000000000000000000e+00 1.000000000000000000e+00 9.935897435897436125e-01 0.000000000000000000e+00 1.000000000000000000e+00 0.000000000000000000e+00 9.871794871794872250e-01 0.000000000000000000e+00 
2.042119391262531281e-03 4.436371475458145142e-02 0.000000000000000000e+00 1.000000000000000000e+00 9.935897435897436125e-01 0.000000000000000000e+00 1.000000000000000000e+00 0.000000000000000000e+00 9.871794871794872250e-01 0.000000000000000000e+00 
2.025452908128499985e-03 4.423551261425018311e-02 0.000000000000000000e+00 1.000000000000000000e+00 9.935897435897436125e-01 0.000000000000000000e+00 1.000000000000000000e+00 0.000000000000000000e+00 9.871794871794872250e-01 0.000000000000000000e+00 
2.016674727201461792e-03 4.402928054332733154e-02 0.000000000000000000e+00 1.000000000000000000e+00 9.935897435897436125e-01 0.000000000000000000e+00 1.000000000000000000e+00 0.000000000000000000e+00 9.871794871794872250e-01 0.000000000000000000e+00 
2.006667898967862129e-03 4.395552352070808411e-02 0.000000000000000000e+00 1.000000000000000000e+00 9.935897435897436125e-01 0.000000000000000000e+00 1.000000000000000000e+00 0.000000000000000000e+00 9.871794871794872250e-01 0.000000000000000000e+00 
1.990865217521786690e-03 4.394115135073661804e-02 0.000000000000000000e+00 1.000000000000000000e+00 9.935897435897436125e-01 0.000000000000000000e+00 1.000000000000000000e+00 0.000000000000000000e+00 9.871794871794872250e-01 0.000000000000000000e+00 
1.981661422178149223e-03 4.393048956990242004e-02 0.000000000000000000e+00 1.000000000000000000e+00 9.935897435897436125e-01 0.000000000000000000e+00 1.000000000000000000e+00 0.000000000000000000e+00 9.871794871794872250e-01 0.000000000000000000e+00 
1.976762432605028152e-03 4.397390037775039673e-02 0.000000000000000000e+00 1.000000000000000000e+00 9.935897435897436125e-01 0.000000000000000000e+00 1.000000000000000000e+00 0.000000000000000000e+00 9.871794871794872250e-01 0.000000000000000000e+00 
1.960694789886474609e-03 4.399247840046882629e-02 0.000000000000000000e+00 1.000000000000000000e+00 9.935897435897436125e-01 0.000000000000000000e+00 1.000000000000000000e+00 0.000000000000000000e+00 9.871794871794872250e-01 0.000000000000000000e+00 
1.958705019205808640e-03 4.405638203024864197e-02 0.000000000000000000e+00 1.000000000000000000e+00 9.935897435897436125e-01 0.000000000000000000e+00 1.000000000000000000e+00 0.000000000000000000e+00 9.871794871794872250e-01 0.000000000000000000e+00 
1.959469169378280640e-03 4.409375414252281189e-02 0.000000000000000000e+00 1.000000000000000000e+00 9.935897435897436125e-01 0.000000000000000000e+00 1.000000000000000000e+00 0.000000000000000000e+00 9.871794871794872250e-01 0.000000000000000000e+00 
1.944244140759110451e-03 4.410300776362419128e-02 0.000000000000000000e+00 1.000000000000000000e+00 9.935897435897436125e-01 0.000000000000000000e+00 1.000000000000000000e+00 0.000000000000000000e+00 9.871794871794872250e-01 0.000000000000000000e+00 
1.924849231727421284e-03 4.410488530993461609e-02 0.000000000000000000e+00 1.000000000000000000e+00 9.935897435897436125e-01 0.000000000000000000e+00 1.000000000000000000e+00 0.000000000000000000e+00 9.871794871794872250e-01 0.000000000000000000e+00 
1.914040069095790386e-03 4.410260170698165894e-02 0.000000000000000000e+00 1.000000000000000000e+00 9.935897435897436125e-01 0.000000000000000000e+00 1.000000000000000000e+00 0.000000000000000000e+00 9.871794871794872250e-01 0.000000000000000000e+00 
1.902514137327671051e-03 4.416084662079811096e-02 0.000000000000000000e+00 1.000000000000000000e+00 9.935897435897436125e-01 0.000000000000000000e+00 1.000000000000000000e+00 0.000000000000000000e+00 9.871794871794872250e-01 0.000000000000000000e+00 
1.905063632875680923e-03 4.414835199713706970e-02 0.000000000000000000e+00 1.000000000000000000e+00 9.935897435897436125e-01 0.000000000000000000e+00 1.000000000000000000e+00 0.000000000000000000e+00 9.871794871794872250e-01 0.000000000000000000e+00 
1.891798339784145355e-03 4.412737488746643066e-02 0.000000000000000000e+00 1.000000000000000000e+00 9.935897435897436125e-01 0.000000000000000000e+00 1.000000000000000000e+00 0.000000000000000000e+00 9.871794871794872250e-01 0.000000000000000000e+00 
1.889980980195105076e-03 4.424572736024856567e-02 0.000000000000000000e+00 1.000000000000000000e+00 9.935897435897436125e-01 0.000000000000000000e+00 1.000000000000000000e+00 0.000000000000000000e+00 9.871794871794872250e-01 0.000000000000000000e+00 
1.864808145910501480e-03 4.427874088287353516e-02 0.000000000000000000e+00 1.000000000000000000e+00 9.935897435897436125e-01 0.000000000000000000e+00 1.000000000000000000e+00 0.000000000000000000e+00 9.871794871794872250e-01 0.000000000000000000e+00 
1.852720975875854492e-03 4.433630406856536865e-02 0.000000000000000000e+00 1.000000000000000000e+00 9.935897435897436125e-01 0.000000000000000000e+00 1.000000000000000000e+00 0.000000000000000000e+00 9.871794871794872250e-01 0.000000000000000000e+00 
1.846605329774320126e-03 4.438523948192596436e-02 0.000000000000000000e+00 1.000000000000000000e+00 9.935897435897436125e-01 0.000000000000000000e+00 1.000000000000000000e+00 0.000000000000000000e+00 9.871794871794872250e-01 0.000000000000000000e+00 
1.840802375227212906e-03 4.446015879511833191e-02 0.000000000000000000e+00 1.000000000000000000e+00 9.935897435897436125e-01 0.000000000000000000e+00 1.000000000000000000e+00 0.000000000000000000e+00 9.871794871794872250e-01 0.000000000000000000e+00 
1.827279804274439812e-03 4.449910297989845276e-02 0.000000000000000000e+00 1.000000000000000000e+00 9.935897435897436125e-01 0.000000000000000000e+00 1.000000000000000000e+00 0.000000000000000000e+00 9.871794871794872250e-01 0.000000000000000000e+00 
1.820780220441520214e-03 4.447947070002555847e-02 0.000000000000000000e+00 1.000000000000000000e+00 9.935897435897436125e-01 0.000000000000000000e+00 1.000000000000000000e+00 0.000000000000000000e+00 9.871794871794872250e-01 0.000000000000000000e+00 
1.811995636671781540e-03 4.467467963695526123e-02 0.000000000000000000e+00 1.000000000000000000e+00 9.935897435897436125e-01 0.000000000000000000e+00 1.000000000000000000e+00 0.000000000000000000e+00 9.871794871794872250e-01 0.000000000000000000e+00 
1.801863079890608788e-03 4.512227326631546021e-02 0.000000000000000000e+00 1.000000000000000000e+00 9.935897435897436125e-01 0.000000000000000000e+00 1.000000000000000000e+00 0.000000000000000000e+00 9.871794871794872250e-01 0.000000000000000000e+00 
1.797649078071117401e-03 4.533575847744941711e-02 0.000000000000000000e+00 1.000000000000000000e+00 9.935897435897436125e-01 0.000000000000000000e+00 1.000000000000000000e+00 0.000000000000000000e+00 9.871794871794872250e-01 0.000000000000000000e+00 
1.781885512173175812e-03 4.548174887895584106e-02 0.000000000000000000e+00 1.000000000000000000e+00 9.935897435897436125e-01 0.000000000000000000e+00 1.000000000000000000e+00 0.000000000000000000e+00 9.871794871794872250e-01 0.000000000000000000e+00 
1.779833459295332432e-03 4.547557234764099121e-02 0.000000000000000000e+00 1.000000000000000000e+00 9.935897435897436125e-01 0.000000000000000000e+00 1.000000000000000000e+00 0.000000000000000000e+00 9.871794871794872250e-01 0.000000000000000000e+00 
1.764931017532944679e-03 4.535898193717002869e-02 0.000000000000000000e+00 1.000000000000000000e+00 9.935897435897436125e-01 0.000000000000000000e+00 1.000000000000000000e+00 0.000000000000000000e+00 9.871794871794872250e-01 0.000000000000000000e+00 
1.758470782078802586e-03 4.517646506428718567e-02 0.000000000000000000e+00 1.000000000000000000e+00 9.935897435897436125e-01 0.000000000000000000e+00 1.000000000000000000e+00 0.000000000000000000e+00 9.871794871794872250e-01 0.000000000000000000e+00 
1.750650350004434586e-03 4.504385590553283691e-02 0.000000000000000000e+00 1.000000000000000000e+00 9.935897435897436125e-01 0.000000000000000000e+00 1.000000000000000000e+00 0.000000000000000000e+00 9.871794871794872250e-01 0.000000000000000000e+00 
1.737784012220799923e-03 4.513901472091674805e-02 0.000000000000000000e+00 1.000000000000000000e+00 9.935897435897436125e-01 0.000000000000000000e+00 1.000000000000000000e+00 0.000000000000000000e+00 9.871794871794872250e-01 0.000000000000000000e+00 
1.732425764203071594e-03 4.511776193976402283e-02 0.000000000000000000e+00 1.000000000000000000e+00 9.935897435897436125e-01 0.000000000000000000e+00 1.000000000000000000e+00 0.000000000000000000e+00 9.871794871794872250e-01 0.000000000000000000e+00 
1.722967950627207756e-03 4.491388797760009766e-02 0.000000000000000000e+00 1.000000000000000000e+00 9.935897435897436125e-01 0.000000000000000000e+00 1.000000000000000000e+00 0.000000000000000000e+00 9.871794871794872250e-01 0.000000000000000000e+00 
1.724336529150605202e-03 4.471240565180778503e-02 0.000000000000000000e+00 1.000000000000000000e+00 9.935897435897436125e-01 0.000000000000000000e+00 1.000000000000000000e+00 0.000000000000000000e+00 9.871794871794872250e-01 0.000000000000000000e+00 
1.706833252683281898e-03 4.451783373951911926e-02 0.000000000000000000e+00 1.000000000000000000e+00 9.935897435897436125e-01 0.000000000000000000e+00 1.000000000000000000e+00 0.000000000000000000e+00 9.871794871794872250e-01 0.000000000000000000e+00 
1.710418844595551491e-03 4.436184093356132507e-02 0.000000000000000000e+00 1.000000000000000000e+00 9.935897435897436125e-01 0.000000000000000000e+00 1.000000000000000000e+00 0.000000000000000000e+00 9.871794871794872250e-01 0.000000000000000000e+00 
1.693421509116888046e-03 4.439171403646469116e-02 0.000000000000000000e+00 1.000000000000000000e+00 9.935897435897436125e-01 0.000000000000000000e+00 1.000000000000000000e+00 0.000000000000000000e+00 9.871794871794872250e-01 0.000000000000000000e+00 
1.684128539636731148e-03 4.435243085026741028e-02 0.000000000000000000e+00 1.000000000000000000e+00 9.935897435897436125e-01 0.000000000000000000e+00 1.000000000000000000e+00 0.000000000000000000e+00 9.871794871794872250e-01 0.000000000000000000e+00 
1.671415870077908039e-03 4.424877092242240906e-02 0.000000000000000000e+00 1.000000000000000000e+00 9.935897435897436125e-01 0.000000000000000000e+00 1.000000000000000000e+00 0.000000000000000000e+00 9.871794871794872250e-01 0.000000000000000000e+00 
1.667907112278044224e-03 4.417921230196952820e-02 0.000000000000000000e+00 1.000000000000000000e+00 9.935897435897436125e-01 0.000000000000000000e+00 1.000000000000000000e+00 0.000000000000000000e+00 9.871794871794872250e-01 0.000000000000000000e+00 
1.659733708947896957e-03 4.411584883928298950e-02 0.000000000000000000e+00 1.000000000000000000e+00 9.935897435897436125e-01 0.000000000000000000e+00 1.000000000000000000e+00 0.000000000000000000e+00 9.871794871794872250e-01 0.000000000000000000e+00 
1.649434678256511688e-03 4.408679157495498657e-02 0.000000000000000000e+00 1.000000000000000000e+00 9.935897435897436125e-01 0.000000000000000000e+00 1.000000000000000000e+00 0.000000000000000000e+00 9.871794871794872250e-01 0.000000000000000000e+00 
1.645640935748815536e-03 4.387585446238517761e-02 0.000000000000000000e+00 1.000000000000000000e+00 9.935897435897436125e-01 0.000000000000000000e+00 1.000000000000000000e+00 0.000000000000000000e+00 9.871794871794872250e-01 0.000000000000000000e+00 
1.635970780625939369e-03 4.368186369538307190e-02 0.000000000000000000e+00 1.000000000000000000e+00 9.935897435897436125e-01 0.000000000000000000e+00 1.000000000000000000e+00 0.000000000000000000e+00 9.871794871794872250e-01 0.000000000000000000e+00 
1.628899946808815002e-03 4.356224462389945984e-02 0.000000000000000000e+00 1.000000000000000000e+00 9.935897435897436125e-01 0.000000000000000000e+00 1.000000000000000000e+00 0.000000000000000000e+00 9.871794871794872250e-01 0.000000000000000000e+00 
1.615034881979227066e-03 4.347092285752296448e-02 0.000000000000000000e+00 1.000000000000000000e+00 9.935897435897436125e-01 0.000000000000000000e+00 1.000000000000000000e+00 0.000000000000000000e+00 9.871794871794872250e-01 0.000000000000000000e+00 
1.607707934454083443e-03 4.344944655895233154e-02 0.000000000000000000e+00 1.000000000000000000e+00 9.935897435897436125e-01 0.000000000000000000e+00 1.000000000000000000e+00 0.000000000000000000e+00 9.871794871794872250e-01 0.000000000000000000e+00 
1.605941914021968842e-03 4.344400763511657715e-02 0.000000000000000000e+00 1.000000000000000000e+00 9.935897435897436125e-01 0.000000000000000000e+00 1.000000000000000000e+00 0.000000000000000000e+00 9.871794871794872250e-01 0.000000000000000000e+00 
1.598355593159794807e-03 4.347549378871917725e-02 0.000000000000000000e+00 1.000000000000000000e+00 9.935897435897436125e-01 0.000000000000000000e+00 1.000000000000000000e+00 0.000000000000000000e+00 9.871794871794872250e-01 0.000000000000000000e+00 
1.582650002092123032e-03 4.355645179748535156e-02 0.000000000000000000e+00 1.000000000000000000e+00 9.935897435897436125e-01 0.000000000000000000e+00 1.000000000000000000e+00 0.000000000000000000e+00 9.871794871794872250e-01 0.000000000000000000e+00 
1.582775963470339775e-03 4.361872002482414246e-02 0.000000000000000000e+00 1.000000000000000000e+00 9.935897435897436125e-01 0.000000000000000000e+00 1.000000000000000000e+00 0.000000000000000000e+00 9.871794871794872250e-01 0.000000000000000000e+00 
1.582639175467193127e-03 4.361132532358169556e-02 0.000000000000000000e+00 1.000000000000000000e+00 9.935897435897436125e-01 0.000000000000000000e+00 1.000000000000000000e+00 0.000000000000000000e+00 9.871794871794872250e-01 0.000000000000000000e+00 
1.557901501655578613e-03 4.363071173429489136e-02 0.000000000000000000e+00 1.000000000000000000e+00 9.935897435897436125e-01 0.000000000000000000e+00 1.000000000000000000e+00 0.000000000000000000e+00 9.871794871794872250e-01 0.000000000000000000e+00 
1.559790223836898804e-03 4.369481280446052551e-02 0.000000000000000000e+00 1.000000000000000000e+00 9.935897435897436125e-01 0.000000000000000000e+00 1.000000000000000000e+00 0.000000000000000000e+00 9.871794871794872250e-01 0.000000000000000000e+00 
1.551713561639189720e-03 4.375044256448745728e-02 0.000000000000000000e+00 1.000000000000000000e+00 9.935897435897436125e-01 0.000000000000000000e+00 1.000000000000000000e+00 0.000000000000000000e+00 9.871794871794872250e-01 0.000000000000000000e+00 
1.555080758407711983e-03 4.376728087663650513e-02 0.000000000000000000e+00 1.000000000000000000e+00 9.935897435897436125e-01 0.000000000000000000e+00 1.000000000000000000e+00 0.000000000000000000e+00 9.871794871794872250e-01 0.000000000000000000e+00 
1.531470799818634987e-03 4.382229968905448914e-02 0.000000000000000000e+00 1.000000000000000000e+00 9.935897435897436125e-01 0.000000000000000000e+00 1.000000000000000000e+00 0.000000000000000000e+00 9.871794871794872250e-01 0.000000000000000000e+00 
1.522195991128683090e-03 4.385553672909736633e-02 0.000000000000000000e+00 1.000000000000000000e+00 9.935897435897436125e-01 0.000000000000000000e+00 1.000000000000000000e+00 0.000000000000000000e+00 9.871794871794872250e-01 0.000000000000000000e+00 
1.527104992419481277e-03 4.395115002989768982e-02 0.000000000000000000e+00 1.000000000000000000e+00 9.935897435897436125e-01 0.000000000000000000e+00 1.000000000000000000e+00 0.000000000000000000e+00 9.871794871794872250e-01 0.000000000000000000e+00 
1.509265508502721786e-03 4.405671358108520508e-02 0.000000000000000000e+00 1.000000000000000000e+00 9.935897435897436125e-01 0.000000000000000000e+00 1.000000000000000000e+00 0.000000000000000000e+00 9.871794871794872250e-01 0.000000000000000000e+00 
1.513393479399383068e-03 4.415095224976539612e-02 0.000000000000000000e+00 1.000000000000000000e+00 9.935897435897436125e-01 0.000000000000000000e+00 1.000000000000000000e+00 0.000000000000000000e+00 9.871794871794872250e-01 0.000000000000000000e+00 
1.500129932537674904e-03 4.415817931294441223e-02 0.000000000000000000e+00 1.000000000000000000e+00 9.935897435897436125e-01 0.000000000000000000e+00 1.000000000000000000e+00 0.000000000000000000e+00 9.871794871794872250e-01 0.000000000000000000e+00 
1.489403890445828438e-03 4.414137452840805054e-02 0.000000000000000000e+00 1.000000000000000000e+00 9.935897435897436125e-01 0.000000000000000000e+00 1.000000000000000000e+00 0.000000000000000000e+00 9.871794871794872250e-01 0.000000000000000000e+00 
1.493472722359001637e-03 4.415339604020118713e-02 0.000000000000000000e+00 1.000000000000000000e+00 9.935897435897436125e-01 0.000000000000000000e+00 1.000000000000000000e+00 0.000000000000000000e+00 9.871794871794872250e-01 0.000000000000000000e+00 
1.484636683017015457e-03 4.411228001117706299e-02 0.000000000000000000e+00 1.000000000000000000e+00 9.935897435897436125e-01 0.000000000000000000e+00 1.000000000000000000e+00 0.000000000000000000e+00 9.871794871794872250e-01 0.000000000000000000e+00 
1.467384165152907372e-03 4.414613544940948486e-02 0.000000000000000000e+00 1.000000000000000000e+00 9.935897435897436125e-01 0.000000000000000000e+00 1.000000000000000000e+00 0.000000000000000000e+00 9.871794871794872250e-01 0.000000000000000000e+00 
1.459168735891580582e-03 4.415394738316535950e-02 0.000000000000000000e+00 1.000000000000000000e+00 9.935897435897436125e-01 0.000000000000000000e+00 1.000000000000000000e+00 0.000000000000000000e+00 9.871794871794872250e-01 0.000000000000000000e+00 
1.454590703360736370e-03 4.413434118032455444e-02 0.000000000000000000e+00 1.000000000000000000e+00 9.935897435897436125e-01 0.000000000000000000e+00 1.000000000000000000e+00 0.000000000000000000e+00 9.871794871794872250e-01 0.000000000000000000e+00 
1.455088146030902863e-03 4.422326758503913879e-02 0.000000000000000000e+00 1.000000000000000000e+00 9.935897435897436125e-01 0.000000000000000000e+00 1.000000000000000000e+00 0.000000000000000000e+00 9.871794871794872250e-01 0.000000000000000000e+00 
1.436747494153678417e-03 4.429702088236808777e-02 0.000000000000000000e+00 1.000000000000000000e+00 9.935897435897436125e-01 0.000000000000000000e+00 1.000000000000000000e+00 0.000000000000000000e+00 9.871794871794872250e-01 0.000000000000000000e+00 
1.438467414118349552e-03 4.442953318357467651e-02 0.000000000000000000e+00 1.000000000000000000e+00 9.935897435897436125e-01 0.000000000000000000e+00 1.000000000000000000e+00 0.000000000000000000e+00 9.871794871794872250e-01 0.000000000000000000e+00 
1.428020186722278595e-03 4.447759687900543213e-02 0.000000000000000000e+00 1.000000000000000000e+00 9.935897435897436125e-01 0.000000000000000000e+00 1.000000000000000000e+00 0.000000000000000000e+00 9.871794871794872250e-01 0.000000000000000000e+00 
1.435402780771255493e-03 4.446953162550926208e-02 0.000000000000000000e+00 1.000000000000000000e+00 9.935897435897436125e-01 0.000000000000000000e+00 1.000000000000000000e+00 0.000000000000000000e+00 9.871794871794872250e-01 0.000000000000000000e+00 
1.419166801497340202e-03 4.444770514965057373e-02 0.000000000000000000e+00 1.000000000000000000e+00 9.935897435897436125e-01 0.000000000000000000e+00 1.000000000000000000e+00 0.000000000000000000e+00 9.871794871794872250e-01 0.000000000000000000e+00 
1.411779783666133881e-03 4.443397372961044312e-02 0.000000000000000000e+00 1.000000000000000000e+00 9.935897435897436125e-01 0.000000000000000000e+00 1.000000000000000000e+00 0.000000000000000000e+00 9.871794871794872250e-01 0.000000000000000000e+00 
1.404209295287728310e-03 4.436485096812248230e-02 0.000000000000000000e+00 1.000000000000000000e+00 9.935897435897436125e-01 0.000000000000000000e+00 1.000000000000000000e+00 0.000000000000000000e+00 9.871794871794872250e-01 0.000000000000000000e+00 
1.398074091412127018e-03 4.426845163106918335e-02 0.000000000000000000e+00 1.000000000000000000e+00 9.935897435897436125e-01 0.000000000000000000e+00 1.000000000000000000e+00 0.000000000000000000e+00 9.871794871794872250e-01 0.000000000000000000e+00 
1.386948628351092339e-03 4.425993189215660095e-02 0.000000000000000000e+00 1.000000000000000000e+00 9.935897435897436125e-01 0.000000000000000000e+00 1.000000000000000000e+00 0.000000000000000000e+00 9.871794871794872250e-01 0.000000000000000000e+00 
1.389560988172888756e-03 4.433652758598327637e-02 0.000000000000000000e+00 1.000000000000000000e+00 9.935897435897436125e-01 0.000000000000000000e+00 1.000000000000000000e+00 0.000000000000000000e+00 9.871794871794872250e-01 0.000000000000000000e+00 
1.384588074870407581e-03 4.429791122674942017e-02 0.000000000000000000e+00 1.000000000000000000e+00 9.935897435897436125e-01 0.000000000000000000e+00 1.000000000000000000e+00 0.000000000000000000e+00 9.871794871794872250e-01 0.000000000000000000e+00 
1.373480423353612423e-03 4.433195292949676514e-02 0.000000000000000000e+00 1.000000000000000000e+00 9.935897435897436125e-01 0.000000000000000000e+00 1.000000000000000000e+00 0.000000000000000000e+00 9.871794871794872250e-01 0.000000000000000000e+00 
1.364242285490036011e-03 4.438007995486259460e-02 0.000000000000000000e+00 1.000000000000000000e+00 9.935897435897436125e-01 0.000000000000000000e+00 1.000000000000000000e+00 0.000000000000000000e+00 9.871794871794872250e-01 0.000000000000000000e+00 
1.357907429337501526e-03 4.442770034074783325e-02 0.000000000000000000e+00 1.000000000000000000e+00 9.935897435897436125e-01 0.000000000000000000e+00 1.000000000000000000e+00 0.000000000000000000e+00 9.871794871794872250e-01 0.000000000000000000e+00 
1.355418236926198006e-03 4.439244046807289124e-02 0.000000000000000000e+00 1.000000000000000000e+00 9.935897435897436125e-01 0.000000000000000000e+00 1.000000000000000000e+00 0.000000000000000000e+00 9.871794871794872250e-01 0.000000000000000000e+00 
1.347198034636676311e-03 4.430932924151420593e-02 0.000000000000000000e+00 1.000000000000000000e+00 9.935897435897436125e-01 0.000000000000000000e+00 1.000000000000000000e+00 0.000000000000000000e+00 9.871794871794872250e-01 0.000000000000000000e+00 
1.337737427093088627e-03 4.423383995890617371e-02 0.000000000000000000e+00 1.000000000000000000e+00 9.935897435897436125e-01 0.000000000000000000e+00 1.000000000000000000e+00 0.000000000000000000e+00 9.871794871794872250e-01 0.000000000000000000e+00 
1.333818538114428520e-03 4.419755563139915466e-02 0.000000000000000000e+00 1.000000000000000000e+00 9.935897435897436125e-01 0.000000000000000000e+00 1.000000000000000000e+00 0.000000000000000000e+00 9.871794871794872250e-01 0.000000000000000000e+00 
1.326962257735431194e-03 4.417976364493370056e-02 0.000000000000000000e+00 1.000000000000000000e+00 9.935897435897436125e-01 0.000000000000000000e+00 1.000000000000000000e+00 0.000000000000000000e+00 9.871794871794872250e-01 0.000000000000000000e+00 
1.317075570113956928e-03 4.419823363423347473e-02 0.000000000000000000e+00 1.000000000000000000e+00 9.935897435897436125e-01 0.000000000000000000e+00 1.000000000000000000e+00 0.000000000000000000e+00 9.871794871794872250e-01 0.000000000000000000e+00 
1.313139800913631916e-03 4.424664378166198730e-02 0.000000000000000000e+00 1.000000000000000000e+00 9.935897435897436125e-01 0.000000000000000000e+00 1.000000000000000000e+00 0.000000000000000000e+00 9.871794871794872250e-01 0.000000000000000000e+00 
1.312812673859298229e-03 4.433483630418777466e-02 0.000000000000000000e+00 1.000000000000000000e+00 9.935897435897436125e-01 0.000000000000000000e+00 1.000000000000000000e+00 0.000000000000000000e+00 9.871794871794872250e-01 0.000000000000000000e+00 
1.298513961955904961e-03 4.450695216655731201e-02 0.000000000000000000e+00 1.000000000000000000e+00 9.935897435897436125e-01 0.000000000000000000e+00 1.000000000000000000e+00 0.000000000000000000e+00 9.871794871794872250e-01 0.000000000000000000e+00 
1.292601344175636768e-03 4.450813680887222290e-02 0.000000000000000000e+00 1.000000000000000000e+00 9.935897435897436125e-01 0.000000000000000000e+00 1.000000000000000000e+00 0.000000000000000000e+00 9.871794871794872250e-01 0.000000000000000000e+00 
1.285959966480731964e-03 4.453191906213760376e-02 0.000000000000000000e+00 1.000000000000000000e+00 9.935897435897436125e-01 0.000000000000000000e+00 1.000000000000000000e+00 0.000000000000000000e+00 9.871794871794872250e-01 0.000000000000000000e+00 
1.294448855333030224e-03 4.458072781562805176e-02 0.000000000000000000e+00 1.000000000000000000e+00 9.935897435897436125e-01 0.000000000000000000e+00 1.000000000000000000e+00 0.000000000000000000e+00 9.871794871794872250e-01 0.000000000000000000e+00 
1.273415749892592430e-03 4.451794177293777466e-02 0.000000000000000000e+00 1.000000000000000000e+00 9.935897435897436125e-01 0.000000000000000000e+00 1.000000000000000000e+00 0.000000000000000000e+00 9.871794871794872250e-01 0.000000000000000000e+00 
