3.581365644931793213e-01 3.593737185001373291e-01 3.588605225086212158e-01 3.595885634422302246e-01 3.594854772090911865e-01 3.598608970642089844e-01 3.595212996006011963e-01 3.588999807834625244e-01 3.594169616699218750e-01 3.605340719223022461e-01 3.594957590103149414e-01 3.567569851875305176e-01 3.628166019916534424e-01 3.595929145812988281e-01 3.612004816532135010e-01 3.590708971023559570e-01 3.605905175209045410e-01 3.594574034214019775e-01 3.603157997131347656e-01 3.610646724700927734e-01 3.608863055706024170e-01 3.614401817321777344e-01 0.000000000000000000e+00 0.000000000000000000e+00 
4.799012385774403811e-04 6.856906693428754807e-04 7.804591441527009010e-04 7.158598164096474648e-04 7.144624250940978527e-04 7.860136684030294418e-04 7.362301694229245186e-04 7.956151384860277176e-04 6.916855345480144024e-04 7.551597082056105137e-04 9.120448376052081585e-04 1.315727480687201023e-03 1.764242886565625668e-03 7.721992442384362221e-04 1.234300551004707813e-03 6.537741282954812050e-04 7.627005688846111298e-04 7.692360086366534233e-04 6.894106045365333557e-04 6.873701349832117558e-04 6.925009074620902538e-04 4.734624526463449001e-04 0.000000000000000000e+00 0.000000000000000000e+00 
4.335291981697082520e-01 4.348683059215545654e-01 4.343240261077880859e-01 4.351548850536346436e-01 4.350693523883819580e-01 4.356140792369842529e-01 4.353985488414764404e-01 4.345812797546386719e-01 4.351181983947753906e-01 4.363991618156433105e-01 4.351689815521240234e-01 4.319677650928497314e-01 4.386879205703735352e-01 4.354270994663238525e-01 4.368917346000671387e-01 4.351049661636352539e-01 4.367967844009399414e-01 4.352825880050659180e-01 4.364139735698699951e-01 4.372975230216979980e-01 4.372334182262420654e-01 4.378504753112792969e-01 0.000000000000000000e+00 0.000000000000000000e+00 
5.441365647129714489e-04 7.693402003496885300e-04 8.789807907305657864e-04 8.142523001879453659e-04 7.969540893100202084e-04 8.936444646678864956e-04 8.342843502759933472e-04 8.977135294117033482e-04 7.767935167066752911e-04 8.587053162045776844e-04 1.045200275257229805e-03 1.571707543917000294e-03 1.942876842804253101e-03 8.742746431380510330e-04 1.396644278429448605e-03 7.486100657843053341e-04 8.713965653441846371e-04 8.665142813697457314e-04 7.783319451846182346e-04 7.725063478574156761e-04 7.879536715336143970e-04 5.367493722587823868e-04 0.000000000000000000e+00 0.000000000000000000e+00 
4.975523352622985840e-01 4.989459812641143799e-01 4.983912706375122070e-01 4.992754161357879639e-01 4.991653561592102051e-01 4.999036490917205811e-01 4.997798204421997070e-01 4.987719655036926270e-01 4.993326365947723389e-01 5.006478428840637207e-01 4.993743598461151123e-01 4.959891438484191895e-01 5.028344988822937012e-01 4.997666776180267334e-01 5.011337399482727051e-01 4.996810257434844971e-01 5.014018416404724121e-01 4.996778964996337891e-01 5.009431242942810059e-01 5.019342303276062012e-01 5.019679069519042969e-01 5.026051402091979980e-01 0.000000000000000000e+00 0.000000000000000000e+00 
5.727454554289579391e-04 8.013609331101179123e-04 9.163434151560068130e-04 8.608758798800408840e-04 8.243534830398857594e-04 9.409184567630290985e-04 8.774996967986226082e-04 9.423291776329278946e-04 8.078335667960345745e-04 9.035483235493302345e-04 1.103033195249736309e-03 1.730559743009507656e-03 1.978120300918817520e-03 9.114795248024165630e-04 1.482093823142349720e-03 7.892376161180436611e-04 9.205487440340220928e-04 8.989577181637287140e-04 8.145847241394221783e-04 8.015501080080866814e-04 8.299337350763380527e-04 5.621124291792511940e-04 0.000000000000000000e+00 0.000000000000000000e+00 
5.363061428070068359e-01 5.376154780387878418e-01 5.371149778366088867e-01 5.380473136901855469e-01 5.378786325454711914e-01 5.387615561485290527e-01 5.387744307518005371e-01 5.375166535377502441e-01 5.382026433944702148e-01 5.394383668899536133e-01 5.381798744201660156e-01 5.348533391952514648e-01 5.414811372756958008e-01 5.387719273567199707e-01 5.399554967880249023e-01 5.388410687446594238e-01 5.405597090721130371e-01 5.387255549430847168e-01 5.400686860084533691e-01 5.411717295646667480e-01 5.412303209304809570e-01 5.418859124183654785e-01 0.000000000000000000e+00 0.000000000000000000e+00 
5.851395544596016407e-04 8.118156110867857933e-04 9.247305570170283318e-04 8.748102700337767601e-04 8.308621472679078579e-04 9.548108791932463646e-04 8.942506974563002586e-04 9.599921759217977524e-04 8.200686424970626831e-04 9.167779353447258472e-04 1.124762580730021000e-03 1.816137810237705708e-03 1.983171794563531876e-03 9.155839798040688038e-04 1.533110043965280056e-03 7.975502521730959415e-04 9.396217647008597851e-04 8.982581784948706627e-04 8.339217165485024452e-04 8.092396310530602932e-04 8.427757420577108860e-04 5.689935642294585705e-04 0.000000000000000000e+00 0.000000000000000000e+00 
5.442469716072082520e-01 5.454943776130676270e-01 5.451098680496215820e-01 5.460153222084045410e-01 5.458378195762634277e-01 5.467841625213623047e-01 5.469318032264709473e-01 5.453972220420837402e-01 5.463334321975708008e-01 5.474380850791931152e-01 5.461913943290710449e-01 5.427749156951904297e-01 5.493894219398498535e-01 5.470462441444396973e-01 5.480390191078186035e-01 5.471776127815246582e-01 5.489741563796997070e-01 5.470229983329772949e-01 5.484002232551574707e-01 5.497100949287414551e-01 5.497075319290161133e-01 5.504344105720520020e-01 0.000000000000000000e+00 0.000000000000000000e+00 
6.029655341990292072e-04 8.341448847204446793e-04 9.426815086044371128e-04 8.949200855568051338e-04 8.526989258825778961e-04 9.791101329028606415e-04 9.233933524228632450e-04 9.906638879328966141e-04 8.435763302259147167e-04 9.343914571218192577e-04 1.161222578957676888e-03 1.913646701723337173e-03 2.031622454524040222e-03 9.283288964070379734e-04 1.577659277245402336e-03 8.095226949080824852e-04 9.679080685600638390e-04 9.063153411261737347e-04 8.619623840786516666e-04 8.244970813393592834e-04 8.592352969571948051e-04 5.846081767231225967e-04 0.000000000000000000e+00 0.000000000000000000e+00 
5.314465761184692383e-01 5.326787233352661133e-01 5.324498414993286133e-01 5.332524776458740234e-01 5.331202745437622070e-01 5.341234207153320312e-01 5.343483090400695801e-01 5.326018333435058594e-01 5.337158441543579102e-01 5.347234010696411133e-01 5.335692167282104492e-01 5.299419164657592773e-01 5.365883111953735352e-01 5.346134901046752930e-01 5.354639887809753418e-01 5.348628759384155273e-01 5.367596745491027832e-01 5.347473621368408203e-01 5.361227393150329590e-01 5.376698374748229980e-01 5.375990271568298340e-01 5.384252667427062988e-01 0.000000000000000000e+00 0.000000000000000000e+00 
6.313722697086632252e-04 8.745490340515971184e-04 9.733668994158506393e-04 9.245169931091368198e-04 8.924551075324416161e-04 1.019883551634848118e-03 9.720118250697851181e-04 1.037771929986774921e-03 8.801516378298401833e-04 9.685552795417606831e-04 1.214381540194153786e-03 2.047087531536817551e-03 2.136940835043787956e-03 9.517545113340020180e-04 1.639121328480541706e-03 8.318832260556519032e-04 1.007803715765476227e-03 9.268292342312633991e-04 9.059737203642725945e-04 8.516329689882695675e-04 8.824098622426390648e-04 6.104959757067263126e-04 0.000000000000000000e+00 0.000000000000000000e+00 
5.097270607948303223e-01 5.109342932701110840e-01 5.108879208564758301e-01 5.115295648574829102e-01 5.114796161651611328e-01 5.125418305397033691e-01 5.128422379493713379e-01 5.108972787857055664e-01 5.121735930442810059e-01 5.130207538604736328e-01 5.120666623115539551e-01 5.082520246505737305e-01 5.148008465766906738e-01 5.133337378501892090e-01 5.140305161476135254e-01 5.136452913284301758e-01 5.156673789024353027e-01 5.136469602584838867e-01 5.149701833724975586e-01 5.167471170425415039e-01 5.166652202606201172e-01 5.176188349723815918e-01 0.000000000000000000e+00 0.000000000000000000e+00 
6.645508110523223877e-04 9.252223535440862179e-04 1.012437045574188232e-03 9.638093179091811180e-04 9.366053272970020771e-04 1.064427313394844532e-03 1.025094301439821720e-03 1.084681367501616478e-03 9.189494303427636623e-04 1.004872261546552181e-03 1.276909490115940571e-03 2.179770730435848236e-03 2.260171808302402496e-03 9.789398172870278358e-04 1.693927682936191559e-03 8.603006717748939991e-04 1.059404807165265083e-03 9.475654806010425091e-04 9.529301896691322327e-04 8.867311989888548851e-04 9.021854493767023087e-04 6.373303476721048355e-04 0.000000000000000000e+00 0.000000000000000000e+00 
4.897727072238922119e-01 4.909061491489410400e-01 4.911012947559356689e-01 4.915529787540435791e-01 4.916118681430816650e-01 4.927330911159515381e-01 4.930638968944549561e-01 4.909813702106475830e-01 4.924067556858062744e-01 4.931246340274810791e-01 4.923791885375976562e-01 4.884380996227264404e-01 4.948376715183258057e-01 4.938036501407623291e-01 4.944801628589630127e-01 4.942152500152587891e-01 4.964314103126525879e-01 4.944249689579010010e-01 4.956511557102203369e-01 4.976924955844879150e-01 4.976011514663696289e-01 4.986597597599029541e-01 0.000000000000000000e+00 0.000000000000000000e+00 
6.965603679418563843e-04 9.712488972581923008e-04 1.050948980264365673e-03 1.006964477710425854e-03 9.818058460950851440e-04 1.099925721064209938e-03 1.078714965842664242e-03 1.132041565142571926e-03 9.539037710055708885e-04 1.033914741128683090e-03 1.338427304290235043e-03 2.310114447027444839e-03 2.380336867645382881e-03 1.007316634058952332e-03 1.743978820741176605e-03 8.858480723574757576e-04 1.107422402128577232e-03 9.631588472984731197e-04 9.963772026821970940e-04 9.215575410053133965e-04 9.188737021759152412e-04 6.616769824177026749e-04 0.000000000000000000e+00 0.000000000000000000e+00 
4.789905548095703125e-01 4.800961315631866455e-01 4.804598391056060791e-01 4.808271229267120361e-01 4.808755517005920410e-01 4.820867776870727539e-01 4.823953211307525635e-01 4.802308678627014160e-01 4.818160235881805420e-01 4.824678897857666016e-01 4.818255603313446045e-01 4.778750240802764893e-01 4.841140508651733398e-01 4.834210276603698730e-01 4.841493666172027588e-01 4.839927852153778076e-01 4.863898456096649170e-01 4.843998849391937256e-01 4.855559468269348145e-01 4.878082871437072754e-01 4.877416193485260010e-01 4.888408482074737549e-01 0.000000000000000000e+00 0.000000000000000000e+00 
7.295990362763404846e-04 1.017350587062537670e-03 1.094517763704061508e-03 1.054923399351537228e-03 1.026051584631204605e-03 1.133859390392899513e-03 1.136360107921063900e-03 1.182208536192774773e-03 9.875026298686861992e-04 1.063325675204396248e-03 1.400144421495497227e-03 2.419095719233155251e-03 2.486809389665722847e-03 1.039041671901941299e-03 1.805830630473792553e-03 9.154900908470153809e-04 1.150600495748221874e-03 9.793657809495925903e-04 1.036525121890008450e-03 9.556862642057240009e-04 9.448495111428201199e-04 6.851021898910403252e-04 0.000000000000000000e+00 0.000000000000000000e+00 
4.789955914020538330e-01 4.800668358802795410e-01 4.806405007839202881e-01 4.809491038322448730e-01 4.810306727886199951e-01 4.822761416435241699e-01 4.825023710727691650e-01 4.803190827369689941e-01 4.820231795310974121e-01 4.827243089675903320e-01 4.820351004600524902e-01 4.782147109508514404e-01 4.842497408390045166e-01 4.838250875473022461e-01 4.845843911170959473e-01 4.846895635128021240e-01 4.872924685478210449e-01 4.852032661437988281e-01 4.863110184669494629e-01 4.887712895870208740e-01 4.887165129184722900e-01 4.898726642131805420e-01 0.000000000000000000e+00 0.000000000000000000e+00 
7.636322989128530025e-04 1.068475539796054363e-03 1.143159577623009682e-03 1.105674775317311287e-03 1.072863000445067883e-03 1.166782923974096775e-03 1.201958279125392437e-03 1.237707445397973061e-03 1.023731310851871967e-03 1.099624205380678177e-03 1.473889220505952835e-03 2.529112854972481728e-03 2.597087761387228966e-03 1.073501422069966793e-03 1.885620295070111752e-03 9.518775041215121746e-04 1.190705224871635437e-03 1.001478871330618858e-03 1.076903776265680790e-03 9.910449152812361717e-04 9.815691737458109856e-04 7.074545137584209442e-04 0.000000000000000000e+00 0.000000000000000000e+00 
4.848629832267761230e-01 4.859080314636230469e-01 4.866923689842224121e-01 4.869276583194732666e-01 4.870671033859252930e-01 4.883498251438140869e-01 4.884971678256988525e-01 4.863241016864776611e-01 4.881416261196136475e-01 4.889247715473175049e-01 4.881159961223602295e-01 4.844133555889129639e-01 4.903863668441772461e-01 4.901553392410278320e-01 4.909650981426239014e-01 4.913144111633300781e-01 4.941613078117370605e-01 4.919061064720153809e-01 4.930298626422882080e-01 4.956247508525848389e-01 4.956077039241790771e-01 4.968357086181640625e-01 0.000000000000000000e+00 0.000000000000000000e+00 
8.001285023055970669e-04 1.123619964346289635e-03 1.197322504594922066e-03 1.159761566668748856e-03 1.121316337957978249e-03 1.204275293275713921e-03 1.268254476599395275e-03 1.294374582357704639e-03 1.063300762325525284e-03 1.141935936175286770e-03 1.549599925056099892e-03 2.649276051670312881e-03 2.703828504309058189e-03 1.110678771510720253e-03 2.002737950533628464e-03 9.953244589269161224e-04 1.229722402058541775e-03 1.033184700645506382e-03 1.116755651310086250e-03 1.031178398989140987e-03 1.025682548061013222e-03 7.293574162758886814e-04 0.000000000000000000e+00 0.000000000000000000e+00 
4.906797111034393311e-01 4.917037189006805420e-01 4.926896691322326660e-01 4.928794205188751221e-01 4.930983185768127441e-01 4.943608939647674561e-01 4.944198429584503174e-01 4.923379719257354736e-01 4.942221939563751221e-01 4.951666891574859619e-01 4.941369295120239258e-01 4.906490445137023926e-01 4.965336918830871582e-01 4.964790344238281250e-01 4.973860681056976318e-01 4.979391694068908691e-01 5.010897517204284668e-01 4.986448884010314941e-01 4.997767806053161621e-01 5.025303363800048828e-01 5.025442838668823242e-01 5.038822293281555176e-01 0.000000000000000000e+00 0.000000000000000000e+00 
8.416294003836810589e-04 1.183852204121649265e-03 1.260675373487174511e-03 1.214869786053895950e-03 1.173419877886772156e-03 1.248397049494087696e-03 1.339060952886939049e-03 1.353997271507978439e-03 1.109365955926477909e-03 1.189077505841851234e-03 1.638926099985837936e-03 2.771698404103517532e-03 2.825044328346848488e-03 1.154526718892157078e-03 2.156007103621959686e-03 1.044869655743241310e-03 1.267642132006585598e-03 1.068119425326585770e-03 1.159681472927331924e-03 1.075592124834656715e-03 1.078361645340919495e-03 7.534893229603767395e-04 0.000000000000000000e+00 0.000000000000000000e+00 
4.941992163658142090e-01 4.951921999454498291e-01 4.963756501674652100e-01 4.965228438377380371e-01 4.968466162681579590e-01 4.980491697788238525e-01 4.980222284793853760e-01 4.960717558860778809e-01 4.980626106262207031e-01 4.991740584373474121e-01 4.978564977645874023e-01 4.946031272411346436e-01 5.004578828811645508e-01 5.005759000778198242e-01 5.016400218009948730e-01 5.023220777511596680e-01 5.058245658874511719e-01 5.031965970993041992e-01 5.043224692344665527e-01 5.072322487831115723e-01 5.073288083076477051e-01 5.087906122207641602e-01 0.000000000000000000e+00 0.000000000000000000e+00 
8.876186911948025227e-04 1.252230489626526833e-03 1.333646359853446484e-03 1.274058478884398937e-03 1.233901828527450562e-03 1.302615040913224220e-03 1.415133825503289700e-03 1.413490972481667995e-03 1.161762396804988384e-03 1.242754049599170685e-03 1.740904757753014565e-03 2.905989997088909149e-03 2.959215780720114708e-03 1.203005434945225716e-03 2.329719020053744316e-03 1.101241912692785263e-03 1.308861770667135715e-03 1.108637778088450432e-03 1.206741319037973881e-03 1.123814145103096962e-03 1.136400620453059673e-03 7.830656832084059715e-04 0.000000000000000000e+00 0.000000000000000000e+00 
4.936684370040893555e-01 4.946056306362152100e-01 4.960517883300781250e-01 4.960523247718811035e-01 4.965614974498748779e-01 4.976335763931274414e-01 4.975473582744598389e-01 4.957875609397888184e-01 4.978518784046173096e-01 4.991535246372222900e-01 4.975122809410095215e-01 4.944337308406829834e-01 5.004791021347045898e-01 5.007061958312988281e-01 5.019378662109375000e-01 5.027316808700561523e-01 5.066229104995727539e-01 5.038481354713439941e-01 5.049363374710083008e-01 5.079662799835205078e-01 5.082742571830749512e-01 5.098026394844055176e-01 0.000000000000000000e+00 0.000000000000000000e+00 
9.382207645103335381e-04 1.331022474914789200e-03 1.421437133103609085e-03 1.342720002867281437e-03 1.304093864746391773e-03 1.371877384372055531e-03 1.496077864430844784e-03 1.472806325182318687e-03 1.225287094712257385e-03 1.306449761614203453e-03 1.859077368862926960e-03 3.068665275350213051e-03 3.122943220660090446e-03 1.262775505892932415e-03 2.525627380236983299e-03 1.171373412944376469e-03 1.357397995889186859e-03 1.158101600594818592e-03 1.261042081750929356e-03 1.176462159492075443e-03 1.204384956508874893e-03 8.175487164407968521e-04 0.000000000000000000e+00 0.000000000000000000e+00 
4.902088046073913574e-01 4.910702705383300781e-01 4.928054809570312500e-01 4.926453530788421631e-01 4.934382438659667969e-01 4.942349195480346680e-01 4.940934777259826660e-01 4.925864636898040771e-01 4.947912395000457764e-01 4.963248372077941895e-01 4.942486584186553955e-01 4.915188550949096680e-01 4.976276159286499023e-01 4.980661571025848389e-01 4.995024502277374268e-01 5.003361701965332031e-01 5.046725869178771973e-01 5.018867254257202148e-01 5.028446912765502930e-01 5.059518218040466309e-01 5.065641999244689941e-01 5.081703066825866699e-01 0.000000000000000000e+00 0.000000000000000000e+00 
9.977299487218260765e-04 1.423700712621212006e-03 1.528251683339476585e-03 1.433444092981517315e-03 1.389422337524592876e-03 1.468964852392673492e-03 1.594082685187458992e-03 1.550412736833095551e-03 1.307554775848984718e-03 1.383245456963777542e-03 2.006670460104942322e-03 3.222230589017271996e-03 3.278953488916158676e-03 1.347816432826220989e-03 2.763469703495502472e-03 1.254676724784076214e-03 1.423986861482262611e-03 1.219709170982241631e-03 1.330216182395815849e-03 1.238294178619980812e-03 1.287644379772245884e-03 8.610597578808665276e-04 0.000000000000000000e+00 0.000000000000000000e+00 
4.871136248111724854e-01 4.879796802997589111e-01 4.898938536643981934e-01 4.895912706851959229e-01 4.907005429267883301e-01 4.912461638450622559e-01 4.910568892955780029e-01 4.897614121437072754e-01 4.921012818813323975e-01 4.939875602722167969e-01 4.914877414703369141e-01 4.890126585960388184e-01 4.952959120273590088e-01 4.958879947662353516e-01 4.974169135093688965e-01 4.984092712402343750e-01 5.032793879508972168e-01 5.004056692123413086e-01 5.013293623924255371e-01 5.045186281204223633e-01 5.053915977478027344e-01 5.071295499801635742e-01 0.000000000000000000e+00 0.000000000000000000e+00 
1.067753648385405540e-03 1.525562256574630737e-03 1.651650178246200085e-03 1.550434506498277187e-03 1.492417650297284126e-03 1.585767255164682865e-03 1.701394561678171158e-03 1.641688519157469273e-03 1.401892863214015961e-03 1.472417148761451244e-03 2.165582031011581421e-03 3.401581197977066040e-03 3.459806088358163834e-03 1.446543377824127674e-03 3.038499271497130394e-03 1.349440659396350384e-03 1.501315855421125889e-03 1.293977955356240273e-03 1.408838783390820026e-03 1.310882158577442169e-03 1.374916755594313145e-03 9.114072890952229500e-04 0.000000000000000000e+00 0.000000000000000000e+00 
4.847863018512725830e-01 4.856347441673278809e-01 4.878518581390380859e-01 4.872989058494567871e-01 4.887673258781433105e-01 4.891288876533508301e-01 4.889009892940521240e-01 4.878011941909790039e-01 4.902900755405426025e-01 4.924594759941101074e-01 4.895889163017272949e-01 4.872520864009857178e-01 4.938273727893829346e-01 4.945323765277862549e-01 4.961723089218139648e-01 4.973602294921875000e-01 5.028020143508911133e-01 4.998061358928680420e-01 5.008186101913452148e-01 5.041471719741821289e-01 5.052284598350524902e-01 5.071259737014770508e-01 0.000000000000000000e+00 0.000000000000000000e+00 
1.147230039350688457e-03 1.641624025069177151e-03 1.785416156053543091e-03 1.687804120592772961e-03 1.610704814083874226e-03 1.715999911539256573e-03 1.822500722482800484e-03 1.747789094224572182e-03 1.502911327406764030e-03 1.575349131599068642e-03 2.327196067199110985e-03 3.634277498349547386e-03 3.667330136522650719e-03 1.553367124870419502e-03 3.316212445497512817e-03 1.453755539841949940e-03 1.586419879458844662e-03 1.377525390125811100e-03 1.495592645369470119e-03 1.396380946971476078e-03 1.465927227400243282e-03 9.707524441182613373e-04 0.000000000000000000e+00 0.000000000000000000e+00 
4.851890504360198975e-01 4.860672652721405029e-01 4.885891675949096680e-01 4.877485036849975586e-01 4.895885288715362549e-01 4.898274838924407959e-01 4.895531535148620605e-01 4.886520504951477051e-01 4.913197159767150879e-01 4.936895966529846191e-01 4.905830025672912598e-01 4.882559478282928467e-01 4.952931106090545654e-01 4.959931075572967529e-01 4.978049099445343018e-01 4.992162287235260010e-01 5.052691698074340820e-01 5.021657943725585938e-01 5.033197402954101562e-01 5.068186521530151367e-01 5.080589652061462402e-01 5.101849436759948730e-01 0.000000000000000000e+00 0.000000000000000000e+00 
1.235455973073840141e-03 1.770544680766761303e-03 1.932007609866559505e-03 1.844304148107767105e-03 1.744052045978605747e-03 1.853310735896229744e-03 1.956798834726214409e-03 1.866012578830122948e-03 1.615233137272298336e-03 1.692652353085577488e-03 2.496529603376984596e-03 3.906047670170664787e-03 3.910170402377843857e-03 1.668708631768822670e-03 3.581183962523937225e-03 1.567259663715958595e-03 1.676712650805711746e-03 1.470135408453643322e-03 1.590583124198019505e-03 1.492723356932401657e-03 1.560840057209134102e-03 1.035797526128590107e-03 0.000000000000000000e+00 0.000000000000000000e+00 
4.873519241809844971e-01 4.881680905818939209e-01 4.910359382629394531e-01 4.899053275585174561e-01 4.921675920486450195e-01 4.922755658626556396e-01 4.919418990612030029e-01 4.913198053836822510e-01 4.941435158252716064e-01 4.968304634094238281e-01 4.934532046318054199e-01 4.910207986831665039e-01 4.986266493797302246e-01 4.993602931499481201e-01 5.013779997825622559e-01 5.030131936073303223e-01 5.097684860229492188e-01 5.065734982490539551e-01 5.079025626182556152e-01 5.115590691566467285e-01 5.130543708801269531e-01 5.153942704200744629e-01 0.000000000000000000e+00 0.000000000000000000e+00 
1.342849573120474815e-03 1.924932585097849369e-03 2.105720806866884232e-03 2.030185656622052193e-03 1.899665920063853264e-03 2.018075669184327126e-03 2.113881986588239670e-03 2.002012217417359352e-03 1.749131013639271259e-03 1.832366222515702248e-03 2.700282027944922447e-03 4.217570181936025620e-03 4.185263998806476593e-03 1.804008963517844677e-03 3.906769677996635437e-03 1.697957632131874561e-03 1.778731937520205975e-03 1.581553835421800613e-03 1.703225658275187016e-03 1.605270430445671082e-03 1.668898272328078747e-03 1.110789715312421322e-03 0.000000000000000000e+00 0.000000000000000000e+00 
4.824299812316894531e-01 4.831571280956268311e-01 4.864269196987152100e-01 4.848397672176361084e-01 4.875853955745697021e-01 4.876868426799774170e-01 4.871331751346588135e-01 4.869463145732879639e-01 4.899700880050659180e-01 4.930413067340850830e-01 4.893766939640045166e-01 4.867599010467529297e-01 4.950414001941680908e-01 4.958789050579071045e-01 4.979862570762634277e-01 4.999678134918212891e-01 5.075384974479675293e-01 5.042870640754699707e-01 5.058035850524902344e-01 5.096828937530517578e-01 5.115503668785095215e-01 5.140836834907531738e-01 0.000000000000000000e+00 0.000000000000000000e+00 
1.471354276873171329e-03 2.107403008267283440e-03 2.305560279637575150e-03 2.262301510199904442e-03 2.082866849377751350e-03 2.217560075223445892e-03 2.297644969075918198e-03 2.158538438379764557e-03 1.909780548885464668e-03 2.002582885324954987e-03 2.948754932731389999e-03 4.583218600600957870e-03 4.492600448429584503e-03 1.965469447895884514e-03 4.325876943767070770e-03 1.852537039667367935e-03 1.907939906232059002e-03 1.724281348288059235e-03 1.845341990701854229e-03 1.738145831041038036e-03 1.802829676307737827e-03 1.201281091198325157e-03 0.000000000000000000e+00 0.000000000000000000e+00 
4.737028479576110840e-01 4.743591248989105225e-01 4.781320989131927490e-01 4.759708344936370850e-01 4.792308807373046875e-01 4.794635176658630371e-01 4.785394072532653809e-01 4.788375794887542725e-01 4.820687770843505859e-01 4.855523109436035156e-01 4.817271828651428223e-01 4.788645505905151367e-01 4.878805279731750488e-01 4.888760447502136230e-01 4.910418987274169922e-01 4.934435188770294189e-01 5.019597411155700684e-01 4.986729323863983154e-01 5.003960728645324707e-01 5.046105980873107910e-01 5.069086551666259766e-01 5.096223354339599609e-01 0.000000000000000000e+00 0.000000000000000000e+00 
1.620538649149239063e-03 2.316401107236742973e-03 2.516010543331503868e-03 2.536524552851915359e-03 2.288467483595013618e-03 2.444554585963487625e-03 2.511230064556002617e-03 2.339173806831240654e-03 2.096947282552719116e-03 2.208163728937506676e-03 3.246804932132363319e-03 5.010478198528289795e-03 4.839790519326925278e-03 2.155863679945468903e-03 4.812917672097682953e-03 2.033240627497434616e-03 2.063152380287647247e-03 1.894584507681429386e-03 2.015441888943314552e-03 1.895282184705138206e-03 1.967248739674687386e-03 1.310167135670781136e-03 0.000000000000000000e+00 0.000000000000000000e+00 
4.728882014751434326e-01 4.736196100711822510e-01 4.778523445129394531e-01 4.752142429351806641e-01 4.789439439773559570e-01 4.794215559959411621e-01 4.780392348766326904e-01 4.789446294307708740e-01 4.822448194026947021e-01 4.860575199127197266e-01 4.823042452335357666e-01 4.788279831409454346e-01 4.890683889389038086e-01 4.899834990501403809e-01 4.926020205020904541e-01 4.952819049358367920e-01 5.047492980957031250e-01 5.013963580131530762e-01 5.033558607101440430e-01 5.080169439315795898e-01 5.106535553932189941e-01 5.135789513587951660e-01 0.000000000000000000e+00 0.000000000000000000e+00 
1.773752155713737011e-03 2.542860340327024460e-03 2.734693232923746109e-03 2.813089871779084206e-03 2.493511652573943138e-03 2.679132623597979546e-03 2.737857867032289505e-03 2.526861382648348808e-03 2.290551317855715752e-03 2.422722056508064270e-03 3.542599268257617950e-03 5.464421119540929794e-03 5.231715738773345947e-03 2.348955953493714333e-03 5.161335226148366928e-03 2.214654115960001945e-03 2.210985403507947922e-03 2.065390581265091896e-03 2.180087380111217499e-03 2.062382409349083900e-03 2.124494174495339394e-03 1.418711035512387753e-03 0.000000000000000000e+00 0.000000000000000000e+00 
4.718516469001770020e-01 4.726486206054687500e-01 4.773854911327362061e-01 4.743039011955261230e-01 4.785103797912597656e-01 4.793210029602050781e-01 4.773650467395782471e-01 4.790836274623870850e-01 4.824137687683105469e-01 4.865747988224029541e-01 4.827992320060729980e-01 4.785389602184295654e-01 4.903008043766021729e-01 4.911315143108367920e-01 4.943668246269226074e-01 4.973618984222412109e-01 5.079107284545898438e-01 5.044905543327331543e-01 5.066537857055664062e-01 5.118311047554016113e-01 5.149224400520324707e-01 5.180183053016662598e-01 0.000000000000000000e+00 0.000000000000000000e+00 
1.943184528499841690e-03 2.801660448312759399e-03 2.978033619001507759e-03 3.118323162198066711e-03 2.718129660934209824e-03 2.947591478005051613e-03 2.987443469464778900e-03 2.734007779508829117e-03 2.500783186405897141e-03 2.662342740222811699e-03 3.876178525388240814e-03 5.955650005489587784e-03 5.662195850163698196e-03 2.559278858825564384e-03 5.587247200310230255e-03 2.412509871646761894e-03 2.374633681029081345e-03 2.256933134049177170e-03 2.364352811127901077e-03 2.242448274046182632e-03 2.297784434631466866e-03 1.538652344606816769e-03 0.000000000000000000e+00 0.000000000000000000e+00 
4.730684459209442139e-01 4.739646911621093750e-01 4.792189896106719971e-01 4.757122099399566650e-01 4.805245101451873779e-01 4.816476404666900635e-01 4.789925515651702881e-01 4.816541373729705811e-01 4.849908649921417236e-01 4.895211756229400635e-01 4.856678247451782227e-01 4.804447293281555176e-01 4.941290020942687988e-01 4.948060810565948486e-01 4.987581074237823486e-01 5.021631121635437012e-01 5.140332579612731934e-01 5.104209780693054199e-01 5.127833485603332520e-01 5.186493992805480957e-01 5.222131609916687012e-01 5.255054831504821777e-01 0.000000000000000000e+00 0.000000000000000000e+00 
2.136242343112826347e-03 3.094710642471909523e-03 3.262102371081709862e-03 3.450940595939755440e-03 2.969311084598302841e-03 3.254939569160342216e-03 3.271077061071991920e-03 2.968793967738747597e-03 2.734605455771088600e-03 2.933019539341330528e-03 4.224050324410200119e-03 6.488722749054431915e-03 6.159422919154167175e-03 2.787177450954914093e-03 6.065385416150093079e-03 2.633287804201245308e-03 2.552996156737208366e-03 2.471379935741424561e-03 2.567686839029192924e-03 2.442607888951897621e-03 2.486106008291244507e-03 1.668467419221997261e-03 0.000000000000000000e+00 0.000000000000000000e+00 
4.641052782535552979e-01 4.652284383773803711e-01 4.710024297237396240e-01 4.670594930648803711e-01 4.724241495132446289e-01 4.740355908870697021e-01 4.705394804477691650e-01 4.742588102817535400e-01 4.776111543178558350e-01 4.825536310672760010e-01 4.785391986370086670e-01 4.722961783409118652e-01 4.881359934806823730e-01 4.887080192565917969e-01 4.934155941009521484e-01 4.974989295005798340e-01 5.109151005744934082e-01 5.070954561233520508e-01 5.096234083175659180e-01 5.165037512779235840e-01 5.204786062240600586e-01 5.241447687149047852e-01 0.000000000000000000e+00 0.000000000000000000e+00 
2.355006523430347443e-03 3.430140204727649689e-03 3.596534719690680504e-03 3.829586319625377655e-03 3.256975905969738960e-03 3.601093776524066925e-03 3.607268910855054855e-03 3.241049824282526970e-03 3.007854567840695381e-03 3.255053423345088959e-03 4.617178346961736679e-03 7.085643708705902100e-03 6.749150343239307404e-03 3.051661187782883644e-03 6.635840050876140594e-03 2.908453112468123436e-03 2.797197084873914719e-03 2.731322310864925385e-03 2.815874293446540833e-03 2.701690187677741051e-03 2.725943922996520996e-03 1.837650313973426819e-03 0.000000000000000000e+00 0.000000000000000000e+00 
4.599661827087402344e-01 4.610999226570129395e-01 4.675794839859008789e-01 4.631647467613220215e-01 4.690902829170227051e-01 4.712918698787689209e-01 4.670388996601104736e-01 4.717936515808105469e-01 4.752777218818664551e-01 4.806812107563018799e-01 4.762800037860870361e-01 4.691405594348907471e-01 4.875221848487854004e-01 4.877715110778808594e-01 4.933644533157348633e-01 4.982263743877410889e-01 5.132588744163513184e-01 5.094699859619140625e-01 5.120264887809753418e-01 5.200144648551940918e-01 5.242983102798461914e-01 5.285481214523315430e-01 0.000000000000000000e+00 0.000000000000000000e+00 
2.585216192528605461e-03 3.782608779147267342e-03 3.954723477363586426e-03 4.225707612931728363e-03 3.560642013326287270e-03 3.969602286815643311e-03 3.974397201091051102e-03 3.535097697749733925e-03 3.297854680567979813e-03 3.588664345443248749e-03 5.038261413574218750e-03 7.728180382400751114e-03 7.355884183198213577e-03 3.332289401441812515e-03 7.231153547763824463e-03 3.191128140315413475e-03 3.049226244911551476e-03 2.995814662426710129e-03 3.068709513172507286e-03 2.967726206406950951e-03 2.964814892038702965e-03 2.006646711379289627e-03 0.000000000000000000e+00 0.000000000000000000e+00 
4.539540112018585205e-01 4.551023840904235840e-01 4.624501764774322510e-01 4.575824141502380371e-01 4.638972282409667969e-01 4.669549465179443359e-01 4.619010388851165771e-01 4.677845835685729980e-01 4.713837504386901855e-01 4.773936271667480469e-01 4.724700152873992920e-01 4.643129706382751465e-01 4.856441915035247803e-01 4.855881333351135254e-01 4.922150969505310059e-01 4.980798363685607910e-01 5.148975253105163574e-01 5.111843943595886230e-01 5.137155055999755859e-01 5.230016708374023438e-01 5.276319980621337891e-01 5.326852798461914062e-01 0.000000000000000000e+00 0.000000000000000000e+00 
2.843243302777409554e-03 4.177710041403770447e-03 4.356053657829761505e-03 4.660983569920063019e-03 3.902942175045609474e-03 4.384639672935009003e-03 4.399056080728769302e-03 3.880449803546071053e-03 3.645296674221754074e-03 3.958594985306262970e-03 5.540867801755666733e-03 8.534750901162624359e-03 8.059317246079444885e-03 3.654472995549440384e-03 7.957739755511283875e-03 3.520040074363350868e-03 3.335170913487672806e-03 3.307947888970375061e-03 3.372628707438707352e-03 3.265950130298733711e-03 3.242093138396739960e-03 2.199039561673998833e-03 0.000000000000000000e+00 0.000000000000000000e+00 
4.540248811244964600e-01 4.552297294139862061e-01 4.633175730705261230e-01 4.582930803298950195e-01 4.648671150207519531e-01 4.691067337989807129e-01 4.634413123130798340e-01 4.702350795269012451e-01 4.744396805763244629e-01 4.806068539619445801e-01 4.752511382102966309e-01 4.663028120994567871e-01 4.906274080276489258e-01 4.903587996959686279e-01 4.979951977729797363e-01 5.050516128540039062e-01 5.236657857894897461e-01 5.202499032020568848e-01 5.228289365768432617e-01 5.332719087600708008e-01 5.382309556007385254e-01 5.442481637001037598e-01 0.000000000000000000e+00 0.000000000000000000e+00 
3.111700294539332390e-03 4.593149758875370026e-03 4.775928333401679993e-03 5.091983359307050705e-03 4.264728166162967682e-03 4.806358367204666138e-03 4.871703218668699265e-03 4.257733933627605438e-03 4.002828150987625122e-03 4.333221819251775742e-03 6.040681619197130203e-03 9.431417100131511688e-03 8.804758079349994659e-03 3.996821586042642593e-03 8.693004027009010315e-03 3.847073297947645187e-03 3.617761190980672836e-03 3.605729434639215469e-03 3.670307574793696404e-03 3.572445362806320190e-03 3.499937709420919418e-03 2.372588263824582100e-03 0.000000000000000000e+00 0.000000000000000000e+00 
4.414450228214263916e-01 4.427225291728973389e-01 4.519580900669097900e-01 4.466440379619598389e-01 4.530985057353973389e-01 4.586731493473052979e-01 4.522861540317535400e-01 4.602202475070953369e-01 4.646037220954895020e-01 4.713678658008575439e-01 4.657206833362579346e-01 4.555044770240783691e-01 4.833402931690216064e-01 4.830694794654846191e-01 4.916675984859466553e-01 5.004435777664184570e-01 5.213425755500793457e-01 5.182576179504394531e-01 5.207883119583129883e-01 5.329752564430236816e-01 5.383192896842956543e-01 5.455609560012817383e-01 0.000000000000000000e+00 0.000000000000000000e+00 
3.404363989830017090e-03 5.035565234720706940e-03 5.248056259006261826e-03 5.546417552977800369e-03 4.657020792365074158e-03 5.290139000862836838e-03 5.370500963181257248e-03 4.671058617532253265e-03 4.425745457410812378e-03 4.778583999723196030e-03 6.622829940170049667e-03 1.044525206089019775e-02 9.720642119646072388e-03 4.393407143652439117e-03 9.761880151927471161e-03 4.265691619366407394e-03 4.007395822554826736e-03 3.997636958956718445e-03 4.072080366313457489e-03 3.946647979319095612e-03 3.871246939525008202e-03 2.618404803797602654e-03 0.000000000000000000e+00 0.000000000000000000e+00 
4.328192770481109619e-01 4.341838061809539795e-01 4.446899294853210449e-01 4.394662678241729736e-01 4.454317390918731689e-01 4.525063335895538330e-01 4.456738233566284180e-01 4.545139372348785400e-01 4.596801102161407471e-01 4.666346013545989990e-01 4.605378508567810059e-01 4.494314789772033691e-01 4.807478189468383789e-01 4.807276725769042969e-01 4.902824163436889648e-01 5.011101961135864258e-01 5.244827270507812500e-01 5.218705534934997559e-01 5.245680809020996094e-01 5.386424064636230469e-01 5.440515279769897461e-01 5.527478456497192383e-01 0.000000000000000000e+00 0.000000000000000000e+00 
3.696981351822614670e-03 5.482910666614770889e-03 5.718657746911048889e-03 5.977453198283910751e-03 5.051540676504373550e-03 5.772645585238933563e-03 5.864243023097515106e-03 5.119685083627700806e-03 4.850164055824279785e-03 5.205869674682617188e-03 7.179057225584983826e-03 1.149683166295289993e-02 1.063453126698732376e-02 4.808781202882528305e-03 1.080953795462846756e-02 4.679505247622728348e-03 4.386365413665771484e-03 4.370199050754308701e-03 4.455754999071359634e-03 4.309774376451969147e-03 4.225478973239660263e-03 2.844322938472032547e-03 0.000000000000000000e+00 0.000000000000000000e+00 
4.172423779964447021e-01 4.186676144599914551e-01 4.307174682617187500e-01 4.248796999454498291e-01 4.308170378208160400e-01 4.386579990386962891e-01 4.310352504253387451e-01 4.416702389717102051e-01 4.461291730403900146e-01 4.545240700244903564e-01 4.481888711452484131e-01 4.347135722637176514e-01 4.707587659358978271e-01 4.714757502079010010e-01 4.820901155471801758e-01 4.955658614635467529e-01 5.223819613456726074e-01 5.204107761383056641e-01 5.230864286422729492e-01 5.394098162651062012e-01 5.454808473587036133e-01 5.556233525276184082e-01 0.000000000000000000e+00 0.000000000000000000e+00 
4.032064229249954224e-03 5.923269782215356827e-03 6.237714085727930069e-03 6.451981142163276672e-03 5.480180960148572922e-03 6.359880324453115463e-03 6.373499054461717606e-03 5.589307285845279694e-03 5.358799360692501068e-03 5.725079681724309921e-03 7.865529507398605347e-03 1.258702855557203293e-02 1.187392510473728180e-02 5.288282409310340881e-03 1.221269182860851288e-02 5.188535433262586594e-03 4.864758346229791641e-03 4.848916549235582352e-03 4.973571281880140305e-03 4.719831049442291260e-03 4.706881474703550339e-03 3.144334768876433372e-03 0.000000000000000000e+00 0.000000000000000000e+00 
4.176794290542602539e-01 4.191432893276214600e-01 4.324791729450225830e-01 4.267484247684478760e-01 4.324596226215362549e-01 4.414575099945068359e-01 4.332886338233947754e-01 4.457570016384124756e-01 4.500295221805572510e-01 4.593930840492248535e-01 4.526124894618988037e-01 4.373745322227478027e-01 4.787018895149230957e-01 4.802372157573699951e-01 4.923633933067321777e-01 5.083485245704650879e-01 5.384544730186462402e-01 5.374265909194946289e-01 5.403512716293334961e-01 5.585742592811584473e-01 5.650402307510375977e-01 5.766633749008178711e-01 0.000000000000000000e+00 0.000000000000000000e+00 
4.420740529894828796e-03 6.452974863350391388e-03 6.806273013353347778e-03 6.984970066696405411e-03 5.989304743707180023e-03 6.986715365201234818e-03 6.947229616343975067e-03 6.119983270764350891e-03 5.914975889027118683e-03 6.278476212173700333e-03 8.557868190109729767e-03 1.389620918780565262e-02 1.316885557025671005e-02 5.783065687865018845e-03 1.343313232064247131e-02 5.666621029376983643e-03 5.292021669447422028e-03 5.264569539576768875e-03 5.427111871540546417e-03 5.079074762761592865e-03 5.080164410173892975e-03 3.351514926180243492e-03 0.000000000000000000e+00 0.000000000000000000e+00 
4.079612195491790771e-01 4.094418883323669434e-01 4.243132770061492920e-01 4.184795320034027100e-01 4.239415824413299561e-01 4.338414072990417480e-01 4.247030019760131836e-01 4.395999312400817871e-01 4.430999755859375000e-01 4.537403285503387451e-01 4.466441869735717773e-01 4.289838075637817383e-01 4.766347706317901611e-01 4.792821705341339111e-01 4.930875301361083984e-01 5.121988058090209961e-01 5.463621616363525391e-01 5.467097163200378418e-01 5.496612787246704102e-01 5.703440904617309570e-01 5.776479840278625488e-01 5.908392071723937988e-01 0.000000000000000000e+00 0.000000000000000000e+00 
4.813411273062229156e-03 6.951713003218173981e-03 7.356295827776193619e-03 7.493248675018548965e-03 6.504546385258436203e-03 7.650382816791534424e-03 7.497309241443872452e-03 6.648037582635879517e-03 6.525536533445119858e-03 6.924542598426342010e-03 9.300024248659610748e-03 1.526197046041488647e-02 1.472649816423654556e-02 6.335732527077198029e-03 1.487639360129833221e-02 6.227777805179357529e-03 5.822617094963788986e-03 5.768060218542814255e-03 6.008941680192947388e-03 5.495780147612094879e-03 5.561541765928268433e-03 3.625376848503947258e-03 0.000000000000000000e+00 0.000000000000000000e+00 
3.866423070430755615e-01 3.881487846374511719e-01 4.042418897151947021e-01 3.988819718360900879e-01 4.037492573261260986e-01 4.142843782901763916e-01 4.036546349525451660e-01 4.214568436145782471e-01 4.230197072029113770e-01 4.355729818344116211e-01 4.291790425777435303e-01 4.065167009830474854e-01 4.638208150863647461e-01 4.671087861061096191e-01 4.825478494167327881e-01 5.054374337196350098e-01 5.443615317344665527e-01 5.469102859497070312e-01 5.495653152465820312e-01 5.737978219985961914e-01 5.823267698287963867e-01 5.972540378570556641e-01 0.000000000000000000e+00 0.000000000000000000e+00 
5.186961032450199127e-03 7.352147251367568970e-03 7.798088714480400085e-03 7.922959513962268829e-03 6.973402108997106552e-03 8.310799486935138702e-03 7.961443625390529633e-03 7.206895388662815094e-03 7.161692250519990921e-03 7.662786170840263367e-03 1.004280801862478256e-02 1.661314629018306732e-02 1.641392335295677185e-02 6.968216039240360260e-03 1.662287861108779907e-02 6.881895940750837326e-03 6.486678961664438248e-03 6.370744202286005020e-03 6.775779183954000473e-03 5.998394452035427094e-03 6.173754576593637466e-03 4.001484718173742294e-03 0.000000000000000000e+00 0.000000000000000000e+00 
3.712497949600219727e-01 3.735716938972473145e-01 3.898291885852813721e-01 3.864714801311492920e-01 3.902542293071746826e-01 4.019627273082733154e-01 3.902474045753479004e-01 4.102730453014373779e-01 4.116438329219818115e-01 4.251369535923004150e-01 4.190932512283325195e-01 3.938646316528320312e-01 4.588106274604797363e-01 4.638378322124481201e-01 4.818622767925262451e-01 5.083033442497253418e-01 5.522252321243286133e-01 5.573391318321228027e-01 5.602229237556457520e-01 5.875226259231567383e-01 5.967062115669250488e-01 6.137879490852355957e-01 0.000000000000000000e+00 0.000000000000000000e+00 
5.541773047298192978e-03 7.742605172097682953e-03 8.247080259025096893e-03 8.349568583071231842e-03 7.424535229802131653e-03 8.937872946262359619e-03 8.389704860746860504e-03 7.753786165267229080e-03 7.730658631771802902e-03 8.305340074002742767e-03 1.072587352246046066e-02 1.776690594851970673e-02 1.782192476093769073e-02 7.565711624920368195e-03 1.813905686140060425e-02 7.494086865335702896e-03 7.069336716085672379e-03 6.891152821481227875e-03 7.394363638013601303e-03 6.430276669561862946e-03 6.668990477919578552e-03 4.274833947420120239e-03 0.000000000000000000e+00 0.000000000000000000e+00 
3.541162014007568359e-01 3.576728701591491699e-01 3.737370073795318604e-01 3.728215694427490234e-01 3.755775690078735352e-01 3.884181976318359375e-01 3.768011033535003662e-01 3.980090916156768799e-01 4.004456102848052979e-01 4.140636622905731201e-01 4.081689715385437012e-01 3.830939531326293945e-01 4.532471597194671631e-01 4.607830941677093506e-01 4.829177260398864746e-01 5.125593543052673340e-01 5.613477826118469238e-01 5.693197250366210938e-01 5.731856226921081543e-01 6.031243205070495605e-01 6.126632690429687500e-01 6.323691010475158691e-01 0.000000000000000000e+00 0.000000000000000000e+00 
5.827395245432853699e-03 8.065135218203067780e-03 8.625642396509647369e-03 8.726824074983596802e-03 7.815013639628887177e-03 9.450748562812805176e-03 8.750040084123611450e-03 8.254840038716793060e-03 8.233999833464622498e-03 8.863817900419235229e-03 1.136543322354555130e-02 1.877960562705993652e-02 1.902830600738525391e-02 8.130281232297420502e-03 1.957716420292854309e-02 8.098730817437171936e-03 7.631428539752960205e-03 7.354903966188430786e-03 7.897763513028621674e-03 6.825101561844348907e-03 7.122850976884365082e-03 4.494821187108755112e-03 0.000000000000000000e+00 0.000000000000000000e+00 
3.346298038959503174e-01 3.392950296401977539e-01 3.543414473533630371e-01 3.565323054790496826e-01 3.584709763526916504e-01 3.717286586761474609e-01 3.597350418567657471e-01 3.826903700828552246e-01 3.851141035556793213e-01 3.995715379714965820e-01 3.950121402740478516e-01 3.674228191375732422e-01 4.463969171047210693e-01 4.561407268047332764e-01 4.828226268291473389e-01 5.160157680511474609e-01 5.697746872901916504e-01 5.820550918579101562e-01 5.866276025772094727e-01 6.197772622108459473e-01 6.300429105758666992e-01 6.522411704063415527e-01 0.000000000000000000e+00 0.000000000000000000e+00 
6.094563286751508713e-03 8.295996114611625671e-03 8.909205906093120575e-03 9.068436920642852783e-03 8.174007758498191833e-03 9.949374012649059296e-03 9.002724662423133850e-03 8.763917721807956696e-03 8.714628405869007111e-03 9.440369904041290283e-03 1.201771572232246399e-02 1.956268213689327240e-02 2.026523649692535400e-02 8.739561773836612701e-03 2.114301547408103943e-02 8.757671341300010681e-03 8.233328349888324738e-03 7.862051017582416534e-03 8.445891551673412323e-03 7.203193381428718567e-03 7.602044381201267242e-03 4.730821121484041214e-03 0.000000000000000000e+00 0.000000000000000000e+00 
3.186903297901153564e-01 3.245945870876312256e-01 3.382718563079833984e-01 3.440701067447662354e-01 3.451806008815765381e-01 3.589821457862854004e-01 3.475116491317749023e-01 3.715051412582397461e-01 3.747529983520507812e-01 3.895986080169677734e-01 3.864184916019439697e-01 3.577536940574645996e-01 4.453376531600952148e-01 4.579491317272186279e-01 4.904257059097290039e-01 5.271219015121459961e-01 5.856177210807800293e-01 6.021986007690429688e-01 6.081202626228332520e-01 6.438165307044982910e-01 6.545291543006896973e-01 6.790179610252380371e-01 0.000000000000000000e+00 0.000000000000000000e+00 
6.341794971376657486e-03 8.555678650736808777e-03 9.260191582143306732e-03 9.477281011641025543e-03 8.554818108677864075e-03 1.042948383837938309e-02 9.308074600994586945e-03 9.292475879192352295e-03 9.203510358929634094e-03 9.988428093492984772e-03 1.274955924600362778e-02 2.058157138526439667e-02 2.147596515715122223e-02 9.361996315419673920e-03 2.265114150941371918e-02 9.392739273607730865e-03 8.755936287343502045e-03 8.273307234048843384e-03 8.800586685538291931e-03 7.445496506989002228e-03 7.904864847660064697e-03 4.843323491513729095e-03 0.000000000000000000e+00 0.000000000000000000e+00 
2.878120243549346924e-01 2.942215204238891602e-01 3.056105077266693115e-01 3.154398500919342041e-01 3.148820400238037109e-01 3.292968869209289551e-01 3.174405694007873535e-01 3.418276906013488770e-01 3.441806137561798096e-01 3.605680763721466064e-01 3.603243529796600342e-01 3.277084529399871826e-01 4.243531823158264160e-01 4.410872757434844971e-01 4.788381755352020264e-01 5.198714137077331543e-01 5.847555398941040039e-01 6.075309514999389648e-01 6.150009036064147949e-01 6.542228460311889648e-01 6.669807434082031250e-01 6.943441629409790039e-01 0.000000000000000000e+00 0.000000000000000000e+00 
6.367481313645839691e-03 8.481725119054317474e-03 9.335837326943874359e-03 9.611321613192558289e-03 8.638296276330947876e-03 1.063109096139669418e-02 9.200965985655784607e-03 9.580869227647781372e-03 9.442396461963653564e-03 1.038848329335451126e-02 1.326112914830446243e-02 2.088393457233905792e-02 2.240098454058170319e-02 1.010569371283054352e-02 2.431195229291915894e-02 1.013560034334659576e-02 9.532428346574306488e-03 8.928493596613407135e-03 9.460042230784893036e-03 7.906161248683929443e-03 8.491355925798416138e-03 5.129574332386255264e-03 0.000000000000000000e+00 0.000000000000000000e+00 
2.683257162570953369e-01 2.752904891967773438e-01 2.859243154525756836e-01 2.989485859870910645e-01 2.972567975521087646e-01 3.124403953552246094e-01 3.023507595062255859e-01 3.270988762378692627e-01 3.301865160465240479e-01 3.464993238449096680e-01 3.488821983337402344e-01 3.175299167633056641e-01 4.211152493953704834e-01 4.416887760162353516e-01 4.859996140003204346e-01 5.324931740760803223e-01 6.023927330970764160e-01 6.298474073410034180e-01 6.399827003479003906e-01 6.809482574462890625e-01 6.938635110855102539e-01 7.235322594642639160e-01 0.000000000000000000e+00 0.000000000000000000e+00 
6.418086588382720947e-03 8.532638661563396454e-03 9.544091299176216125e-03 9.877136908471584320e-03 8.841304108500480652e-03 1.086654234677553177e-02 9.402343071997165680e-03 9.987549856305122375e-03 9.765876457095146179e-03 1.072294730693101883e-02 1.395787484943866730e-02 2.191705442965030670e-02 2.336766570806503296e-02 1.078339386731386185e-02 2.590468525886535645e-02 1.079574599862098694e-02 1.008635852485895157e-02 9.263267740607261658e-03 9.636370465159416199e-03 8.044447749853134155e-03 8.602433837950229645e-03 5.090653430670499802e-03 0.000000000000000000e+00 0.000000000000000000e+00 
2.485255748033523560e-01 2.555938065052032471e-01 2.659291923046112061e-01 2.817815542221069336e-01 2.788637578487396240e-01 2.946630716323852539e-01 2.872467041015625000e-01 3.115214705467224121e-01 3.150988817214965820e-01 3.315833210945129395e-01 3.378274440765380859e-01 3.089594244956970215e-01 4.175841808319091797e-01 4.428859651088714600e-01 4.945152997970581055e-01 5.465285778045654297e-01 6.215587258338928223e-01 6.537953615188598633e-01 6.671324372291564941e-01 7.093548178672790527e-01 7.220349311828613281e-01 7.533431053161621094e-01 0.000000000000000000e+00 0.000000000000000000e+00 
6.409049965441226959e-03 8.511623367667198181e-03 9.693897329270839691e-03 1.006423681974411011e-02 8.971984498202800751e-03 1.103504933416843414e-02 9.567380882799625397e-03 1.033620536327362061e-02 1.003949344158172607e-02 1.097781211137771606e-02 1.464902050793170929e-02 2.333478443324565887e-02 2.430120483040809631e-02 1.149340812116861343e-02 2.742600440979003906e-02 1.146032568067312241e-02 1.064691971987485886e-02 9.534500539302825928e-03 9.723996743559837341e-03 8.074869401752948761e-03 8.588630706071853638e-03 4.955099429935216904e-03 0.000000000000000000e+00 0.000000000000000000e+00 
2.119514197111129761e-01 2.174970209598541260e-01 2.271146029233932495e-01 2.439671009778976440e-01 2.400811016559600830e-01 2.554422914981842041e-01 2.485567182302474976e-01 2.711634635925292969e-01 2.735693454742431641e-01 2.916550338268280029e-01 3.019753396511077881e-01 2.736042439937591553e-01 3.825681507587432861e-01 4.141820371150970459e-01 4.702133536338806152e-01 5.299396514892578125e-01 6.142081022262573242e-01 6.543934345245361328e-01 6.714991331100463867e-01 7.168937325477600098e-01 7.324793338775634766e-01 7.666393518447875977e-01 0.000000000000000000e+00 0.000000000000000000e+00 
5.978604778647422791e-03 7.955587469041347504e-03 9.309665299952030182e-03 9.620682336390018463e-03 8.588287048041820526e-03 1.067193970084190369e-02 8.933156728744506836e-03 1.005178224295377731e-02 9.623773396015167236e-03 1.084847468882799149e-02 1.470824982970952988e-02 2.349952608346939087e-02 2.472537755966186523e-02 1.217052806168794632e-02 2.958075888454914093e-02 1.235620304942131042e-02 1.159488130360841751e-02 1.027291826903820038e-02 1.039934437721967697e-02 8.569071069359779358e-03 9.089308790862560272e-03 5.155947525054216385e-03 0.000000000000000000e+00 0.000000000000000000e+00 
1.968881189823150635e-01 2.020669579505920410e-01 2.122215330600738525e-01 2.309085428714752197e-01 2.266413420438766479e-01 2.416603118181228638e-01 2.379820346832275391e-01 2.603895366191864014e-01 2.629989087581634521e-01 2.808693945407867432e-01 2.971994578838348389e-01 2.728206813335418701e-01 3.845722079277038574e-01 4.228272438049316406e-01 4.870197772979736328e-01 5.541149973869323730e-01 6.428027749061584473e-01 6.872776746749877930e-01 7.083995342254638672e-01 7.527882456779479980e-01 7.674270272254943848e-01 8.007228374481201172e-01 0.000000000000000000e+00 0.000000000000000000e+00 
5.968866869807243347e-03 7.935597561299800873e-03 9.403059259057044983e-03 9.759788401424884796e-03 8.708574809134006500e-03 1.079960353672504425e-02 9.152362123131752014e-03 1.041199266910552979e-02 9.859720245003700256e-03 1.107842475175857544e-02 1.549349725246429443e-02 2.586358040571212769e-02 2.610676176846027374e-02 1.289192307740449905e-02 3.125027939677238464e-02 1.297652348875999451e-02 1.201232615858316422e-02 1.029257290065288544e-02 1.008787378668785095e-02 8.239094167947769165e-03 8.593006990849971771e-03 4.709809552878141403e-03 0.000000000000000000e+00 0.000000000000000000e+00 
1.751671582460403442e-01 1.791766136884689331e-01 1.894463300704956055e-01 2.088810354471206665e-01 2.044496089220046997e-01 2.185402959585189819e-01 2.168206721544265747e-01 2.381713092327117920e-01 2.404365539550781250e-01 2.581402361392974854e-01 2.798886895179748535e-01 2.586341798305511475e-01 3.706480264663696289e-01 4.167685806751251221e-01 4.875056445598602295e-01 5.635650753974914551e-01 6.580948233604431152e-01 7.082360386848449707e-01 7.342966794967651367e-01 7.779363989830017090e-01 7.930751442909240723e-01 8.256835937500000000e-01 0.000000000000000000e+00 0.000000000000000000e+00 
5.735293496400117874e-03 7.591375149786472321e-03 9.103655815124511719e-03 9.489243850111961365e-03 8.528516627848148346e-03 1.063563022762537003e-02 8.877317421138286591e-03 1.034796610474586487e-02 9.644451551139354706e-03 1.099587418138980865e-02 1.581296324729919434e-02 2.730510570108890533e-02 2.720517851412296295e-02 1.353580038994550705e-02 3.313959017395973206e-02 1.364585105329751968e-02 1.258923858404159546e-02 1.047665346413850784e-02 9.919318370521068573e-03 8.064992725849151611e-03 8.249165490269660950e-03 4.383341874927282333e-03 0.000000000000000000e+00 0.000000000000000000e+00 
1.467272490262985229e-01 1.482036113739013672e-01 1.571642011404037476e-01 1.755816638469696045e-01 1.724830716848373413e-01 1.840543448925018311e-01 1.816052943468093872e-01 2.002400606870651245e-01 2.019539028406143188e-01 2.193993479013442993e-01 2.436726689338684082e-01 2.244133204221725464e-01 3.309159874916076660e-01 3.849839568138122559e-01 4.592792093753814697e-01 5.453706383705139160e-01 6.515904664993286133e-01 7.104334831237792969e-01 7.432304024696350098e-01 7.879071235656738281e-01 8.061255812644958496e-01 8.399779200553894043e-01 0.000000000000000000e+00 0.000000000000000000e+00 
5.204148124903440475e-03 6.791968364268541336e-03 8.190422318875789642e-03 8.551276288926601410e-03 7.956058718264102936e-03 1.005690358579158783e-02 7.808246184140443802e-03 9.579172357916831970e-03 8.599365130066871643e-03 1.036465819925069809e-02 1.527349650859832764e-02 2.675640396773815155e-02 2.738223224878311157e-02 1.406371779739856720e-02 3.549053519964218140e-02 1.455098390579223633e-02 1.348436716943979263e-02 1.116991974413394928e-02 1.031148526817560196e-02 8.346753194928169250e-03 8.403605781495571136e-03 4.331375472247600555e-03 0.000000000000000000e+00 0.000000000000000000e+00 
1.294456571340560913e-01 1.295322030782699585e-01 1.379289329051971436e-01 1.560425609350204468e-01 1.540112346410751343e-01 1.640644520521163940e-01 1.624280661344528198e-01 1.797975301742553711e-01 1.810165345668792725e-01 1.975456923246383667e-01 2.253490090370178223e-01 2.105097323656082153e-01 3.135767877101898193e-01 3.762013912200927734e-01 4.566836059093475342e-01 5.525040030479431152e-01 6.657381057739257812e-01 7.304064631462097168e-01 7.688076496124267578e-01 8.112841844558715820e-01 8.296354413032531738e-01 8.618614077568054199e-01 0.000000000000000000e+00 0.000000000000000000e+00 
4.885089583694934845e-03 6.225813180208206177e-03 7.625345606356859207e-03 8.013394661247730255e-03 7.702103815972805023e-03 9.743160568177700043e-03 7.354073692113161087e-03 9.305022656917572021e-03 8.055697195231914520e-03 9.932505898177623749e-03 1.514744851738214493e-02 2.727273665368556976e-02 2.782212942838668823e-02 1.461913529783487320e-02 3.734295442700386047e-02 1.516175549477338791e-02 1.395780779421329498e-02 1.128004211932420731e-02 9.928758256137371063e-03 7.980180904269218445e-03 7.839145138859748840e-03 3.886173246428370476e-03 0.000000000000000000e+00 0.000000000000000000e+00 
1.187841966748237610e-01 1.183939203619956970e-01 1.270245015621185303e-01 1.457618623971939087e-01 1.439359635114669800e-01 1.533138751983642578e-01 1.535783112049102783e-01 1.711625605821609497e-01 1.716128885746002197e-01 1.871961653232574463e-01 2.198917418718338013e-01 2.102251946926116943e-01 3.146392405033111572e-01 3.868474364280700684e-01 4.752067625522613525e-01 5.818678736686706543e-01 6.961148381233215332e-01 7.633343338966369629e-01 8.047555685043334961e-01 8.422577977180480957e-01 8.585819602012634277e-01 8.864387273788452148e-01 0.000000000000000000e+00 0.000000000000000000e+00 
4.722102545201778412e-03 5.899042356759309769e-03 7.404497824609279633e-03 7.856230251491069794e-03 7.708797231316566467e-03 9.658364579081535339e-03 7.360009942203760147e-03 9.415123611688613892e-03 7.949101738631725311e-03 9.789091534912586212e-03 1.545132696628570557e-02 2.876623906195163727e-02 2.879554592072963715e-02 1.525027770549058914e-02 3.887016698718070984e-02 1.543873641639947891e-02 1.398278772830963135e-02 1.078263670206069946e-02 8.864404633641242981e-03 6.995032541453838348e-03 6.636767182499170303e-03 3.182561835274100304e-03 0.000000000000000000e+00 0.000000000000000000e+00 
9.823824465274810791e-02 9.712951630353927612e-02 1.046851947903633118e-01 1.204450577497482300e-01 1.206016018986701965e-01 1.274890452623367310e-01 1.276553273200988770e-01 1.429748088121414185e-01 1.415694504976272583e-01 1.552023589611053467e-01 1.875994354486465454e-01 1.835598945617675781e-01 2.740896940231323242e-01 3.544778525829315186e-01 4.465448856353759766e-01 5.627380013465881348e-01 6.889593601226806641e-01 7.644009590148925781e-01 8.123981952667236328e-01 8.503879904747009277e-01 8.680965900421142578e-01 8.961755633354187012e-01 0.000000000000000000e+00 0.000000000000000000e+00 
3.996792249381542206e-03 5.019492469727993011e-03 6.636503152549266815e-03 6.733706220984458923e-03 7.072668988257646561e-03 8.720057085156440735e-03 6.501618307083845139e-03 8.575702086091041565e-03 6.778622511774301529e-03 8.466778323054313660e-03 1.430058479309082031e-02 2.725851722061634064e-02 2.712354250252246857e-02 1.546090934425592422e-02 4.033400118350982666e-02 1.625487022101879120e-02 1.474969740957021713e-02 1.127007510513067245e-02 9.023414924740791321e-03 7.037075702100992203e-03 6.536958273500204086e-03 3.023735247552394867e-03 0.000000000000000000e+00 0.000000000000000000e+00 
8.512801676988601685e-02 8.389764279127120972e-02 9.102223813533782959e-02 1.049964353442192078e-01 1.063676476478576660e-01 1.119247674942016602e-01 1.128280311822891235e-01 1.269327998161315918e-01 1.247407495975494385e-01 1.365718394517898560e-01 1.702352762222290039e-01 1.711499243974685669e-01 2.536132037639617920e-01 3.428541421890258789e-01 4.406625628471374512e-01 5.668810606002807617e-01 6.987475156784057617e-01 7.791180014610290527e-01 8.304042220115661621e-01 8.666033744812011719e-01 8.834722638130187988e-01 9.094147086143493652e-01 0.000000000000000000e+00 0.000000000000000000e+00 
3.537719370797276497e-03 4.458336625248193741e-03 6.141996942460536957e-03 6.019099149852991104e-03 6.744631566107273102e-03 8.089510723948478699e-03 6.118649616837501526e-03 8.081717416644096375e-03 6.195525638759136200e-03 7.757199462503194809e-03 1.374405156821012497e-02 2.693859115242958069e-02 2.616895176470279694e-02 1.577503979206085205e-02 4.146979004144668579e-02 1.677314564585685730e-02 1.512278523296117783e-02 1.119867339730262756e-02 8.577170781791210175e-03 6.527906749397516251e-03 5.899228621274232864e-03 2.631892217323184013e-03 0.000000000000000000e+00 0.000000000000000000e+00 
7.681804150342941284e-02 7.571832090616226196e-02 8.275629580020904541e-02 9.592030942440032959e-02 9.785798937082290649e-02 1.029300466179847717e-01 1.047463268041610718e-01 1.191584542393684387e-01 1.167585775256156921e-01 1.276419162750244141e-01 1.639591753482818604e-01 1.696792691946029663e-01 2.504654526710510254e-01 3.495667874813079834e-01 4.552539288997650146e-01 5.916204452514648438e-01 7.225157022476196289e-01 8.035995364189147949e-01 8.544659614562988281e-01 8.868521451950073242e-01 9.013877511024475098e-01 9.233887791633605957e-01 0.000000000000000000e+00 0.000000000000000000e+00 
3.315118607133626938e-03 4.101763479411602020e-03 5.879516247659921646e-03 5.609255284070968628e-03 6.615810096263885498e-03 7.741286884993314743e-03 5.929343402385711670e-03 7.963328622281551361e-03 6.070114206522703171e-03 7.660109084099531174e-03 1.379801984876394272e-02 2.818576060235500336e-02 2.633450366556644440e-02 1.629974879324436188e-02 4.262577369809150696e-02 1.695366203784942627e-02 1.507290545850992203e-02 1.061287801712751389e-02 7.633547764271497726e-03 5.599744617938995361e-03 4.921539220958948135e-03 2.134153386577963829e-03 0.000000000000000000e+00 0.000000000000000000e+00 
6.582409888505935669e-02 6.472264975309371948e-02 7.114256173372268677e-02 8.179935067892074585e-02 8.495576679706573486e-02 8.827671408653259277e-02 9.084559977054595947e-02 1.031597703695297241e-01 1.008310541510581970e-01 1.101273000240325928e-01 1.447659283876419067e-01 1.540625244379043579e-01 2.241760939359664917e-01 3.297818601131439209e-01 4.404993653297424316e-01 5.850766301155090332e-01 7.238828539848327637e-01 8.104047775268554688e-01 8.642837405204772949e-01 8.958197236061096191e-01 9.102973937988281250e-01 9.309555292129516602e-01 0.000000000000000000e+00 0.000000000000000000e+00 
2.852946519851684570e-03 3.531877184286713600e-03 5.426894407719373703e-03 4.772885702550411224e-03 6.240425631403923035e-03 6.916129961609840393e-03 5.451630335301160812e-03 7.182250265032052994e-03 5.421902518719434738e-03 6.949927192181348801e-03 1.295384578406810760e-02 2.717215195298194885e-02 2.452533319592475891e-02 1.641104370355606079e-02 4.370620846748352051e-02 1.755241677165031433e-02 1.554462034255266190e-02 1.072219107300043106e-02 7.396407891064882278e-03 5.338360089808702469e-03 4.554643295705318451e-03 1.922777504660189152e-03 0.000000000000000000e+00 0.000000000000000000e+00 
5.871075764298439026e-02 5.756410583853721619e-02 6.381961703300476074e-02 7.292956858873367310e-02 7.690421491861343384e-02 7.893750816583633423e-02 8.246406912803649902e-02 9.368161857128143311e-02 9.149747341871261597e-02 9.997981786727905273e-02 1.340310871601104736e-01 1.466906815767288208e-01 2.112502306699752808e-01 3.245109319686889648e-01 4.408409297466278076e-01 5.938745141029357910e-01 7.362051606178283691e-01 8.249003291130065918e-01 8.788821697235107422e-01 9.078144431114196777e-01 9.212473630905151367e-01 9.393379092216491699e-01 0.000000000000000000e+00 0.000000000000000000e+00 
2.584310248494148254e-03 3.128923941403627396e-03 5.177061539143323898e-03 4.223853815346956253e-03 6.084814667701721191e-03 6.367955822497606277e-03 5.213715136051177979e-03 6.752810440957546234e-03 5.098333116620779037e-03 6.619901861995458603e-03 1.256861258298158646e-02 2.704147808253765106e-02 2.365714684128761292e-02 1.669378392398357391e-02 4.472412541508674622e-02 1.790904998779296875e-02 1.562790758907794952e-02 1.039573457092046738e-02 6.741703487932682037e-03 4.777539521455764771e-03 3.961419686675071716e-03 1.644688192754983902e-03 0.000000000000000000e+00 0.000000000000000000e+00 
5.169845372438430786e-02 5.049696192145347595e-02 5.651634186506271362e-02 6.372682005167007446e-02 6.849545985460281372e-02 6.909003853797912598e-02 7.347667962312698364e-02 8.287508040666580200e-02 8.096975833177566528e-02 8.846081048250198364e-02 1.203826293349266052e-01 1.349642574787139893e-01 1.919545978307723999e-01 3.096923232078552246e-01 4.310914278030395508e-01 5.904622077941894531e-01 7.399392724037170410e-01 8.325669765472412109e-01 8.880848288536071777e-01 9.155377149581909180e-01 9.286202788352966309e-01 9.452694654464721680e-01 0.000000000000000000e+00 0.000000000000000000e+00 
2.261022105813026428e-03 2.681502373889088631e-03 4.882673732936382294e-03 3.604156663641333580e-03 5.856239236891269684e-03 5.669161677360534668e-03 4.897764883935451508e-03 6.113170180469751358e-03 4.636680241674184799e-03 6.075292360037565231e-03 1.192562188953161240e-02 2.584627456963062286e-02 2.216282673180103302e-02 1.674188487231731415e-02 4.552547633647918701e-02 1.839444600045681000e-02 1.591128110885620117e-02 1.034997776150703430e-02 6.378650665283203125e-03 4.488914739340543747e-03 3.605999518185853958e-03 1.465903478674590588e-03 0.000000000000000000e+00 0.000000000000000000e+00 
4.710469767451286316e-02 4.586555808782577515e-02 5.190167203545570374e-02 5.801388993859291077e-02 6.332512199878692627e-02 6.302478909492492676e-02 6.810355931520462036e-02 7.677400112152099609e-02 7.506831735372543335e-02 8.210336416959762573e-02 1.134998872876167297e-01 1.300009787082672119e-01 1.844386011362075806e-01 3.083613514900207520e-01 4.363918900489807129e-01 6.021919250488281250e-01 7.535132765769958496e-01 8.465197682380676270e-01 9.007635116577148438e-01 9.252090454101562500e-01 9.370838999748229980e-01 9.515156745910644531e-01 0.000000000000000000e+00 0.000000000000000000e+00 
2.058749785646796227e-03 2.368228277191519737e-03 4.687441047281026840e-03 3.220997750759124756e-03 5.781485233455896378e-03 5.210694391280412674e-03 4.704011604189872742e-03 5.808018147945404053e-03 4.421908408403396606e-03 5.838635377585887909e-03 1.169817056506872177e-02 2.562735229730606079e-02 2.167185954749584198e-02 1.700436323881149292e-02 4.630966484546661377e-02 1.862459816038608551e-02 1.580095104873180389e-02 9.870582260191440582e-03 5.673256237059831619e-03 3.976347390562295914e-03 3.108865115791559219e-03 1.248728483915328979e-03 0.000000000000000000e+00 0.000000000000000000e+00 
4.186870157718658447e-02 4.067606478929519653e-02 4.651394113898277283e-02 5.116780102252960205e-02 5.686382576823234558e-02 5.547840148210525513e-02 6.096552684903144836e-02 6.808822602033615112e-02 6.670624762773513794e-02 7.306045293807983398e-02 1.018667295575141907e-01 1.188808828592300415e-01 1.669639945030212402e-01 2.928299605846405029e-01 4.249604940414428711e-01 5.962635874748229980e-01 7.545108199119567871e-01 8.514531254768371582e-01 9.072010517120361328e-01 9.303015470504760742e-01 9.419285655021667480e-01 9.554127454757690430e-01 0.000000000000000000e+00 0.000000000000000000e+00 
1.767169684171676636e-03 1.998041290789842606e-03 4.418828524649143219e-03 2.752550411969423294e-03 5.573067814111709595e-03 4.526746459305286407e-03 4.331294912844896317e-03 5.190354771912097931e-03 3.993717487901449203e-03 5.299824755638837814e-03 1.102315727621316910e-02 2.411562576889991760e-02 2.024231478571891785e-02 1.690567284822463989e-02 4.674012959003448486e-02 1.907240040600299835e-02 1.607661321759223938e-02 9.850044734776020050e-03 5.361237097531557083e-03 3.790595103055238724e-03 2.879012143239378929e-03 1.133267534896731377e-03 0.000000000000000000e+00 0.000000000000000000e+00 
3.791237622499465942e-02 3.676282241940498352e-02 4.248114302754402161e-02 4.613671451807022095e-02 5.209727957844734192e-02 4.991091042757034302e-02 5.556013062596321106e-02 6.188175082206726074e-02 6.072014570236206055e-02 6.665968894958496094e-02 9.384531527757644653e-02 1.112868860363960266e-01 1.558344513177871704e-01 2.840354740619659424e-01 4.210986793041229248e-01 5.975399613380432129e-01 7.598889470100402832e-01 8.588646054267883301e-01 9.145210385322570801e-01 9.358538389205932617e-01 9.468794465065002441e-01 9.591487050056457520e-01 0.000000000000000000e+00 0.000000000000000000e+00 
1.550751389004290104e-03 1.716534490697085857e-03 4.189419094473123550e-03 2.412251662462949753e-03 5.448641721159219742e-03 3.971457015722990036e-03 3.996514715254306793e-03 4.778880625963211060e-03 3.699660766869783401e-03 4.924275446683168411e-03 1.059424318373203278e-02 2.313543111085891724e-02 1.947546005249023438e-02 1.693846285343170166e-02 4.726094380021095276e-02 1.939217187464237213e-02 1.617021299898624420e-02 9.625975973904132843e-03 4.950788803398609161e-03 3.522446611896157265e-03 2.609641756862401962e-03 1.012907247059047222e-03 0.000000000000000000e+00 0.000000000000000000e+00 
3.472251445055007935e-02 3.363851457834243774e-02 3.922533243894577026e-02 4.217008501291275024e-02 4.830663278698921204e-02 4.547213762998580933e-02 5.122687295079231262e-02 5.705131590366363525e-02 5.604878440499305725e-02 6.175697594881057739e-02 8.770961314439773560e-02 1.054073646664619446e-01 1.479147970676422119e-01 2.786233425140380859e-01 4.208366572856903076e-01 6.022485494613647461e-01 7.671430706977844238e-01 8.670808672904968262e-01 9.217590689659118652e-01 9.411416649818420410e-01 9.514805674552917480e-01 9.625105261802673340e-01 0.000000000000000000e+00 0.000000000000000000e+00 
1.368119032122194767e-03 1.487312954850494862e-03 3.980555105954408646e-03 2.146576996892690659e-03 5.359803792089223862e-03 3.484482644125819206e-03 3.707217983901500702e-03 4.460758995264768600e-03 3.460798878222703934e-03 4.647810477763414383e-03 1.024718116968870163e-02 2.232858166098594666e-02 1.901770010590553284e-02 1.702751964330673218e-02 4.772397875785827637e-02 1.962703838944435120e-02 1.614455506205558777e-02 9.288422763347625732e-03 4.506051074713468552e-03 3.238764358684420586e-03 2.342694671824574471e-03 9.010930662043392658e-04 0.000000000000000000e+00 0.000000000000000000e+00 
3.227815404534339905e-02 3.123595379292964935e-02 3.671029210090637207e-02 3.921700268983840942e-02 4.550264030694961548e-02 4.216806963086128235e-02 4.798704385757446289e-02 5.370818078517913818e-02 5.275306850671768188e-02 5.840666592121124268e-02 8.385160565376281738e-02 1.019703224301338196e-01 1.444667726755142212e-01 2.784974873065948486e-01 4.265726208686828613e-01 6.126507520675659180e-01 7.777227759361267090e-01 8.766884207725524902e-01 9.291972517967224121e-01 9.464294314384460449e-01 9.558761715888977051e-01 9.656266570091247559e-01 0.000000000000000000e+00 0.000000000000000000e+00 
1.239012693986296654e-03 1.313915709033608437e-03 3.801190527155995369e-03 1.959525980055332184e-03 5.329531617462635040e-03 3.099915338680148125e-03 3.482006490230560303e-03 4.280974622815847397e-03 3.303627483546733856e-03 4.508985672146081924e-03 1.008458435535430908e-02 2.200726792216300964e-02 1.903694681823253632e-02 1.724910177290439606e-02 4.830102249979972839e-02 1.975005865097045898e-02 1.594869233667850494e-02 8.801802992820739746e-03 4.011665005236864090e-03 2.918290439993143082e-03 2.072907052934169769e-03 7.925148238427937031e-04 0.000000000000000000e+00 0.000000000000000000e+00 
2.951652556657791138e-02 2.854670584201812744e-02 3.374408558011054993e-02 3.565145656466484070e-02 4.195105656981468201e-02 3.807437047362327576e-02 4.375509172677993774e-02 4.882840067148208618e-02 4.804682359099388123e-02 5.330920964479446411e-02 7.693738490343093872e-02 9.437448531389236450e-02 1.338587850332260132e-01 2.672068178653717041e-01 4.184109866619110107e-01 6.085702776908874512e-01 7.784519195556640625e-01 8.799142837524414062e-01 9.328904747962951660e-01 9.492757916450500488e-01 9.584442377090454102e-01 9.676356911659240723e-01 0.000000000000000000e+00 0.000000000000000000e+00 
1.072013634257018566e-03 1.115574617870151997e-03 3.570553846657276154e-03 1.720572123304009438e-03 5.193917080760002136e-03 2.617666264995932579e-03 3.149667987599968910e-03 3.889879211783409119e-03 2.990516601130366325e-03 4.140453413128852844e-03 9.560287930071353912e-03 2.068866603076457977e-02 1.822069473564624786e-02 1.714451424777507782e-02 4.844822734594345093e-02 2.007674798369407654e-02 1.614132523536682129e-02 8.728636428713798523e-03 3.817997872829437256e-03 2.797389170154929161e-03 1.950270379893481731e-03 7.353043183684349060e-04 0.000000000000000000e+00 0.000000000000000000e+00 
2.726069837808609009e-02 2.635654807090759277e-02 3.127096220850944519e-02 3.276841342449188232e-02 3.901751711964607239e-02 3.475328534841537476e-02 4.028062894940376282e-02 4.477842524647712708e-02 4.414566233754158020e-02 4.908160120248794556e-02 7.103110849857330322e-02 8.795347064733505249e-02 1.250279694795608521e-01 2.576068043708801270e-01 4.114528596401214600e-01 6.055413484573364258e-01 7.798937559127807617e-01 8.834669589996337891e-01 9.365034103393554688e-01 9.520019292831420898e-01 9.608621001243591309e-01 9.695133566856384277e-01 0.000000000000000000e+00 0.000000000000000000e+00 
9.400323033332824707e-04 9.666294790804386139e-04 3.358447924256324768e-03 1.539134187623858452e-03 5.068859085440635681e-03 2.245892304927110672e-03 2.880026120692491531e-03 3.561135614290833473e-03 2.724997699260711670e-03 3.824959043413400650e-03 9.044716134667396545e-03 1.956259459257125854e-02 1.758356764912605286e-02 1.705900952219963074e-02 4.855893924832344055e-02 2.038040198385715485e-02 1.629061996936798096e-02 8.617857471108436584e-03 3.620257368311285973e-03 2.671343507245182991e-03 1.827953848987817764e-03 6.789793260395526886e-04 0.000000000000000000e+00 0.000000000000000000e+00 
2.596693485975265503e-02 2.512967027723789215e-02 2.991220355033874512e-02 3.134888783097267151e-02 3.772518411278724670e-02 3.325626626610755920e-02 3.874256834387779236e-02 4.352525249123573303e-02 4.287025704979896545e-02 4.798001050949096680e-02 7.021918892860412598e-02 8.814211189746856689e-02 1.273047178983688354e-01 2.647498548030853271e-01 4.249301254749298096e-01 6.231951713562011719e-01 7.941370606422424316e-01 8.939493894577026367e-01 9.429675340652465820e-01 9.565040469169616699e-01 9.643306136131286621e-01 9.718769788742065430e-01 0.000000000000000000e+00 0.000000000000000000e+00 
8.816117187961935997e-04 8.948793984018266201e-04 3.210514085367321968e-03 1.459140330553054810e-03 5.095096305012702942e-03 2.094328403472900391e-03 2.761885989457368851e-03 3.555434988811612129e-03 2.691024681553244591e-03 3.866603597998619080e-03 9.137177839875221252e-03 2.010278962552547455e-02 1.817964762449264526e-02 1.748673990368843079e-02 4.918162152171134949e-02 2.033301629126071930e-02 1.585177890956401825e-02 7.928526960313320160e-03 3.156929509714245796e-03 2.327431226149201393e-03 1.591552048921585083e-03 5.916762165725231171e-04 0.000000000000000000e+00 0.000000000000000000e+00 
2.423505298793315887e-02 2.344509027898311615e-02 2.794371731579303741e-02 2.911459840834140778e-02 3.539709001779556274e-02 3.070268966257572174e-02 3.594972565770149231e-02 4.028554633259773254e-02 3.979450091719627380e-02 4.458287358283996582e-02 6.532003730535507202e-02 8.267555385828018188e-02 1.199114546179771423e-01 2.563792467117309570e-01 4.193413555622100830e-01 6.208347678184509277e-01 7.956167459487915039e-01 8.970327377319335938e-01 9.458085894584655762e-01 9.586251378059387207e-01 9.661953449249267578e-01 9.733394980430603027e-01 0.000000000000000000e+00 0.000000000000000000e+00 
7.864298531785607338e-04 7.844102801755070686e-04 3.021352225914597511e-03 1.322127995081245899e-03 4.970719106495380402e-03 1.834046328440308571e-03 2.531313104555010796e-03 3.272669389843940735e-03 2.481124596670269966e-03 3.604321740567684174e-03 8.647545240819454193e-03 1.911692507565021515e-02 1.764458417892456055e-02 1.742591895163059235e-02 4.931014403700828552e-02 2.061389759182929993e-02 1.596893742680549622e-02 7.815881632268428802e-03 3.001160686835646629e-03 2.225079573690891266e-03 1.497799181379377842e-03 5.510073387995362282e-04 0.000000000000000000e+00 0.000000000000000000e+00 
2.274511754512786865e-02 2.197267115116119385e-02 2.622961066663265228e-02 2.718632668256759644e-02 3.333063796162605286e-02 2.848340943455696106e-02 3.351777791976928711e-02 3.738286346197128296e-02 3.703460842370986938e-02 4.149445518851280212e-02 6.073586642742156982e-02 7.743004709482192993e-02 1.127896979451179504e-01 2.478999048471450806e-01 4.132425189018249512e-01 6.174865365028381348e-01 7.964850664138793945e-01 8.996229171752929688e-01 9.482934474945068359e-01 9.604881405830383301e-01 9.678583145141601562e-01 9.746605157852172852e-01 0.000000000000000000e+00 0.000000000000000000e+00 
7.127154385671019554e-04 6.957711884751915932e-04 2.863059751689434052e-03 1.216439413838088512e-03 4.846863914281129837e-03 1.627239515073597431e-03 2.349382964894175529e-03 3.018898190930485725e-03 2.294664038345217705e-03 3.362828399986028671e-03 8.130424655973911285e-03 1.810521818697452545e-02 1.715284958481788635e-02 1.735198311507701874e-02 4.948336631059646606e-02 2.091145329177379608e-02 1.611640863120555878e-02 7.754098623991012573e-03 2.873879158869385719e-03 2.142728539183735847e-03 1.416292507201433182e-03 5.157814011909067631e-04 0.000000000000000000e+00 0.000000000000000000e+00 
2.183257788419723511e-02 2.107622660696506500e-02 2.522394061088562012e-02 2.616688236594200134e-02 3.236360475420951843e-02 2.739123813807964325e-02 3.236172720789909363e-02 3.633622452616691589e-02 3.601095452904701233e-02 4.053056612610816956e-02 5.985232442617416382e-02 7.709901779890060425e-02 1.138506680727005005e-01 2.528556883335113525e-01 4.240768551826477051e-01 6.309266686439514160e-01 8.074987530708312988e-01 9.073554873466491699e-01 9.526525735855102539e-01 9.635287523269653320e-01 9.702121019363403320e-01 9.763018488883972168e-01 0.000000000000000000e+00 0.000000000000000000e+00 
6.810416234657168388e-04 6.547862431034445763e-04 2.761064097285270691e-03 1.176294405013322830e-03 4.870740231126546860e-03 1.552211586385965347e-03 2.277147723361849785e-03 3.004688303917646408e-03 2.276766113936901093e-03 3.381835995241999626e-03 8.164188824594020844e-03 1.841568574309349060e-02 1.763485185801982880e-02 1.771008037030696869e-02 5.011919140815734863e-02 2.089927159249782562e-02 1.575806364417076111e-02 7.223227992653846741e-03 2.567050978541374207e-03 1.907302183099091053e-03 1.259823096916079521e-03 4.606356669683009386e-04 0.000000000000000000e+00 0.000000000000000000e+00 
2.070282958447933197e-02 1.998117007315158844e-02 2.392466925084590912e-02 2.474757097661495209e-02 3.083838336169719696e-02 2.581155858933925629e-02 3.054481372237205505e-02 3.429836407303810120e-02 3.406103327870368958e-02 3.838513419032096863e-02 5.677019059658050537e-02 7.376098632812500000e-02 1.096609979867935181e-01 2.487833797931671143e-01 4.229444563388824463e-01 6.324945092201232910e-01 8.110036253929138184e-01 9.108734130859375000e-01 9.551334977149963379e-01 9.653414487838745117e-01 9.717273116111755371e-01 9.774650931358337402e-01 0.000000000000000000e+00 0.000000000000000000e+00 
6.270426092669367790e-04 5.952865467406809330e-04 2.627086592838168144e-03 1.099882530979812145e-03 4.786388948559761047e-03 1.423618174158036709e-03 2.130696317180991173e-03 2.840570872649550438e-03 2.153674606233835220e-03 3.226238070055842400e-03 7.833024486899375916e-03 1.790163479745388031e-02 1.743625476956367493e-02 1.776644587516784668e-02 5.038542300462722778e-02 2.108624950051307678e-02 1.574683934450149536e-02 7.036937866359949112e-03 2.420761855319142342e-03 1.798962010070681572e-03 1.178325968794524670e-03 4.289235803298652172e-04 0.000000000000000000e+00 0.000000000000000000e+00 
1.963596791028976440e-02 1.895163394510746002e-02 2.268086560070514679e-02 2.340135909616947174e-02 2.935935929417610168e-02 2.432092092931270599e-02 2.880444191396236420e-02 3.231826052069664001e-02 3.216572478413581848e-02 3.627887740731239319e-02 5.367321148514747620e-02 7.031112164258956909e-02 1.051920875906944275e-01 2.438753992319107056e-01 4.205315709114074707e-01 6.327087879180908203e-01 8.135280013084411621e-01 9.137358069419860840e-01 9.572094678878784180e-01 9.668763875961303711e-01 9.730267524719238281e-01 9.784775972366333008e-01 0.000000000000000000e+00 0.000000000000000000e+00 
5.769993294961750507e-04 5.411279853433370590e-04 2.488830126821994781e-03 1.027534599415957928e-03 4.690450150519609451e-03 1.306171296164393425e-03 1.988576026633381844e-03 2.674744930118322372e-03 2.030067611485719681e-03 3.065248951315879822e-03 7.469853386282920837e-03 1.733282394707202911e-02 1.719063520431518555e-02 1.778405718505382538e-02 5.059136822819709778e-02 2.128822356462478638e-02 1.577390544116497040e-02 6.892942357808351517e-03 2.302854089066386223e-03 1.712051336653530598e-03 1.111541059799492359e-03 4.029381088912487030e-04 0.000000000000000000e+00 0.000000000000000000e+00 
1.859334111213684082e-02 1.795464009046554565e-02 2.143866196274757385e-02 2.205179445445537567e-02 2.781439386308193207e-02 2.284079603850841522e-02 2.701120451092720032e-02 3.025485016405582428e-02 3.020028211176395416e-02 3.404905274510383606e-02 5.023201555013656616e-02 6.638111174106597900e-02 9.971717745065689087e-02 2.366935461759567261e-01 4.150493443012237549e-01 6.297867894172668457e-01 8.139587640762329102e-01 9.154408574104309082e-01 9.587565660476684570e-01 9.680588841438293457e-01 9.740700125694274902e-01 9.793223738670349121e-01 0.000000000000000000e+00 0.000000000000000000e+00 
5.240476457402110100e-04 4.854897852055728436e-04 2.330548595637083054e-03 9.469696087762713432e-04 4.548612050712108612e-03 1.184317166917026043e-03 1.822899212129414082e-03 2.476315014064311981e-03 1.886089099571108818e-03 2.868269337341189384e-03 6.993795745074748993e-03 1.659866049885749817e-02 1.674289256334304810e-02 1.770697720348834991e-02 5.061209574341773987e-02 2.152911573648452759e-02 1.589384302496910095e-02 6.835000123828649521e-03 2.226851414889097214e-03 1.656800159253180027e-03 1.065054908394813538e-03 3.839183482341468334e-04 0.000000000000000000e+00 0.000000000000000000e+00 
1.771424897015094757e-02 1.711915619671344757e-02 2.037163823843002319e-02 2.094659209251403809e-02 2.655491419136524200e-02 2.167774736881256104e-02 2.553720586001873016e-02 2.871280536055564880e-02 2.873571775853633881e-02 3.242852911353111267e-02 4.792258888483047485e-02 6.385910511016845703e-02 9.660872071981430054e-02 2.334661483764648438e-01 4.148753583431243896e-01 6.317037940025329590e-01 8.170369267463684082e-01 9.183455109596252441e-01 9.606308341026306152e-01 9.694393873214721680e-01 9.752030968666076660e-01 9.801792502403259277e-01 0.000000000000000000e+00 0.000000000000000000e+00 
4.814294807147234678e-04 4.393661511130630970e-04 2.162262797355651855e-03 8.780714124441146851e-04 4.440630786120891571e-03 1.097095897421240807e-03 1.673091202974319458e-03 2.347433706745505333e-03 1.792099792510271072e-03 2.750105690211057663e-03 6.721409969031810760e-03 1.625355891883373260e-02 1.653961278498172760e-02 1.775533519685268402e-02 5.070597678422927856e-02 2.165750227868556976e-02 1.586459018290042877e-02 6.632578093558549881e-03 2.110926201567053795e-03 1.566763850860297680e-03 1.006166217848658562e-03 3.623596567194908857e-04 0.000000000000000000e+00 0.000000000000000000e+00 
1.701504737138748169e-02 1.644122600555419922e-02 1.954297907650470734e-02 2.010329812765121460e-02 2.563574910163879395e-02 2.079074829816818237e-02 2.448141202330589294e-02 2.761503681540489197e-02 2.768257260322570801e-02 3.130380809307098389e-02 4.641141742467880249e-02 6.243775412440299988e-02 9.528772532939910889e-02 2.335253059864044189e-01 4.187706708908081055e-01 6.374161839485168457e-01 8.223832249641418457e-01 9.222729802131652832e-01 9.627772569656372070e-01 9.709945917129516602e-01 9.764253497123718262e-01 9.810743331909179688e-01 0.000000000000000000e+00 0.000000000000000000e+00 
4.556805361062288284e-04 4.094354517292231321e-04 2.047983696684241295e-03 8.373926393687725067e-04 4.391500726342201233e-03 1.044541364535689354e-03 1.588795101270079613e-03 2.282420406118035316e-03 1.742107211612164974e-03 2.696220530197024345e-03 6.567270960658788681e-03 1.619683206081390381e-02 1.665525138378143311e-02 1.791840232908725739e-02 5.101511254906654358e-02 2.172467671334743500e-02 1.570801995694637299e-02 6.346434820443391800e-03 1.967312768101692200e-03 1.456692232750356197e-03 9.356546215713024139e-04 3.373821382410824299e-04 0.000000000000000000e+00 0.000000000000000000e+00 
1.653867773711681366e-02 1.598188281059265137e-02 1.899714022874832153e-02 1.962656155228614807e-02 2.523728087544441223e-02 2.035778015851974487e-02 2.397014759480953217e-02 2.736849710345268250e-02 2.743652835488319397e-02 3.121074661612510681e-02 4.695752263069152832e-02 6.369563192129135132e-02 9.878174960613250732e-02 2.423844933509826660e-01 4.348819255828857422e-01 6.541667580604553223e-01 8.336447477340698242e-01 9.288312196731567383e-01 9.656614661216735840e-01 9.730215072631835938e-01 9.778904914855957031e-01 9.820746183395385742e-01 0.000000000000000000e+00 0.000000000000000000e+00 
4.449288535397499800e-04 3.942823386751115322e-04 1.954987877979874611e-03 8.212494431063532829e-04 4.469947889447212219e-03 1.045163022354245186e-03 1.557371811941266060e-03 2.353364136070013046e-03 1.781518920324742794e-03 2.797100460156798363e-03 6.841967348009347916e-03 1.693724468350410461e-02 1.739747449755668640e-02 1.838161051273345947e-02 5.156944319605827332e-02 2.154185809195041656e-02 1.519307959824800491e-02 5.752455443143844604e-03 1.748100505210459232e-03 1.281983801163733006e-03 8.378460770472884178e-04 3.053817199543118477e-04 0.000000000000000000e+00 0.000000000000000000e+00 
1.599754393100738525e-02 1.545300893485546112e-02 1.835725642740726471e-02 1.899884827435016632e-02 2.460267022252082825e-02 1.971477642655372620e-02 2.321752719581127167e-02 2.665562555193901062e-02 2.672722749412059784e-02 3.050091862678527832e-02 4.619857668876647949e-02 6.319633871316909790e-02 9.903340786695480347e-02 2.452434599399566650e-01 4.422642886638641357e-01 6.626769900321960449e-01 8.401412963867187500e-01 9.329653978347778320e-01 9.676631093025207520e-01 9.744642376899719238e-01 9.789941310882568359e-01 9.828715920448303223e-01 0.000000000000000000e+00 0.000000000000000000e+00 
4.284207825548946857e-04 3.738697269000113010e-04 1.865072525106370449e-03 7.942614611238241196e-04 4.476888570934534073e-03 1.017683534882962704e-03 1.506557804532349110e-03 2.342248568311333656e-03 1.761700143106281757e-03 2.795546082779765129e-03 6.829602643847465515e-03 1.712258532643318176e-02 1.769640296697616577e-02 1.862891763448715210e-02 5.192804709076881409e-02 2.151858434081077576e-02 1.493094488978385925e-02 5.409890785813331604e-03 1.612019143067300320e-03 1.177335856482386589e-03 7.729554199613630772e-04 2.823312242981046438e-04 0.000000000000000000e+00 0.000000000000000000e+00 
1.534617226570844650e-02 1.481002103537321091e-02 1.756627485156059265e-02 1.813251525163650513e-02 2.358805388212203979e-02 1.875313371419906616e-02 2.207635343074798584e-02 2.525870315730571747e-02 2.534641139209270477e-02 2.889247983694076538e-02 4.352854192256927490e-02 6.006225198507308960e-02 9.447733312845230103e-02 2.390780746936798096e-01 4.369385242462158203e-01 6.598125100135803223e-01 8.403807282447814941e-01 9.342031478881835938e-01 9.687084555625915527e-01 9.752808809280395508e-01 9.797105193138122559e-01 9.834510684013366699e-01 0.000000000000000000e+00 0.000000000000000000e+00 
4.026790556963533163e-04 3.456740814726799726e-04 1.776791177690029144e-03 7.492099539376795292e-04 4.364674445241689682e-03 9.469899232499301434e-04 1.416712650097906590e-03 2.210078528150916100e-03 1.653932384215295315e-03 2.640605438500642776e-03 6.387705449014902115e-03 1.647010818123817444e-02 1.737358979880809784e-02 1.857009157538414001e-02 5.210498347878456116e-02 2.175828441977500916e-02 1.504718419164419174e-02 5.389754194766283035e-03 1.566101098433136940e-03 1.144290203228592873e-03 7.419984322041273117e-04 2.690053952392190695e-04 0.000000000000000000e+00 0.000000000000000000e+00 
1.462343707680702209e-02 1.411168090999126434e-02 1.665253750979900360e-02 1.711484976112842560e-02 2.225706353783607483e-02 1.760815270245075226e-02 2.066391520202159882e-02 2.343204617500305176e-02 2.355741150677204132e-02 2.670421637594699860e-02 3.955200687050819397e-02 5.515369772911071777e-02 8.665373921394348145e-02 2.259773910045623779e-01 4.215686321258544922e-01 6.477207541465759277e-01 8.354441523551940918e-01 9.331025481224060059e-01 9.690113663673400879e-01 9.756116867065429688e-01 9.801185727119445801e-01 9.838560223579406738e-01 0.000000000000000000e+00 0.000000000000000000e+00 
3.677275672089308500e-04 3.106946533080190420e-04 1.655661617405712605e-03 6.853199447505176067e-04 4.118754994124174118e-03 8.462253026664257050e-04 1.288761035539209843e-03 1.986271934583783150e-03 1.487278845161199570e-03 2.372394083067774773e-03 5.584831815212965012e-03 1.519473176449537277e-02 1.651894301176071167e-02 1.824541576206684113e-02 5.198033154010772705e-02 2.218630164861679077e-02 1.547747757285833359e-02 5.623744335025548935e-03 1.590971951372921467e-03 1.166473259218037128e-03 7.390052778646349907e-04 2.635927521623671055e-04 0.000000000000000000e+00 0.000000000000000000e+00 
1.410718727856874466e-02 1.360954064875841141e-02 1.601146906614303589e-02 1.645741984248161316e-02 2.145660668611526489e-02 1.690154708921909332e-02 1.981608010828495026e-02 2.245343104004859924e-02 2.258730493485927582e-02 2.559023723006248474e-02 3.769437596201896667e-02 5.311334878206253052e-02 8.398356288671493530e-02 2.225357443094253540e-01 4.195247292518615723e-01 6.476101279258728027e-01 8.370293974876403809e-01 9.348492026329040527e-01 9.701368808746337891e-01 9.764585494995117188e-01 9.808142185211181641e-01 9.843937754631042480e-01 0.000000000000000000e+00 0.000000000000000000e+00 
3.485089400783181190e-04 2.901199914049357176e-04 1.561689306981861591e-03 6.503301556222140789e-04 4.011086188256740570e-03 7.995755295269191265e-04 1.222234568558633327e-03 1.900927862152457237e-03 1.417930237948894501e-03 2.273921854794025421e-03 5.238606128841638565e-03 1.479687076061964035e-02 1.639054901897907257e-02 1.825092360377311707e-02 5.211611837148666382e-02 2.233897149562835693e-02 1.550340838730335236e-02 5.529089365154504776e-03 1.531327608972787857e-03 1.120544387958943844e-03 7.051923312246799469e-04 2.503751020412892103e-04 0.000000000000000000e+00 0.000000000000000000e+00 
1.361683197319507599e-02 1.312961149960756302e-02 1.539881713688373566e-02 1.582079380750656128e-02 2.064468897879123688e-02 1.620876602828502655e-02 1.898870244622230530e-02 2.146345935761928558e-02 2.160050533711910248e-02 2.442860230803489685e-02 3.564212471246719360e-02 5.084191262722015381e-02 8.076333254575729370e-02 2.177452743053436279e-01 4.152927398681640625e-01 6.454661488533020020e-01 8.375241160392761230e-01 9.360891580581665039e-01 9.710865616798400879e-01 9.771859645843505859e-01 9.814337491989135742e-01 9.848836064338684082e-01 0.000000000000000000e+00 0.000000000000000000e+00 
3.309731255285441875e-04 2.712130954023450613e-04 1.472779666073620319e-03 6.169414846226572990e-04 3.871131222695112228e-03 7.523804088123142719e-04 1.158852246589958668e-03 1.808037282899022102e-03 1.342859934084117413e-03 2.157419454306364059e-03 4.814411047846078873e-03 1.429837942123413086e-02 1.620285212993621826e-02 1.819771341979503632e-02 5.220623314380645752e-02 2.253487892448902130e-02 1.559354923665523529e-02 5.494241137057542801e-03 1.488021807745099068e-03 1.087462063878774643e-03 6.770640611648559570e-04 2.390234876656904817e-04 0.000000000000000000e+00 0.000000000000000000e+00 
1.322278287261724472e-02 1.274006627500057220e-02 1.491658948361873627e-02 1.535070687532424927e-02 2.009752392768859863e-02 1.571108400821685791e-02 1.841375790536403656e-02 2.085128985345363617e-02 2.098042704164981842e-02 2.375702746212482452e-02 3.458284959197044373e-02 4.988800734281539917e-02 7.987167686223983765e-02 2.177601158618927002e-01 4.178116619586944580e-01 6.495023965835571289e-01 8.413469195365905762e-01 9.386972188949584961e-01 9.723759293556213379e-01 9.781204462051391602e-01 9.821575880050659180e-01 9.854135513305664062e-01 0.000000000000000000e+00 0.000000000000000000e+00 
3.203933301847428083e-04 2.590308722574263811e-04 1.401318935677409172e-03 5.976954125799238682e-04 3.811413189396262169e-03 7.282414007931947708e-04 1.123401802033185959e-03 1.778426230885088444e-03 1.311842119321227074e-03 2.122660400345921516e-03 4.628737457096576691e-03 1.422365568578243256e-02 1.635981723666191101e-02 1.832566224038600922e-02 5.246554687619209290e-02 2.259414270520210266e-02 1.546897832304239273e-02 5.297757219523191452e-03 1.406361814588308334e-03 1.023629913106560707e-03 6.356440717354416847e-04 2.246888034278526902e-04 0.000000000000000000e+00 0.000000000000000000e+00 
1.294696144759654999e-02 1.245643105357885361e-02 1.460155472159385681e-02 1.508353650569915771e-02 1.990503072738647461e-02 1.544331014156341553e-02 1.816612109541893005e-02 2.069804072380065918e-02 2.080243267118930817e-02 2.368032000958919525e-02 3.472371771931648254e-02 5.061204731464385986e-02 8.207613229751586914e-02 2.241989970207214355e-01 4.295141398906707764e-01 6.616703867912292480e-01 8.495109677314758301e-01 9.429998397827148438e-01 9.740806221961975098e-01 9.793145656585693359e-01 9.830214381217956543e-01 9.860049486160278320e-01 0.000000000000000000e+00 0.000000000000000000e+00 
3.199099155608564615e-04 2.556631807237863541e-04 1.361945061944425106e-03 5.990236531943082809e-04 3.876199247315526009e-03 7.333523244597017765e-04 1.130785443820059299e-03 1.830499852076172829e-03 1.335111563093960285e-03 2.191575709730386734e-03 4.727549385279417038e-03 1.471156254410743713e-02 1.703311875462532043e-02 1.869717612862586975e-02 5.295451357960700989e-02 2.246601879596710205e-02 1.504123304039239883e-02 4.898725077509880066e-03 1.278538373298943043e-03 9.249733411706984043e-04 5.777921178378164768e-04 2.064592990791425109e-04 0.000000000000000000e+00 0.000000000000000000e+00 
1.266660355031490326e-02 1.217118557542562485e-02 1.428226940333843231e-02 1.480174344033002853e-02 1.969354227185249329e-02 1.516149286180734634e-02 1.789089106023311615e-02 2.050735801458358765e-02 2.059035189449787140e-02 2.355409413576126099e-02 3.478454425930976868e-02 5.119818076491355896e-02 8.404368907213211060e-02 2.301028817892074585e-01 4.402971565723419189e-01 6.726324558258056641e-01 8.567726016044616699e-01 9.467334151268005371e-01 9.755497574806213379e-01 9.803518652915954590e-01 9.837750196456909180e-01 9.865261912345886230e-01 0.000000000000000000e+00 0.000000000000000000e+00 
3.181200590915977955e-04 2.515357045922428370e-04 1.323485397733747959e-03 5.973100196570158005e-04 3.936146385967731476e-03 7.361148600466549397e-04 1.133886980824172497e-03 1.876495429314672947e-03 1.353609724901616573e-03 2.250896301120519638e-03 4.817403852939605713e-03 1.514740008860826492e-02 1.764939166605472565e-02 1.903942599892616272e-02 5.337383598089218140e-02 2.234057709574699402e-02 1.464297994971275330e-02 4.544624127447605133e-03 1.169734052382409573e-03 8.412317256443202496e-04 5.289361579343676567e-04 1.908840786200016737e-04 0.000000000000000000e+00 0.000000000000000000e+00 
1.229862961918115616e-02 1.180966570973396301e-02 1.384097803384065628e-02 1.434362214058637619e-02 1.915634237229824066e-02 1.467355061322450638e-02 1.732054539024829865e-02 1.986229233443737030e-02 1.993386261165142059e-02 2.281038835644721985e-02 3.358353301882743835e-02 4.994456097483634949e-02 8.249400556087493896e-02 2.286630719900131226e-01 4.405118823051452637e-01 6.741702556610107422e-01 8.588947653770446777e-01 9.483100771903991699e-01 9.763746261596679688e-01 9.809728860855102539e-01 9.842692613601684570e-01 9.869015812873840332e-01 0.000000000000000000e+00 0.000000000000000000e+00 
3.077826986555010080e-04 2.405718987574800849e-04 1.270610839128494263e-03 5.761846550740301609e-04 3.874914022162556648e-03 7.084518438205122948e-04 1.098088687285780907e-03 1.834481721743941307e-03 1.311589498072862625e-03 2.192043932154774666e-03 4.619232844561338425e-03 1.494113449007272720e-02 1.769687794148921967e-02 1.910742558538913727e-02 5.360520258545875549e-02 2.243551239371299744e-02 1.459678728133440018e-02 4.439790267497301102e-03 1.123223686590790749e-03 8.042574045248329639e-04 5.039349198341369629e-04 1.819836616050451994e-04 0.000000000000000000e+00 0.000000000000000000e+00 
1.186418533325195312e-02 1.139340922236442566e-02 1.330707315355539322e-02 1.375659275799989700e-02 1.835038512945175171e-02 1.403436157852411270e-02 1.652785763144493103e-02 1.887212321162223816e-02 1.894307136535644531e-02 2.159189246594905853e-02 3.139931708574295044e-02 4.721374809741973877e-02 7.806555181741714478e-02 2.210284471511840820e-01 4.316996037960052490e-01 6.677445769309997559e-01 8.567917943000793457e-01 9.481948614120483398e-01 9.767125248908996582e-01 9.812778830528259277e-01 9.845666885375976562e-01 9.871652126312255859e-01 0.000000000000000000e+00 0.000000000000000000e+00 
2.902593114413321018e-04 2.243964991066604853e-04 1.204437692649662495e-03 5.398516659624874592e-04 3.702694317325949669e-03 6.568389362655580044e-04 1.030986895784735680e-03 1.717862091027200222e-03 1.222297200001776218e-03 2.037212951108813286e-03 4.190546926110982895e-03 1.419588923454284668e-02 1.724443584680557251e-02 1.893663406372070312e-02 5.366062372922897339e-02 2.272088825702667236e-02 1.485060341656208038e-02 4.533016588538885117e-03 1.124176313169300556e-03 8.022118709050118923e-04 4.965939442627131939e-04 1.780361781129613519e-04 0.000000000000000000e+00 0.000000000000000000e+00 
1.142894197255373001e-02 1.098541263490915298e-02 1.276605855673551559e-02 1.316423621028661728e-02 1.749633811414241791e-02 1.340346876531839371e-02 1.571596041321754456e-02 1.785777695477008820e-02 1.795447431504726410e-02 2.035416848957538605e-02 2.922169864177703857e-02 4.440310224890708923e-02 7.340245693922042847e-02 2.124710530042648315e-01 4.210627377033233643e-01 6.598173975944519043e-01 8.537366986274719238e-01 9.476987123489379883e-01 9.769333004951477051e-01 9.815005660057067871e-01 9.848048090934753418e-01 9.873881936073303223e-01 0.000000000000000000e+00 0.000000000000000000e+00 
2.705057559069246054e-04 2.075741358567029238e-04 1.126264105550944805e-03 4.993453621864318848e-04 3.493736498057842255e-03 6.037915591150522232e-04 9.539250750094652176e-04 1.584567246027290821e-03 1.130296150222420692e-03 1.870334846898913383e-03 3.769549541175365448e-03 1.341083925217390060e-02 1.669201999902725220e-02 1.871042139828205109e-02 5.357508361339569092e-02 2.302798256278038025e-02 1.516606286168098450e-02 4.653986077755689621e-03 1.133943325839936733e-03 8.069141185842454433e-04 4.933688323944807053e-04 1.755653647705912590e-04 0.000000000000000000e+00 0.000000000000000000e+00 
1.104336511343717575e-02 1.062230486422777176e-02 1.228921860456466675e-02 1.264960318803787231e-02 1.673821546137332916e-02 1.285667158663272858e-02 1.501885708421468735e-02 1.698490045964717865e-02 1.710887625813484192e-02 1.929480955004692078e-02 2.735616639256477356e-02 4.206226766109466553e-02 6.948498636484146118e-02 2.052473425865173340e-01 4.118695557117462158e-01 6.531676054000854492e-01 8.514059782028198242e-01 9.474788308143615723e-01 9.772285819053649902e-01 9.817698597908020020e-01 9.850733876228332520e-01 9.876272678375244141e-01 0.000000000000000000e+00 0.000000000000000000e+00 
2.541253052186220884e-04 1.934783504111692309e-04 1.055511063896119595e-03 4.659428377635776997e-04 3.294193185865879059e-03 5.597213166765868664e-04 8.904993883334100246e-04 1.468671835027635098e-03 1.054393709637224674e-03 1.726682879962027073e-03 3.408131888136267662e-03 1.276620291173458099e-02 1.626277901232242584e-02 1.852051541209220886e-02 5.346171930432319641e-02 2.329890057444572449e-02 1.542176678776741028e-02 4.744213540107011795e-03 1.135684316977858543e-03 8.060184773057699203e-04 4.868021351285278797e-04 1.722802844597026706e-04 0.000000000000000000e+00 0.000000000000000000e+00 
1.075035985559225082e-02 1.033939141780138016e-02 1.194259524345397949e-02 1.229476463049650192e-02 1.628573052585124969e-02 1.249038148671388626e-02 1.457768026739358902e-02 1.649138331413269043e-02 1.662367396056652069e-02 1.873371936380863190e-02 2.650234475731849670e-02 4.117532074451446533e-02 6.835452467203140259e-02 2.041452527046203613e-01 4.120097458362579346e-01 6.547428965568542480e-01 8.533877730369567871e-01 9.489166140556335449e-01 9.779283404350280762e-01 9.822937250137329102e-01 9.854846000671386719e-01 9.879353642463684082e-01 0.000000000000000000e+00 0.000000000000000000e+00 
2.455279172863811255e-04 1.851749257184565067e-04 1.008749473839998245e-03 4.487029218580573797e-04 3.216745331883430481e-03 5.391014856286346912e-04 8.585200994275510311e-04 1.426597940735518932e-03 1.024021068587899208e-03 1.677884254604578018e-03 3.282268764451146126e-03 1.264967955648899078e-02 1.630577445030212402e-02 1.857602782547473907e-02 5.361564084887504578e-02 2.337987534701824188e-02 1.537445373833179474e-02 4.629541188478469849e-03 1.092398306354880333e-03 7.717702537775039673e-04 4.653827636502683163e-04 1.653009239817038178e-04 0.000000000000000000e+00 0.000000000000000000e+00 
1.053345482796430588e-02 1.012390665709972382e-02 1.170098036527633667e-02 1.207223534584045410e-02 1.610320992767810822e-02 1.227676775306463242e-02 1.435066200792789459e-02 1.632057130336761475e-02 1.645247451961040497e-02 1.860866881906986237e-02 2.653102762997150421e-02 4.164746031165122986e-02 6.979072839021682739e-02 2.089404612779617310e-01 4.212467372417449951e-01 6.642780900001525879e-01 8.594530820846557617e-01 9.518481492996215820e-01 9.789742827415466309e-01 9.830343723297119141e-01 9.860141277313232422e-01 9.883004426956176758e-01 0.000000000000000000e+00 0.000000000000000000e+00 
2.427860745228827000e-04 1.816295698517933488e-04 9.787038434296846390e-04 4.441148485057055950e-04 3.256452968344092369e-03 5.383699317462742329e-04 8.522686548531055450e-04 1.448675757274031639e-03 1.034353626891970634e-03 1.713883830234408379e-03 3.358392277732491493e-03 1.305375434458255768e-02 1.678055338561534882e-02 1.887457258999347687e-02 5.400497093796730042e-02 2.326878532767295837e-02 1.502618286758661270e-02 4.319841973483562469e-03 1.009263447485864162e-03 7.087931735441088676e-04 4.318316350691020489e-04 1.552367466501891613e-04 0.000000000000000000e+00 0.000000000000000000e+00 
1.029481831938028336e-02 9.897872805595397949e-03 1.141947507858276367e-02 1.181118190288543701e-02 1.581633463501930237e-02 1.203010044991970062e-02 1.403930876404047012e-02 1.607019454240798950e-02 1.621069014072418213e-02 1.839491911232471466e-02 2.638000622391700745e-02 4.190097376704216003e-02 7.071287930011749268e-02 2.126002162694931030e-01 4.288084208965301514e-01 6.721975803375244141e-01 8.644788861274719238e-01 9.542915225028991699e-01 9.798617362976074219e-01 9.836695790290832520e-01 9.864698648452758789e-01 9.886189103126525879e-01 0.000000000000000000e+00 0.000000000000000000e+00 
2.355951291974633932e-04 1.751793752191588283e-04 9.267622954212129116e-04 4.320539301261305809e-04 3.241232130676507950e-03 5.302524659782648087e-04 8.255742723122239113e-04 1.452664146199822426e-03 1.032568514347076416e-03 1.729892683215439320e-03 3.387586446478962898e-03 1.339577604085206985e-02 1.708083972334861755e-02 1.911590807139873505e-02 5.425607040524482727e-02 2.316827513277530670e-02 1.473308354616165161e-02 4.049173090606927872e-03 9.395990637131035328e-04 6.550512043759226799e-04 4.050981369800865650e-04 1.469037233619019389e-04 0.000000000000000000e+00 0.000000000000000000e+00 
1.003460772335529327e-02 9.652569890022277832e-03 1.110843475908041000e-02 1.150304917246103287e-02 1.542951818555593491e-02 1.172256935387849808e-02 1.364807598292827606e-02 1.567395217716693878e-02 1.582645997405052185e-02 1.797352172434329987e-02 2.580350637435913086e-02 4.145614430308341980e-02 7.029478996992111206e-02 2.131814509630203247e-01 4.314824044704437256e-01 6.758607625961303711e-01 8.672888278961181641e-01 9.558549523353576660e-01 9.805100560188293457e-01 9.841511249542236328e-01 9.868324398994445801e-01 9.888842701911926270e-01 0.000000000000000000e+00 0.000000000000000000e+00 
2.266568917548283935e-04 1.673845399636775255e-04 8.752418798394501209e-04 4.151272587478160858e-04 3.183055436238646507e-03 5.128069315105676651e-04 7.905964157544076443e-04 1.423549721948802471e-03 1.011263579130172729e-03 1.701807137578725815e-03 3.320639720186591148e-03 1.346244290471076965e-02 1.716521382331848145e-02 1.923467963933944702e-02 5.440125241875648499e-02 2.317174337804317474e-02 1.460001338273286819e-02 3.892495995387434959e-03 8.944334695115685463e-04 6.196517497301101685e-04 3.863064339384436607e-04 1.407285890309140086e-04 0.000000000000000000e+00 0.000000000000000000e+00 
9.818995371460914612e-03 9.443804621696472168e-03 1.085755135864019394e-02 1.126492489129304886e-02 1.518550422042608261e-02 1.148899085819721222e-02 1.337262894958257675e-02 1.542669720947742462e-02 1.558352913707494736e-02 1.774257235229015350e-02 2.558216452598571777e-02 4.157621785998344421e-02 7.097873091697692871e-02 2.161902189254760742e-01 4.377477169036865234e-01 6.824147701263427734e-01 8.715673685073852539e-01 9.578772187232971191e-01 9.812563657760620117e-01 9.846909642219543457e-01 9.872311353683471680e-01 9.891678094863891602e-01 0.000000000000000000e+00 0.000000000000000000e+00 
2.218916779384016991e-04 1.626661687623709440e-04 8.382758242078125477e-04 4.061596700921654701e-04 3.184755565598607063e-03 5.052172346040606499e-04 7.738592103123664856e-04 1.424598856829106808e-03 1.008373918011784554e-03 1.710401964373886585e-03 3.329960629343986511e-03 1.373555976897478104e-02 1.747154630720615387e-02 1.944755390286445618e-02 5.463526397943496704e-02 2.309961058199405670e-02 1.434587500989437103e-02 3.678632900118827820e-03 8.395392796956002712e-04 5.784967797808349133e-04 3.640266368165612221e-04 1.335789129370823503e-04 0.000000000000000000e+00 0.000000000000000000e+00 
9.556627832353115082e-03 9.193701669573783875e-03 1.053740922361612320e-02 1.092918124049901962e-02 1.468604151159524918e-02 1.112953480333089828e-02 1.292559597641229630e-02 1.488777436316013336e-02 1.504586916416883469e-02 1.708834990859031677e-02 2.446459420025348663e-02 4.019372537732124329e-02 6.875704973936080933e-02 2.125301808118820190e-01 4.338079392910003662e-01 6.803732514381408691e-01 8.715321421623229980e-01 9.583908319473266602e-01 9.816305637359619141e-01 9.849922060966491699e-01 9.874893426895141602e-01 9.893767237663269043e-01 0.000000000000000000e+00 0.000000000000000000e+00 
2.129821368725970387e-04 1.545923005323857069e-04 7.933983579277992249e-04 3.871889202855527401e-04 3.055559471249580383e-03 4.777846916113048792e-04 7.360570598393678665e-04 1.358693698421120644e-03 9.624554077163338661e-04 1.627693534828722477e-03 3.133077407255768776e-03 1.338132843375205994e-02 1.730822958052158356e-02 1.939744874835014343e-02 5.470762029290199280e-02 2.325676940381526947e-02 1.442661602050065994e-02 3.663255367428064346e-03 8.239148883149027824e-04 5.658444715663790703e-04 3.543209168128669262e-04 1.298658753512427211e-04 0.000000000000000000e+00 0.000000000000000000e+00 
9.321197867393493652e-03 8.967078290879726410e-03 1.025294326245784760e-02 1.063166745007038116e-02 1.424587052315473557e-02 1.080959476530551910e-02 1.253551896661520004e-02 1.441654469817876816e-02 1.457257475703954697e-02 1.651496067643165588e-02 2.349817939102649689e-02 3.900464996695518494e-02 6.690368056297302246e-02 2.095185816287994385e-01 4.307200610637664795e-01 6.789685487747192383e-01 8.718473911285400391e-01 9.590211510658264160e-01 9.820288419723510742e-01 9.853091239929199219e-01 9.877563714981079102e-01 9.895911812782287598e-01 0.000000000000000000e+00 0.000000000000000000e+00 
2.061632403638213873e-04 1.479771599406376481e-04 7.564668776467442513e-04 3.719714004546403885e-04 2.943511586636304855e-03 4.549674049485474825e-04 7.059216150082647800e-04 1.303855911828577518e-03 9.239696664735674858e-04 1.557101029902696609e-03 2.971590962260961533e-03 1.308039948344230652e-02 1.722402870655059814e-02 1.936908811330795288e-02 5.480183288455009460e-02 2.339742518961429596e-02 1.447863411158323288e-02 3.635203000158071518e-03 8.060865802690386772e-04 5.519557744264602661e-04 3.436842525843530893e-04 1.258738629985600710e-04 0.000000000000000000e+00 0.000000000000000000e+00 
9.077763184905052185e-03 8.732115849852561951e-03 9.956983849406242371e-03 1.031357515603303909e-02 1.373498234897851944e-02 1.046022400259971619e-02 1.210898160934448242e-02 1.387197803705930710e-02 1.402284856885671616e-02 1.582937687635421753e-02 2.230703271925449371e-02 3.735854849219322205e-02 6.417248398065567017e-02 2.042437493801116943e-01 4.238769412040710449e-01 6.743565201759338379e-01 8.705453872680664062e-01 9.590898156166076660e-01 9.822819828987121582e-01 9.855328202247619629e-01 9.879651069641113281e-01 9.897715449333190918e-01 0.000000000000000000e+00 0.000000000000000000e+00 
1.991902972804382443e-04 1.410312979714944959e-04 7.214116631075739861e-04 3.549148095771670341e-04 2.787806326523423195e-03 4.273928643669933081e-04 6.729073938913643360e-04 1.230436959303915501e-03 8.736803429201245308e-04 1.459183054976165295e-03 2.764930715784430504e-03 1.256519835442304611e-02 1.700841635465621948e-02 1.924284175038337708e-02 5.482353270053863525e-02 2.361991815268993378e-02 1.465656980872154236e-02 3.683187998831272125e-03 8.034133352339267731e-04 5.485371802933514118e-04 3.375597007106989622e-04 1.231664209626615047e-04 0.000000000000000000e+00 0.000000000000000000e+00 
8.839191868901252747e-03 8.505129255354404449e-03 9.667266160249710083e-03 1.000103168189525604e-02 1.323158014565706253e-02 1.012316532433032990e-02 1.168678235262632370e-02 1.334290299564599991e-02 1.349054556339979172e-02 1.516460627317428589e-02 2.118647843599319458e-02 3.572646155953407288e-02 6.146598607301712036e-02 1.988544166088104248e-01 4.167307615280151367e-01 6.694787144660949707e-01 8.690342903137207031e-01 9.590851068496704102e-01 9.825087189674377441e-01 9.857369661331176758e-01 9.881565570831298828e-01 9.899387955665588379e-01 0.000000000000000000e+00 0.000000000000000000e+00 
1.913399464683607221e-04 1.337973371846601367e-04 6.850568461231887341e-04 3.366493911016732454e-04 2.631911542266607285e-03 4.005767696071416140e-04 6.371382041834294796e-04 1.159042003564536572e-03 8.243197808042168617e-04 1.363711897283792496e-03 2.579441759735345840e-03 1.203843485563993454e-02 1.674718596041202545e-02 1.910118386149406433e-02 5.482038855552673340e-02 2.384376339614391327e-02 1.485292986035346985e-02 3.734731813892722130e-03 8.023863774724304676e-04 5.458645755425095558e-04 3.324305871501564980e-04 1.207782261190004647e-04 0.000000000000000000e+00 0.000000000000000000e+00 
8.644155226647853851e-03 8.316857740283012390e-03 9.438131004571914673e-03 9.765984490513801575e-03 1.291982457041740417e-02 9.879587218165397644e-03 1.139369793236255646e-02 1.301866583526134491e-02 1.316029299050569534e-02 1.478412654250860214e-02 2.064044587314128876e-02 3.509730845689773560e-02 6.062466651201248169e-02 1.980585902929306030e-01 4.168882369995117188e-01 6.707440018653869629e-01 8.705803155899047852e-01 9.600687026977539062e-01 9.829478859901428223e-01 9.860724210739135742e-01 9.884175062179565430e-01 9.901380538940429688e-01 0.000000000000000000e+00 0.000000000000000000e+00 
1.866087259259074926e-04 1.292328524868935347e-04 6.570594268850982189e-04 3.258187498431652784e-04 2.573330188170075417e-03 3.867482300847768784e-04 6.164070800878107548e-04 1.132599194534122944e-03 8.023108239285647869e-04 1.328072510659694672e-03 2.519055968150496483e-03 1.194274146109819412e-02 1.679457165300846100e-02 1.915282942354679108e-02 5.498589947819709778e-02 2.390716597437858582e-02 1.480522844940423965e-02 3.648161888122558594e-03 7.763454341329634190e-04 5.258826422505080700e-04 3.200663777533918619e-04 1.165794383268803358e-04 0.000000000000000000e+00 0.000000000000000000e+00 
8.480099961161613464e-03 8.156037889420986176e-03 9.252933785319328308e-03 9.588281624019145966e-03 1.276447810232639313e-02 9.704737924039363861e-03 1.119939051568508148e-02 1.285042986273765564e-02 1.298754755407571793e-02 1.462892349809408188e-02 2.053942158818244934e-02 3.531348705291748047e-02 6.141053885221481323e-02 2.012785673141479492e-01 4.233874976634979248e-01 6.773896813392639160e-01 8.747558593750000000e-01 9.618563652038574219e-01 9.835482835769653320e-01 9.865056276321411133e-01 9.887266159057617188e-01 9.903576970100402832e-01 0.000000000000000000e+00 0.000000000000000000e+00 
1.843087229644879699e-04 1.267562620341777802e-04 6.351464544422924519e-04 3.207410045433789492e-04 2.599236322566866875e-03 3.825648454949259758e-04 6.079602753743529320e-04 1.140834996476769447e-03 8.020175155252218246e-04 1.341781578958034515e-03 2.552547724917531013e-03 1.222688797861337662e-02 1.712254248559474945e-02 1.937893219292163849e-02 5.527444183826446533e-02 2.382664754986763000e-02 1.453919336199760437e-02 3.443624591454863548e-03 7.304601022042334080e-04 4.923841916024684906e-04 3.023176104761660099e-04 1.110404264181852341e-04 0.000000000000000000e+00 0.000000000000000000e+00 
8.319451473653316498e-03 7.999802939593791962e-03 9.068746119737625122e-03 9.410098195075988770e-03 1.258419919759035110e-02 9.527062065899372101e-03 1.099732890725135803e-02 1.265945099294185638e-02 1.279488299041986465e-02 1.444102264940738678e-02 2.035371772944927216e-02 3.538729250431060791e-02 6.191120296716690063e-02 2.037111371755599976e-01 4.284845590591430664e-01 6.828142404556274414e-01 8.782609701156616211e-01 9.633910059928894043e-01 9.840823411941528320e-01 9.868954420089721680e-01 9.890108108520507812e-01 9.905645847320556641e-01 0.000000000000000000e+00 0.000000000000000000e+00 
1.816097646951675415e-04 1.239570119651034474e-04 6.122110062278807163e-04 3.149063268210738897e-04 2.604881301522254944e-03 3.765298170037567616e-04 5.975021631456911564e-04 1.140292966738343239e-03 7.974680629558861256e-04 1.346100703813135624e-03 2.563919639214873314e-03 1.244077086448669434e-02 1.739095151424407959e-02 1.956764236092567444e-02 5.549796670675277710e-02 2.377006597816944122e-02 1.431926898658275604e-02 3.271426307037472725e-03 6.914298865012824535e-04 4.640381957869976759e-04 2.867821604013442993e-04 1.060814029187895358e-04 0.000000000000000000e+00 0.000000000000000000e+00 
8.150980807840824127e-03 7.838351652026176453e-03 8.871825411915779114e-03 9.212535806000232697e-03 1.233818102627992630e-02 9.326868690550327301e-03 1.075721811503171921e-02 1.240626536309719086e-02 1.253872364759445190e-02 1.415866427123546600e-02 1.998292468488216400e-02 3.508219495415687561e-02 6.164731830358505249e-02 2.042392641305923462e-01 4.305941462516784668e-01 6.856545209884643555e-01 8.804397583007812500e-01 9.644762873649597168e-01 9.845045804977416992e-01 9.872123599052429199e-01 9.892501831054687500e-01 9.907461404800415039e-01 0.000000000000000000e+00 0.000000000000000000e+00 
1.775804121280089021e-04 1.202940984512679279e-04 5.870169261470437050e-04 3.062405739910900593e-04 2.569655887782573700e-03 3.664469113573431969e-04 5.811039009131491184e-04 1.124708331190049648e-03 7.828715606592595577e-04 1.327328034676611423e-03 2.536659361794590950e-03 1.248154323548078537e-02 1.750014908611774445e-02 1.967062242329120636e-02 5.566111579537391663e-02 2.377906069159507751e-02 1.420642901211977005e-02 3.159468295052647591e-03 6.639845087192952633e-04 4.438000032678246498e-04 2.753178705461323261e-04 1.021951611619442701e-04 0.000000000000000000e+00 0.000000000000000000e+00 
7.966008037328720093e-03 7.661944720894098282e-03 8.651127107441425323e-03 8.978660218417644501e-03 1.196785736829042435e-02 9.079489856958389282e-03 1.044938061386346817e-02 1.203054189682006836e-02 1.216108631342649460e-02 1.369614433497190475e-02 1.924742572009563446e-02 3.403840959072113037e-02 5.992224067449569702e-02 2.011328041553497314e-01 4.269528687000274658e-01 6.836753487586975098e-01 8.802789449691772461e-01 9.648373126983642578e-01 9.847633242607116699e-01 9.874237179756164551e-01 9.894289970397949219e-01 9.908947348594665527e-01 0.000000000000000000e+00 0.000000000000000000e+00 
1.720791624393314123e-04 1.152818585978820920e-04 5.608765059150755405e-04 2.937617537099868059e-04 2.457927912473678589e-03 3.487551002763211727e-04 5.560500430874526501e-04 1.076849177479743958e-03 7.504050154238939285e-04 1.265050261281430721e-03 2.428912557661533356e-03 1.217799074947834015e-02 1.735633984208106995e-02 1.961772516369819641e-02 5.573561415076255798e-02 2.392251975834369659e-02 1.428870111703872681e-02 3.150271950289607048e-03 6.541424081660807133e-04 4.358695878181606531e-04 2.690728579182177782e-04 9.976216097129508853e-05 0.000000000000000000e+00 0.000000000000000000e+00 
7.810847833752632141e-03 7.510169409215450287e-03 8.470515720546245575e-03 8.796576410531997681e-03 1.172391604632139206e-02 8.888389915227890015e-03 1.022758893668651581e-02 1.178119238466024399e-02 1.190837565809488297e-02 1.340886577963829041e-02 1.884214766323566437e-02 3.363358229398727417e-02 5.946026369929313660e-02 2.010905295610427856e-01 4.280541837215423584e-01 6.856020689010620117e-01 8.820248842239379883e-01 9.657513499259948730e-01 9.851365685462951660e-01 9.877049326896667480e-01 9.896464347839355469e-01 9.910623431205749512e-01 0.000000000000000000e+00 0.000000000000000000e+00 
1.693826343398541212e-04 1.121259920182637870e-04 5.411033635027706623e-04 2.869561139959841967e-04 2.410834422335028648e-03 3.387018805369734764e-04 5.431153113022446632e-04 1.056395121850073338e-03 7.354722474701702595e-04 1.240937039256095886e-03 2.388949040323495865e-03 1.215729210525751114e-02 1.748440600931644440e-02 1.969650574028491974e-02 5.589220672845840454e-02 2.395635843276977539e-02 1.420381851494312286e-02 3.062960924580693245e-03 6.313223857432603836e-04 4.196312220301479101e-04 2.587972849141806364e-04 9.631911962060257792e-05 0.000000000000000000e+00 0.000000000000000000e+00 
7.668741047382354736e-03 7.369108498096466064e-03 8.307828567922115326e-03 8.634624071419239044e-03 1.153103448450565338e-02 8.718336001038551331e-03 1.003855932503938675e-02 1.157886069267988205e-02 1.169963646680116653e-02 1.318135205656290054e-02 1.854946278035640717e-02 3.343828767538070679e-02 5.940725654363632202e-02 2.020891904830932617e-01 4.308112859725952148e-01 6.888208389282226562e-01 8.843898177146911621e-01 9.668238759040832520e-01 9.855328798294067383e-01 9.879981875419616699e-01 9.898683428764343262e-01 9.912304878234863281e-01 0.000000000000000000e+00 0.000000000000000000e+00 
1.679799024714156985e-04 1.097274143830873072e-04 5.253684939816594124e-04 2.822741225827485323e-04 2.390214009210467339e-03 3.314283094368875027e-04 5.349997663870453835e-04 1.047080615535378456e-03 7.265499443747103214e-04 1.229114248417317867e-03 2.372520044445991516e-03 1.222776249051094055e-02 1.770389080047607422e-02 1.982092671096324921e-02 5.609332770109176636e-02 2.395278587937355042e-02 1.406199298799037933e-02 2.951481379568576813e-03 6.053632823750376701e-04 4.014870792161673307e-04 2.476244408171623945e-04 9.264584514312446117e-05 0.000000000000000000e+00 0.000000000000000000e+00 
7.534557487815618515e-03 7.235236465930938721e-03 8.153680711984634399e-03 8.479917421936988831e-03 1.134379301220178604e-02 8.554492145776748657e-03 9.858014993369579315e-03 1.138104870915412903e-02 1.149421557784080505e-02 1.295512169599533081e-02 1.824808865785598755e-02 3.321598470211029053e-02 5.928692966699600220e-02 2.028503119945526123e-01 4.331477582454681396e-01 6.916510462760925293e-01 8.865692019462585449e-01 9.678215384483337402e-01 9.859076142311096191e-01 9.882774353027343750e-01 9.900816082954406738e-01 9.913933873176574707e-01 0.000000000000000000e+00 0.000000000000000000e+00 
1.669959310675039887e-04 1.074587853509001434e-04 5.110119818709790707e-04 2.779203059617429972e-04 2.367863897234201431e-03 3.240856749471276999e-04 5.278072785586118698e-04 1.037240494042634964e-03 7.171863107942044735e-04 1.215657917782664299e-03 2.351805334910750389e-03 1.228668913245201111e-02 1.793074049055576324e-02 1.993492245674133301e-02 5.628796666860580444e-02 2.395964972674846649e-02 1.393304020166397095e-02 2.851272001862525940e-03 5.815571639686822891e-04 3.848752821795642376e-04 2.372342423768714070e-04 8.918486128095537424e-05 0.000000000000000000e+00 0.000000000000000000e+00 
7.396495435386896133e-03 7.099147886037826538e-03 7.992050610482692719e-03 8.313834667205810547e-03 1.110848877578973770e-02 8.377379737794399261e-03 9.654242545366287231e-03 1.114162523299455643e-02 1.124868262559175491e-02 1.266793999820947647e-02 1.782405748963356018e-02 3.272100165486335754e-02 5.861693248152732849e-02 2.021792083978652954e-01 4.332013428211212158e-01 6.925967335700988770e-01 8.878263831138610840e-01 9.685424566268920898e-01 9.862170815467834473e-01 9.885128736495971680e-01 9.902682304382324219e-01 9.915405511856079102e-01 0.000000000000000000e+00 0.000000000000000000e+00 
1.652107312111184001e-04 1.046442266670055687e-04 4.950301372446119785e-04 2.717384777497500181e-04 2.313293516635894775e-03 3.140899061691015959e-04 5.166538758203387260e-04 1.015478861518204212e-03 7.012375863268971443e-04 1.186489826068282127e-03 2.302934182807803154e-03 1.221396587789058685e-02 1.805033162236213684e-02 1.998566649854183197e-02 5.643957853317260742e-02 2.401987090706825256e-02 1.388383284211158752e-02 2.789584454149007797e-03 5.641817115247249603e-04 3.729016170836985111e-04 2.289930416736751795e-04 8.635298581793904305e-05 0.000000000000000000e+00 0.000000000000000000e+00 
7.246155757457017899e-03 6.954519543796777725e-03 7.810681127011775970e-03 8.122092112898826599e-03 1.078308280557394028e-02 8.171863853931427002e-03 9.402646683156490326e-03 1.082373503595590591e-02 1.092958729714155197e-02 1.227215770632028580e-02 1.719043031334877014e-02 3.176362067461013794e-02 5.705145001411437988e-02 1.990849077701568604e-01 4.292908310890197754e-01 6.904145479202270508e-01 8.875635862350463867e-01 9.688372611999511719e-01 9.864298701286315918e-01 9.886851906776428223e-01 9.904165267944335938e-01 9.916644096374511719e-01 0.000000000000000000e+00 0.000000000000000000e+00 
1.615946821402758360e-04 1.006355887511745095e-04 4.742321034427732229e-04 2.619132283143699169e-04 2.203177893534302711e-03 2.991714864037930965e-04 4.974840558134019375e-04 9.725456475280225277e-04 6.737071089446544647e-04 1.130396849475800991e-03 2.207058947533369064e-03 1.191872637718915939e-02 1.798728667199611664e-02 1.992949470877647400e-02 5.650585517287254333e-02 2.417060732841491699e-02 1.397168077528476715e-02 2.786724129691720009e-03 5.564542370848357677e-04 3.672467428259551525e-04 2.238404704257845879e-04 8.442108082817867398e-05 0.000000000000000000e+00 0.000000000000000000e+00 
7.086562924087047577e-03 6.803723517805337906e-03 7.608091924339532852e-03 7.905673235654830933e-03 1.034191809594631195e-02 7.935748435556888580e-03 9.106031619012355804e-03 1.041462738066911697e-02 1.052577514201402664e-02 1.175509858876466751e-02 1.630133949220180511e-02 3.023201040923595428e-02 5.445279553532600403e-02 1.926456540822982788e-01 4.196657836437225342e-01 6.836575865745544434e-01 8.850913643836975098e-01 9.685271978378295898e-01 9.865276813507080078e-01 9.887835979461669922e-01 9.905247092247009277e-01 9.917669296264648438e-01 0.000000000000000000e+00 0.000000000000000000e+00 
1.569893502164632082e-04 9.585488442098721862e-05 4.457726317923516035e-04 2.491922350600361824e-04 2.013118239119648933e-03 2.790270955301821232e-04 4.722857556771486998e-04 9.028865024447441101e-04 6.324280402623116970e-04 1.043542288243770599e-03 2.049966016784310341e-03 1.134159229695796967e-02 1.777840219438076019e-02 1.971338316798210144e-02 5.640508607029914856e-02 2.445229329168796539e-02 1.426228974014520645e-02 2.880679909139871597e-03 5.615850095637142658e-04 3.705669660121202469e-04 2.223249903181567788e-04 8.349261042894795537e-05 0.000000000000000000e+00 0.000000000000000000e+00 
6.936993915587663651e-03 6.660944316536188126e-03 7.423154078423976898e-03 7.708188612014055252e-03 9.952480904757976532e-03 7.722236216068267822e-03 8.841159753501415253e-03 1.005765050649642944e-02 1.017230562865734100e-02 1.130765303969383240e-02 1.555645465850830078e-02 2.894649095833301544e-02 5.235564708709716797e-02 1.874227225780487061e-01 4.118763208389282227e-01 6.782655715942382812e-01 8.832426071166992188e-01 9.683753848075866699e-01 9.866503477096557617e-01 9.888970851898193359e-01 9.906383156776428223e-01 9.918701052665710449e-01 0.000000000000000000e+00 0.000000000000000000e+00 
1.532624155515804887e-04 9.168091492028906941e-05 4.227248427923768759e-04 2.384539839113131166e-04 1.850185915827751160e-03 2.622841857373714447e-04 4.515345208346843719e-04 8.457489893771708012e-04 5.986747564747929573e-04 9.724174742586910725e-04 1.923078671097755432e-03 1.086159143596887589e-02 1.764269731938838959e-02 1.954471878707408905e-02 5.632454529404640198e-02 2.468937262892723083e-02 1.449240371584892273e-02 2.950000576674938202e-03 5.634099361486732960e-04 3.714058839250355959e-04 2.198655565734952688e-04 8.233365224441513419e-05 0.000000000000000000e+00 0.000000000000000000e+00 
6.821291521191596985e-03 6.548184435814619064e-03 7.288196124136447906e-03 7.571549154818058014e-03 9.755332022905349731e-03 7.580175064504146576e-03 8.677194826304912567e-03 9.869781322777271271e-03 9.982297196984291077e-03 1.109408400952816010e-02 1.526111643761396408e-02 2.864098176360130310e-02 5.208303779363632202e-02 1.873856633901596069e-01 4.129131138324737549e-01 6.800436377525329590e-01 8.848307728767395020e-01 9.691721796989440918e-01 9.869532585144042969e-01 9.891234040260314941e-01 9.908116459846496582e-01 9.920042157173156738e-01 0.000000000000000000e+00 0.000000000000000000e+00 
1.516913325758650899e-04 8.943877037381753325e-05 4.078858764842152596e-04 2.334481396246701479e-04 1.802326645702123642e-03 2.550278441049158573e-04 4.424864018801599741e-04 8.299027103930711746e-04 5.872458568774163723e-04 9.547608206048607826e-04 1.895753433927893639e-03 1.085411384701728821e-02 1.782930456101894379e-02 1.961703784763813019e-02 5.646717920899391174e-02 2.472539059817790985e-02 1.441686600446701050e-02 2.872510813176631927e-03 5.437007639557123184e-04 3.580457705538719893e-04 2.119525306625291705e-04 7.967611600179225206e-05 0.000000000000000000e+00 0.000000000000000000e+00 
6.711014546453952789e-03 6.440278608351945877e-03 7.162173744291067123e-03 7.445605937391519547e-03 9.590289555490016937e-03 7.450846489518880844e-03 8.529994636774063110e-03 9.710764512419700623e-03 9.821993298828601837e-03 1.092222798615694046e-02 1.504874322563409805e-02 2.852224372327327728e-02 5.213414877653121948e-02 1.883681118488311768e-01 4.156567454338073730e-01 6.831900477409362793e-01 8.870331048965454102e-01 9.701104760169982910e-01 9.872718453407287598e-01 9.893574714660644531e-01 9.909859895706176758e-01 9.921365380287170410e-01 0.000000000000000000e+00 0.000000000000000000e+00 
1.503961539128795266e-04 8.751304994802922010e-05 3.951059479732066393e-04 2.294087171321734786e-04 1.773371011950075626e-03 2.494284126441925764e-04 4.349871014710515738e-04 8.202740573324263096e-04 5.800381768494844437e-04 9.463385795243084431e-04 1.886651618406176567e-03 1.093871984630823135e-02 1.805353164672851562e-02 1.973708532750606537e-02 5.665126070380210876e-02 2.471968904137611389e-02 1.428007148206233978e-02 2.766930498182773590e-03 5.212530959397554398e-04 3.430736833252012730e-04 2.035568322753533721e-04 7.686403114348649979e-05 0.000000000000000000e+00 0.000000000000000000e+00 
6.618261337280273438e-03 6.346790120005607605e-03 7.060780189931392670e-03 7.350510451942682266e-03 9.526181966066360474e-03 7.356900256127119064e-03 8.435134775936603546e-03 9.639397263526916504e-03 9.743568487465381622e-03 1.086947508156299591e-02 1.506121177226305008e-02 2.892548963427543640e-02 5.312814563512802124e-02 1.921279132366180420e-01 4.231071472167968750e-01 6.899963617324829102e-01 8.909329175949096680e-01 9.714520573616027832e-01 9.876585602760314941e-01 9.896323084831237793e-01 9.911816120147705078e-01 9.922791719436645508e-01 0.000000000000000000e+00 0.000000000000000000e+00 
1.506214175606146455e-04 8.668959344504401088e-05 3.866963670589029789e-04 2.286190720042213798e-04 1.805434934794902802e-03 2.487418823875486851e-04 4.342281608842313290e-04 8.330400451086461544e-04 5.844737170264124870e-04 9.660625364631414413e-04 1.929267309606075287e-03 1.128431782126426697e-02 1.845388673245906830e-02 1.998452655971050262e-02 5.693837255239486694e-02 2.460224553942680359e-02 1.398116908967494965e-02 2.596537116914987564e-03 4.904044326394796371e-04 3.231498994864523411e-04 1.931101287482306361e-04 7.350624218815937638e-05 0.000000000000000000e+00 0.000000000000000000e+00 
6.537931039929389954e-03 6.265265401452779770e-03 6.977288983762264252e-03 7.276437245309352875e-03 9.538908489048480988e-03 7.289257366210222244e-03 8.375561796128749847e-03 9.630472399294376373e-03 9.724065661430358887e-03 1.090737525373697281e-02 1.524495985358953476e-02 2.973463200032711029e-02 5.486189946532249451e-02 1.980116963386535645e-01 4.341227710247039795e-01 6.994194388389587402e-01 8.959612846374511719e-01 9.730246067047119141e-01 9.880809187889099121e-01 9.899301528930664062e-01 9.913879632949829102e-01 9.924262762069702148e-01 0.000000000000000000e+00 0.000000000000000000e+00 
1.511879090685397387e-04 8.648716902825981379e-05 3.806503082159906626e-04 2.294399309903383255e-04 1.886135665699839592e-03 2.514359366614371538e-04 4.370192473288625479e-04 8.622205932624638081e-04 5.966775934211909771e-04 1.008287305012345314e-03 2.011822769418358803e-03 1.183441840112209320e-02 1.895990408957004547e-02 2.032319083809852600e-02 5.726148560643196106e-02 2.439321391284465790e-02 1.356631703674793243e-02 2.386876614764332771e-03 4.552517493721097708e-04 3.002804587595164776e-04 1.817231823224574327e-04 6.988603854551911354e-05 0.000000000000000000e+00 0.000000000000000000e+00 
6.441486068069934845e-03 6.171615794301033020e-03 6.872091442346572876e-03 7.171786855906248093e-03 9.454643353819847107e-03 7.187744136899709702e-03 8.261864073574542999e-03 9.532153606414794922e-03 9.618265554308891296e-03 1.081916410475969315e-02 1.519437134265899658e-02 2.999387122690677643e-02 5.553960055112838745e-02 2.009118497371673584e-01 4.401145577430725098e-01 7.048055529594421387e-01 8.990370631217956543e-01 9.740598797798156738e-01 9.883914589881896973e-01 9.901571273803710938e-01 9.915519356727600098e-01 9.925490021705627441e-01 0.000000000000000000e+00 0.000000000000000000e+00 
1.496961194789037108e-04 8.512405474903061986e-05 3.714192425832152367e-04 2.264879731228575110e-04 1.907963189296424389e-03 2.492391795385628939e-04 4.318181017879396677e-04 8.685477660037577152e-04 5.956451641395688057e-04 1.019309624098241329e-03 2.041545696556568146e-03 1.211254112422466278e-02 1.923543773591518402e-02 2.052409760653972626e-02 5.747490748763084412e-02 2.429860271513462067e-02 1.332775596529245377e-02 2.258186927065253258e-03 4.322107706684619188e-04 2.848030708264559507e-04 1.737914717523381114e-04 6.723894330207258463e-05 0.000000000000000000e+00 0.000000000000000000e+00 
6.339979823678731918e-03 6.074436474591493607e-03 6.759368348866701126e-03 7.055833004415035248e-03 9.324436075985431671e-03 7.073101121932268143e-03 8.126673288643360138e-03 9.395767934620380402e-03 9.474513120949268341e-03 1.067277882248163223e-02 1.502951793372631073e-02 2.997072413563728333e-02 5.569687113165855408e-02 2.023085057735443115e-01 4.435882270336151123e-01 7.082012891769409180e-01 9.011465311050415039e-01 9.748376607894897461e-01 9.886480569839477539e-01 9.903483390808105469e-01 9.916947484016418457e-01 9.926593303680419922e-01 0.000000000000000000e+00 0.000000000000000000e+00 
1.473673910368233919e-04 8.328443072969093919e-05 3.608949482440948486e-04 2.220144961029291153e-04 1.898708869703114033e-03 2.449337625876069069e-04 4.234458610881119967e-04 8.648863877169787884e-04 5.885871360078454018e-04 1.015041721984744072e-03 2.044371096417307854e-03 1.224282849580049515e-02 1.941484585404396057e-02 2.065557427704334259e-02 5.764339119195938110e-02 2.426268532872200012e-02 1.317937579005956650e-02 2.167585538700222969e-03 4.146885767113417387e-04 2.730329288169741631e-04 1.675306266406551003e-04 6.507852958748117089e-05 0.000000000000000000e+00 0.000000000000000000e+00 
6.226144731044769287e-03 5.969955585896968842e-03 6.629955954849720001e-03 6.917534861713647842e-03 9.134544990956783295e-03 6.937010213732719421e-03 7.953885011374950409e-03 9.199398569762706757e-03 9.273707866668701172e-03 1.044829841703176498e-02 1.472027413547039032e-02 2.959538809955120087e-02 5.520513653755187988e-02 2.017859369516372681e-01 4.439961016178131104e-01 7.093542814254760742e-01 9.021420478820800781e-01 9.753472805023193359e-01 9.888446331024169922e-01 9.905000329017639160e-01 9.918110966682434082e-01 9.927527308464050293e-01 0.000000000000000000e+00 0.000000000000000000e+00 
1.425918599124997854e-04 8.045755384955555201e-05 3.460328734945505857e-04 2.140349824912846088e-04 1.857502502389252186e-03 2.372465824009850621e-04 4.083139065187424421e-04 8.452896727249026299e-04 5.715426523238420486e-04 9.922086028382182121e-04 2.012673765420913696e-03 1.220188196748495102e-02 1.943293586373329163e-02 2.070102840662002563e-02 5.775877460837364197e-02 2.429889515042304993e-02 1.314375456422567368e-02 2.112158341333270073e-03 4.028293478768318892e-04 2.645312924869358540e-04 1.632941421121358871e-04 6.350914918584749103e-05 0.000000000000000000e+00 0.000000000000000000e+00 
6.123409140855073929e-03 5.876102950423955917e-03 6.515477783977985382e-03 6.796674802899360657e-03 9.003084152936935425e-03 6.822539493441581726e-03 7.810397073626518250e-03 9.052533656358718872e-03 9.119031019508838654e-03 1.029685512185096741e-02 1.454616524279117584e-02 2.952253445982933044e-02 5.531280115246772766e-02 2.029033154249191284e-01 4.471915662288665771e-01 7.126125097274780273e-01 9.040388464927673340e-01 9.760589599609375000e-01 9.890758991241455078e-01 9.906731843948364258e-01 9.919389486312866211e-01 9.928521513938903809e-01 0.000000000000000000e+00 0.000000000000000000e+00 
1.381215115543454885e-04 7.811300019966438413e-05 3.329254395794123411e-04 2.072410570690408349e-04 1.851263572461903095e-03 2.322118380106985569e-04 3.963999042753130198e-04 8.385993423871695995e-04 5.602414603345096111e-04 9.878650307655334473e-04 2.011471427977085114e-03 1.231121085584163666e-02 1.952854357659816742e-02 2.081464976072311401e-02 5.790267512202262878e-02 2.426384389400482178e-02 1.302049681544303894e-02 2.023501554504036903e-03 3.869026259053498507e-04 2.535379026085138321e-04 1.581187534611672163e-04 6.166630919324234128e-05 0.000000000000000000e+00 0.000000000000000000e+00 
6.025061476975679398e-03 5.784235429018735886e-03 6.405484862625598907e-03 6.681888364255428314e-03 8.868282660841941833e-03 6.710313726216554642e-03 7.674195803701877594e-03 8.907818235456943512e-03 8.967764675617218018e-03 1.014120876789093018e-02 1.435518264770507812e-02 2.942034974694252014e-02 5.533368885517120361e-02 2.037992775440216064e-01 4.498369097709655762e-01 7.154183983802795410e-01 9.057699441909790039e-01 9.767069816589355469e-01 9.892920255661010742e-01 9.908359050750732422e-01 9.920617341995239258e-01 9.929486513137817383e-01 0.000000000000000000e+00 0.000000000000000000e+00 
1.348062796751037240e-04 7.604316488141193986e-05 3.214603930246084929e-04 2.017519873334094882e-04 1.837002346292138100e-03 2.272474812343716621e-04 3.867568448185920715e-04 8.305519586428999901e-04 5.502403364516794682e-04 9.804453002288937569e-04 2.004423877224326134e-03 1.240427140146493912e-02 1.964914985001087189e-02 2.091955766081809998e-02 5.804159864783287048e-02 2.424188889563083649e-02 1.290672644972801208e-02 1.947011565789580345e-03 3.726290306076407433e-04 2.439116360619664192e-04 1.532065798528492451e-04 5.992294609313830733e-05 0.000000000000000000e+00 0.000000000000000000e+00 
5.917137488722801208e-03 5.683454219251871109e-03 6.281121633946895599e-03 6.547330413013696671e-03 8.642769418656826019e-03 6.571206729859113693e-03 7.499586325138807297e-03 8.689201436936855316e-03 8.746948093175888062e-03 9.870362468063831329e-03 1.393849588930606842e-02 2.874386869370937347e-02 5.423021689057350159e-02 2.015675306320190430e-01 4.472266733646392822e-01 7.142582535743713379e-01 9.057687520980834961e-01 9.769619703292846680e-01 9.894304275512695312e-01 9.909489750862121582e-01 9.921557903289794922e-01 9.930288791656494141e-01 0.000000000000000000e+00 0.000000000000000000e+00 
1.310447842115536332e-04 7.334688416449353099e-05 3.087977820541709661e-04 1.944463292602449656e-04 1.760351471602916718e-03 2.180885203415527940e-04 3.723264089785516262e-04 8.003938710317015648e-04 5.298631149344146252e-04 9.402746800333261490e-04 1.940916874445974827e-03 1.219476293772459030e-02 1.959302462637424469e-02 2.089026011526584625e-02 5.813928321003913879e-02 2.435673400759696960e-02 1.296455413103103638e-02 1.932286308147013187e-03 3.666576521936804056e-04 2.395563933532685041e-04 1.505003456259146333e-04 5.882533514522947371e-05 0.000000000000000000e+00 0.000000000000000000e+00 
5.817676428705453873e-03 5.590644665062427521e-03 6.166465580463409424e-03 6.423164624720811844e-03 8.425796404480934143e-03 6.442794576287269592e-03 7.337224669754505157e-03 8.486540988087654114e-03 8.541774004697799683e-03 9.616767056286334991e-03 1.354931108653545380e-02 2.809642069041728973e-02 5.316858366131782532e-02 1.994133442640304565e-01 4.447345733642578125e-01 7.131575345993041992e-01 9.058209657669067383e-01 9.772334694862365723e-01 9.895747303962707520e-01 9.910669326782226562e-01 9.922547936439514160e-01 9.931129217147827148e-01 0.000000000000000000e+00 0.000000000000000000e+00 
1.274688984267413616e-04 7.081105286488309503e-05 2.969087217934429646e-04 1.876818423625081778e-04 1.681521767750382423e-03 2.095636009471490979e-04 3.585472004488110542e-04 7.722850423306226730e-04 5.108371260575950146e-04 9.020020370371639729e-04 1.881873933598399162e-03 1.198615692555904388e-02 1.953515410423278809e-02 2.086180448532104492e-02 5.823935568332672119e-02 2.446914464235305786e-02 1.301772519946098328e-02 1.916024950332939625e-03 3.604590019676834345e-04 2.350787544855847955e-04 1.475866738473996520e-04 5.767139009549282491e-05 0.000000000000000000e+00 0.000000000000000000e+00 
5.721854977309703827e-03 5.500355735421180725e-03 6.056365091353654861e-03 6.305257789790630341e-03 8.218166418373584747e-03 6.319680251181125641e-03 7.183670066297054291e-03 8.294777944684028625e-03 8.347539231181144714e-03 9.376970119774341583e-03 1.318068522959947586e-02 2.748696319758892059e-02 5.218600481748580933e-02 1.974178552627563477e-01 4.424009323120117188e-01 7.121688723564147949e-01 9.059270024299621582e-01 9.775077700614929199e-01 9.897161722183227539e-01 9.911825656890869141e-01 9.923520088195800781e-01 9.931951761245727539e-01 0.000000000000000000e+00 0.000000000000000000e+00 
1.244586164830252528e-04 6.849921192042529583e-05 2.861235407181084156e-04 1.817195879993960261e-04 1.605838653631508350e-03 2.016536018345504999e-04 3.462320310063660145e-04 7.459238404408097267e-04 4.935148172080516815e-04 8.665199275128543377e-04 1.825401326641440392e-03 1.178912632167339325e-02 1.950537972152233124e-02 2.083895727992057800e-02 5.833759903907775879e-02 2.457661926746368408e-02 1.306258514523506165e-02 1.899142749607563019e-03 3.543086932040750980e-04 2.307628892594948411e-04 1.446253299945965409e-04 5.653224434354342520e-05 0.000000000000000000e+00 0.000000000000000000e+00 
5.634495057165622711e-03 5.416745785623788834e-03 5.957187619060277939e-03 6.201472133398056030e-03 8.052553981542587280e-03 6.211897823959589005e-03 7.053829263895750046e-03 8.140102028846740723e-03 8.189134299755096436e-03 9.189483709633350372e-03 1.290947757661342621e-02 2.711815200746059418e-02 5.167536437511444092e-02 1.967217177152633667e-01 4.421770572662353516e-01 7.127188444137573242e-01 9.067226052284240723e-01 9.779179692268371582e-01 9.898805618286132812e-01 9.913120865821838379e-01 9.924565553665161133e-01 9.932811260223388672e-01 0.000000000000000000e+00 0.000000000000000000e+00 
1.223537401529029012e-04 6.668674905085936189e-05 2.770636347122490406e-04 1.773754338501021266e-04 1.554450835101306438e-03 1.958054781425744295e-04 3.374162770342081785e-04 7.287833141162991524e-04 4.814848944079130888e-04 8.437385549768805504e-04 1.791605027392506599e-03 1.171507779508829117e-02 1.958309300243854523e-02 2.087383903563022614e-02 5.845732241868972778e-02 2.463053166866302490e-02 1.303499285131692886e-02 1.861384371295571327e-03 3.455442783888429403e-04 2.249369426863268018e-04 1.409351243637502193e-04 5.518880789168179035e-05 0.000000000000000000e+00 0.000000000000000000e+00 
5.540624726563692093e-03 5.327728111296892166e-03 5.847010761499404907e-03 6.081172730773687363e-03 7.794013246893882751e-03 6.081479135900735855e-03 6.888817530125379562e-03 7.916043512523174286e-03 7.966675795614719391e-03 8.894598111510276794e-03 1.242357678711414337e-02 2.612507715821266174e-02 5.002950876951217651e-02 1.924824267625808716e-01 4.359174072742462158e-01 7.086970210075378418e-01 9.055183529853820801e-01 9.779127836227416992e-01 9.899708628654479980e-01 9.913963675498962402e-01 9.925370812416076660e-01 9.933544993400573730e-01 0.000000000000000000e+00 0.000000000000000000e+00 
1.195678050862625241e-04 6.416035466827452183e-05 2.663663472048938274e-04 1.709611533442512155e-04 1.436390215530991554e-03 1.859288458945229650e-04 3.232425951864570379e-04 6.896855193190276623e-04 4.594910715240985155e-04 7.901854696683585644e-04 1.701696310192346573e-03 1.128358580172061920e-02 1.946676336228847504e-02 2.074644528329372406e-02 5.850711092352867126e-02 2.484099939465522766e-02 1.321170199662446976e-02 1.891912659630179405e-03 3.452778037171810865e-04 2.242407208541408181e-04 1.393112615915015340e-04 5.445060378406196833e-05 0.000000000000000000e+00 0.000000000000000000e+00 
5.452489014714956284e-03 5.243837833404541016e-03 5.744673311710357666e-03 5.970921833068132401e-03 7.568848319351673126e-03 5.963343195617198944e-03 6.741099059581756592e-03 7.721874862909317017e-03 7.773404009640216827e-03 8.645134046673774719e-03 1.202359236776828766e-02 2.531516551971435547e-02 4.878066480159759521e-02 1.892794817686080933e-01 4.313543140888214111e-01 7.058929800987243652e-01 9.048397541046142578e-01 9.780144095420837402e-01 9.900780916213989258e-01 9.914906024932861328e-01 9.926220774650573730e-01 9.934296011924743652e-01 0.000000000000000000e+00 0.000000000000000000e+00 
1.171719559351913631e-04 6.197013863129541278e-05 2.564766036812216043e-04 1.655708765611052513e-04 1.338587957434356213e-03 1.776497083483263850e-04 3.111913683824241161e-04 6.584658403880894184e-04 4.415969597175717354e-04 7.483215886168181896e-04 1.632331637665629387e-03 1.093443855643272400e-02 1.942284777760505676e-02 2.066132426261901855e-02 5.855968967080116272e-02 2.500652149319648743e-02 1.333442982286214828e-02 1.904857461340725422e-03 3.429014759603887796e-04 2.222983748652040958e-04 1.371952967019751668e-04 5.357553891371935606e-05 0.000000000000000000e+00 0.000000000000000000e+00 
5.350665189325809479e-03 5.150683224201202393e-03 5.621675401926040649e-03 5.835370160639286041e-03 7.236684672534465790e-03 5.815901793539524078e-03 6.545410025864839554e-03 7.437062449753284454e-03 7.498433813452720642e-03 8.270321413874626160e-03 1.137536484748125076e-02 2.374055050313472748e-02 4.625482112169265747e-02 1.817048639059066772e-01 4.186572730541229248e-01 6.971184611320495605e-01 9.014427065849304199e-01 9.775496125221252441e-01 9.900858998298645020e-01 9.915218949317932129e-01 9.926710724830627441e-01 9.934843182563781738e-01 0.000000000000000000e+00 0.000000000000000000e+00 
1.125352573581039906e-04 5.874460839550010860e-05 2.414565533399581909e-04 1.570069289300590754e-04 1.169601455330848694e-03 1.646093005547299981e-04 2.918352256529033184e-04 5.987649783492088318e-04 4.105648840777575970e-04 6.724298000335693359e-04 1.494623604230582714e-03 1.012699771672487259e-02 1.908878982067108154e-02 2.035467326641082764e-02 5.841463804244995117e-02 2.535826899111270905e-02 1.373118627816438675e-02 2.008656272664666176e-03 3.512750554364174604e-04 2.269454271299764514e-04 1.378960587317124009e-04 5.356218025553971529e-05 0.000000000000000000e+00 0.000000000000000000e+00 
5.274045281112194061e-03 5.078219342976808548e-03 5.535166244953870773e-03 5.746331065893173218e-03 7.097890600562095642e-03 5.724926944822072983e-03 6.436013150960206985e-03 7.307534106075763702e-03 7.368300110101699829e-03 8.119581267237663269e-03 1.116284728050231934e-02 2.342437393963336945e-02 4.592857882380485535e-02 1.812618672847747803e-01 4.185965657234191895e-01 6.979260444641113281e-01 9.023104906082153320e-01 9.779717922210693359e-01 9.902441501617431641e-01 9.916458129882812500e-01 9.927693009376525879e-01 9.935644268989562988e-01 0.000000000000000000e+00 0.000000000000000000e+00 
1.103967588278464973e-04 5.731282362830825150e-05 2.330998395336791873e-04 1.534860930405557156e-04 1.128802425228059292e-03 1.600067480467259884e-04 2.846524294000118971e-04 5.841156234964728355e-04 4.011537239421159029e-04 6.554659921675920486e-04 1.468470203690230846e-03 1.004080194979906082e-02 1.919037662446498871e-02 2.039217948913574219e-02 5.851661786437034607e-02 2.540049329400062561e-02 1.369715016335248947e-02 1.964822178706526756e-03 3.419782151468098164e-04 2.208822697866708040e-04 1.343832700513303280e-04 5.232111288933083415e-05 0.000000000000000000e+00 0.000000000000000000e+00 
5.208344198763370514e-03 5.013980437070131302e-03 5.464192945510149002e-03 5.676558241248130798e-03 7.034311071038246155e-03 5.656354129314422607e-03 6.362110376358032227e-03 7.240086793899536133e-03 7.296198513358831406e-03 8.056880906224250793e-03 1.112031005322933197e-02 2.362978272140026093e-02 4.648701101541519165e-02 1.837841868400573730e-01 4.238626658916473389e-01 7.027148604393005371e-01 9.049392938613891602e-01 9.787402153015136719e-01 9.904583692550659180e-01 9.918037056922912598e-01 9.928851127624511719e-01 9.936532378196716309e-01 0.000000000000000000e+00 0.000000000000000000e+00 
1.096235864679329097e-04 5.661535396939143538e-05 2.279754553455859423e-04 1.522112434031441808e-04 1.136585138738155365e-03 1.587478618603199720e-04 2.826733980327844620e-04 5.873558111488819122e-04 4.005947266705334187e-04 6.614118465222418308e-04 1.486335066147148609e-03 1.026286184787750244e-02 1.948758773505687714e-02 2.057793736457824707e-02 5.873252823948860168e-02 2.531418949365615845e-02 1.348222419619560242e-02 1.862932345829904079e-03 3.260880475863814354e-04 2.108549524564296007e-04 1.292881352128461003e-04 5.061576666776090860e-05 0.000000000000000000e+00 0.000000000000000000e+00 
5.151108838617801666e-03 4.956535995006561279e-03 5.404221359640359879e-03 5.620223004370927811e-03 7.022653706371784210e-03 5.603205878287553787e-03 6.311755627393722534e-03 7.213722448796033859e-03 7.262144237756729126e-03 8.052373304963111877e-03 1.119084283709526062e-02 2.418759651482105255e-02 4.764445126056671143e-02 1.882761865854263306e-01 4.326155483722686768e-01 7.099835276603698730e-01 9.086291790008544922e-01 9.796926975250244141e-01 9.907025098800659180e-01 9.919802546501159668e-01 9.930105209350585938e-01 9.937470555305480957e-01 0.000000000000000000e+00 0.000000000000000000e+00 
1.097313870559446514e-04 5.637179492623545229e-05 2.246313088107854128e-04 1.522397651569917798e-04 1.177630620077252388e-03 1.595539215486496687e-04 2.840028901118785143e-04 6.023666355758905411e-04 4.056673205923289061e-04 6.824326119385659695e-04 1.533588161692023277e-03 1.069727446883916855e-02 1.991054229438304901e-02 2.085732854902744293e-02 5.899981409311294556e-02 2.514007873833179474e-02 1.315323077142238617e-02 1.730762771330773830e-03 3.069523954764008522e-04 1.987882278626784682e-04 1.234008668689057231e-04 4.865945811616256833e-05 0.000000000000000000e+00 0.000000000000000000e+00 
5.097046960145235062e-03 4.904811270534992218e-03 5.351202562451362610e-03 5.572538357228040695e-03 7.077543996274471283e-03 5.567681510001420975e-03 6.279000081121921539e-03 7.231472525745630264e-03 7.269855588674545288e-03 8.125054650008678436e-03 1.141511090099811554e-02 2.526350133121013641e-02 4.959685727953910828e-02 1.955842971801757812e-01 4.463509023189544678e-01 7.208783030509948730e-01 9.137266278266906738e-01 9.808743000030517578e-01 9.909799098968505859e-01 9.921754002571105957e-01 9.931434988975524902e-01 9.938432574272155762e-01 0.000000000000000000e+00 0.000000000000000000e+00 
1.085121621144935489e-04 5.616689668386243284e-05 2.210973179899156094e-04 1.519838842796161771e-04 1.267789746634662151e-03 1.629600592423230410e-04 2.858437073882669210e-04 6.312516634352505207e-04 4.157426301389932632e-04 7.253530784510076046e-04 1.621155417524278164e-03 1.144457608461380005e-02 2.033540792763233185e-02 2.125622332096099854e-02 5.928384512662887573e-02 2.482165768742561340e-02 1.266806945204734802e-02 1.554882503114640713e-03 2.835785271599888802e-04 1.839939650380983949e-04 1.167506634374149144e-04 4.649912079912610352e-05 0.000000000000000000e+00 0.000000000000000000e+00 
5.043914541602134705e-03 4.852697718888521194e-03 5.297916010022163391e-03 5.525342654436826706e-03 7.130713202059268951e-03 5.530114285647869110e-03 6.246664561331272125e-03 7.248137146234512329e-03 7.274169940501451492e-03 8.193489164113998413e-03 1.162711251527070999e-02 2.631981484591960907e-02 5.155242606997489929e-02 2.026099413633346558e-01 4.592227339744567871e-01 7.308050990104675293e-01 9.183181524276733398e-01 9.819010496139526367e-01 9.912298321723937988e-01 9.923535585403442383e-01 9.932675361633300781e-01 9.939347505569458008e-01 0.000000000000000000e+00 0.000000000000000000e+00 
1.080853980965912342e-04 5.599137875833548605e-05 2.175592671846970916e-04 1.522672973806038499e-04 1.356487977318465710e-03 1.661951682763174176e-04 2.888356102630496025e-04 6.614391459152102470e-04 4.260055720806121826e-04 7.682252908125519753e-04 1.706665963865816593e-03 1.218803040683269501e-02 2.079049497842788696e-02 2.162779867649078369e-02 5.948616191744804382e-02 2.451493032276630402e-02 1.222322694957256317e-02 1.407431787811219692e-03 2.637335564941167831e-04 1.715030375635251403e-04 1.107837015297263861e-04 4.451684071682393551e-05 0.000000000000000000e+00 0.000000000000000000e+00 
4.981223028153181076e-03 4.793317988514900208e-03 5.230281967669725418e-03 5.458015482872724533e-03 7.094239350408315659e-03 5.468095652759075165e-03 6.175904534757137299e-03 7.189571857452392578e-03 7.212201599031686783e-03 8.153803646564483643e-03 1.162175834178924561e-02 2.673589251935482025e-02 5.236440524458885193e-02 2.060545682907104492e-01 4.657545089721679688e-01 7.361933588981628418e-01 9.209412932395935059e-01 9.825538992881774902e-01 9.914109706878662109e-01 9.924887418746948242e-01 9.933668375015258789e-01 9.940121173858642578e-01 0.000000000000000000e+00 0.000000000000000000e+00 
1.064958123606629670e-04 5.512085408554412425e-05 2.116333926096558571e-04 1.500121143180876970e-04 1.384248840622603893e-03 1.654758525546640158e-04 2.861132670659571886e-04 6.672207964584231377e-04 4.257854598108679056e-04 7.804184569977223873e-04 1.731497701257467270e-03 1.256078574806451797e-02 2.103043720126152039e-02 2.183500118553638458e-02 5.960777774453163147e-02 2.437003701925277710e-02 1.198429055511951447e-02 1.319612609222531319e-03 2.512499049771577120e-04 1.633506617508828640e-04 1.066884724423289299e-04 4.312175587983801961e-05 0.000000000000000000e+00 0.000000000000000000e+00 
4.911486525088548660e-03 4.727608524262905121e-03 5.152274388819932938e-03 5.375007167458534241e-03 6.970514077693223953e-03 5.383910145610570908e-03 6.073332391679286957e-03 7.065602578222751617e-03 7.088740821927785873e-03 8.009350858628749847e-03 1.141348481178283691e-02 2.647884003818035126e-02 5.199282616376876831e-02 2.058369517326354980e-01 4.661634564399719238e-01 7.371965050697326660e-01 9.217764139175415039e-01 9.828819036483764648e-01 9.915327429771423340e-01 9.925863742828369141e-01 9.934453964233398438e-01 9.940777420997619629e-01 0.000000000000000000e+00 0.000000000000000000e+00 
1.044619784806855023e-04 5.373727253754623234e-05 2.050419570878148079e-04 1.462216023355722427e-04 1.350135076791048050e-03 1.611236366443336010e-04 2.789229038171470165e-04 6.520986789837479591e-04 4.161344550084322691e-04 7.625543512403964996e-04 1.703802146948873997e-03 1.253295317292213440e-02 2.109374478459358215e-02 2.188684046268463135e-02 5.972087010741233826e-02 2.439769916236400604e-02 1.194041501730680466e-02 1.285476260818541050e-03 2.449701423756778240e-04 1.590999017935246229e-04 1.042131189024075866e-04 4.220236587570980191e-05 0.000000000000000000e+00 0.000000000000000000e+00 
4.835521802306175232e-03 4.656879231333732605e-03 5.065887235105037689e-03 5.279753357172012329e-03 6.783117074519395828e-03 5.283722653985023499e-03 5.946977995336055756e-03 6.893984973430633545e-03 6.920615676790475845e-03 7.790533360093832016e-03 1.105893589556217194e-02 2.572836726903915405e-02 5.075170099735260010e-02 2.028911858797073364e-01 4.619913399219512939e-01 7.349956035614013672e-01 9.213029742240905762e-01 9.829817414283752441e-01 9.916110038757324219e-01 9.926558136940002441e-01 9.935069680213928223e-01 9.941334128379821777e-01 0.000000000000000000e+00 0.000000000000000000e+00 
1.018183611449785531e-04 5.194013283471576869e-05 1.977309730136767030e-04 1.411015982739627361e-04 1.271269400604069233e-03 1.542414247523993254e-04 2.681858604773879051e-04 6.216499023139476776e-04 3.994695434812456369e-04 7.236831588670611382e-04 1.636823522858321667e-03 1.220948901027441025e-02 2.100745774805545807e-02 2.182198315858840942e-02 5.983216688036918640e-02 2.455445937812328339e-02 1.204149238765239716e-02 1.287464750930666924e-03 2.429328160360455513e-04 1.574520865688100457e-04 1.029492050292901695e-04 4.164913480053655803e-05 0.000000000000000000e+00 0.000000000000000000e+00 
4.763782955706119537e-03 4.590326454490423203e-03 4.985029809176921844e-03 5.190394818782806396e-03 6.611809600144624710e-03 5.190759897232055664e-03 5.829031113535165787e-03 6.736948154866695404e-03 6.765284575521945953e-03 7.590254768729209900e-03 1.073639281094074249e-02 2.504537068307399750e-02 4.964416474103927612e-02 2.002293020486831665e-01 4.583029150962829590e-01 7.330784797668457031e-01 9.209349155426025391e-01 9.830999374389648438e-01 9.916933774948120117e-01 9.927282333374023438e-01 9.935709834098815918e-01 9.941902160644531250e-01 0.000000000000000000e+00 0.000000000000000000e+00 
9.910123480949550867e-05 5.024366691941395402e-05 1.908527192426845431e-04 1.362593466183170676e-04 1.201360602863132954e-03 1.480660866945981979e-04 2.579899446573108435e-04 5.951275234110653400e-04 3.841869183816015720e-04 6.892756209708750248e-04 1.577195711433887482e-03 1.191389746963977814e-02 2.092757076025009155e-02 2.176402509212493896e-02 5.994088947772979736e-02 2.469775266945362091e-02 1.213135663419961929e-02 1.286578364670276642e-03 2.406186977168545127e-04 1.556033093947917223e-04 1.015667730825953186e-04 4.106491178390569985e-05 0.000000000000000000e+00 0.000000000000000000e+00 
4.699986428022384644e-03 4.529433324933052063e-03 4.915262106806039810e-03 5.116510204970836639e-03 6.509872619062662125e-03 5.115991923958063126e-03 5.740647204220294952e-03 6.634789984673261642e-03 6.660575978457927704e-03 7.471601013094186783e-03 1.057570520788431168e-02 2.487592212855815887e-02 4.946838319301605225e-02 2.004130929708480835e-01 4.593997299671173096e-01 7.344459891319274902e-01 9.219021797180175781e-01 9.834288358688354492e-01 9.918097257614135742e-01 9.928213357925415039e-01 9.936453700065612793e-01 9.942523241043090820e-01 0.000000000000000000e+00 0.000000000000000000e+00 
9.755927021615207195e-05 4.913915108772926033e-05 1.859361364040523767e-04 1.334369881078600883e-04 1.178350299596786499e-03 1.447749673388898373e-04 2.526710450183600187e-04 5.859406082890927792e-04 3.771205956581979990e-04 6.776240188628435135e-04 1.561779179610311985e-03 1.192279160022735596e-02 2.104024961590766907e-02 2.182888425886631012e-02 6.006387993693351746e-02 2.470865286886692047e-02 1.206965465098619461e-02 1.251525944098830223e-03 2.345172542845830321e-04 1.515374315204098821e-04 9.920953016262501478e-05 4.018640174763277173e-05 0.000000000000000000e+00 0.000000000000000000e+00 
4.637394566088914871e-03 4.472146276384592056e-03 4.848538897931575775e-03 5.045389756560325623e-03 6.434090435504913330e-03 5.049478262662887573e-03 5.657782312482595444e-03 6.548746954649686813e-03 6.571615580469369888e-03 7.381959818303585052e-03 1.047081500291824341e-02 2.493716776371002197e-02 4.961053654551506042e-02 2.017284482717514038e-01 4.624985754489898682e-01 7.372956871986389160e-01 9.233729243278503418e-01 9.838411211967468262e-01 9.919366240501403809e-01 9.929205179214477539e-01 9.937216639518737793e-01 9.943142533302307129e-01 0.000000000000000000e+00 0.000000000000000000e+00 
9.478289575781673193e-05 4.795634231413714588e-05 1.803735794965177774e-04 1.299798750551417470e-04 1.174477394670248032e-03 1.425045193172991276e-04 2.468136081006377935e-04 5.819352809339761734e-04 3.713530022650957108e-04 6.732602487318217754e-04 1.560377073474228382e-03 1.207865029573440552e-02 2.111314423382282257e-02 2.193793840706348419e-02 6.019373983144760132e-02 2.465668320655822754e-02 1.195420138537883759e-02 1.198889105580747128e-03 2.270120166940614581e-04 1.463332155253738165e-04 9.665167453931644559e-05 3.926886711269617081e-05 0.000000000000000000e+00 0.000000000000000000e+00 
4.579538013786077499e-03 4.417807795107364655e-03 4.786080215126276016e-03 4.980357363820075989e-03 6.360176485031843185e-03 4.986586514860391617e-03 5.582452751696109772e-03 6.469366606324911118e-03 6.489614024758338928e-03 7.299064192920923233e-03 1.037452835589647293e-02 2.499659545719623566e-02 4.978818818926811218e-02 2.030597031116485596e-01 4.655267596244812012e-01 7.400091886520385742e-01 9.248179793357849121e-01 9.842370748519897461e-01 9.920626878738403320e-01 9.930192828178405762e-01 9.937991499900817871e-01 9.943772554397583008e-01 0.000000000000000000e+00 0.000000000000000000e+00 
9.293621405959129333e-05 4.699689088738523424e-05 1.755089906509965658e-04 1.274863316211849451e-04 1.167776994407176971e-03 1.404290815116837621e-04 2.423546393401920795e-04 5.780510255135595798e-04 3.668601857498288155e-04 6.700321682728827000e-04 1.560078701004385948e-03 1.222649496048688889e-02 2.124978415668010712e-02 2.204824984073638916e-02 6.031013280153274536e-02 2.460666000843048096e-02 1.183767709881067276e-02 1.150408177636563778e-03 2.198230067733675241e-04 1.415715378243476152e-04 9.403462172485888004e-05 3.833496521110646427e-05 0.000000000000000000e+00 0.000000000000000000e+00 
4.519888665527105331e-03 4.361825063824653625e-03 4.720689263194799423e-03 4.911324009299278259e-03 6.258463952690362930e-03 4.917452577501535416e-03 5.499052815139293671e-03 6.370979361236095428e-03 6.390643771737813950e-03 7.186912465840578079e-03 1.021741423755884171e-02 2.484355121850967407e-02 4.960353299975395203e-02 2.031831294298171997e-01 4.664114713668823242e-01 7.412524819374084473e-01 9.256721138954162598e-01 9.845303297042846680e-01 9.921694993972778320e-01 9.931052923202514648e-01 9.938687086105346680e-01 9.944356083869934082e-01 0.000000000000000000e+00 0.000000000000000000e+00 
9.102383046410977840e-05 4.593360426952131093e-05 1.703676825854927301e-04 1.246547035407274961e-04 1.140410313382744789e-03 1.372967526549473405e-04 2.368314744671806693e-04 5.673078703694045544e-04 3.597474715206772089e-04 6.582241621799767017e-04 1.541437581181526184e-03 1.224179286509752274e-02 2.134368382394313812e-02 2.210586890578269958e-02 6.041242182254791260e-02 2.461640164256095886e-02 1.178625598549842834e-02 1.118084532208740711e-03 2.144669997505843639e-04 1.380093744955956936e-04 9.194299491355195642e-05 3.756299702217802405e-05 0.000000000000000000e+00 0.000000000000000000e+00 
4.446657840162515640e-03 4.296836443245410919e-03 4.636259283870458603e-03 4.815008956938982010e-03 6.022951565682888031e-03 4.816123284399509430e-03 5.363076459616422653e-03 6.171673536300659180e-03 6.196437869220972061e-03 6.919462699443101883e-03 9.744113311171531677e-03 2.356070093810558319e-02 4.739914089441299438e-02 1.968201547861099243e-01 4.563901722431182861e-01 7.350702881813049316e-01 9.235340952873229980e-01 9.843665957450866699e-01 9.921943545341491699e-01 9.931385517120361328e-01 9.939077496528625488e-01 9.944764971733093262e-01 0.000000000000000000e+00 0.000000000000000000e+00 
8.675368007970973849e-05 4.385192733025178313e-05 1.617905800230801105e-04 1.180646067950874567e-04 1.019022660329937935e-03 1.287325867451727390e-04 2.223324263468384743e-04 5.240158061496913433e-04 3.364223521202802658e-04 6.010535871610045433e-04 1.430630451068282127e-03 1.155151799321174622e-02 2.098193392157554626e-02 2.187415771186351776e-02 6.049567088484764099e-02 2.493526972830295563e-02 1.207951549440622330e-02 1.157415914349257946e-03 2.170679363189265132e-04 1.392969134030863643e-04 9.220921492669731379e-05 3.751439362531527877e-05 0.000000000000000000e+00 0.000000000000000000e+00 
4.363596439361572266e-03 4.223974421620368958e-03 4.535727202892303467e-03 4.695043433457612991e-03 5.648380611091852188e-03 4.681419581174850464e-03 5.175799131393432617e-03 5.866449791938066483e-03 5.906620994210243225e-03 6.486458703875541687e-03 8.935635909438133240e-03 2.088958956301212311e-02 4.298644140362739563e-02 1.821378171443939209e-01 4.313366115093231201e-01 7.179392576217651367e-01 9.169264435768127441e-01 9.834902882575988770e-01 9.921047687530517578e-01 9.931021332740783691e-01 9.939101934432983398e-01 9.944984316825866699e-01 0.000000000000000000e+00 0.000000000000000000e+00 
8.160233846865594387e-05 4.098890349268913269e-05 1.514489704277366400e-04 1.088293356588110328e-04 7.983482209965586662e-04 1.143444023909978569e-04 1.997671206481754780e-04 4.449780972208827734e-04 2.983916492667049170e-04 4.966863198205828667e-04 1.219576690346002579e-03 9.935873560607433319e-03 2.012633718550205231e-02 2.122643962502479553e-02 6.038621068000793457e-02 2.565556019544601440e-02 1.286234427243471146e-02 1.320256618782877922e-03 2.323464141227304935e-04 1.480234932387247682e-04 9.550999675411731005e-05 3.838168413494713604e-05 0.000000000000000000e+00 0.000000000000000000e+00 
4.298433661460876465e-03 4.164427518844604492e-03 4.458505194634199142e-03 4.608134273439645767e-03 5.427249707281589508e-03 4.585959017276763916e-03 5.049937404692173004e-03 5.676102824509143829e-03 5.723943468183279037e-03 6.229804828763008118e-03 8.474173955619335175e-03 1.942219212651252747e-02 4.072760418057441711e-02 1.741655021905899048e-01 4.173377752304077148e-01 7.083907723426818848e-01 9.133280515670776367e-01 9.830772280693054199e-01 9.920993447303771973e-01 9.931187629699707031e-01 9.939432144165039062e-01 9.945373535156250000e-01 0.000000000000000000e+00 0.000000000000000000e+00 
7.877096504671499133e-05 3.925513010472059250e-05 1.441537897335365415e-04 1.037500333040952682e-04 6.838268600404262543e-04 1.061205039150081575e-04 1.870298001449555159e-04 4.027071117889136076e-04 2.774932072497904301e-04 4.428105021361261606e-04 1.105550792999565601e-03 9.059546515345573425e-03 1.971818692982196808e-02 2.086159586906433105e-02 6.023366004228591919e-02 2.605404146015644073e-02 1.329941488802433014e-02 1.410947646945714951e-03 2.394298644503578544e-04 1.518989010946825147e-04 9.641044744057580829e-05 3.851566361845470965e-05 0.000000000000000000e+00 0.000000000000000000e+00 
4.243453498929738998e-03 4.112254362553358078e-03 4.395371768623590469e-03 4.541662987321615219e-03 5.297383293509483337e-03 4.515387583523988724e-03 4.963146522641181946e-03 5.560190882533788681e-03 5.610178690403699875e-03 6.084387190639972687e-03 8.236579596996307373e-03 1.880144886672496796e-02 3.986936062574386597e-02 1.713077127933502197e-01 4.124814271926879883e-01 7.055211067199707031e-01 9.125366210937500000e-01 9.831147789955139160e-01 9.921658635139465332e-01 9.931791424751281738e-01 9.939996600151062012e-01 9.945883154869079590e-01 0.000000000000000000e+00 0.000000000000000000e+00 
7.734511018497869372e-05 3.822426879196427763e-05 1.387769880238920450e-04 1.011950444080866873e-04 6.310050375759601593e-04 1.018524708342738450e-04 1.804208004614338279e-04 3.834879898931831121e-04 2.674700808711349964e-04 4.191943153273314238e-04 1.055974862538278103e-03 8.730578236281871796e-03 1.965095289051532745e-02 2.075654082000255585e-02 6.021163240075111389e-02 2.621385455131530762e-02 1.342751085758209229e-02 1.425561262294650078e-03 2.385035913903266191e-04 1.511566078988835216e-04 9.528401278657838702e-05 3.804476000368595123e-05 0.000000000000000000e+00 0.000000000000000000e+00 
4.199178423732519150e-03 4.071814008057117462e-03 4.350083880126476288e-03 4.500246141105890274e-03 5.304639227688312531e-03 4.483156837522983551e-03 4.928931593894958496e-03 5.551280919462442398e-03 5.598591640591621399e-03 6.115769967436790466e-03 8.351092226803302765e-03 1.968988589942455292e-02 4.124421253800392151e-02 1.775948405265808105e-01 4.247753918170928955e-01 7.155199646949768066e-01 9.170194864273071289e-01 9.840109348297119141e-01 9.923604130744934082e-01 9.933166503906250000e-01 9.940931797027587891e-01 9.946572780609130859e-01 0.000000000000000000e+00 0.000000000000000000e+00 
7.543436367996037006e-05 3.781717532547190785e-05 1.341429160675033927e-04 1.001330820145085454e-04 6.717834039591252804e-04 1.033378066495060921e-04 1.801647595129907131e-04 3.963905037380754948e-04 2.713050926104187965e-04 4.432557907421141863e-04 1.106155337765812874e-03 9.416786022484302521e-03 1.999510265886783600e-02 2.113860100507736206e-02 6.057209149003028870e-02 2.592836692929267883e-02 1.298800762742757797e-02 1.281753182411193848e-03 2.222626499133184552e-04 1.412141864420846105e-04 9.100661554839462042e-05 3.662797462311573327e-05 0.000000000000000000e+00 0.000000000000000000e+00 
4.159139934927225113e-03 4.037250299006700516e-03 4.311674274504184723e-03 4.467915277928113937e-03 5.375565495342016220e-03 4.467582795768976212e-03 4.913390148431062698e-03 5.579862743616104126e-03 5.627288948744535446e-03 6.228320766240358353e-03 8.615237660706043243e-03 2.123075351119041443e-02 4.368385300040245056e-02 1.878017783164978027e-01 4.435663223266601562e-01 7.302262187004089355e-01 9.231696724891662598e-01 9.851211309432983398e-01 9.925883412361145020e-01 9.934747219085693359e-01 9.941961765289306641e-01 9.947303533554077148e-01 0.000000000000000000e+00 0.000000000000000000e+00 
7.269182242453098297e-05 3.749662937480024993e-05 1.292628003284335136e-04 9.918558498611673713e-05 7.574419723823666573e-04 1.074049941962584853e-04 1.817603042582049966e-04 4.198638489469885826e-04 2.799343201331794262e-04 4.911288851872086525e-04 1.195702701807022095e-03 1.052842661738395691e-02 2.043676190078258514e-02 2.169001102447509766e-02 6.091161072254180908e-02 2.543533593416213989e-02 1.235727313905954361e-02 1.100250403396785259e-03 2.025470894295722246e-04 1.290143118239939213e-04 8.592234371462836862e-05 3.499892773106694221e-05 0.000000000000000000e+00 0.000000000000000000e+00 
4.124301951378583908e-03 4.003872629255056381e-03 4.279173910617828369e-03 4.441795405000448227e-03 5.464843008667230606e-03 4.453883506357669830e-03 4.905876703560352325e-03 5.618924740701913834e-03 5.664262454956769943e-03 6.348554976284503937e-03 8.901238441467285156e-03 2.279609814286231995e-02 4.643644765019416809e-02 1.980027407407760620e-01 4.621706604957580566e-01 7.435728907585144043e-01 9.287217259407043457e-01 9.860685467720031738e-01 9.927967786788940430e-01 9.936230182647705078e-01 9.942965507507324219e-01 9.948036074638366699e-01 0.000000000000000000e+00 0.000000000000000000e+00 
7.197996455943211913e-05 3.750289397430606186e-05 1.270842185476794839e-04 9.991647675633430481e-05 8.564562303945422173e-04 1.118406653404235840e-04 1.862620556494221091e-04 4.480561474338173866e-04 2.915924706030637026e-04 5.429089069366455078e-04 1.293294946663081646e-03 1.164088584482669830e-02 2.104967460036277771e-02 2.220386825501918793e-02 6.107329949736595154e-02 2.494641765952110291e-02 1.176804769784212112e-02 9.578735334798693657e-04 1.862879289546981454e-04 1.188641472253948450e-04 8.134775271173566580e-05 3.341670890222303569e-05 0.000000000000000000e+00 0.000000000000000000e+00 
4.090765956789255142e-03 3.970233257859945297e-03 4.247562959790229797e-03 4.415581468492746353e-03 5.546444095671176910e-03 4.436769522726535797e-03 4.896376281976699829e-03 5.651843268424272537e-03 5.693551618605852127e-03 6.452952977269887924e-03 9.155699983239173889e-03 2.418304607272148132e-02 4.911846667528152466e-02 2.070902287960052490e-01 4.784613847732543945e-01 7.547060847282409668e-01 9.332748651504516602e-01 9.868263006210327148e-01 9.929789304733276367e-01 9.937554597854614258e-01 9.943894743919372559e-01 9.948734641075134277e-01 0.000000000000000000e+00 0.000000000000000000e+00 
7.211931369965896010e-05 3.760955587495118380e-05 1.261252327822148800e-04 1.010319974739104509e-04 9.499490261077880859e-04 1.156971848104149103e-04 1.912182924570515752e-04 4.758089780807495117e-04 3.030897642020136118e-04 5.917116068303585052e-04 1.382962218485772610e-03 1.262246165424585342e-02 2.172397635877132416e-02 2.264147438108921051e-02 6.110676750540733337e-02 2.450991235673427582e-02 1.127398107200860977e-02 8.527127210982143879e-04 1.732531964080408216e-04 1.108183423639275134e-04 7.742999878246337175e-05 3.200193532393313944e-05 0.000000000000000000e+00 0.000000000000000000e+00 
4.054878838360309601e-03 3.933943808078765869e-03 4.211571533232927322e-03 4.383897874504327774e-03 5.594312213361263275e-03 4.410848487168550491e-03 4.875710234045982361e-03 5.662550218403339386e-03 5.700131412595510483e-03 6.516326684504747391e-03 9.331160224974155426e-03 2.524527348577976227e-02 5.124996975064277649e-02 2.142036110162734985e-01 4.910151064395904541e-01 7.630813717842102051e-01 9.366960525512695312e-01 9.873995780944824219e-01 9.931296110153198242e-01 9.938679337501525879e-01 9.944717288017272949e-01 9.949370026588439941e-01 0.000000000000000000e+00 0.000000000000000000e+00 
7.239053229568526149e-05 3.761602056329138577e-05 1.247968612005934119e-04 1.018180701066739857e-04 1.019400893710553646e-03 1.181821862701326609e-04 1.948754943441599607e-04 4.969639121554791927e-04 3.115513827651739120e-04 6.290500168688595295e-04 1.450596377253532410e-03 1.338728331029415131e-02 2.228095754981040955e-02 2.298114635050296783e-02 6.108945235610008240e-02 2.417124621570110321e-02 1.089891418814659119e-02 7.786056376062333584e-04 1.633793144719675183e-04 1.047408659360371530e-04 7.424999785143882036e-05 3.083300543949007988e-05 0.000000000000000000e+00 0.000000000000000000e+00 
4.017154686152935028e-03 3.895489731803536415e-03 4.172555170953273773e-03 4.347573965787887573e-03 5.611189175397157669e-03 4.376907832920551300e-03 4.845387768000364304e-03 5.652336869388818741e-03 5.685501266270875931e-03 6.539650261402130127e-03 9.431952610611915588e-03 2.598804421722888947e-02 5.281564593315124512e-02 2.195078581571578979e-01 5.003510117530822754e-01 7.692245244979858398e-01 9.392584562301635742e-01 9.878427386283874512e-01 9.932568073272705078e-01 9.939655661582946777e-01 9.945455789566040039e-01 9.949958920478820801e-01 0.000000000000000000e+00 0.000000000000000000e+00 
7.275833922903984785e-05 3.751624171854928136e-05 1.235955714946612716e-04 1.022557844407856464e-04 1.066774013452231884e-03 1.193468560813926160e-04 1.972148456843569875e-04 5.114802625030279160e-04 3.169680130667984486e-04 6.547036464326083660e-04 1.499137724749743938e-03 1.394623983651399612e-02 2.273458614945411682e-02 2.324203215539455414e-02 6.107594817876815796e-02 2.392584457993507385e-02 1.062072440981864929e-02 7.256893441081047058e-04 1.557918149046599865e-04 1.000676784315146506e-04 7.162555266404524446e-05 2.984320235555060208e-05 0.000000000000000000e+00 0.000000000000000000e+00 
3.938170615583658218e-03 3.829305758699774742e-03 4.076518584042787552e-03 4.232782404869794846e-03 5.212480667978525162e-03 4.248160403221845627e-03 4.663542844355106354e-03 5.332231521606445312e-03 5.389570258557796478e-03 6.083989050239324570e-03 8.547394536435604095e-03 2.297640405595302582e-02 4.728863760828971863e-02 2.024139314889907837e-01 4.720331132411956787e-01 7.525435090065002441e-01 9.332064986228942871e-01 9.871998429298400879e-01 9.931750893592834473e-01 9.939251542091369629e-01 9.945358037948608398e-01 9.950047135353088379e-01 0.000000000000000000e+00 0.000000000000000000e+00 
6.625733658438548446e-05 3.459088475210592151e-05 1.119184889830648899e-04 9.281027450924739242e-05 8.200531592592597008e-04 1.042658550431951880e-04 1.731712982291355729e-04 4.158462397754192352e-04 2.738608163781464100e-04 5.327378166839480400e-04 1.249276683665812016e-03 1.211830601096153259e-02 2.164196595549583435e-02 2.257506921887397766e-02 6.140452623367309570e-02 2.477497421205043793e-02 1.140832155942916870e-02 8.245576173067092896e-04 1.665525924181565642e-04 1.063770760083571076e-04 7.476864266209304333e-05 3.082264811382628977e-05 0.000000000000000000e+00 0.000000000000000000e+00 
3.882023738697171211e-03 3.779378486797213554e-03 4.012103192508220673e-03 4.160691518336534500e-03 5.037704948335886002e-03 4.171312320977449417e-03 4.562630318105220795e-03 5.178200080990791321e-03 5.243537016212940216e-03 5.883466918021440506e-03 8.181198500096797943e-03 2.186128124594688416e-02 4.539534822106361389e-02 1.964373290538787842e-01 4.620887637138366699e-01 7.469007968902587891e-01 9.312407374382019043e-01 9.870712161064147949e-01 9.931929111480712891e-01 9.939504861831665039e-01 9.945653080940246582e-01 9.950366020202636719e-01 0.000000000000000000e+00 0.000000000000000000e+00 
6.308886077022179961e-05 3.315375579404644668e-05 1.056855908245779574e-04 8.845606498653069139e-05 7.317546405829489231e-04 9.787979797692969441e-05 1.628304744372144341e-04 3.795167140197008848e-04 2.562017180025577545e-04 4.899285268038511276e-04 1.154547207988798618e-03 1.146977487951517105e-02 2.128326706588268280e-02 2.235012501478195190e-02 6.152359396219253540e-02 2.508084289729595184e-02 1.168739330023527145e-02 8.515818626619875431e-04 1.685530151007696986e-04 1.074030369636602700e-04 7.514155004173517227e-05 3.086979268118739128e-05 0.000000000000000000e+00 0.000000000000000000e+00 
3.837236203253269196e-03 3.737017977982759476e-03 3.962869755923748016e-03 4.108998458832502365e-03 4.956722259521484375e-03 4.118327982723712921e-03 4.499851725995540619e-03 5.097904708236455917e-03 5.165452603250741959e-03 5.793778691440820694e-03 8.043727837502956390e-03 2.164629288017749786e-02 4.514537006616592407e-02 1.959486156702041626e-01 4.617032408714294434e-01 7.472437620162963867e-01 9.316418170928955078e-01 9.872434735298156738e-01 9.932653903961181641e-01 9.940114021301269531e-01 9.946165680885314941e-01 9.950811862945556641e-01 0.000000000000000000e+00 0.000000000000000000e+00 
6.182201468618586659e-05 3.243455284973606467e-05 1.023088261717930436e-04 8.666168287163600326e-05 7.071036379784345627e-04 9.531637624604627490e-05 1.589168969076126814e-04 3.676557389553636312e-04 2.500539703760296106e-04 4.791968676727265120e-04 1.128582400269806385e-03 1.140703912824392319e-02 2.134151197969913483e-02 2.237244136631488800e-02 6.161794811487197876e-02 2.512073889374732971e-02 1.167900860309600830e-02 8.354606106877326965e-04 1.656499662203714252e-04 1.054961758200079203e-04 7.397613080684095621e-05 3.039130388060584664e-05 0.000000000000000000e+00 0.000000000000000000e+00 
3.801222890615463257e-03 3.701874054968357086e-03 3.925436642020940781e-03 4.072683397680521011e-03 4.948263987898826599e-03 4.085017368197441101e-03 4.464849364012479782e-03 5.072767846286296844e-03 5.139081273227930069e-03 5.792846437543630600e-03 8.082809858024120331e-03 2.219781652092933655e-02 4.625928401947021484e-02 2.000767886638641357e-01 4.695155024528503418e-01 7.527511715888977051e-01 9.340211749076843262e-01 9.876623749732971191e-01 9.933819174766540527e-01 9.941015243530273438e-01 9.946846365928649902e-01 9.951353669166564941e-01 0.000000000000000000e+00 0.000000000000000000e+00 
6.138661410659551620e-05 3.215424658264964819e-05 1.005152953439392149e-04 8.630752563476562500e-05 7.313373498618602753e-04 9.567070810589939356e-05 1.591676991665735841e-04 3.734533383976668119e-04 2.519688860047608614e-04 4.942059749737381935e-04 1.154616358689963818e-03 1.185430493205785751e-02 2.169776707887649536e-02 2.260276861488819122e-02 6.169479340314865112e-02 2.492880634963512421e-02 1.142947934567928314e-02 7.827011868357658386e-04 1.587724837008863688e-04 1.010975756798870862e-04 7.164473208831623197e-05 2.952084287244360894e-05 0.000000000000000000e+00 0.000000000000000000e+00 
3.763542743399739265e-03 3.665399970486760139e-03 3.885449608787894249e-03 4.032336641103029251e-03 4.912381060421466827e-03 4.045498091727495193e-03 4.421010147780179977e-03 5.028367973864078522e-03 5.094415973871946335e-03 5.756678991019725800e-03 8.054128848016262054e-03 2.244920842349529266e-02 4.683181643486022949e-02 2.024032175540924072e-01 4.741069972515106201e-01 7.561251521110534668e-01 9.355879426002502441e-01 9.879716634750366211e-01 9.934797883033752441e-01 9.941793680191040039e-01 9.947459101676940918e-01 9.951858520507812500e-01 0.000000000000000000e+00 0.000000000000000000e+00 
6.074054545024409890e-05 3.175830715917982161e-05 9.854516247287392616e-05 8.550922211725264788e-05 7.356091518886387348e-04 9.493722609477117658e-05 1.579039817443117499e-04 3.726650902535766363e-04 2.509272017050534487e-04 4.983744001947343349e-04 1.161558553576469421e-03 1.210232917219400406e-02 2.194491960108280182e-02 2.275172062218189240e-02 6.177591532468795776e-02 2.482844702899456024e-02 1.127539761364459991e-02 7.471803110092878342e-04 1.536681520519778132e-04 9.781554399523884058e-05 6.976682198001071811e-05 2.879561361623927951e-05 0.000000000000000000e+00 0.000000000000000000e+00 
3.725651418790221214e-03 3.628554986789822578e-03 3.845141502097249031e-03 3.991604782640933990e-03 4.873580764979124069e-03 4.005124792456626892e-03 4.376470111310482025e-03 4.982163663953542709e-03 5.047963000833988190e-03 5.716757383197546005e-03 8.019161410629749298e-03 2.267622202634811401e-02 4.735844209790229797e-02 2.046014517545700073e-01 4.784132540225982666e-01 7.592674493789672852e-01 9.370579123497009277e-01 9.882606267929077148e-01 9.935728907585144043e-01 9.942535161972045898e-01 9.948047995567321777e-01 9.952345490455627441e-01 0.000000000000000000e+00 0.000000000000000000e+00 
6.016585393808782101e-05 3.137107705697417259e-05 9.666998812463134527e-05 8.473990601487457752e-05 7.378375157713890076e-04 9.410620259586721659e-05 1.566029241075739264e-04 3.712276520673185587e-04 2.497153182048350573e-04 5.014273920096457005e-04 1.166940783150494099e-03 1.233506854623556137e-02 2.218985185027122498e-02 2.289509400725364685e-02 6.185300275683403015e-02 2.473516203463077545e-02 1.113039068877696991e-02 7.149202865548431873e-04 1.488967536715790629e-04 9.477666753809899092e-05 6.798888352932408452e-05 2.810215482895728201e-05 0.000000000000000000e+00 0.000000000000000000e+00 
3.690792247653007507e-03 3.593990346416831017e-03 3.809074638411402702e-03 3.956426400691270828e-03 4.862774629145860672e-03 3.971782047301530838e-03 4.342333879321813583e-03 4.956972319632768631e-03 5.020791199058294296e-03 5.711361765861511230e-03 8.053940720856189728e-03 2.319912612438201904e-02 4.844322055578231812e-02 2.085964530706405640e-01 4.858014881610870361e-01 7.642021179199218750e-01 9.391505122184753418e-01 9.886125326156616211e-01 9.936771988868713379e-01 9.943345189094543457e-01 9.948673844337463379e-01 9.952851533889770508e-01 0.000000000000000000e+00 0.000000000000000000e+00 
5.996775507810525596e-05 3.116127845714800060e-05 9.551623952575027943e-05 8.456832438241690397e-05 7.592381443828344345e-04 9.439121640753000975e-05 1.569917367305606604e-04 3.768852620851248503e-04 2.516436215955764055e-04 5.150039214640855789e-04 1.193971489556133747e-03 1.276287063956260681e-02 2.254522591829299927e-02 2.311238832771778107e-02 6.189511716365814209e-02 2.454823069274425507e-02 1.090249326080083847e-02 6.739384843967854977e-04 1.430760312359780073e-04 9.114506246987730265e-05 6.592274439753964543e-05 2.730592314037494361e-05 0.000000000000000000e+00 0.000000000000000000e+00 
3.658920060843229294e-03 3.561676247045397758e-03 3.776857396587729454e-03 3.926166333258152008e-03 4.878139588981866837e-03 3.944354597479104996e-03 4.317406564950942993e-03 4.949836991727352142e-03 5.010150838643312454e-03 5.736277438700199127e-03 8.150266483426094055e-03 2.399936877191066742e-02 5.004051327705383301e-02 2.141380757093429565e-01 4.957578182220458984e-01 7.705540060997009277e-01 9.417108297348022461e-01 9.890057444572448730e-01 9.937895536422729492e-01 9.944205880165100098e-01 9.949330091476440430e-01 9.953373670578002930e-01 0.000000000000000000e+00 0.000000000000000000e+00 
6.013323582010343671e-05 3.109667886747047305e-05 9.501005843048915267e-05 8.490799518767744303e-05 7.988907746039330959e-04 9.555968426866456866e-05 1.589590683579444885e-04 3.888503415510058403e-04 2.562731096986681223e-04 5.380729562602937222e-04 1.239392091520130634e-03 1.337874308228492737e-02 2.299594134092330933e-02 2.338885515928268433e-02 6.188444048166275024e-02 2.427995949983596802e-02 1.060764119029045105e-02 6.279393564909696579e-04 1.365589851047843695e-04 8.711905684322118759e-05 6.364259752444922924e-05 2.643255902512464672e-05 0.000000000000000000e+00 0.000000000000000000e+00 
3.626902122050523758e-03 3.529080888256430626e-03 3.744228975847363472e-03 3.895197995007038116e-03 4.888114985078573227e-03 3.915341105312108994e-03 4.291072022169828415e-03 4.939150065183639526e-03 4.996223375201225281e-03 5.755118094384670258e-03 8.236220106482505798e-03 2.474444545805454254e-02 5.155531316995620728e-02 2.193403989076614380e-01 5.050315260887145996e-01 7.763581871986389160e-01 9.440346956253051758e-01 9.893603920936584473e-01 9.938948154449462891e-01 9.945019483566284180e-01 9.949955344200134277e-01 9.953877329826354980e-01 0.000000000000000000e+00 0.000000000000000000e+00 
6.039447907824069262e-05 3.102057598880492151e-05 9.457298438064754009e-05 8.523872384103015065e-05 8.346724207513034344e-04 9.644941019359976053e-05 1.608435413800179958e-04 3.998129686806350946e-04 2.605823392514139414e-04 5.597092676907777786e-04 1.282727578654885292e-03 1.395622454583644867e-02 2.342760004103183746e-02 2.364549785852432251e-02 6.185577064752578735e-02 2.402767352759838104e-02 1.033705845475196838e-02 5.881154793314635754e-04 1.306816557189449668e-04 8.356538455700501800e-05 6.153826689114794135e-05 2.561820838309358805e-05 0.000000000000000000e+00 0.000000000000000000e+00 
3.593654138967394829e-03 3.495292738080024719e-03 3.710043849423527718e-03 3.861848032101988792e-03 4.889472387731075287e-03 3.883094293996691704e-03 4.260818008333444595e-03 4.921111278235912323e-03 4.974739626049995422e-03 5.760536063462495804e-03 8.296499028801918030e-03 2.536534145474433899e-02 5.286563560366630554e-02 2.238906919956207275e-01 5.131220817565917969e-01 7.813473343849182129e-01 9.460345506668090820e-01 9.896697998046875000e-01 9.939901828765869141e-01 9.945761561393737793e-01 9.950534105300903320e-01 9.954350590705871582e-01 0.000000000000000000e+00 0.000000000000000000e+00 
6.060244413674809039e-05 3.088913581450469792e-05 9.410230995854362845e-05 8.534927474102005363e-05 8.651370881125330925e-04 9.689207217888906598e-05 1.622448326088488102e-04 4.089524445589631796e-04 2.638625737745314837e-04 5.777147598564624786e-04 1.319540198892354965e-03 1.444935798645019531e-02 2.381611429154872894e-02 2.387162111699581146e-02 6.182878836989402771e-02 2.380859851837158203e-02 1.010513212531805038e-02 5.547680193558335304e-04 1.255979004781693220e-04 8.048651216086000204e-05 5.968797631794586778e-05 2.488783866283483803e-05 0.000000000000000000e+00 0.000000000000000000e+00 
3.557518823072314262e-03 3.459154861047863960e-03 3.671317594125866890e-03 3.821918508037924767e-03 4.846864379942417145e-03 3.841117490082979202e-03 4.216540139168500900e-03 4.872683435678482056e-03 4.924355074763298035e-03 5.708030425012111664e-03 8.241808973252773285e-03 2.546917647123336792e-02 5.315944552421569824e-02 2.254521250724792480e-01 5.162413120269775391e-01 7.834277153015136719e-01 9.470543265342712402e-01 9.898691177368164062e-01 9.940639138221740723e-01 9.946362376213073730e-01 9.951032996177673340e-01 9.954774379730224609e-01 0.000000000000000000e+00 0.000000000000000000e+00 
6.051638774806633592e-05 3.054007902392186224e-05 9.296847565565258265e-05 8.472522313240915537e-05 8.641100139357149601e-04 9.559676254866644740e-05 1.611277693882584572e-04 4.074153839610517025e-04 2.624209446366876364e-04 5.768135306425392628e-04 1.322071766480803490e-03 1.460519246757030487e-02 2.403860352933406830e-02 2.398353442549705505e-02 6.189177930355072021e-02 2.374707721173763275e-02 1.000440120697021484e-02 5.364679382182657719e-04 1.223625877173617482e-04 7.852049020584672689e-05 5.837398566654883325e-05 2.434810085105709732e-05 0.000000000000000000e+00 0.000000000000000000e+00 
3.523598890751600266e-03 3.424739697948098183e-03 3.635824425145983696e-03 3.786558983847498894e-03 4.833452869206666946e-03 3.805374493822455406e-03 4.181481897830963135e-03 4.843891598284244537e-03 4.892330151051282883e-03 5.691835656762123108e-03 8.260310627520084381e-03 2.589971572160720825e-02 5.409627035260200500e-02 2.288669943809509277e-01 5.223851203918457031e-01 7.871802449226379395e-01 9.485954642295837402e-01 9.901152253150939941e-01 9.941455125808715820e-01 9.947015047073364258e-01 9.951554536819458008e-01 9.955208897590637207e-01 0.000000000000000000e+00 0.000000000000000000e+00 
6.069707160349935293e-05 3.033336724911350757e-05 9.236505866283550858e-05 8.462342520942911506e-05 8.842134266160428524e-04 9.537486039334908128e-05 1.616342487977817655e-04 4.129352455493062735e-04 2.640692982822656631e-04 5.879901000298559666e-04 1.346422941423952579e-03 1.497397758066654205e-02 2.435653842985630035e-02 2.416241355240345001e-02 6.188733130693435669e-02 2.358634769916534424e-02 9.828902781009674072e-03 5.116992397233843803e-04 1.183994827442802489e-04 7.606588769704103470e-05 5.683914787368848920e-05 2.373953429923858494e-05 0.000000000000000000e+00 0.000000000000000000e+00 
3.490498522296547890e-03 3.390998346731066704e-03 3.601513570174574852e-03 3.752748249098658562e-03 4.832074977457523346e-03 3.771842224523425102e-03 4.149710293859243393e-03 4.822415299713611603e-03 4.866843577474355698e-03 5.689634475857019424e-03 8.307217620313167572e-03 2.645220234990119934e-02 5.529001727700233459e-02 2.329784333705902100e-01 5.296019911766052246e-01 7.914642691612243652e-01 9.502632021903991699e-01 9.903662204742431641e-01 9.942271113395690918e-01 9.947660565376281738e-01 9.952067732810974121e-01 9.955633878707885742e-01 0.000000000000000000e+00 0.000000000000000000e+00 
6.094181298976764083e-05 3.016949631273746490e-05 9.195764141622930765e-05 8.466020517516881227e-05 9.132687118835747242e-04 9.552914707455784082e-05 1.627330930205062032e-04 4.213527718093246222e-04 2.667875087354332209e-04 6.040806183591485023e-04 1.379646710120141506e-03 1.542101986706256866e-02 2.469995804131031036e-02 2.436398155987262726e-02 6.184883415699005127e-02 2.338780090212821960e-02 9.632565081119537354e-03 4.862510540988296270e-04 1.143566987593658268e-04 7.357158756349235773e-05 5.531348870135843754e-05 2.313716868229676038e-05 0.000000000000000000e+00 0.000000000000000000e+00 
3.453875193372368813e-03 3.354796906933188438e-03 3.562241792678833008e-03 3.711546771228313446e-03 4.782369360327720642e-03 3.728627460077404976e-03 4.102688748389482498e-03 4.768278915435075760e-03 4.811220802366733551e-03 5.628040060400962830e-03 8.233120664954185486e-03 2.646894194185733795e-02 5.540586635470390320e-02 2.340098619461059570e-01 5.319015979766845703e-01 7.929697036743164062e-01 9.510282874107360840e-01 9.905223250389099121e-01 9.942889213562011719e-01 9.948173165321350098e-01 9.952500462532043457e-01 9.956007599830627441e-01 0.000000000000000000e+00 0.000000000000000000e+00 
6.063731416361406446e-05 2.974256130983121693e-05 9.068210056284442544e-05 8.373099990421906114e-05 9.071409003809094429e-04 9.394600783707574010e-05 1.609463943168520927e-04 4.176881047897040844e-04 2.642442414071410894e-04 6.002619047649204731e-04 1.376521657221019268e-03 1.552079152315855026e-02 2.485995180904865265e-02 2.445268072187900543e-02 6.191365048289299011e-02 2.335024438798427582e-02 9.560658596456050873e-03 4.728613421320915222e-04 1.118842046707868576e-04 7.204615394584834576e-05 5.429665543488226831e-05 2.272376514156349003e-05 0.000000000000000000e+00 0.000000000000000000e+00 
3.418920096009969711e-03 3.320398973301053047e-03 3.524784930050373077e-03 3.672210033982992172e-03 4.735121969133615494e-03 3.687654854729771614e-03 4.057658370584249496e-03 4.716687370091676712e-03 4.758449736982584000e-03 5.570637527853250504e-03 8.164112456142902374e-03 2.651221677660942078e-02 5.556990951299667358e-02 2.351636439561843872e-01 5.343821048736572266e-01 7.945845127105712891e-01 9.518125653266906738e-01 9.906796216964721680e-01 9.943513274192810059e-01 9.948690533638000488e-01 9.952936172485351562e-01 9.956385493278503418e-01 0.000000000000000000e+00 0.000000000000000000e+00 
6.026247501722536981e-05 2.932512688857968897e-05 8.939771214500069618e-05 8.278283348772674799e-05 9.013538365252315998e-04 9.247550769941881299e-05 1.591465988894924521e-04 4.141566751059144735e-04 2.618065336719155312e-04 5.972143262624740601e-04 1.373897539451718330e-03 1.563741825520992279e-02 2.501575462520122528e-02 2.454521693289279938e-02 6.197162345051765442e-02 2.330547198653221130e-02 9.485425427556037903e-03 4.592849581968039274e-04 1.093943792511709034e-04 7.050422573229297996e-05 5.326873724698089063e-05 2.231044163636397570e-05 0.000000000000000000e+00 0.000000000000000000e+00 
3.383176168426871300e-03 3.285926068201661110e-03 3.486334113404154778e-03 3.631104947999119759e-03 4.674583673477172852e-03 3.644979093223810196e-03 4.008452873677015305e-03 4.656367003917694092e-03 4.697998519986867905e-03 5.499002058058977127e-03 8.061327971518039703e-03 2.642575465142726898e-02 5.547722056508064270e-02 2.355272322893142700e-01 5.356416106224060059e-01 7.955240011215209961e-01 9.523618817329406738e-01 9.908118844032287598e-01 9.944078326225280762e-01 9.949168562889099121e-01 9.953343272209167480e-01 9.956743121147155762e-01 0.000000000000000000e+00 0.000000000000000000e+00 
5.950255581410601735e-05 2.881674663512967527e-05 8.773488661972805858e-05 8.142787555698305368e-05 8.853153558447957039e-04 9.060557931661605835e-05 1.563018740853294730e-04 4.069274000357836485e-04 2.577132836449891329e-04 5.891528562642633915e-04 1.359888119623064995e-03 1.566954515874385834e-02 2.511319890618324280e-02 2.460823394358158112e-02 6.205315515398979187e-02 2.329969033598899841e-02 9.442086331546306610e-03 4.485463723540306091e-04 1.073307939805090427e-04 6.921544991200789809e-05 5.238458106759935617e-05 2.195142224081791937e-05 0.000000000000000000e+00 0.000000000000000000e+00 
3.345733275637030602e-03 3.250235924497246742e-03 3.445385256782174110e-03 3.586319042369723320e-03 4.585410468280315399e-03 3.597025759518146515e-03 3.951230086386203766e-03 4.577831365168094635e-03 4.620531573891639709e-03 5.391050595790147781e-03 7.885872386395931244e-03 2.599664404988288879e-02 5.468056350946426392e-02 2.339170426130294800e-01 5.337442159652709961e-01 7.947306632995605469e-01 9.523755311965942383e-01 9.908912777900695801e-01 9.944534301757812500e-01 9.949569702148437500e-01 9.953707456588745117e-01 9.957072138786315918e-01 0.000000000000000000e+00 0.000000000000000000e+00 
5.848609725944697857e-05 2.818565371853765100e-05 8.564342715544626117e-05 7.961093797348439693e-05 8.478172821924090385e-04 8.774965681368485093e-05 1.519091747468337417e-04 3.927712095901370049e-04 2.506543241906911135e-04 5.683510680682957172e-04 1.323605887591838837e-03 1.547634322196245193e-02 2.510886080563068390e-02 2.460089512169361115e-02 6.221600249409675598e-02 2.339862473309040070e-02 9.476335719227790833e-03 4.444915393833070993e-04 1.061447546817362309e-04 6.847349868621677160e-05 5.176913691684603691e-05 2.168528408219572157e-05 0.000000000000000000e+00 0.000000000000000000e+00 
3.308147192001342773e-03 3.214354626834392548e-03 3.403654787689447403e-03 3.540100296959280968e-03 4.478197079151868820e-03 3.546218154951930046e-03 3.890144871547818184e-03 4.488734994083642960e-03 4.533035680651664734e-03 5.259607918560504913e-03 7.663483731448650360e-03 2.530825883150100708e-02 5.336869135499000549e-02 2.307853698730468750e-01 5.293425917625427246e-01 7.925467491149902344e-01 9.519703984260559082e-01 9.909307956695556641e-01 9.944906830787658691e-01 9.949917197227478027e-01 9.954039454460144043e-01 9.957383275032043457e-01 0.000000000000000000e+00 0.000000000000000000e+00 
5.750306445406749845e-05 2.750376188487280160e-05 8.339100895682349801e-05 7.764809561194851995e-05 7.960543734952807426e-04 8.427037391811609268e-05 1.467323745600879192e-04 3.744490677490830421e-04 2.418396616121754050e-04 5.389438592828810215e-04 1.272586639970541000e-03 1.510692574083805084e-02 2.503782138228416443e-02 2.453767508268356323e-02 6.244023889303207397e-02 2.358096837997436523e-02 9.571715258061885834e-03 4.457329632714390755e-04 1.056266919476911426e-04 6.814894732087850571e-05 5.135888568474911153e-05 2.148437852156348526e-05 0.000000000000000000e+00 0.000000000000000000e+00 
3.271993249654769897e-03 3.179793944582343102e-03 3.363727359101176262e-03 3.496234305202960968e-03 4.386075772345066071e-03 3.498725127428770065e-03 3.833633149042725563e-03 4.409264307469129562e-03 4.454238340258598328e-03 5.145954899489879608e-03 7.474723737686872482e-03 2.476310357451438904e-02 5.236276611685752869e-02 2.284397184848785400e-01 5.261806249618530273e-01 7.910369634628295898e-01 9.517698884010314941e-01 9.909892678260803223e-01 9.945310950279235840e-01 9.950285553932189941e-01 9.954380393028259277e-01 9.957696795463562012e-01 0.000000000000000000e+00 0.000000000000000000e+00 
5.658293957822024822e-05 2.687882260943297297e-05 8.130868081934750080e-05 7.586691208416596055e-05 7.551131420768797398e-04 8.129880006890743971e-05 1.423132052877917886e-04 3.597081813495606184e-04 2.343132364330813289e-04 5.153905367478728294e-04 1.230951049365103245e-03 1.482910476624965668e-02 2.500729635357856750e-02 2.450066432356834412e-02 6.263073533773422241e-02 2.372197620570659637e-02 9.637801907956600189e-03 4.443511134013533592e-04 1.047924451995640993e-04 6.763370038243010640e-05 5.086341479909606278e-05 2.125639184669125825e-05 0.000000000000000000e+00 0.000000000000000000e+00 
3.237953176721930504e-03 3.147174604237079620e-03 3.326901933178305626e-03 3.456521546468138695e-03 4.322029650211334229e-03 3.457030747085809708e-03 3.785173175856471062e-03 4.347343463450670242e-03 4.391401074826717377e-03 5.065090954303741455e-03 7.350858766585588455e-03 2.452579699456691742e-02 5.197492241859436035e-02 2.278678119182586670e-01 5.258919596672058105e-01 7.911291122436523438e-01 9.520564675331115723e-01 9.910917878150939941e-01 9.945799708366394043e-01 9.950706362724304199e-01 9.954751133918762207e-01 9.958026409149169922e-01 0.000000000000000000e+00 0.000000000000000000e+00 
5.573874295805580914e-05 2.636736644490156323e-05 7.961702067404985428e-05 7.443037611665204167e-05 7.349884836003184319e-04 7.924548845039680600e-05 1.391983387293294072e-04 3.514034324325621128e-04 2.292873978149145842e-04 5.028876475989818573e-04 1.208927249535918236e-03 1.475572865456342697e-02 2.506962418556213379e-02 2.452793531119823456e-02 6.275650113821029663e-02 2.376689389348030090e-02 9.633421897888183594e-03 4.371005052234977484e-04 1.032350046443752944e-04 6.667397246928885579e-05 5.014798080082982779e-05 2.095707714033778757e-05 0.000000000000000000e+00 0.000000000000000000e+00 
3.205962246283888817e-03 3.116025822237133980e-03 3.292756155133247375e-03 3.420633496716618538e-03 4.278293810784816742e-03 3.419850952923297882e-03 3.743821987882256508e-03 4.299731459468603134e-03 4.342094529420137405e-03 5.009791348129510880e-03 7.280431687831878662e-03 2.454100549221038818e-02 5.206247791647911072e-02 2.287546843290328979e-01 5.279367566108703613e-01 7.925040125846862793e-01 9.527409672737121582e-01 9.912279844284057617e-01 9.946353435516357422e-01 9.951168894767761230e-01 9.955143332481384277e-01 9.958366751670837402e-01 0.000000000000000000e+00 0.000000000000000000e+00 
5.521708590094931424e-05 2.597619459265843034e-05 7.835834549041464925e-05 7.348467624979093671e-05 7.292672526091337204e-04 7.790105883032083511e-05 1.373634004266932607e-04 3.479889710433781147e-04 2.266651572426781058e-04 4.987530992366373539e-04 1.203339314088225365e-03 1.485056709498167038e-02 2.521506510674953461e-02 2.460966818034648895e-02 6.283061951398849487e-02 2.373398095369338989e-02 9.570888243615627289e-03 4.255431704223155975e-04 1.011239291983656585e-04 6.538540765177458525e-05 4.925412213196977973e-05 2.059734106296673417e-05 0.000000000000000000e+00 0.000000000000000000e+00 
3.171466523781418800e-03 3.083393676206469536e-03 3.254719311371445656e-03 3.379166824743151665e-03 4.188835620880126953e-03 3.374912077561020851e-03 3.689893987029790878e-03 4.222401883453130722e-03 4.266037605702877045e-03 4.899766761809587479e-03 7.094657979905605316e-03 2.399458363652229309e-02 5.106944590806961060e-02 2.262628525495529175e-01 5.243794918060302734e-01 7.908218502998352051e-01 9.524837136268615723e-01 9.912797212600708008e-01 9.946740865707397461e-01 9.951521754264831543e-01 9.955472946166992188e-01 9.958670139312744141e-01 0.000000000000000000e+00 0.000000000000000000e+00 
5.419164153863675892e-05 2.539226443332154304e-05 7.625889702467247844e-05 7.184005517046898603e-05 6.891134544275701046e-04 7.505038956878706813e-05 1.330660888925194740e-04 3.326342557556927204e-04 2.191027888329699636e-04 4.752390668727457523e-04 1.159464707598090172e-03 1.456123497337102890e-02 2.518724277615547180e-02 2.456455491483211517e-02 6.302481889724731445e-02 2.388588152825832367e-02 9.646491147577762604e-03 4.248007608111947775e-04 1.003827710519544780e-04 6.490671512437984347e-05 4.876112507190555334e-05 2.038127968262415379e-05 0.000000000000000000e+00 0.000000000000000000e+00 
3.140985965728759766e-03 3.053828375414013863e-03 3.221925348043441772e-03 3.344674827530980110e-03 4.138399381190538406e-03 3.338724840432405472e-03 3.649095771834254265e-03 4.172479733824729919e-03 4.215406253933906555e-03 4.838629625737667084e-03 7.009439636021852493e-03 2.392820268869400024e-02 5.099099501967430115e-02 2.266135066747665405e-01 5.254852771759033203e-01 7.916911244392395020e-01 9.530128240585327148e-01 9.914004802703857422e-01 9.947268366813659668e-01 9.951968193054199219e-01 9.955857992172241211e-01 9.959004521369934082e-01 0.000000000000000000e+00 0.000000000000000000e+00 
5.366556069930084050e-05 2.501435665180906653e-05 7.494888268411159515e-05 7.095102773746475577e-05 6.765219732187688351e-04 7.354409899562597275e-05 1.310112857026979327e-04 3.270589804742485285e-04 2.159028081223368645e-04 4.679811245296150446e-04 1.147557981312274933e-03 1.459570974111557007e-02 2.530931495130062103e-02 2.462579868733882904e-02 6.311975419521331787e-02 2.388365007936954498e-02 9.607285261154174805e-03 4.153040936216711998e-04 9.849938942352309823e-05 6.374270742526277900e-05 4.790746606886386871e-05 2.003557892749086022e-05 0.000000000000000000e+00 0.000000000000000000e+00 
3.111952450126409531e-03 3.025387646630406380e-03 3.191490191966295242e-03 3.313312539830803871e-03 4.112018272280693054e-03 3.307215636596083641e-03 3.615195862948894501e-03 4.138415213674306870e-03 4.179220180958509445e-03 4.807398654520511627e-03 6.986314896494150162e-03 2.416682802140712738e-02 5.150188505649566650e-02 2.288241088390350342e-01 5.296455621719360352e-01 7.942216396331787109e-01 9.540259242057800293e-01 9.915589690208435059e-01 9.947862029075622559e-01 9.952455163002014160e-01 9.956260323524475098e-01 9.959346055984497070e-01 0.000000000000000000e+00 0.000000000000000000e+00 
5.328334736987017095e-05 2.474123539286665618e-05 7.408460805891081691e-05 7.035297312540933490e-05 6.815288215875625610e-04 7.285382889676839113e-05 1.302033051615580916e-04 3.274988557677716017e-04 2.151886728825047612e-04 4.709983186330646276e-04 1.155812060460448265e-03 1.483592856675386429e-02 2.551810070872306824e-02 2.475532703101634979e-02 6.314647942781448364e-02 2.377760037779808044e-02 9.494875557720661163e-03 4.007947864010930061e-04 9.600906923878937960e-05 6.220373325049877167e-05 4.689624620368704200e-05 1.963774775504134595e-05 0.000000000000000000e+00 0.000000000000000000e+00 
3.083397867158055305e-03 2.997401868924498558e-03 3.161427797749638557e-03 3.282113000750541687e-03 4.082138184458017349e-03 3.275643102824687958e-03 3.581014927476644516e-03 4.102687817066907883e-03 4.141651559621095657e-03 4.772221669554710388e-03 6.955251097679138184e-03 2.435729093849658966e-02 5.191962793469429016e-02 2.307517528533935547e-01 5.333181619644165039e-01 7.964670062065124512e-01 9.549458622932434082e-01 9.917066693305969238e-01 9.948430061340332031e-01 9.952926635742187500e-01 9.956652522087097168e-01 9.959681630134582520e-01 0.000000000000000000e+00 0.000000000000000000e+00 
5.292014247970655560e-05 2.445413156237918884e-05 7.319286669371649623e-05 6.970400863792747259e-05 6.832384970039129257e-04 7.205130532383918762e-05 1.292478555114939809e-04 3.271180903539061546e-04 2.141197910532355309e-04 4.723843594547361135e-04 1.161298481747508049e-03 1.504400558769702911e-02 2.570737339556217194e-02 2.487414143979549408e-02 6.318023800849914551e-02 2.368698269128799438e-02 9.394641034305095673e-03 3.876399132423102856e-04 9.369922190671786666e-05 6.077957004890777171e-05 4.594595884555019438e-05 1.925921606016345322e-05 0.000000000000000000e+00 0.000000000000000000e+00 
3.056295448914170265e-03 2.970302943140268326e-03 3.133379155769944191e-03 3.253701375797390938e-03 4.070616792887449265e-03 3.247553715482354164e-03 3.552567446604371071e-03 4.079454112797975540e-03 4.115630406886339188e-03 4.760055802762508392e-03 6.973400712013244629e-03 2.478493377566337585e-02 5.280244350433349609e-02 2.341168224811553955e-01 5.393012762069702148e-01 7.999154329299926758e-01 9.562065005302429199e-01 9.918780326843261719e-01 9.949041604995727539e-01 9.953422546386718750e-01 9.957058429718017578e-01 9.960021972656250000e-01 0.000000000000000000e+00 0.000000000000000000e+00 
5.284422513796016574e-05 2.426004721201024950e-05 7.272100629052147269e-05 6.942568143131211400e-05 6.983901257626712322e-04 7.186050788732245564e-05 1.293923705816268921e-04 3.314843634143471718e-04 2.152306406060233712e-04 4.818695015273988247e-04 1.183140906505286694e-03 1.541228964924812317e-02 2.596781961619853973e-02 2.504459209740161896e-02 6.315222382545471191e-02 2.351696975529193878e-02 9.240554645657539368e-03 3.714785561896860600e-04 9.098897135118022561e-05 5.912131746299564838e-05 4.488237755140289664e-05 1.884082485048566014e-05 0.000000000000000000e+00 0.000000000000000000e+00 
3.030968829989433289e-03 2.944712759926915169e-03 3.107028082013130188e-03 3.227344248443841934e-03 4.060937557369470596e-03 3.221200779080390930e-03 3.526329994201660156e-03 4.059139639139175415e-03 4.092219751328229904e-03 4.750929772853851318e-03 6.997761316597461700e-03 2.522645704448223114e-02 5.371435731649398804e-02 2.375242561101913452e-01 5.452967882156372070e-01 8.033154606819152832e-01 9.574424624443054199e-01 9.920452833175659180e-01 9.949657917022705078e-01 9.953924417495727539e-01 9.957469105720520020e-01 9.960368275642395020e-01 0.000000000000000000e+00 0.000000000000000000e+00 
5.292678542900830507e-05 2.409833541605621576e-05 7.232741336338222027e-05 6.932963879080489278e-05 7.136469939723610878e-04 7.172255573095753789e-05 1.296927803196012974e-04 3.363300056662410498e-04 2.166568447137251496e-04 4.919250495731830597e-04 1.206844346597790718e-03 1.578565686941146851e-02 2.623168006539344788e-02 2.521444484591484070e-02 6.311643123626708984e-02 2.334524504840373993e-02 9.087153710424900055e-03 3.562135389074683189e-04 8.833617903292179108e-05 5.750253694714047015e-05 4.380667087389156222e-05 1.841513585532084107e-05 0.000000000000000000e+00 0.000000000000000000e+00 
3.005137899890542030e-03 2.919144928455352783e-03 3.080280264839529991e-03 3.200158476829528809e-03 4.051540978252887726e-03 3.194839460775256157e-03 3.498959122225642204e-03 4.037493374198675156e-03 4.067669156938791275e-03 4.742394667118787766e-03 7.018821313977241516e-03 2.566584758460521698e-02 5.467735603451728821e-02 2.409865111112594604e-01 5.514072179794311523e-01 8.067353963851928711e-01 9.586380124092102051e-01 9.922055006027221680e-01 9.950248599052429199e-01 9.954406619071960449e-01 9.957864284515380859e-01 9.960700869560241699e-01 0.000000000000000000e+00 0.000000000000000000e+00 
5.268398308544419706e-05 2.389787186984904110e-05 7.174333586590364575e-05 6.889228097861632705e-05 7.293148664757609367e-04 7.157914660638198256e-05 1.296170812565833330e-04 3.407393232919275761e-04 2.175821718992665410e-04 5.025641876272857189e-04 1.228858018293976784e-03 1.615585014224052429e-02 2.646885626018047333e-02 2.538197860121726990e-02 6.306612491607666016e-02 2.316661551594734192e-02 8.934479206800460815e-03 3.415613609831780195e-04 8.581337169744074345e-05 5.593856985797174275e-05 4.279325003153644502e-05 1.801651342248078436e-05 0.000000000000000000e+00 0.000000000000000000e+00 
2.978692064061760902e-03 2.893440891057252884e-03 3.053113119676709175e-03 3.172151977196335793e-03 4.045690409839153290e-03 3.168547060340642929e-03 3.470867173746228218e-03 4.015308804810047150e-03 4.043030552566051483e-03 4.737187642604112625e-03 7.044530007988214493e-03 2.615264989435672760e-02 5.577883869409561157e-02 2.447205632925033569e-01 5.579167604446411133e-01 8.103395104408264160e-01 9.598408341407775879e-01 9.923620223999023438e-01 9.950819611549377441e-01 9.954873323440551758e-01 9.958243966102600098e-01 9.961018562316894531e-01 0.000000000000000000e+00 0.000000000000000000e+00 
5.216783029027283192e-05 2.367074921494349837e-05 7.104570977389812469e-05 6.817757093813270330e-05 7.482721703127026558e-04 7.149924203986302018e-05 1.293741661356762052e-04 3.451048978604376316e-04 2.182576718041673303e-04 5.148428026586771011e-04 1.252226182259619236e-03 1.656110771000385284e-02 2.670265920460224152e-02 2.555555291473865509e-02 6.299240142107009888e-02 2.297023683786392212e-02 8.775309659540653229e-03 3.271167515777051449e-04 8.336003520525991917e-05 5.439204687718302011e-05 4.183369674137793481e-05 1.764156149874906987e-05 0.000000000000000000e+00 0.000000000000000000e+00 
2.952568698674440384e-03 2.868328010663390160e-03 3.026680322363972664e-03 3.144628368318080902e-03 4.050054121762514114e-03 3.143870737403631210e-03 3.444364527240395546e-03 3.997570369392633438e-03 4.022375214844942093e-03 4.742781631648540497e-03 7.090776227414608002e-03 2.675022371113300323e-02 5.718409642577171326e-02 2.491602301597595215e-01 5.654389262199401855e-01 8.144450783729553223e-01 9.611419439315795898e-01 9.925228953361511230e-01 9.951394796371459961e-01 9.955336451530456543e-01 9.958615303039550781e-01 9.961330890655517578e-01 0.000000000000000000e+00 0.000000000000000000e+00 
5.150828292244113982e-05 2.345086977584287524e-05 7.040888158371672034e-05 6.730981112923473120e-05 7.751621888019144535e-04 7.167180592659860849e-05 1.293766254093497992e-04 3.515567223075777292e-04 2.193755499320104718e-04 5.313400761224329472e-04 1.282189274206757545e-03 1.704037562012672424e-02 2.695303596556186676e-02 2.574949711561203003e-02 6.287911534309387207e-02 2.273488417267799377e-02 8.595064282417297363e-03 3.120809560641646385e-04 8.083938155323266983e-05 5.281715129967778921e-05 4.088744753971695900e-05 1.727354174363426864e-05 0.000000000000000000e+00 0.000000000000000000e+00 
2.924689790233969688e-03 2.841502428054809570e-03 2.997234929352998734e-03 3.112969454377889633e-03 4.014640115201473236e-03 3.112148959189653397e-03 3.408304415643215179e-03 3.956052940338850021e-03 3.979782108217477798e-03 4.697115626186132431e-03 7.033627014607191086e-03 2.681109122931957245e-02 5.741029605269432068e-02 2.503344118595123291e-01 5.678632259368896484e-01 8.158564567565917969e-01 9.617174863815307617e-01 9.926239252090454102e-01 9.951837062835693359e-01 9.955714344978332520e-01 9.958938360214233398e-01 9.961613416671752930e-01 0.000000000000000000e+00 0.000000000000000000e+00 
5.085634984425269067e-05 2.309611772943753749e-05 6.932441465323790908e-05 6.617180042667314410e-05 7.718238048255443573e-04 7.057841139612719417e-05 1.276569964829832315e-04 3.485000052023679018e-04 2.167899510823190212e-04 5.287298699840903282e-04 1.278240932151675224e-03 1.716378331184387207e-02 2.706880867481231689e-02 2.583393268287181854e-02 6.291624903678894043e-02 2.268140204250812531e-02 8.532471954822540283e-03 3.042413445655256510e-04 7.932845619507133961e-05 5.188243449083529413e-05 4.026492752018384635e-05 1.701196197245735675e-05 0.000000000000000000e+00 0.000000000000000000e+00 
2.898861886933445930e-03 2.816061489284038544e-03 2.970235422253608704e-03 3.084624884650111198e-03 3.994923550635576248e-03 3.083811840042471886e-03 3.378055756911635399e-03 3.925920464098453522e-03 3.947541583329439163e-03 4.670822527259588242e-03 7.019382435828447342e-03 2.705283276736736298e-02 5.801808089017868042e-02 2.526087164878845215e-01 5.719003081321716309e-01 8.180797100067138672e-01 9.625120759010314941e-01 9.927401542663574219e-01 9.952316284179687500e-01 9.956117272377014160e-01 9.959276914596557617e-01 9.961907863616943359e-01 0.000000000000000000e+00 0.000000000000000000e+00 
5.058801252744160593e-05 2.284110814798623323e-05 6.867357296869158745e-05 6.551428668899461627e-05 7.795781129971146584e-04 6.995745934545993805e-05 1.270177308470010757e-04 3.495820565149188042e-04 2.161933516617864370e-04 5.328435217961668968e-04 1.288624131120741367e-03 1.740135438740253448e-02 2.724882587790489197e-02 2.595520019531250000e-02 6.290286034345626831e-02 2.256830409169197083e-02 8.434397168457508087e-03 2.948664186988025904e-04 7.754623220534995198e-05 5.079632319393567741e-05 3.953175837523303926e-05 1.670899837336037308e-05 0.000000000000000000e+00 0.000000000000000000e+00 
2.872285665944218636e-03 2.790175843983888626e-03 2.942080376669764519e-03 3.054583910852670670e-03 3.958567045629024506e-03 3.052971791476011276e-03 3.343770047649741173e-03 3.886070102453231812e-03 3.906424622982740402e-03 4.624589346349239349e-03 6.962180603295564651e-03 2.708760276436805725e-02 5.815861374139785767e-02 2.536311149597167969e-01 5.740159153938293457e-01 8.193166851997375488e-01 9.630369544029235840e-01 9.928343296051025391e-01 9.952742457389831543e-01 9.956483244895935059e-01 9.959593415260314941e-01 9.962185621261596680e-01 0.000000000000000000e+00 0.000000000000000000e+00 
5.015910574002191424e-05 2.252054946438875049e-05 6.774960638722404838e-05 6.463217141572386026e-05 7.744423928670585155e-04 6.883426976855844259e-05 1.255317038157954812e-04 3.467230417300015688e-04 2.139257412636652589e-04 5.294366856105625629e-04 1.284663099795579910e-03 1.750262640416622162e-02 2.736554667353630066e-02 2.603487111628055573e-02 6.294752657413482666e-02 2.252328395843505859e-02 8.380610495805740356e-03 2.879236708395183086e-04 7.613858178956434131e-05 4.993453330826014280e-05 3.892334279953502119e-05 1.645254269533324987e-05 0.000000000000000000e+00 0.000000000000000000e+00 
2.844020258635282516e-03 2.763477619737386703e-03 2.911850111559033394e-03 3.021943615749478340e-03 3.903351258486509323e-03 3.019416937604546547e-03 3.303938079625368118e-03 3.833920229226350784e-03 3.855212358757853508e-03 4.559034015983343124e-03 6.859463173896074295e-03 2.693162858486175537e-02 5.790614336729049683e-02 2.534388005733489990e-01 5.742651820182800293e-01 8.196378946304321289e-01 9.633027911186218262e-01 9.929074048995971680e-01 9.953112602233886719e-01 9.956805109977722168e-01 9.959878325462341309e-01 9.962441921234130859e-01 0.000000000000000000e+00 0.000000000000000000e+00 
4.924700624542310834e-05 2.210290585935581475e-05 6.629966810578480363e-05 6.334214413072913885e-05 7.549730362370610237e-04 6.721682439092546701e-05 1.228443434229120612e-04 3.386132593732327223e-04 2.095431118505075574e-04 5.189100047573447227e-04 1.263693440705537796e-03 1.747817173600196838e-02 2.740924246609210968e-02 2.607313171029090881e-02 6.304612010717391968e-02 2.254295349121093750e-02 8.366177789866924286e-03 2.831475867424160242e-04 7.508090493502095342e-05 4.927715053781867027e-05 3.843791637336835265e-05 1.624817559786606580e-05 0.000000000000000000e+00 0.000000000000000000e+00 
2.817083615809679031e-03 2.737702801823616028e-03 2.883134642615914345e-03 2.991314046084880829e-03 3.857118310406804085e-03 2.987852785736322403e-03 3.267447464168071747e-03 3.788200672715902328e-03 3.809752641245722771e-03 4.503939300775527954e-03 6.779624149203300476e-03 2.686905488371849060e-02 5.785335600376129150e-02 2.538076937198638916e-01 5.753223299980163574e-01 8.203600049018859863e-01 9.636744856834411621e-01 9.929870367050170898e-01 9.953500032424926758e-01 9.957140684127807617e-01 9.960170388221740723e-01 9.962702989578247070e-01 0.000000000000000000e+00 0.000000000000000000e+00 
4.856261875829659402e-05 2.174298970203381032e-05 6.509869854198768735e-05 6.233334715943783522e-05 7.418236345984041691e-04 6.585638766409829259e-05 1.207486857310868800e-04 3.327968297526240349e-04 2.062500425381585956e-04 5.119137931615114212e-04 1.250175177119672298e-03 1.751146651804447174e-02 2.748677879571914673e-02 2.613007463514804840e-02 6.312069296836853027e-02 2.253290079534053802e-02 8.333926089107990265e-03 2.776639885269105434e-04 7.390572864096611738e-05 4.855080987908877432e-05 3.789833135670050979e-05 1.602321026439312845e-05 0.000000000000000000e+00 0.000000000000000000e+00 
2.792697632685303688e-03 2.713738009333610535e-03 2.857553306967020035e-03 2.964733168482780457e-03 3.833081573247909546e-03 2.960912417620420456e-03 3.238331526517868042e-03 3.758122213184833527e-03 3.778132377192378044e-03 4.476527683436870575e-03 6.760921329259872437e-03 2.708376199007034302e-02 5.839902535080909729e-02 2.558725178241729736e-01 5.789440870285034180e-01 8.223585486412048340e-01 9.643783569335937500e-01 9.930899143218994141e-01 9.953944087028503418e-01 9.957517981529235840e-01 9.960490465164184570e-01 9.962979555130004883e-01 0.000000000000000000e+00 0.000000000000000000e+00 
4.828877717955037951e-05 2.150517866539303213e-05 6.443336314987391233e-05 6.181404751259833574e-05 7.445586379617452621e-04 6.517853034893050790e-05 1.199686448671855032e-04 3.329018363729119301e-04 2.055468939943239093e-04 5.148554919287562370e-04 1.258259289897978306e-03 1.772557012736797333e-02 2.765176817774772644e-02 2.624318189918994904e-02 6.311611831188201904e-02 2.242892421782016754e-02 8.245747536420822144e-03 2.697867748793214560e-04 7.231927156681194901e-05 4.757391070597805083e-05 3.719892629305832088e-05 1.573859299242030829e-05 0.000000000000000000e+00 0.000000000000000000e+00 
2.766618272289633751e-03 2.688670065253973007e-03 2.829576609656214714e-03 2.934724092483520508e-03 3.779587568715214729e-03 2.929303096607327461e-03 3.201663726940751076e-03 3.709841985255479813e-03 3.730310825631022453e-03 4.411804024130105972e-03 6.663132924586534500e-03 2.690470777451992035e-02 5.805233120918273926e-02 2.555035352706909180e-01 5.788843631744384766e-01 8.224982023239135742e-01 9.645984172821044922e-01 9.931564331054687500e-01 9.954299926757812500e-01 9.957832098007202148e-01 9.960770010948181152e-01 9.963230490684509277e-01 0.000000000000000000e+00 0.000000000000000000e+00 
4.770269151777029037e-05 2.115064853569492698e-05 6.327086884994059801e-05 6.086166104068979621e-05 7.248741458170115948e-04 6.364820001181215048e-05 1.176251535071060061e-04 3.254194743931293488e-04 2.017471124418079853e-04 5.033473717048764229e-04 1.239310018718242645e-03 1.768064871430397034e-02 2.769872546195983887e-02 2.627594582736492157e-02 6.323190778493881226e-02 2.245880290865898132e-02 8.238952606916427612e-03 2.658533339854329824e-04 7.135873602237552404e-05 4.698087650467641652e-05 3.671702506835572422e-05 1.553324727865401655e-05 0.000000000000000000e+00 0.000000000000000000e+00 
2.741844160482287407e-03 2.664683153852820396e-03 2.803339390084147453e-03 2.906890353187918663e-03 3.741402179002761841e-03 2.900575520470738411e-03 3.169255098327994347e-03 3.671013284474611282e-03 3.690916346386075020e-03 4.365514498203992844e-03 6.603559479117393494e-03 2.691722288727760315e-02 5.813073366880416870e-02 2.562895119190216064e-01 5.805785655975341797e-01 8.235107660293579102e-01 9.650360345840454102e-01 9.932374358177185059e-01 9.954689145088195801e-01 9.958169460296630859e-01 9.961062669754028320e-01 9.963489174842834473e-01 0.000000000000000000e+00 0.000000000000000000e+00 
4.722450466942973435e-05 2.085772212012670934e-05 6.236649642232805490e-05 6.010058496030978858e-05 7.164257694967091084e-04 6.255597691051661968e-05 1.160295287263579667e-04 3.215978213120251894e-04 1.993883633986115456e-04 4.986291751265525818e-04 1.233089831657707691e-03 1.776305772364139557e-02 2.779954113066196442e-02 2.634639292955398560e-02 6.328839063644409180e-02 2.242431230843067169e-02 8.194486610591411591e-03 2.603025350254029036e-04 7.014115544734522700e-05 4.622426422429271042e-05 3.614938759710639715e-05 1.529689325252547860e-05 0.000000000000000000e+00 0.000000000000000000e+00 
2.719188341870903969e-03 2.643947722390294075e-03 2.781827235594391823e-03 2.885321853682398796e-03 3.791551571339368820e-03 2.886705566197633743e-03 3.156554652377963066e-03 3.683368675410747528e-03 3.698483807966113091e-03 4.450575448572635651e-03 6.792408879846334457e-03 2.834713831543922424e-02 6.185153871774673462e-02 2.658784389495849609e-01 5.953124165534973145e-01 8.310145139694213867e-01 9.669839143753051758e-01 9.934216737747192383e-01 9.955293536186218262e-01 9.958642721176147461e-01 9.961422681808471680e-01 9.963774085044860840e-01 0.000000000000000000e+00 0.000000000000000000e+00 
4.611298936652019620e-05 2.079813930322416127e-05 6.199018389452248812e-05 5.913446511840447783e-05 7.738138665445148945e-04 6.430430221371352673e-05 1.184402790386229753e-04 3.392539802007377148e-04 2.042760315816849470e-04 5.468059098348021507e-04 1.304379431530833244e-03 1.878046803176403046e-02 2.831298485398292542e-02 2.669403515756130219e-02 6.288681179285049438e-02 2.190642058849334717e-02 7.874733768403530121e-03 2.427639992674812675e-04 6.713582115480676293e-05 4.433473077369853854e-05 3.509900125209242105e-05 1.492309547757031396e-05 0.000000000000000000e+00 0.000000000000000000e+00 
2.701823599636554718e-03 2.632478252053260803e-03 2.771851839497685432e-03 2.880941377952694893e-03 4.069104790687561035e-03 2.913457108661532402e-03 3.200994804501533508e-03 3.853092202916741371e-03 3.838749602437019348e-03 4.965033382177352905e-03 7.726645097136497498e-03 3.339911624789237976e-02 7.854558527469635010e-02 2.992873191833496094e-01 6.421154737472534180e-01 8.536466956138610840e-01 9.721249341964721680e-01 9.938154816627502441e-01 9.956365823745727539e-01 9.959420561790466309e-01 9.961920380592346191e-01 9.964116215705871582e-01 0.000000000000000000e+00 0.000000000000000000e+00 
4.368691588751971722e-05 2.141915319953113794e-05 6.284708069870248437e-05 5.862066973350010812e-05 9.915445698425173759e-04 7.444866787409409881e-05 1.359124289592728019e-04 4.317836428526788950e-04 2.303068322362378240e-04 7.811542018316686153e-04 1.596711925230920315e-03 2.191162109375000000e-02 3.082029335200786591e-02 2.775075100362300873e-02 6.127658113837242126e-02 2.014887519180774689e-02 6.906676106154918671e-03 2.029800525633618236e-04 6.057546852389350533e-05 4.014050136902369559e-05 3.309088060632348061e-05 1.426231665391242132e-05 0.000000000000000000e+00 0.000000000000000000e+00 
2.680647419765591621e-03 2.615848556160926819e-03 2.753145527094602585e-03 2.864965703338384628e-03 4.180416464805603027e-03 2.912611467763781548e-03 3.207965521141886711e-03 3.924231044948101044e-03 3.891874570399522781e-03 5.248792469501495361e-03 8.192974142730236053e-03 3.580058738589286804e-02 8.905733376741409302e-02 3.164511024951934814e-01 6.645265817642211914e-01 8.642699122428894043e-01 9.744343161582946777e-01 9.940100312232971191e-01 9.957000613212585449e-01 9.959913492202758789e-01 9.962269663810729980e-01 9.964387416839599609e-01 0.000000000000000000e+00 0.000000000000000000e+00 
4.210362749290652573e-05 2.159244468202814460e-05 6.248030695132911205e-05 5.804388274555094540e-05 1.085904659703373909e-03 7.898097828729078174e-05 1.465142704546451569e-04 4.816950531676411629e-04 2.425329876132309437e-04 9.241500520147383213e-04 1.734162215143442154e-03 2.321823686361312866e-02 3.288306668400764465e-02 2.830354124307632446e-02 6.052047386765480042e-02 1.927702873945236206e-02 6.432454567402601242e-03 1.858033501775935292e-04 5.748981129727326334e-05 3.811002534348517656e-05 3.206093242624774575e-05 1.390881880070082843e-05 0.000000000000000000e+00 0.000000000000000000e+00 
2.657005563378334045e-03 2.595210215076804161e-03 2.729113679379224777e-03 2.840706147253513336e-03 4.184619057923555374e-03 2.894312841817736626e-03 3.189240116626024246e-03 3.923904616385698318e-03 3.883722936734557152e-03 5.339148920029401779e-03 8.317660540342330933e-03 3.673231601715087891e-02 9.388042986392974854e-02 3.236470818519592285e-01 6.737169623374938965e-01 8.687366843223571777e-01 9.754629135131835938e-01 9.941146969795227051e-01 9.957432150840759277e-01 9.960269331932067871e-01 9.962551593780517578e-01 9.964625239372253418e-01 0.000000000000000000e+00 0.000000000000000000e+00 
4.087594061275012791e-05 2.142568519047927111e-05 6.134698196547105908e-05 5.697545566363260150e-05 1.102699432522058487e-03 7.991188613232225180e-05 1.499867066740989685e-04 4.974362091161310673e-04 2.444127167109400034e-04 9.832654614001512527e-04 1.770371687598526478e-03 2.374294959008693695e-02 3.399120643734931946e-02 2.856010012328624725e-02 6.025928631424903870e-02 1.891660317778587341e-02 6.209270562976598740e-03 1.779401936801150441e-04 5.588119893218390644e-05 3.706894494825974107e-05 3.144150832667946815e-05 1.369069741485873237e-05 0.000000000000000000e+00 0.000000000000000000e+00 
2.632143208757042885e-03 2.572533907368779182e-03 2.702430821955204010e-03 2.811797428876161575e-03 4.127379972487688065e-03 2.866210183128714561e-03 3.155026352033019066e-03 3.880574135109782219e-03 3.839511889964342117e-03 5.302092991769313812e-03 8.232803083956241608e-03 3.681327402591705322e-02 9.495893865823745728e-02 3.251192271709442139e-01 6.760069131851196289e-01 8.699051141738891602e-01 9.758210778236389160e-01 9.941750764846801758e-01 9.957753419876098633e-01 9.960554242134094238e-01 9.962800741195678711e-01 9.964848160743713379e-01 0.000000000000000000e+00 0.000000000000000000e+00 
3.971279511461034417e-05 2.105310704791918397e-05 5.977751061436720192e-05 5.553639130084775388e-05 1.075400272384285927e-03 7.870329864090308547e-05 1.484250387875363231e-04 4.917041515000164509e-04 2.399372024228796363e-04 9.850863134488463402e-04 1.747268368490040302e-03 2.385910786688327789e-02 3.435583412647247314e-02 2.865193597972393036e-02 6.027869135141372681e-02 1.884529925882816315e-02 6.140857469290494919e-03 1.744845358189195395e-04 5.503398278960958123e-05 3.651556107797659934e-05 3.105180076090618968e-05 1.353960124106379226e-05 0.000000000000000000e+00 0.000000000000000000e+00 
2.605630550533533096e-03 2.547971438616514206e-03 2.672814531251788139e-03 2.778189955279231071e-03 4.017102997750043869e-03 2.829551696777343750e-03 3.106765449047088623e-03 3.798548597842454910e-03 3.764107823371887207e-03 5.158543121069669724e-03 7.964732125401496887e-03 3.617098182439804077e-02 9.291829913854598999e-02 3.217678666114807129e-01 6.725212931632995605e-01 8.683509826660156250e-01 9.756100773811340332e-01 9.941993355751037598e-01 9.957981705665588379e-01 9.960775971412658691e-01 9.963012933731079102e-01 9.965048432350158691e-01 0.000000000000000000e+00 0.000000000000000000e+00 
3.842771548079326749e-05 2.050146213150583208e-05 5.763350054621696472e-05 5.360631257644854486e-05 1.010252977721393108e-03 7.566626300103962421e-05 1.423845242243260145e-04 4.663123108912259340e-04 2.297274768352508545e-04 9.393539512529969215e-04 1.670255209319293499e-03 2.364150248467922211e-02 3.407796472311019897e-02 2.860724925994873047e-02 6.053800508379936218e-02 1.901874691247940063e-02 6.207048427313566208e-03 1.744471956044435501e-04 5.482667620526626706e-05 3.636249311966821551e-05 3.087119694100692868e-05 1.345453256362816319e-05 0.000000000000000000e+00 0.000000000000000000e+00 
2.576990285888314247e-03 2.521304413676261902e-03 2.639518817886710167e-03 2.738854382187128067e-03 3.841243451461195946e-03 2.782897325232625008e-03 3.041917691007256508e-03 3.670947626233100891e-03 3.652144689112901688e-03 4.893133882433176041e-03 7.481608539819717407e-03 3.461666777729988098e-02 8.711428195238113403e-02 3.121980428695678711e-01 6.614000797271728516e-01 8.631527423858642578e-01 9.746250510215759277e-01 9.941762089729309082e-01 9.958087205886840820e-01 9.960911273956298828e-01 9.963175654411315918e-01 9.965223670005798340e-01 0.000000000000000000e+00 0.000000000000000000e+00 
3.690416633617132902e-05 1.973496728169266135e-05 5.470683026942424476e-05 5.100746784592047334e-05 8.970841881819069386e-04 7.052087312331423163e-05 1.312098902417346835e-04 4.180048417765647173e-04 2.127382613252848387e-04 8.390370639972388744e-04 1.527095329947769642e-03 2.296271920204162598e-02 3.303198516368865967e-02 2.837925590574741364e-02 6.110808998346328735e-02 1.951540261507034302e-02 6.449970416724681854e-03 1.789196103345602751e-04 5.542962753679603338e-05 3.673843821161426604e-05 3.098634260823018849e-05 1.346517547062830999e-05 0.000000000000000000e+00 0.000000000000000000e+00 
2.551103243604302406e-03 2.496580593287944794e-03 2.610109280794858932e-03 2.705079270526766777e-03 3.712635487318038940e-03 2.743265591561794281e-03 2.989427186548709869e-03 3.574315458536148071e-03 3.565300721675157547e-03 4.698787815868854523e-03 7.138520013540983200e-03 3.349637985229492188e-02 8.295708149671554565e-02 3.053123950958251953e-01 6.532735228538513184e-01 8.593673706054687500e-01 9.739426970481872559e-01 9.941737055778503418e-01 9.958253502845764160e-01 9.961090087890625000e-01 9.963369369506835938e-01 9.965416193008422852e-01 0.000000000000000000e+00 0.000000000000000000e+00 
3.586919046938419342e-05 1.915998836921062320e-05 5.264274659566581249e-05 4.917980913887731731e-05 8.194551337510347366e-04 6.673272582702338696e-05 1.232493377756327391e-04 3.845738538075238466e-04 2.007651928579434752e-04 7.690576603636145592e-04 1.428547082468867302e-03 2.245544083416461945e-02 3.231520578265190125e-02 2.822035737335681915e-02 6.154404953122138977e-02 1.987973228096961975e-02 6.625040434300899506e-03 1.816235308069735765e-04 5.564662569668143988e-05 3.687054413603618741e-05 3.092205952270887792e-05 1.340653216175269336e-05 0.000000000000000000e+00 0.000000000000000000e+00 
2.527278615161776543e-03 2.473382977768778801e-03 2.583566354587674141e-03 2.675193594768643379e-03 3.617074340581893921e-03 2.708818763494491577e-03 2.945832675322890282e-03 3.499368904158473015e-03 3.496650606393814087e-03 4.553996026515960693e-03 6.893865298479795456e-03 3.270342946052551270e-02 8.003015071153640747e-02 3.005634248256683350e-01 6.476635336875915527e-01 8.567894101142883301e-01 9.735242128372192383e-01 9.941883683204650879e-01 9.958468675613403320e-01 9.961303472518920898e-01 9.963582158088684082e-01 9.965623021125793457e-01 0.000000000000000000e+00 0.000000000000000000e+00 
3.518447192618623376e-05 1.871887980087194592e-05 5.119333582115359604e-05 4.788737714989110827e-05 7.661124691367149353e-04 6.389035843312740326e-05 1.175562647404149175e-04 3.613561566453427076e-04 1.923793606692925096e-04 7.200770196504890919e-04 1.361961709335446358e-03 2.209715545177459717e-02 3.184473514556884766e-02 2.812060900032520294e-02 6.187740713357925415e-02 2.013527415692806244e-02 6.744443904608488083e-03 1.827318046707659960e-04 5.555546886171214283e-05 3.681509406305849552e-05 3.072880645049735904e-05 1.329858696408336982e-05 0.000000000000000000e+00 0.000000000000000000e+00 
2.503902651369571686e-03 2.450469182804226875e-03 2.557864645496010780e-03 2.646684180945158005e-03 3.538694931194186211e-03 2.676496980711817741e-03 2.906223293393850327e-03 3.434897167608141899e-03 3.436773316934704781e-03 4.434609785676002502e-03 6.697971373796463013e-03 3.208165615797042847e-02 7.778301835060119629e-02 2.969811558723449707e-01 6.434594988822937012e-01 8.548803925514221191e-01 9.732500910758972168e-01 9.942104816436767578e-01 9.958695769309997559e-01 9.961522221565246582e-01 9.963798522949218750e-01 9.965826272964477539e-01 0.000000000000000000e+00 0.000000000000000000e+00 
3.462807217147201300e-05 1.833375790738500655e-05 5.000073360861279070e-05 4.682134749600663781e-05 7.260004640556871891e-04 6.153902359073981643e-05 1.130169330281205475e-04 3.432978410273790359e-04 1.857625466072931886e-04 6.820649141445755959e-04 1.310567953623831272e-03 2.181786485016345978e-02 3.151016682386398315e-02 2.805409952998161316e-02 6.215186789631843567e-02 2.033023722469806671e-02 6.831660866737365723e-03 1.830219698604196310e-04 5.533466173801571131e-05 3.667952114483341575e-05 3.049312908842694014e-05 1.317924943577963859e-05 0.000000000000000000e+00 0.000000000000000000e+00 
2.481788396835327148e-03 2.428644336760044098e-03 2.533820224925875664e-03 2.620367566123604774e-03 3.475416218861937523e-03 2.647115848958492279e-03 2.871279837563633919e-03 3.381170565262436867e-03 3.386120079085230827e-03 4.340605344623327255e-03 6.549643352627754211e-03 3.164413571357727051e-02 7.621071487665176392e-02 2.946169376373291016e-01 6.408013105392456055e-01 8.537107706069946289e-01 9.731369018554687500e-01 9.942428469657897949e-01 9.958947896957397461e-01 9.961761236190795898e-01 9.964025616645812988e-01 9.966037273406982422e-01 0.000000000000000000e+00 0.000000000000000000e+00 
3.422274312470108271e-05 1.801393773348536342e-05 4.906998219667002559e-05 4.599263775162398815e-05 6.964595522731542587e-04 5.966576645732857287e-05 1.095638144761323929e-04 3.298870287835597992e-04 1.808147499104961753e-04 6.546646472997963428e-04 1.274255453608930111e-03 2.163315005600452423e-02 3.130518645048141479e-02 2.802322059869766235e-02 6.236480176448822021e-02 2.046025544404983521e-02 6.885733921080827713e-03 1.823414058890193701e-04 5.494445213116705418e-05 3.643266973085701466e-05 3.018866664206143469e-05 1.303620138060068712e-05 0.000000000000000000e+00 0.000000000000000000e+00 
2.460449468344449997e-03 2.407505642622709274e-03 2.510817954316735268e-03 2.595419529825448990e-03 3.422093810513615608e-03 2.619626699015498161e-03 2.839290304109454155e-03 3.334525972604751587e-03 3.341368399560451508e-03 4.262783564627170563e-03 6.432360038161277771e-03 3.132263198494911194e-02 7.508812099695205688e-02 2.930931448936462402e-01 6.392241716384887695e-01 8.530548214912414551e-01 9.731335639953613281e-01 9.942816495895385742e-01 9.959216117858886719e-01 9.962007403373718262e-01 9.964256286621093750e-01 9.966250658035278320e-01 0.000000000000000000e+00 0.000000000000000000e+00 
3.390837810002267361e-05 1.773406984284520149e-05 4.830573743674904108e-05 4.530457954388111830e-05 6.738937227055430412e-04 5.810435686726123095e-05 1.067964185494929552e-04 3.196280449628829956e-04 1.768990186974406242e-04 6.339444662444293499e-04 1.247881562449038029e-03 2.150829695165157318e-02 3.118354640901088715e-02 2.801739238202571869e-02 6.253471225500106812e-02 2.054597064852714539e-02 6.916984450072050095e-03 1.810008834581822157e-04 5.444368071039207280e-05 3.611568536143749952e-05 2.984707134601194412e-05 1.287946815864415839e-05 0.000000000000000000e+00 0.000000000000000000e+00 
2.441168529912829399e-03 2.387988613918423653e-03 2.490499755367636681e-03 2.574196550995111465e-03 3.395936451852321625e-03 2.597034676000475883e-03 2.815166255459189415e-03 3.306748345494270325e-03 3.312680870294570923e-03 4.229048267006874084e-03 6.402011029422283173e-03 3.138438612222671509e-02 7.529285550117492676e-02 2.941884696483612061e-01 6.410944461822509766e-01 8.540505766868591309e-01 9.734901785850524902e-01 9.943425059318542480e-01 9.959542751312255859e-01 9.962294101715087891e-01 9.964513778686523438e-01 9.966477751731872559e-01 0.000000000000000000e+00 0.000000000000000000e+00 
3.387729157111607492e-05 1.756713209033478051e-05 4.799334055860526860e-05 4.504725438891910017e-05 6.707680295221507549e-04 5.736079401685856283e-05 1.058485067915171385e-04 3.176727332174777985e-04 1.759697042871266603e-04 6.319194217212498188e-04 1.250658882781863213e-03 2.160180360078811646e-02 3.129916265606880188e-02 2.809092216193675995e-02 6.257146596908569336e-02 2.048950828611850739e-02 6.874754559248685837e-03 1.775984419509768486e-04 5.356003021006472409e-05 3.555921284714713693e-05 2.935493284894619137e-05 1.266734852833906189e-05 0.000000000000000000e+00 0.000000000000000000e+00 
2.420606790110468864e-03 2.367587527260184288e-03 2.468147780746221542e-03 2.549901138991117477e-03 3.338753711432218552e-03 2.569907344877719879e-03 2.783312927931547165e-03 3.258254611864686012e-03 3.267038613557815552e-03 4.144723061472177505e-03 6.270590703934431076e-03 3.096596710383892059e-02 7.386368513107299805e-02 2.920717000961303711e-01 6.386914253234863281e-01 8.529927134513854980e-01 9.734008908271789551e-01 9.943756461143493652e-01 9.959794878959655762e-01 9.962530136108398438e-01 9.964736700057983398e-01 9.966685175895690918e-01 0.000000000000000000e+00 0.000000000000000000e+00 
3.359771289979107678e-05 1.728656388877425343e-05 4.717375486507080495e-05 4.437143070390447974e-05 6.445067701861262321e-04 5.571013389271683991e-05 1.028830956784076989e-04 3.059004666283726692e-04 1.717484265100210905e-04 6.075372803024947643e-04 1.218639663420617580e-03 2.141189388930797577e-02 3.112448379397392273e-02 2.806597016751766205e-02 6.277115643024444580e-02 2.061007358133792877e-02 6.924470420926809311e-03 1.767849025782197714e-04 5.314837835612706840e-05 3.530749381752684712e-05 2.905032670241780579e-05 1.252373567695030943e-05 0.000000000000000000e+00 0.000000000000000000e+00 
2.401260891929268837e-03 2.348338253796100616e-03 2.447215374559164047e-03 2.527349162846803665e-03 3.289173822849988937e-03 2.544885268434882164e-03 2.754389774054288864e-03 3.215774893760681152e-03 3.226668108254671097e-03 4.073508083820343018e-03 6.163314450532197952e-03 3.065223433077335358e-02 7.280863076448440552e-02 2.906594276428222656e-01 6.372007131576538086e-01 8.523843288421630859e-01 9.734106063842773438e-01 9.944157600402832031e-01 9.960069060325622559e-01 9.962778091430664062e-01 9.964971542358398438e-01 9.966899156570434570e-01 0.000000000000000000e+00 0.000000000000000000e+00 
3.337444286444224417e-05 1.703835732769221067e-05 4.646614252123981714e-05 4.381145845400169492e-05 6.230227299965918064e-04 5.430446981335990131e-05 1.004456353257410228e-04 2.964984450954943895e-04 1.683442096691578627e-04 5.882810219191014767e-04 1.194264856167137623e-03 2.127914316952228546e-02 3.101901151239871979e-02 2.806210331618785858e-02 6.293563544750213623e-02 2.069213800132274628e-02 6.954067386686801910e-03 1.753818214638158679e-04 5.261620026431046426e-05 3.497934085316956043e-05 2.869984018616378307e-05 1.236252956005046144e-05 0.000000000000000000e+00 0.000000000000000000e+00 
2.381315920501947403e-03 2.328659873455762863e-03 2.425720216706395149e-03 2.504153875634074211e-03 3.240051213651895523e-03 2.519391244277358055e-03 2.724814927205443382e-03 3.172897035256028175e-03 3.185528796166181564e-03 4.002761561423540115e-03 6.054034922271966934e-03 3.033456392586231232e-02 7.180231064558029175e-02 2.892524600028991699e-01 6.357228159904479980e-01 8.517763018608093262e-01 9.734152555465698242e-01 9.944534301757812500e-01 9.960324168205261230e-01 9.963014125823974609e-01 9.965190291404724121e-01 9.967100620269775391e-01 0.000000000000000000e+00 0.000000000000000000e+00 
3.307327642687596381e-05 1.677419095358345658e-05 4.569313750835135579e-05 4.317023194744251668e-05 6.022965535521507263e-04 5.290134868118911982e-05 9.797537495614960790e-05 2.873255289159715176e-04 1.647703320486471057e-04 5.694729043170809746e-04 1.168765360489487648e-03 2.114251255989074707e-02 3.092379868030548096e-02 2.805837243795394897e-02 6.309469789266586304e-02 2.077393420040607452e-02 6.983032915741205215e-03 1.740404404699802399e-04 5.213285476202145219e-05 3.468017894192598760e-05 2.839306034729816020e-05 1.222083938046125695e-05 0.000000000000000000e+00 0.000000000000000000e+00 
2.360957209020853043e-03 2.308840164914727211e-03 2.403654623776674271e-03 2.480042399838566780e-03 3.184196073561906815e-03 2.492753090336918831e-03 2.693125978112220764e-03 3.124846611171960831e-03 3.139366861432790756e-03 3.918938804417848587e-03 5.914297886192798615e-03 2.985879033803939819e-02 7.032991945743560791e-02 2.868461608886718750e-01 6.329103708267211914e-01 8.505223393440246582e-01 9.732792973518371582e-01 9.944823980331420898e-01 9.960551857948303223e-01 9.963227510452270508e-01 9.965395927429199219e-01 9.967291355133056641e-01 0.000000000000000000e+00 0.000000000000000000e+00 
3.263049802626483142e-05 1.647108547331299633e-05 4.472161162993870676e-05 4.233347135595977306e-05 5.767351831309497356e-04 5.126717223902232945e-05 9.496606799075379968e-05 2.759872004389762878e-04 1.600495015736669302e-04 5.449093878269195557e-04 1.131924102082848549e-03 2.090421691536903381e-02 3.075171262025833130e-02 2.802314423024654388e-02 6.330140680074691772e-02 2.091190218925476074e-02 7.040174212306737900e-03 1.734750258037820458e-04 5.180880179977975786e-05 3.448186544119380414e-05 2.815574225678574294e-05 1.210787831951165572e-05 0.000000000000000000e+00 0.000000000000000000e+00 
2.342588501051068306e-03 2.290593227371573448e-03 2.384336665272712708e-03 2.459765179082751274e-03 3.158577950671315193e-03 2.471404615789651871e-03 2.669920213520526886e-03 3.097597276791930199e-03 3.111275378614664078e-03 3.885194659233093262e-03 5.877128336578607559e-03 2.989451028406620026e-02 7.049768418073654175e-02 2.878103852272033691e-01 6.346625685691833496e-01 8.514571785926818848e-01 9.736092686653137207e-01 9.945380091667175293e-01 9.960851669311523438e-01 9.963490366935729980e-01 9.965628385543823242e-01 9.967500567436218262e-01 0.000000000000000000e+00 0.000000000000000000e+00 
3.246566120651550591e-05 1.629150938242673874e-05 4.428562897373922169e-05 4.195181827526539564e-05 5.729815457016229630e-04 5.053597851656377316e-05 9.395391680300235748e-05 2.737109607551246881e-04 1.587531005498021841e-04 5.418257787823677063e-04 1.130286138504743576e-03 2.098144590854644775e-02 3.085369989275932312e-02 2.809337712824344635e-02 6.333849579095840454e-02 2.086141519248485565e-02 7.001310586929321289e-03 1.703223970253020525e-04 5.102290378999896348e-05 3.398388435016386211e-05 2.774058521026745439e-05 1.192950821859994903e-05 0.000000000000000000e+00 0.000000000000000000e+00 
2.325292211025953293e-03 2.273186342790722847e-03 2.366496250033378601e-03 2.441474702209234238e-03 3.149642609059810638e-03 2.452801913022994995e-03 2.651174785569310188e-03 3.081485629081726074e-03 3.092586528509855270e-03 3.878031857311725616e-03 5.895057693123817444e-03 3.020242042839527130e-02 7.155993580818176270e-02 2.905857264995574951e-01 6.388508081436157227e-01 8.535559177398681641e-01 9.741784930229187012e-01 9.946066737174987793e-01 9.961180090904235840e-01 9.963772892951965332e-01 9.965873956680297852e-01 9.967715740203857422e-01 0.000000000000000000e+00 0.000000000000000000e+00 
3.244859908591024578e-05 1.617025372979696840e-05 4.414078648551367223e-05 4.178476592642255127e-05 5.813839961774647236e-04 5.027253791922703385e-05 9.397730900673195720e-05 2.764802484307438135e-04 1.592220796737819910e-04 5.502458079718053341e-04 1.147925853729248047e-03 2.122744172811508179e-02 3.110225126147270203e-02 2.821955084800720215e-02 6.328342109918594360e-02 2.070872858166694641e-02 6.911861244589090347e-03 1.658895344007760286e-04 5.001793397241272032e-05 3.334438224555924535e-05 2.725715421547647566e-05 1.172458451037527993e-05 0.000000000000000000e+00 0.000000000000000000e+00 
2.308646915480494499e-03 2.256305888295173645e-03 2.349450485780835152e-03 2.424136269837617874e-03 3.146837698295712471e-03 2.435385715216398239e-03 2.634298754855990410e-03 3.069829195737838745e-03 3.077636240050196648e-03 3.881333395838737488e-03 5.934690125286579132e-03 3.060467913746833801e-02 7.296696305274963379e-02 2.940010726451873779e-01 6.438507437705993652e-01 8.560402989387512207e-01 9.748188853263854980e-01 9.946789741516113281e-01 9.961520433425903320e-01 9.964061379432678223e-01 9.966125488281250000e-01 9.967933297157287598e-01 0.000000000000000000e+00 0.000000000000000000e+00 
3.250766530982218683e-05 1.607127524039242417e-05 4.412510315887629986e-05 4.170227839495055377e-05 5.939728580415248871e-04 5.017469811718910933e-05 9.438867709832265973e-05 2.812801685649901628e-04 1.603815180715173483e-04 5.632161046378314495e-04 1.173125463537871838e-03 2.152797952294349670e-02 3.140923753380775452e-02 2.836484462022781372e-02 6.319624930620193481e-02 2.051953971385955811e-02 6.806248798966407776e-03 1.611244369996711612e-04 4.895310485153459013e-05 3.266993371653370559e-05 2.675490577530581504e-05 1.151115066022612154e-05 0.000000000000000000e+00 0.000000000000000000e+00 
2.292972058057785034e-03 2.240367466583848000e-03 2.333626616746187210e-03 2.408388769254088402e-03 3.154755104333162308e-03 2.420145785436034203e-03 2.620548708364367485e-03 3.066039877012372017e-03 3.069069702178239822e-03 3.904690267518162727e-03 6.013920996338129044e-03 3.119112737476825714e-02 7.509361207485198975e-02 2.987043857574462891e-01 6.504893898963928223e-01 8.593168258666992188e-01 9.756056666374206543e-01 9.947590827941894531e-01 9.961884617805480957e-01 9.964368939399719238e-01 9.966384768486022949e-01 9.968156814575195312e-01 0.000000000000000000e+00 0.000000000000000000e+00 
3.260574521846137941e-05 1.601837539055850357e-05 4.424502913025207818e-05 4.173268825979903340e-05 6.140128243714570999e-04 5.038348535890690982e-05 9.547703666612505913e-05 2.895988873206079006e-04 1.626475277589634061e-04 5.852979375049471855e-04 1.212561037391424179e-03 2.193343825638294220e-02 3.184550255537033081e-02 2.854790911078453064e-02 6.304191052913665771e-02 2.025743946433067322e-02 6.666670087724924088e-03 1.556736388010904193e-04 4.774331682710908353e-05 3.189468770870007575e-05 2.618945654830895364e-05 1.127615814766613767e-05 0.000000000000000000e+00 0.000000000000000000e+00 
2.276426414027810097e-03 2.223821822553873062e-03 2.316644182428717613e-03 2.390951849520206451e-03 3.149225842207670212e-03 2.402736805379390717e-03 2.603048225864768028e-03 3.052914282307028770e-03 3.052788553759455681e-03 3.906510304659605026e-03 6.048129871487617493e-03 3.156053274869918823e-02 7.653390616178512573e-02 3.019561767578125000e-01 6.551805138587951660e-01 8.616517186164855957e-01 9.761853218078613281e-01 9.948254823684692383e-01 9.962202906608581543e-01 9.964644312858581543e-01 9.966621398925781250e-01 9.968364238739013672e-01 0.000000000000000000e+00 0.000000000000000000e+00 
3.254169860156252980e-05 1.590883584867697209e-05 4.410954716149717569e-05 4.152750625507906079e-05 6.241814116947352886e-04 5.020743628847412765e-05 9.567048982717096806e-05 2.936189412139356136e-04 1.633920182939618826e-04 5.980255082249641418e-04 1.236452837474644184e-03 2.220491133630275726e-02 3.216616064310073853e-02 2.868511527776718140e-02 6.295435130596160889e-02 2.007585577666759491e-02 6.568028125911951065e-03 1.514431933173909783e-04 4.677179094869643450e-05 3.127078161924146116e-05 2.572741141193546355e-05 1.108091782953124493e-05 0.000000000000000000e+00 0.000000000000000000e+00 
2.258892171084880829e-03 2.207004930824041367e-03 2.298325765877962112e-03 2.371334936469793320e-03 3.121918300166726112e-03 2.382888225838541985e-03 2.580107422545552254e-03 3.026091959327459335e-03 3.025323851034045219e-03 3.877450944855809212e-03 6.008479744195938110e-03 3.162979707121849060e-02 7.705397158861160278e-02 3.032205104827880859e-01 6.573706865310668945e-01 8.627691268920898438e-01 9.765082001686096191e-01 9.948764443397521973e-01 9.962478876113891602e-01 9.964886307716369629e-01 9.966835379600524902e-01 9.968556165695190430e-01 0.000000000000000000e+00 0.000000000000000000e+00 
3.207196641596965492e-05 1.570953645568806678e-05 4.347911090007983148e-05 4.085209729964844882e-05 6.174725713208317757e-04 4.949244612362235785e-05 9.442078589927405119e-05 2.908370515797287226e-04 1.615439978195354342e-04 5.969259073026478291e-04 1.233058748766779900e-03 2.229755558073520660e-02 3.232320025563240051e-02 2.876240573823451996e-02 6.295366585254669189e-02 2.000466920435428619e-02 6.519431713968515396e-03 1.486112887505441904e-04 4.607691880664788187e-05 3.081257091253064573e-05 2.538604167057201266e-05 1.093440823751734570e-05 0.000000000000000000e+00 0.000000000000000000e+00 
2.241579350084066391e-03 2.190160797908902168e-03 2.280191285535693169e-03 2.352065406739711761e-03 3.094842890277504921e-03 2.363026840612292290e-03 2.557677216827869415e-03 2.999748568981885910e-03 2.998173702508211136e-03 3.846938489004969597e-03 5.970263388007879257e-03 3.167617321014404297e-02 7.742318511009216309e-02 3.042756319046020508e-01 6.592366695404052734e-01 8.637328743934631348e-01 9.767982363700866699e-01 9.949249029159545898e-01 9.962747097015380859e-01 9.965121150016784668e-01 9.967046976089477539e-01 9.968745112419128418e-01 0.000000000000000000e+00 0.000000000000000000e+00 
3.174182347720488906e-05 1.552509093016851693e-05 4.294596146792173386e-05 4.031569551443681121e-05 6.110250833444297314e-04 4.878403706243261695e-05 9.325597056886181235e-05 2.883324050344526768e-04 1.599341776454821229e-04 5.949984188191592693e-04 1.230686902999877930e-03 2.237603254616260529e-02 3.245499730110168457e-02 2.883214317262172699e-02 6.297054886817932129e-02 1.994493789970874786e-02 6.479125004261732101e-03 1.460189669160172343e-04 4.541541784419678152e-05 3.038443355762865394e-05 2.505038537492509931e-05 1.078994955605594441e-05 0.000000000000000000e+00 0.000000000000000000e+00 
2.225032309070229530e-03 2.173767890781164169e-03 2.262933412566781044e-03 2.333955606445670128e-03 3.076421795412898064e-03 2.344329841434955597e-03 2.537635387852787971e-03 2.978341653943061829e-03 2.975482260808348656e-03 3.826816566288471222e-03 5.959057714790105820e-03 3.182344138622283936e-02 7.810448855161666870e-02 3.059821128845214844e-01 6.618866920471191406e-01 8.650779724121093750e-01 9.771618247032165527e-01 9.949771165847778320e-01 9.963024854660034180e-01 9.965364336967468262e-01 9.967260956764221191e-01 9.968938827514648438e-01 0.000000000000000000e+00 0.000000000000000000e+00 
3.159435073030181229e-05 1.537461685074958950e-05 4.261464346200227737e-05 3.995496808784082532e-05 6.110862595960497856e-04 4.825097130378708243e-05 9.262662206310778856e-05 2.880154643207788467e-04 1.592988264746963978e-04 5.973246297799050808e-04 1.238007098436355591e-03 2.251367270946502686e-02 3.264434635639190674e-02 2.892117574810981750e-02 6.295752525329589844e-02 1.984885707497596741e-02 6.423821207135915756e-03 1.430699339834973216e-04 4.468774204724468291e-05 2.991896690218709409e-05 2.469024184392765164e-05 1.063383206201251596e-05 0.000000000000000000e+00 0.000000000000000000e+00 
2.208602847531437874e-03 2.157780807465314865e-03 2.245784038677811623e-03 2.315848367288708687e-03 3.053872613236308098e-03 2.325666602700948715e-03 2.516893902793526649e-03 2.954668365418910980e-03 2.950895810499787331e-03 3.802275750786066055e-03 5.933065433055162430e-03 3.191466256976127625e-02 7.864047586917877197e-02 3.073368072509765625e-01 6.640585064888000488e-01 8.662101626396179199e-01 9.774800539016723633e-01 9.950265884399414062e-01 9.963296651840209961e-01 9.965603351593017578e-01 9.967473149299621582e-01 9.969127178192138672e-01 0.000000000000000000e+00 0.000000000000000000e+00 
3.129711330984719098e-05 1.520924070064211264e-05 4.215152148390188813e-05 3.949015081161633134e-05 6.075712153688073158e-04 4.763225297210738063e-05 9.169453551294282079e-05 2.863296249415725470e-04 1.580032258061692119e-04 5.977213731966912746e-04 1.239321311004459858e-03 2.261644043028354645e-02 3.280880674719810486e-02 2.900021523237228394e-02 6.296326965093612671e-02 1.977191306650638580e-02 6.375777069479227066e-03 1.403800561092793941e-04 4.400002944748848677e-05 2.947513348772190511e-05 2.434197813272476196e-05 1.048518060997594148e-05 0.000000000000000000e+00 0.000000000000000000e+00 
2.192290499806404114e-03 2.141831442713737488e-03 2.228849101811647415e-03 2.298092236742377281e-03 3.035057801753282547e-03 2.307479502633213997e-03 2.497131237760186195e-03 2.933617215603590012e-03 2.928343368694186211e-03 3.783748019486665726e-03 5.921416915953159332e-03 3.206814825534820557e-02 7.938709855079650879e-02 3.090841472148895264e-01 6.666926145553588867e-01 8.675668239593505859e-01 9.778358340263366699e-01 9.950772523880004883e-01 9.963566660881042480e-01 9.965838193893432617e-01 9.967683553695678711e-01 9.969314336776733398e-01 0.000000000000000000e+00 0.000000000000000000e+00 
3.105134237557649612e-05 1.505857562733581290e-05 4.176259244559332728e-05 3.909409133484587073e-05 6.068714428693056107e-04 4.712375084636732936e-05 9.102688636630773544e-05 2.860201930161565542e-04 1.571590983076021075e-04 6.008995696902275085e-04 1.246072934009134769e-03 2.275542914867401123e-02 3.301337733864784241e-02 2.908986993134021759e-02 6.294846534729003906e-02 1.967280358076095581e-02 6.318418774753808975e-03 1.375620195176452398e-04 4.329373405198566616e-05 2.901823791034985334e-05 2.398905598965939134e-05 1.033625449053943157e-05 0.000000000000000000e+00 0.000000000000000000e+00 
2.176138339564204216e-03 2.125996397808194160e-03 2.211887156590819359e-03 2.280196407809853554e-03 3.008946310728788376e-03 2.288659103214740753e-03 2.476199995726346970e-03 2.907875459641218185e-03 2.902328968048095703e-03 3.750722389668226242e-03 5.883672740310430527e-03 3.208905085921287537e-02 7.956737279891967773e-02 3.098600506782531738e-01 6.680724024772644043e-01 8.683242797851562500e-01 9.780789613723754883e-01 9.951214790344238281e-01 9.963821172714233398e-01 9.966064095497131348e-01 9.967886209487915039e-01 9.969497323036193848e-01 0.000000000000000000e+00 0.000000000000000000e+00 
3.082630792050622404e-05 1.489426267653470859e-05 4.130067100049927831e-05 3.869100692099891603e-05 6.004977039992809296e-04 4.642645944841206074e-05 8.992804214358329773e-05 2.830423181876540184e-04 1.556338975206017494e-04 5.968773039057850838e-04 1.243601553142070770e-03 2.281906455755233765e-02 3.311010077595710754e-02 2.915003523230552673e-02 6.298722326755523682e-02 1.962844468653202057e-02 6.287478841841220856e-03 1.353445695713162422e-04 4.268858174327760935e-05 2.862829569494351745e-05 2.366458829783368856e-05 1.019703631754964590e-05 0.000000000000000000e+00 0.000000000000000000e+00 
2.156925620511174202e-03 2.108559710904955864e-03 2.191161271184682846e-03 2.256627660244703293e-03 2.953156828880310059e-03 2.264528302475810051e-03 2.443983452394604683e-03 2.853662706911563873e-03 2.856077859178185463e-03 3.661656985059380531e-03 5.701490677893161774e-03 3.159400448203086853e-02 7.793422788381576538e-02 3.071579337120056152e-01 6.650513410568237305e-01 8.669682145118713379e-01 9.779140949249267578e-01 9.951402544975280762e-01 9.963991045951843262e-01 9.966227412223815918e-01 9.968042373657226562e-01 9.969647526741027832e-01 0.000000000000000000e+00 0.000000000000000000e+00 
2.973929258587304503e-05 1.456397876609116793e-05 3.991302946815267205e-05 3.722693509189411998e-05 5.728715332224965096e-04 4.484199234866537154e-05 8.602968591731041670e-05 2.649798989295959473e-04 1.494521857239305973e-04 5.670059472322463989e-04 1.180092338472604752e-03 2.261905558407306671e-02 3.288127109408378601e-02 2.911519072949886322e-02 6.319066882133483887e-02 1.979069225490093231e-02 6.339936517179012299e-03 1.352382969344034791e-04 4.253092993167228997e-05 2.850282726285513490e-05 2.357026278332341462e-05 1.015139514493057504e-05 0.000000000000000000e+00 0.000000000000000000e+00 
2.140440279617905617e-03 2.092942595481872559e-03 2.173855667933821678e-03 2.237834967672824860e-03 2.928683301433920860e-03 2.245741663500666618e-03 2.421561395749449730e-03 2.823916263878345490e-03 2.828655997291207314e-03 3.627050435170531273e-03 5.644609685987234116e-03 3.161161765456199646e-02 7.815443724393844604e-02 3.079123497009277344e-01 6.663700938224792480e-01 8.677015304565429688e-01 9.781468510627746582e-01 9.951818585395812988e-01 9.964231848716735840e-01 9.966440200805664062e-01 9.968234300613403320e-01 9.969821572303771973e-01 0.000000000000000000e+00 0.000000000000000000e+00 
2.919201688200701028e-05 1.437066293874522671e-05 3.924865086446516216e-05 3.644951721071265638e-05 5.679302266798913479e-04 4.411124245962128043e-05 8.446118590654805303e-05 2.589855284895747900e-04 1.472032017773017287e-04 5.619567818939685822e-04 1.165150431916117668e-03 2.270188927650451660e-02 3.299443051218986511e-02 2.917912416160106659e-02 6.322242319583892822e-02 1.975389569997787476e-02 6.304141599684953690e-03 1.331642706645652652e-04 4.197979797027073801e-05 2.813084574881941080e-05 2.329946073587052524e-05 1.003699435386806726e-05 0.000000000000000000e+00 0.000000000000000000e+00 
2.124946797266602516e-03 2.077902201563119888e-03 2.157846931368112564e-03 2.220916328951716423e-03 2.917298581451177597e-03 2.228996017947793007e-03 2.403132384642958641e-03 2.804584568366408348e-03 2.809009049087762833e-03 3.615029389038681984e-03 5.641150288283824921e-03 3.184281662106513977e-02 7.915420830249786377e-02 3.101148605346679688e-01 6.695182323455810547e-01 8.693045377731323242e-01 9.785415530204772949e-01 9.952314496040344238e-01 9.964494109153747559e-01 9.966670274734497070e-01 9.968435764312744141e-01 9.970000982284545898e-01 0.000000000000000000e+00 0.000000000000000000e+00 
2.889068491640500724e-05 1.423283083568094298e-05 3.889510117005556822e-05 3.597178147174417973e-05 5.725960363633930683e-04 4.374087075120769441e-05 8.388146670768037438e-05 2.583756868261843920e-04 1.466345565859228373e-04 5.672944826073944569e-04 1.171684591099619865e-03 2.290187031030654907e-02 3.325324878096580505e-02 2.928287349641323090e-02 6.317735463380813599e-02 1.963280886411666870e-02 6.230674218386411667e-03 1.303559402003884315e-04 4.128626460442319512e-05 2.767483420029748231e-05 2.296509410371072590e-05 9.897842573991511017e-06 0.000000000000000000e+00 0.000000000000000000e+00 
2.110043307766318321e-03 2.063270658254623413e-03 2.142562996596097946e-03 2.205055439844727516e-03 2.911903429776430130e-03 2.213394735008478165e-03 2.386765321716666222e-03 2.790363039821386337e-03 2.793107647448778152e-03 3.614650806412100792e-03 5.664284341037273407e-03 3.218150511384010315e-02 8.057358860969543457e-02 3.130567967891693115e-01 6.735484004020690918e-01 8.713374733924865723e-01 9.790121316909790039e-01 9.952846169471740723e-01 9.964767098426818848e-01 9.966905117034912109e-01 9.968641400337219238e-01 9.970182776451110840e-01 0.000000000000000000e+00 0.000000000000000000e+00 
2.870020034606568515e-05 1.412400888511911035e-05 3.868138810503296554e-05 3.565346560208126903e-05 5.815848708152770996e-04 4.355050623416900635e-05 8.379130304092541337e-05 2.602952590677887201e-04 1.468461996410042048e-04 5.781864747405052185e-04 1.188927912153303623e-03 2.315666526556015015e-02 3.359474614262580872e-02 2.940659783780574799e-02 6.309466063976287842e-02 1.946811005473136902e-02 6.137713789939880371e-03 1.272359077120199800e-04 4.052460280945524573e-05 2.717674578889273107e-05 2.259898974443785846e-05 9.746107025421224535e-06 0.000000000000000000e+00 0.000000000000000000e+00 
2.095325849950313568e-03 2.048810012638568878e-03 2.127405721694231033e-03 2.189237391576170921e-03 2.902910811826586723e-03 2.197592984884977341e-03 2.370124449953436852e-03 2.774525666609406471e-03 2.775704720988869667e-03 3.608323168009519577e-03 5.675530061125755310e-03 3.244487941265106201e-02 8.175263553857803345e-02 3.155277967453002930e-01 6.769731640815734863e-01 8.730830550193786621e-01 9.794230461120605469e-01 9.953345060348510742e-01 9.965028166770935059e-01 9.967135190963745117e-01 9.968842864036560059e-01 9.970362782478332520e-01 0.000000000000000000e+00 0.000000000000000000e+00 
2.851431599992793053e-05 1.400837754772510380e-05 3.844033926725387573e-05 3.531948095769621432e-05 5.876292707398533821e-04 4.326726048020645976e-05 8.358634659089148045e-05 2.614508266560733318e-04 1.467125694034621119e-04 5.861788522452116013e-04 1.202370855025947094e-03 2.336034364998340607e-02 3.389214724302291870e-02 2.951532043516635895e-02 6.303732097148895264e-02 1.932816579937934875e-02 6.058216560631990433e-03 1.244168088305741549e-04 3.983296119258739054e-05 2.671922811714466661e-05 2.225218304374720901e-05 9.601424608263187110e-06 0.000000000000000000e+00 0.000000000000000000e+00 
2.081362763419747353e-03 2.034956822171807289e-03 2.113297116011381149e-03 2.174877561628818512e-03 2.908075926825404167e-03 2.183836884796619415e-03 2.356857294216752052e-03 2.767910482361912727e-03 2.765731886029243469e-03 3.626958001405000687e-03 5.737861152738332748e-03 3.293781355023384094e-02 8.391115814447402954e-02 3.196373581886291504e-01 6.823235750198364258e-01 8.757745623588562012e-01 9.799975752830505371e-01 9.953922629356384277e-01 9.965311884880065918e-01 9.967378377914428711e-01 9.969053268432617188e-01 9.970544576644897461e-01 0.000000000000000000e+00 0.000000000000000000e+00 
2.842669164238031954e-05 1.393536604155087844e-05 3.840244607999920845e-05 3.513340197969228029e-05 6.043358007445931435e-04 4.333951073931530118e-05 8.423095277976244688e-05 2.671431866474449635e-04 1.480637583881616592e-04 6.061973981559276581e-04 1.234562601894140244e-03 2.368505671620368958e-02 3.439347073435783386e-02 2.966945245862007141e-02 6.289128214120864868e-02 1.909484900534152985e-02 5.933811422437429428e-03 1.208945614052936435e-04 3.902616299455985427e-05 2.617190148157533258e-05 2.185442281188443303e-05 9.438957931706681848e-06 0.000000000000000000e+00 0.000000000000000000e+00 
2.067353110760450363e-03 2.020993269979953766e-03 2.099109580740332603e-03 2.160508884117007256e-03 2.912727650254964828e-03 2.169917337596416473e-03 2.343498868867754936e-03 2.761151408776640892e-03 2.755437977612018585e-03 3.645061748102307320e-03 5.801899358630180359e-03 3.341150283813476562e-02 8.601602166891098022e-02 3.235967457294464111e-01 6.874057650566101074e-01 8.783336281776428223e-01 9.805383682250976562e-01 9.954468011856079102e-01 9.965583682060241699e-01 9.967612028121948242e-01 9.969255328178405762e-01 9.970722794532775879e-01 0.000000000000000000e+00 0.000000000000000000e+00 
2.837590000126510859e-05 1.386355597787769511e-05 3.837509211734868586e-05 3.499488593661226332e-05 6.207341793924570084e-04 4.339840597822330892e-05 8.486755541525781155e-05 2.728870604187250137e-04 1.494262687629088759e-04 6.261311355046927929e-04 1.268353080376982689e-03 2.399076893925666809e-02 3.489161655306816101e-02 2.981658093631267548e-02 6.274908781051635742e-02 1.886969245970249176e-02 5.814380012452602386e-03 1.176288278657011688e-04 3.826357715297490358e-05 2.566212060628458858e-05 2.147595660062506795e-05 9.284778570872731507e-06 0.000000000000000000e+00 0.000000000000000000e+00 
2.053210511803627014e-03 2.006868133321404457e-03 2.084623090922832489e-03 2.145711332559585571e-03 2.909138565883040428e-03 2.155070425942540169e-03 2.328729722648859024e-03 2.749692881479859352e-03 2.741452306509017944e-03 3.649222198873758316e-03 5.841122008860111237e-03 3.374892845749855042e-02 8.753835409879684448e-02 3.265557289123535156e-01 6.912235021591186523e-01 8.802807331085205078e-01 9.809620976448059082e-01 9.954947233200073242e-01 9.965837001800537109e-01 9.967834353446960449e-01 9.969449043273925781e-01 9.970893859863281250e-01 0.000000000000000000e+00 0.000000000000000000e+00 
2.833200960594695061e-05 1.377337048324989155e-05 3.827871842077001929e-05 3.484400804154574871e-05 6.307526491582393646e-04 4.325744885136373341e-05 8.508481550961732864e-05 2.761804789770394564e-04 1.501117221778258681e-04 6.392372306436300278e-04 1.293692737817764282e-03 2.421510778367519379e-02 3.527059778571128845e-02 2.993389964103698730e-02 6.266107410192489624e-02 1.870061084628105164e-02 5.724554415792226791e-03 1.149726886069402099e-04 3.760832987609319389e-05 2.522733484511263669e-05 2.113884329446591437e-05 9.145061085291672498e-06 0.000000000000000000e+00 0.000000000000000000e+00 
2.039065817371010780e-03 1.992956502363085747e-03 2.069872338324785233e-03 2.130194567143917084e-03 2.892478602007031441e-03 2.138993004336953163e-03 2.311295131221413612e-03 2.729552797973155975e-03 2.720544813200831413e-03 3.628492355346679688e-03 5.825430620461702347e-03 3.385068848729133606e-02 8.811650425195693970e-02 3.278765380382537842e-01 6.931295990943908691e-01 8.812974095344543457e-01 9.812194705009460449e-01 9.955344796180725098e-01 9.966067671775817871e-01 9.968040585517883301e-01 9.969635009765625000e-01 9.971061944961547852e-01 0.000000000000000000e+00 0.000000000000000000e+00 
2.813948231050744653e-05 1.363858336844714358e-05 3.794356962316669524e-05 3.449391806498169899e-05 6.304456619545817375e-04 4.275952960597351193e-05 8.441457612207159400e-05 2.748577098827809095e-04 1.491263392381370068e-04 6.399986450560390949e-04 1.298423390835523605e-03 2.431781589984893799e-02 3.545631840825080872e-02 3.000626713037490845e-02 6.266125291585922241e-02 1.862400397658348083e-02 5.678711459040641785e-03 1.130702148657292128e-04 3.709727388923056424e-05 2.488393147359602153e-05 2.086222048092167825e-05 9.026562111102975905e-06 0.000000000000000000e+00 0.000000000000000000e+00 
2.025866648182272911e-03 1.979894470423460007e-03 2.056240336969494820e-03 2.116065006703138351e-03 2.884929068386554718e-03 2.124639693647623062e-03 2.296353224664926529e-03 2.715645590797066689e-03 2.704512327909469604e-03 3.623892785981297493e-03 5.842755082994699478e-03 3.409077227115631104e-02 8.928511291742324829e-02 3.301810622215270996e-01 6.961371898651123047e-01 8.828602433204650879e-01 9.815721511840820312e-01 9.955791831016540527e-01 9.966317415237426758e-01 9.968260526657104492e-01 9.969830513000488281e-01 9.971235990524291992e-01 0.000000000000000000e+00 0.000000000000000000e+00 
2.801119626383297145e-05 1.353386142000090331e-05 3.773358184844255447e-05 3.424339229241013527e-05 6.366398883983492851e-04 4.248103141435422003e-05 8.425657870247960091e-05 2.763963711913675070e-04 1.490157010266557336e-04 6.484930054284632206e-04 1.315697445534169674e-03 2.448936551809310913e-02 3.576976433396339417e-02 3.010546602308750153e-02 6.260872632265090942e-02 1.849223300814628601e-02 5.605521146208047867e-03 1.107827119994908571e-04 3.649161226348951459e-05 2.447985025355592370e-05 2.054462675005197525e-05 8.891751349437981844e-06 0.000000000000000000e+00 0.000000000000000000e+00 
2.012403449043631554e-03 1.966499257832765579e-03 2.042480744421482086e-03 2.101868856698274612e-03 2.883145119994878769e-03 2.110410248860716820e-03 2.282101195305585861e-03 2.704756101593375206e-03 2.690545516088604927e-03 3.628789912909269333e-03 5.881359335035085678e-03 3.441217169165611267e-02 9.080920368432998657e-02 3.330488502979278564e-01 6.997535228729248047e-01 8.847174048423767090e-01 9.819678068161010742e-01 9.956242442131042480e-01 9.966561794281005859e-01 9.968475103378295898e-01 9.970018267631530762e-01 9.971403479576110840e-01 0.000000000000000000e+00 0.000000000000000000e+00 
2.792468330881092697e-05 1.343700660072499886e-05 3.763278073165565729e-05 3.403615482966415584e-05 6.476650596596300602e-04 4.232063656672835350e-05 8.441440149908885360e-05 2.798546338453888893e-04 1.494505122536793351e-04 6.620342610403895378e-04 1.341399038210511208e-03 2.470042742788791656e-02 3.616071492433547974e-02 3.021874651312828064e-02 6.252209097146987915e-02 1.832846179604530334e-02 5.517303477972745895e-03 1.083953538909554482e-04 3.588337494875304401e-05 2.407304600637871772e-05 2.023583874688483775e-05 8.761309800320304930e-06 0.000000000000000000e+00 0.000000000000000000e+00 
1.999411033466458321e-03 1.953741302713751793e-03 2.029425464570522308e-03 2.088534878566861153e-03 2.890881150960922241e-03 2.097724704071879387e-03 2.269777236506342888e-03 2.700020093470811844e-03 2.680849283933639526e-03 3.653181018307805061e-03 5.953625775873661041e-03 3.488567471504211426e-02 9.311457723379135132e-02 3.370421826839447021e-01 7.046007513999938965e-01 8.871856927871704102e-01 9.824655055999755859e-01 9.956735372543334961e-01 9.966818094253540039e-01 9.968698024749755859e-01 9.970211982727050781e-01 9.971573948860168457e-01 0.000000000000000000e+00 0.000000000000000000e+00 
2.776769906631670892e-05 1.336129116680240259e-05 3.757128797587938607e-05 3.381645001354627311e-05 6.655456963926553726e-04 4.240527414367534220e-05 8.507216261932626367e-05 2.865943533834069967e-04 1.504737301729619503e-04 6.857346743345260620e-04 1.379771158099174500e-03 2.498226612806320190e-02 3.673726692795753479e-02 3.036156669259071350e-02 6.236884370446205139e-02 1.810174062848091125e-02 5.392784252762794495e-03 1.056380642694421113e-04 3.520085010677576065e-05 2.360966209380421788e-05 1.990070086321793497e-05 8.622791938250884414e-06 0.000000000000000000e+00 0.000000000000000000e+00 
1.986138988286256790e-03 1.941273454576730728e-03 2.016226062551140785e-03 2.074869116768240929e-03 2.901814412325620651e-03 2.085477812215685844e-03 2.257136395201086998e-03 2.696449169889092445e-03 2.670979825779795647e-03 3.686509793624281883e-03 6.027124356478452682e-03 3.540447354316711426e-02 9.589323401451110840e-02 3.415164947509765625e-01 7.099356651306152344e-01 8.898935317993164062e-01 9.830018877983093262e-01 9.957228302955627441e-01 9.967070221900939941e-01 9.968916773796081543e-01 9.970397949218750000e-01 9.971737861633300781e-01 0.000000000000000000e+00 0.000000000000000000e+00 
2.732715802267193794e-05 1.327855716226622462e-05 3.733001358341425657e-05 3.336054942337796092e-05 6.856354302726686001e-04 4.255215026205405593e-05 8.577974949730560184e-05 2.945773012470453978e-04 1.509041903773322701e-04 7.150842575356364250e-04 1.418463536538183689e-03 2.528114244341850281e-02 3.745165467262268066e-02 3.051774390041828156e-02 6.217726692557334900e-02 1.785011962056159973e-02 5.244313273578882217e-03 1.028512051561847329e-04 3.452784949331544340e-05 2.313636832695920020e-05 1.958116808964405209e-05 8.494302164763212204e-06 0.000000000000000000e+00 0.000000000000000000e+00 
1.972629921510815620e-03 1.928185462020337582e-03 2.002520719543099403e-03 2.060639671981334686e-03 2.903124084696173668e-03 2.071710070595145226e-03 2.242969349026679993e-03 2.687041647732257843e-03 2.657348057255148888e-03 3.699510591104626656e-03 6.073476281017065048e-03 3.575601801276206970e-02 9.777296334505081177e-02 3.446968793869018555e-01 7.137541770935058594e-01 8.918510675430297852e-01 9.833993911743164062e-01 9.957649111747741699e-01 9.967299103736877441e-01 9.969119429588317871e-01 9.970576167106628418e-01 9.971894621849060059e-01 0.000000000000000000e+00 0.000000000000000000e+00 
2.707317980821244419e-05 1.318421345786191523e-05 3.713425758178345859e-05 3.302341792732477188e-05 6.988177192397415638e-04 4.244718729751184583e-05 8.603739843238145113e-05 2.993070229422301054e-04 1.510378351667895913e-04 7.336962153203785419e-04 1.447751186788082123e-03 2.549253962934017181e-02 3.795183077454566956e-02 3.063632175326347351e-02 6.205944344401359558e-02 1.767013035714626312e-02 5.139943677932024002e-03 1.006535458145663142e-04 3.396970350877381861e-05 2.275308906973805279e-05 1.930223697854671627e-05 8.379178325412794948e-06 0.000000000000000000e+00 0.000000000000000000e+00 
1.959759509190917015e-03 1.915423199534416199e-03 1.989478943869471550e-03 2.047211164608597755e-03 2.908907132223248482e-03 2.058527199551463127e-03 2.230216981843113899e-03 2.680094446986913681e-03 2.646205481141805649e-03 3.717218758538365364e-03 6.139217410236597061e-03 3.614402934908866882e-02 9.970927983522415161e-02 3.480399549007415771e-01 7.176855802536010742e-01 8.938708305358886719e-01 9.837998747825622559e-01 9.958074688911437988e-01 9.967530965805053711e-01 9.969323873519897461e-01 9.970756173133850098e-01 9.972053766250610352e-01 0.000000000000000000e+00 0.000000000000000000e+00 
2.698708703974261880e-05 1.310902462137164548e-05 3.710270902956835926e-05 3.283220576122403145e-05 7.153583574108779430e-04 4.239954432705417275e-05 8.655899728182703257e-05 3.049906517844647169e-04 1.518815988674759865e-04 7.541538216173648834e-04 1.484947511926293373e-03 2.571422047913074493e-02 3.845326229929924011e-02 3.075686842203140259e-02 6.193389371037483215e-02 1.747934147715568542e-02 5.035479087382555008e-03 9.843301813816651702e-05 3.340007970109581947e-05 2.236984983028378338e-05 1.901372525026090443e-05 8.257315130322240293e-06 0.000000000000000000e+00 0.000000000000000000e+00 
1.945397234521806240e-03 1.901702606119215488e-03 1.974052749574184418e-03 2.030212199315428734e-03 2.858685096725821495e-03 2.039871644228696823e-03 2.207214711233973503e-03 2.640957012772560120e-03 2.611155621707439423e-03 3.638561815023422241e-03 6.002853158861398697e-03 3.575492650270462036e-02 9.817179292440414429e-02 3.459388911724090576e-01 7.157923579216003418e-01 8.930246233940124512e-01 9.837228059768676758e-01 9.958273172378540039e-01 9.967695474624633789e-01 9.969480633735656738e-01 9.970904588699340820e-01 9.972195625305175781e-01 0.000000000000000000e+00 0.000000000000000000e+00 
2.653540286701172590e-05 1.289282590732909739e-05 3.633274900494143367e-05 3.214061143808066845e-05 6.878328858874738216e-04 4.118767174077220261e-05 8.392056042794138193e-05 2.929129404947161674e-04 1.474866585340350866e-04 7.247177418321371078e-04 1.444072811864316463e-03 2.558793127536773682e-02 3.818006813526153564e-02 3.073710203170776367e-02 6.211831793189048767e-02 1.759197562932968140e-02 5.085051991045475006e-03 9.810718620428815484e-05 3.323369310237467289e-05 2.225370553787797689e-05 1.889351187855936587e-05 8.197395800380036235e-06 0.000000000000000000e+00 0.000000000000000000e+00 
1.930972328409552574e-03 1.887823920696973801e-03 1.958532957360148430e-03 2.013104734942317009e-03 2.806538715958595276e-03 2.020963933318853378e-03 2.184050623327493668e-03 2.600403968244791031e-03 2.575688529759645462e-03 3.555435687303543091e-03 5.860028788447380066e-03 3.532082214951515198e-02 9.637549519538879395e-02 3.434490859508514404e-01 7.134390473365783691e-01 8.919538855552673340e-01 9.836056232452392578e-01 9.958445429801940918e-01 9.967848658561706543e-01 9.969628453254699707e-01 9.971047639846801758e-01 9.972332715988159180e-01 0.000000000000000000e+00 0.000000000000000000e+00 
2.613374272186774760e-05 1.267848347197286785e-05 3.559631295502185822e-05 3.148969699395820498e-05 6.589109543710947037e-04 3.994083454017527401e-05 8.124994928948581219e-05 2.798291679937392473e-04 1.431484852219000459e-04 6.925899069756269455e-04 1.400227192789316177e-03 2.543371357023715973e-02 3.783767670392990112e-02 3.070590645074844360e-02 6.232528761029243469e-02 1.772641204297542572e-02 5.147890653461217880e-03 9.794785000849515200e-05 3.310666943434625864e-05 2.216450593550689518e-05 1.879021510831080377e-05 8.144151252054143697e-06 0.000000000000000000e+00 0.000000000000000000e+00 
1.917722518555819988e-03 1.874859910458326340e-03 1.944548101164400578e-03 1.998070627450942993e-03 2.776451874524354935e-03 2.004827838391065598e-03 2.165637444704771042e-03 2.573518548160791397e-03 2.550529781728982925e-03 3.510322654619812965e-03 5.797398276627063751e-03 3.519343584775924683e-02 9.592535346746444702e-02 3.430824279785156250e-01 7.133595347404479980e-01 8.920077085494995117e-01 9.836748838424682617e-01 9.958711266517639160e-01 9.968031644821166992e-01 9.969795346260070801e-01 9.971203804016113281e-01 9.972478151321411133e-01 0.000000000000000000e+00 0.000000000000000000e+00 
2.591122574813198298e-05 1.252615766134113073e-05 3.517830555210821331e-05 3.107231896137818694e-05 6.468341453000903130e-04 3.916683272109366953e-05 7.984447438502684236e-05 2.739510673563927412e-04 1.409600081387907267e-04 6.796353845857083797e-04 1.387066324241459370e-03 2.541790157556533813e-02 3.779417648911476135e-02 3.072947077453136444e-02 6.241291761398315430e-02 1.774173416197299957e-02 5.151066463440656662e-03 9.704432886792346835e-05 3.281614408479072154e-05 2.197170942963566631e-05 1.861761484178714454e-05 8.064166650001425296e-06 0.000000000000000000e+00 0.000000000000000000e+00 
1.905643031932413578e-03 1.862795324996113777e-03 1.932105631567537785e-03 1.985141774639487267e-03 2.769544254988431931e-03 1.991519937291741371e-03 2.152056200429797173e-03 2.560540800914168358e-03 2.535967389121651649e-03 3.505230648443102837e-03 5.823363550007343292e-03 3.540805354714393616e-02 9.698228538036346436e-02 3.450955748558044434e-01 7.158483266830444336e-01 8.933366537094116211e-01 9.839538335800170898e-01 9.959079027175903320e-01 9.968246221542358398e-01 9.969987869262695312e-01 9.971376061439514160e-01 9.972633719444274902e-01 0.000000000000000000e+00 0.000000000000000000e+00 
2.586899245216045529e-05 1.243825772689888254e-05 3.508590089040808380e-05 3.089477831963449717e-05 6.525764474645256996e-04 3.888255014317110181e-05 7.971707236720249057e-05 2.752744476310908794e-04 1.410007535014301538e-04 6.870775832794606686e-04 1.408681622706353664e-03 2.556070312857627869e-02 3.808847814798355103e-02 3.081457503139972687e-02 6.236406043171882629e-02 1.762188225984573364e-02 5.086675286293029785e-03 9.531713294563814998e-05 3.234271207475103438e-05 2.165919249819125980e-05 1.836645606090314686e-05 7.954448847158346325e-06 0.000000000000000000e+00 0.000000000000000000e+00 
1.893592532724142075e-03 1.850737957283854485e-03 1.919736503623425961e-03 1.972366124391555786e-03 2.765686716884374619e-03 1.978478394448757172e-03 2.138936659321188927e-03 2.549189375713467598e-03 2.522597322240471840e-03 3.505893284454941750e-03 5.862520541995763779e-03 3.567001223564147949e-02 9.826295077800750732e-02 3.474266231060028076e-01 7.186552882194519043e-01 8.948227167129516602e-01 9.842550754547119141e-01 9.959448575973510742e-01 9.968459010124206543e-01 9.970178604125976562e-01 9.971546530723571777e-01 9.972786307334899902e-01 0.000000000000000000e+00 0.000000000000000000e+00 
2.584300455055199564e-05 1.235780837305355817e-05 3.503243351588025689e-05 3.074843698414042592e-05 6.608219118788838387e-04 3.866405313601717353e-05 7.974111940711736679e-05 2.774495224002748728e-04 1.413088466506451368e-04 6.976906443014740944e-04 1.435848418623209000e-03 2.572245150804519653e-02 3.843519091606140137e-02 3.090714104473590851e-02 6.229462847113609314e-02 1.748380810022354126e-02 5.012121517211198807e-03 9.355405200039967895e-05 3.185675450367853045e-05 2.134036003553774208e-05 1.811173933674581349e-05 7.844715582905337214e-06 0.000000000000000000e+00 0.000000000000000000e+00 
1.881882199086248875e-03 1.838977099396288395e-03 1.907659694552421570e-03 1.959886634722352028e-03 2.759101567789912224e-03 1.965574454516172409e-03 2.125815255567431450e-03 2.536685904487967491e-03 2.508633304387331009e-03 3.502202453091740608e-03 5.894085858017206192e-03 3.588780015707015991e-02 9.932424873113632202e-02 3.494424819946289062e-01 7.210876941680908203e-01 8.961305022239685059e-01 9.845242500305175781e-01 9.959806799888610840e-01 9.968670606613159180e-01 9.970366358757019043e-01 9.971714615821838379e-01 9.972938895225524902e-01 0.000000000000000000e+00 0.000000000000000000e+00 
2.583598143246490508e-05 1.227907159773167223e-05 3.496931822155602276e-05 3.061971074203029275e-05 6.665714317932724953e-04 3.840031786239705980e-05 7.964323594933375716e-05 2.786708937492221594e-04 1.414562575519084930e-04 7.057731854729354382e-04 1.460221712477505207e-03 2.586051635444164276e-02 3.872852027416229248e-02 3.099048510193824768e-02 6.224305182695388794e-02 1.736335828900337219e-02 4.947693087160587311e-03 9.190941636916249990e-05 3.138678948744200170e-05 2.103430597344413400e-05 1.785905988072045147e-05 7.734528480796143413e-06 0.000000000000000000e+00 0.000000000000000000e+00 
1.870154519565403461e-03 1.827271655201911926e-03 1.895493478514254093e-03 1.947166048921644688e-03 2.747910562902688980e-03 1.952268765307962894e-03 2.111886860802769661e-03 2.521430840715765953e-03 2.492523053660988808e-03 3.489185590296983719e-03 5.904830992221832275e-03 3.602102026343345642e-02 1.000234484672546387e-01 3.508755564689636230e-01 7.228996157646179199e-01 8.971303105354309082e-01 9.847388863563537598e-01 9.960133433341979980e-01 9.968870878219604492e-01 9.970546364784240723e-01 9.971879124641418457e-01 9.973087906837463379e-01 0.000000000000000000e+00 0.000000000000000000e+00 
2.578688690846320242e-05 1.218889701704028994e-05 3.483186446828767657e-05 3.042823846044484526e-05 6.685727857984602451e-04 3.802279024966992438e-05 7.925699173938483000e-05 2.784341340884566307e-04 1.410733384545892477e-04 7.087932899594306946e-04 1.476353616453707218e-03 2.596062608063220978e-02 3.894086182117462158e-02 3.105844184756278992e-02 6.222354248166084290e-02 1.727530546486377716e-02 4.900687839835882187e-03 9.049366053659468889e-05 3.097486842307262123e-05 2.076543569273781031e-05 1.763570799084845930e-05 7.634977009729482234e-06 0.000000000000000000e+00 0.000000000000000000e+00 
1.857049530372023582e-03 1.814575865864753723e-03 1.881239470094442368e-03 1.931467908434569836e-03 2.693034941330552101e-03 1.934575382620096207e-03 2.089852234348654747e-03 2.480863360688090324e-03 2.457724185660481453e-03 3.397699678316712379e-03 5.741966888308525085e-03 3.550573810935020447e-02 9.770761430263519287e-02 3.476846516132354736e-01 7.198069095611572266e-01 8.956924080848693848e-01 9.845625758171081543e-01 9.960276484489440918e-01 9.969012737274169922e-01 9.970683455467224121e-01 9.972013831138610840e-01 9.973220825195312500e-01 0.000000000000000000e+00 0.000000000000000000e+00 
2.546077666920609772e-05 1.199002781504532322e-05 3.410238787182606757e-05 2.987908010254614055e-05 6.362862768582999706e-04 3.676836422528140247e-05 7.649853796465322375e-05 2.643059124238789082e-04 1.366361684631556273e-04 6.704130209982395172e-04 1.422663684934377670e-03 2.577303536236286163e-02 3.846392035484313965e-02 3.100869432091712952e-02 6.247508898377418518e-02 1.745122112333774567e-02 4.986732266843318939e-03 9.057766146725043654e-05 3.088986704824492335e-05 2.071392373181879520e-05 1.755444100126624107e-05 7.588395419588778168e-06 0.000000000000000000e+00 0.000000000000000000e+00 
1.844693091697990894e-03 1.802572864107787609e-03 1.868005725555121899e-03 1.917113084346055984e-03 2.654258161783218384e-03 1.918865717016160488e-03 2.071058843284845352e-03 2.450109692290425301e-03 2.429991262033581734e-03 3.336545079946517944e-03 5.639566574245691299e-03 3.522753715515136719e-02 9.649362415075302124e-02 3.461183011531829834e-01 7.184482812881469727e-01 8.951028585433959961e-01 9.845250248908996582e-01 9.960481524467468262e-01 9.969174265861511230e-01 9.970836043357849121e-01 9.972157478332519531e-01 9.973356723785400391e-01 0.000000000000000000e+00 0.000000000000000000e+00 
2.519428926461841911e-05 1.182890719064744189e-05 3.355157605255953968e-05 2.943422077805735171e-05 6.162240752018988132e-04 3.585135345929302275e-05 7.462960638804361224e-05 2.555348619353026152e-04 1.335605775238946080e-04 6.478890427388250828e-04 1.392560196109116077e-03 2.569151297211647034e-02 3.824234753847122192e-02 3.100008517503738403e-02 6.262976676225662231e-02 1.753529533743858337e-02 5.023447796702384949e-03 9.014021634357050061e-05 3.069389276788569987e-05 2.058844074781518430e-05 1.742896893119905144e-05 7.525586624979041517e-06 0.000000000000000000e+00 0.000000000000000000e+00 
1.833020476624369621e-03 1.791066839359700680e-03 1.855840906500816345e-03 1.904274569824337959e-03 2.636709017679095268e-03 1.905432087369263172e-03 2.056318102404475212e-03 2.431781264021992683e-03 2.411752473562955856e-03 3.314170986413955688e-03 5.623193923383951187e-03 3.528213500976562500e-02 9.679681807756423950e-02 3.468935787677764893e-01 7.195523977279663086e-01 8.957527279853820801e-01 9.846852421760559082e-01 9.960770010948181152e-01 9.969358444213867188e-01 9.971004128456115723e-01 9.972311258316040039e-01 9.973498582839965820e-01 0.000000000000000000e+00 0.000000000000000000e+00 
2.506360215193126351e-05 1.172443535324418917e-05 3.330325489514507353e-05 2.917227720899973065e-05 6.127105443738400936e-04 3.538624150678515434e-05 7.392447878373786807e-05 2.533905208110809326e-04 1.325460762018337846e-04 6.457128911279141903e-04 1.396966050378978252e-03 2.576265856623649597e-02 3.836678713560104370e-02 3.105130232870578766e-02 6.265003979206085205e-02 1.748543977737426758e-02 4.990939516574144363e-03 8.898875239538028836e-05 3.034924702660646290e-05 2.036137448158115149e-05 1.724217690934892744e-05 7.441008619935018942e-06 0.000000000000000000e+00 0.000000000000000000e+00 
1.821694313548505306e-03 1.779903192073106766e-03 1.844097976572811604e-03 1.892002183012664318e-03 2.623914275318384171e-03 1.892772386781871319e-03 2.042653970420360565e-03 2.416381845250725746e-03 2.395735122263431549e-03 3.301400458440184593e-03 5.626528523862361908e-03 3.541587665677070618e-02 9.749013185501098633e-02 3.482384681701660156e-01 7.212597727775573730e-01 8.967056274414062500e-01 9.848963618278503418e-01 9.961082339286804199e-01 9.969549775123596191e-01 9.971176385879516602e-01 9.972467422485351562e-01 9.973639249801635742e-01 0.000000000000000000e+00 0.000000000000000000e+00 
2.493965075700543821e-05 1.163601609732722864e-05 3.309189560241065919e-05 2.894226417993195355e-05 6.127554224804043770e-04 3.503505649860017002e-05 7.346597703872248530e-05 2.526674361433833838e-04 1.319329021498560905e-04 6.487210630439221859e-04 1.409707823768258095e-03 2.587116509675979614e-02 3.858529776334762573e-02 3.111715801060199738e-02 6.263723969459533691e-02 1.740294136106967926e-02 4.937951918691396713e-03 8.766322571318596601e-05 2.995760769408661872e-05 2.010262141993734986e-05 1.703207453829236329e-05 7.349506631726399064e-06 0.000000000000000000e+00 0.000000000000000000e+00 
1.810834161005914211e-03 1.769106369465589523e-03 1.832920825108885765e-03 1.880465075373649597e-03 2.617294900119304657e-03 1.880972413346171379e-03 2.030429663136601448e-03 2.405002713203430176e-03 2.382666338235139847e-03 3.299504518508911133e-03 5.656594410538673401e-03 3.564289584755897522e-02 9.859739989042282104e-02 3.502371907234191895e-01 7.236328721046447754e-01 8.979997038841247559e-01 9.851607084274291992e-01 9.961418509483337402e-01 9.969749450683593750e-01 9.971353411674499512e-01 9.972628355026245117e-01 9.973785281181335449e-01 0.000000000000000000e+00 0.000000000000000000e+00 
2.487684287189040333e-05 1.156575308414176106e-05 3.297957300674170256e-05 2.878752457036171108e-05 6.174470181576907635e-04 3.480750820017419755e-05 7.333834219025447965e-05 2.540106943342834711e-04 1.319470466114580631e-04 6.572817801497876644e-04 1.433725701645016670e-03 2.601887471973896027e-02 3.889625892043113708e-02 3.119929507374763489e-02 6.258418411016464233e-02 1.728225685656070709e-02 4.865056369453668594e-03 8.614600665168836713e-05 2.952160866698250175e-05 1.981615241675172001e-05 1.680092645983677357e-05 7.249592727021081373e-06 0.000000000000000000e+00 0.000000000000000000e+00 
1.799809280782938004e-03 1.758311176672577858e-03 1.821297453716397285e-03 1.868205610662698746e-03 2.594269346445798874e-03 1.867884653620421886e-03 2.015508478507399559e-03 2.384288934990763664e-03 2.362657338380813599e-03 3.266675630584359169e-03 5.616161972284317017e-03 3.560325875878334045e-02 9.846363216638565063e-02 3.503327965736389160e-01 7.239968180656433105e-01 8.982912898063659668e-01 9.852654933929443359e-01 9.961686730384826660e-01 9.969928264617919922e-01 9.971517920494079590e-01 9.972778558731079102e-01 9.973925352096557617e-01 0.000000000000000000e+00 0.000000000000000000e+00 
2.469672108418308198e-05 1.145641545008402318e-05 3.262182872276753187e-05 2.850501550710760057e-05 6.090522510930895805e-04 3.425114846322685480e-05 7.230276241898536682e-05 2.499819966033101082e-04 1.303122553508728743e-04 6.491117528639733791e-04 1.428418559953570366e-03 2.604427188634872437e-02 3.892052173614501953e-02 3.123293444514274597e-02 6.264199316501617432e-02 1.727123372256755829e-02 4.848592914640903473e-03 8.520121627952903509e-05 2.920758925029076636e-05 1.960956797120161355e-05 1.662106296862475574e-05 7.168153842940228060e-06 0.000000000000000000e+00 0.000000000000000000e+00 
1.789117814041674137e-03 1.747670117765665054e-03 1.810253015719354153e-03 1.856804708950221539e-03 2.584611298516392708e-03 1.856040325947105885e-03 2.003071131184697151e-03 2.371121663600206375e-03 2.348618116229772568e-03 3.258057171478867531e-03 5.633020307868719101e-03 3.577107563614845276e-02 9.925948828458786011e-02 3.518765866756439209e-01 7.258545160293579102e-01 8.993328809738159180e-01 9.854841828346252441e-01 9.961993694305419922e-01 9.970118403434753418e-01 9.971688985824584961e-01 9.972933530807495117e-01 9.974066019058227539e-01 0.000000000000000000e+00 0.000000000000000000e+00 
2.464324461470823735e-05 1.138619336416013539e-05 3.249100700486451387e-05 2.836743806255981326e-05 6.112728733569383621e-04 3.396745159989222884e-05 7.200811523944139481e-05 2.499589463695883751e-04 1.301012525800615549e-04 6.537652225233614445e-04 1.446878653950989246e-03 2.616136707365512848e-02 3.915374353528022766e-02 3.130215406417846680e-02 6.261269748210906982e-02 1.717611029744148254e-02 4.789566155523061752e-03 8.387993148062378168e-05 2.881421642086934298e-05 1.935270120156928897e-05 1.640884511289186776e-05 7.076078873069491237e-06 0.000000000000000000e+00 0.000000000000000000e+00 
1.778116216883063316e-03 1.736854552291333675e-03 1.798770041204988956e-03 1.844740123488008976e-03 2.564526163041591644e-03 1.843281323090195656e-03 1.988884760066866875e-03 2.352433046326041222e-03 2.330388873815536499e-03 3.231882350519299507e-03 5.608567502349615097e-03 3.578534349799156189e-02 9.935472160577774048e-02 3.523162305355072021e-01 7.265720963478088379e-01 8.997994661331176758e-01 9.856100082397460938e-01 9.962257146835327148e-01 9.970291256904602051e-01 9.971847534179687500e-01 9.973078966140747070e-01 9.974200725555419922e-01 0.000000000000000000e+00 0.000000000000000000e+00 
2.450048123137094080e-05 1.128830535890301690e-05 3.222374652978032827e-05 2.813782157318200916e-05 6.050313822925090790e-04 3.349599137436598539e-05 7.120732334442436695e-05 2.468626771587878466e-04 1.289043430006131530e-04 6.490117521025240421e-04 1.448244554921984673e-03 2.621014416217803955e-02 3.922584280371665955e-02 3.134328871965408325e-02 6.264885514974594116e-02 1.714409887790679932e-02 4.763190634548664093e-03 8.292074926430359483e-05 2.850627060979604721e-05 1.915169195854105055e-05 1.623799835215322673e-05 7.000190635153558105e-06 0.000000000000000000e+00 0.000000000000000000e+00 
1.766646862961351871e-03 1.726142480038106441e-03 1.786539563909173012e-03 1.831408357247710228e-03 2.518669236451387405e-03 1.829083776101469994e-03 1.970595214515924454e-03 2.320789499208331108e-03 2.302678301930427551e-03 3.168465569615364075e-03 5.478698760271072388e-03 3.547109663486480713e-02 9.809239208698272705e-02 3.504242002964019775e-01 7.249494791030883789e-01 8.990470767021179199e-01 9.855571389198303223e-01 9.962437748908996582e-01 9.970440864562988281e-01 9.971986413002014160e-01 9.973213076591491699e-01 9.974325895309448242e-01 0.000000000000000000e+00 0.000000000000000000e+00 
2.400861558271571994e-05 1.113407051889225841e-05 3.148947507725097239e-05 2.758021582849323750e-05 5.776393809355795383e-04 3.262482277932576835e-05 6.910794763825833797e-05 2.362198720220476389e-04 1.251865178346633911e-04 6.245574913918972015e-04 1.404091482982039452e-03 2.610388956964015961e-02 3.900765255093574524e-02 3.132779523730278015e-02 6.280727684497833252e-02 1.724940165877342224e-02 4.795728716999292374e-03 8.262624760391190648e-05 2.834575570886954665e-05 1.903812335513066500e-05 1.612770574865862727e-05 6.949775979592232034e-06 0.000000000000000000e+00 0.000000000000000000e+00 
1.755745382979512215e-03 1.715797698125243187e-03 1.775044715031981468e-03 1.819060416892170906e-03 2.483758144080638885e-03 1.816069707274436951e-03 1.954541774466633797e-03 2.295488258823752403e-03 2.279910491779446602e-03 3.122784197330474854e-03 5.394116509705781937e-03 3.530388325452804565e-02 9.745345264673233032e-02 3.495474457740783691e-01 7.243276238441467285e-01 8.988151550292968750e-01 9.855841398239135742e-01 9.962655901908874512e-01 9.970600605010986328e-01 9.972136020660400391e-01 9.973351955413818359e-01 9.974457025527954102e-01 0.000000000000000000e+00 0.000000000000000000e+00 
2.365146065130829811e-05 1.101269117498304695e-05 3.095298598054796457e-05 2.716597919061314315e-05 5.588345229625701904e-04 3.195964018232189119e-05 6.758829840691760182e-05 2.289158146595582366e-04 1.226505119120702147e-04 6.092408439144492149e-04 1.378942048177123070e-03 2.606045268476009369e-02 3.892460092902183533e-02 3.133663535118103027e-02 6.291029602289199829e-02 1.729608513414859772e-02 4.800095222890377045e-03 8.203349716495722532e-05 2.811583362927194685e-05 1.888169208541512489e-05 1.598498056409880519e-05 6.886654318805085495e-06 0.000000000000000000e+00 0.000000000000000000e+00 
1.744885696098208427e-03 1.705397735349833965e-03 1.763512264005839825e-03 1.806690706871449947e-03 2.447450999170541763e-03 1.802710350602865219e-03 1.938225352205336094e-03 2.268880140036344528e-03 2.255850238725543022e-03 3.069129306823015213e-03 5.296697374433279037e-03 3.505573794245719910e-02 9.636088460683822632e-02 3.480598628520965576e-01 7.230254411697387695e-01 8.982521295547485352e-01 9.855535626411437988e-01 9.962849617004394531e-01 9.970752000808715820e-01 9.972279071807861328e-01 9.973489046096801758e-01 9.974585175514221191e-01 0.000000000000000000e+00 0.000000000000000000e+00 
2.334311648155562580e-05 1.088475801225285977e-05 3.042584648937918246e-05 2.679077988432254642e-05 5.391127197071909904e-04 3.122730049653910100e-05 6.595534068765118718e-05 2.210168313467875123e-04 1.198739482788369060e-04 5.891124019399285316e-04 1.348468591459095478e-03 2.598173171281814575e-02 3.872271999716758728e-02 3.132872283458709717e-02 6.305608153343200684e-02 1.737877354025840759e-02 4.829007200896739960e-03 8.162924495991319418e-05 2.792920531646814197e-05 1.875701309472788125e-05 1.586121106811333448e-05 6.829920494055841118e-06 0.000000000000000000e+00 0.000000000000000000e+00 
1.734326709993183613e-03 1.695209997706115246e-03 1.752286916598677635e-03 1.794684911146759987e-03 2.414097078144550323e-03 1.789694768376648426e-03 1.922500086948275566e-03 2.243873896077275276e-03 2.232869155704975128e-03 3.018215997144579887e-03 5.206719506531953812e-03 3.481858223676681519e-02 9.530569612979888916e-02 3.466615080833435059e-01 7.218111157417297363e-01 8.977289199829101562e-01 9.855300784111022949e-01 9.963048100471496582e-01 9.970906376838684082e-01 9.972421526908874512e-01 9.973623752593994141e-01 9.974713325500488281e-01 0.000000000000000000e+00 0.000000000000000000e+00 
2.307861541339661926e-05 1.076433818525401875e-05 2.994720853166654706e-05 2.646016764629166573e-05 5.216835415922105312e-04 3.052955435123294592e-05 6.443099118769168854e-05 2.140122960554435849e-04 1.173230848507955670e-04 5.701293703168630600e-04 1.320829847827553749e-03 2.590847574174404144e-02 3.852600231766700745e-02 3.132238239049911499e-02 6.319611519575119019e-02 1.745712198317050934e-02 4.855928942561149597e-03 8.118870755424723029e-05 2.773274900391697884e-05 1.862931276264134794e-05 1.573368535900954157e-05 6.770627351215807721e-06 0.000000000000000000e+00 0.000000000000000000e+00 
1.723423949442803860e-03 1.684814691543579102e-03 1.740708714351058006e-03 1.782128470949828625e-03 2.379155019298195839e-03 1.776359742507338524e-03 1.906186691485345364e-03 2.217961009591817856e-03 2.208946272730827332e-03 2.966052154079079628e-03 5.107226315885782242e-03 3.455674648284912109e-02 9.423202276229858398e-02 3.450934886932373047e-01 7.204148769378662109e-01 8.971139192581176758e-01 9.854900836944580078e-01 9.963226318359375000e-01 9.971049427986145020e-01 9.972557425498962402e-01 9.973753094673156738e-01 9.974835515022277832e-01 0.000000000000000000e+00 0.000000000000000000e+00 
2.273586687806528062e-05 1.062680530594661832e-05 2.941600178019143641e-05 2.601919914013706148e-05 5.029107560403645039e-04 2.980557474074885249e-05 6.284073606366291642e-05 2.069018519250676036e-04 1.145049609476700425e-04 5.507086170837283134e-04 1.288331346586346626e-03 2.582380175590515137e-02 3.833166137337684631e-02 3.131227567791938782e-02 6.334824860095977783e-02 1.754461601376533508e-02 4.887120332568883896e-03 8.085084846243262291e-05 2.758342816377989948e-05 1.852784225775394589e-05 1.563818113936576992e-05 6.724978902639122680e-06 0.000000000000000000e+00 0.000000000000000000e+00 
1.712952856905758381e-03 1.674679573625326157e-03 1.729702693410217762e-03 1.770323258824646473e-03 2.354155061766505241e-03 1.763924607075750828e-03 1.891715801320970058e-03 2.196939894929528236e-03 2.188981743529438972e-03 2.928099595010280609e-03 5.044137593358755112e-03 3.442706912755966187e-02 9.371662884950637817e-02 3.444655537605285645e-01 7.200025916099548340e-01 8.970047235488891602e-01 9.855247139930725098e-01 9.963435530662536621e-01 9.971200227737426758e-01 9.972698688507080078e-01 9.973884224891662598e-01 9.974961876869201660e-01 0.000000000000000000e+00 0.000000000000000000e+00 
2.249741010018624365e-05 1.051028630172368139e-05 2.904375105572398752e-05 2.567603951320052147e-05 4.919958300888538361e-04 2.924107138824183494e-05 6.173502333695068955e-05 2.023051201831549406e-04 1.125749477068893611e-04 5.385231343097984791e-04 1.270985347218811512e-03 2.580245770514011383e-02 3.826191276311874390e-02 3.132554143667221069e-02 6.344532966613769531e-02 1.757650263607501984e-02 4.892208613455295563e-03 8.025858551263809204e-05 2.738097464316524565e-05 1.839493415900506079e-05 1.552367211843375117e-05 6.671079972875304520e-06 0.000000000000000000e+00 0.000000000000000000e+00 
1.703450107015669346e-03 1.665227347984910011e-03 1.720041618682444096e-03 1.760396291501820087e-03 2.351219300180673599e-03 1.754003809764981270e-03 1.881684060208499432e-03 2.189274877309799194e-03 2.179278060793876648e-03 2.932137111201882362e-03 5.085191223770380020e-03 3.471113368868827820e-02 9.510239958763122559e-02 3.468248844146728516e-01 7.227458357810974121e-01 8.984960913658142090e-01 9.858088493347167969e-01 9.963746666908264160e-01 9.971383810043334961e-01 9.972862601280212402e-01 9.974032640457153320e-01 9.975094795227050781e-01 0.000000000000000000e+00 0.000000000000000000e+00 
2.245072573714423925e-05 1.045476074068574235e-05 2.900907202274538577e-05 2.554457023506984115e-05 4.982557729817926884e-04 2.913129901571664959e-05 6.180116906762123108e-05 2.046262525254860520e-04 1.129498341470025480e-04 5.487927701324224472e-04 1.298743649385869503e-03 2.597954869270324707e-02 3.864055126905441284e-02 3.141472116112709045e-02 6.336066871881484985e-02 1.743115670979022980e-02 4.805098287761211395e-03 7.882674253778532147e-05 2.699018295970745385e-05 1.813851304177660495e-05 1.532445276097860187e-05 6.586496510863071308e-06 0.000000000000000000e+00 0.000000000000000000e+00 
1.693732105195522308e-03 1.655698637478053570e-03 1.710006967186927795e-03 1.749925082549452782e-03 2.338419435545802116e-03 1.743206754326820374e-03 1.869901665486395359e-03 2.175606321543455124e-03 2.165141282603144646e-03 2.917175181210041046e-03 5.079754162579774857e-03 3.480003774166107178e-02 9.559521079063415527e-02 3.477513194084167480e-01 7.239508032798767090e-01 8.992141485214233398e-01 9.859724044799804688e-01 9.964007139205932617e-01 9.971551895141601562e-01 9.973015189170837402e-01 9.974172711372375488e-01 9.975224137306213379e-01 0.000000000000000000e+00 0.000000000000000000e+00 
2.231772305094636977e-05 1.037336096487706527e-05 2.882292210415471345e-05 2.533394217607565224e-05 4.967006971128284931e-04 2.881830732803791761e-05 6.132396811153739691e-05 2.035122015513479710e-04 1.122492394642904401e-04 5.487164016813039780e-04 1.306562335230410099e-03 2.606201730668544769e-02 3.880688920617103577e-02 3.146745264530181885e-02 6.336400657892227173e-02 1.737008616328239441e-02 4.760752432048320770e-03 7.781432213960215449e-05 2.669186869752593338e-05 1.793890442058909684e-05 1.516598786110989749e-05 6.518607278849231079e-06 0.000000000000000000e+00 0.000000000000000000e+00 
1.684159040451049805e-03 1.646392047405242920e-03 1.699996879324316978e-03 1.739369006827473640e-03 2.317451173439621925e-03 1.732031116262078285e-03 1.857076305896043777e-03 2.157823182642459869e-03 2.147958846762776375e-03 2.886808943003416061e-03 5.036980845034122467e-03 3.473391756415367126e-02 9.532828629016876221e-02 3.475462496280670166e-01 7.239520549774169922e-01 8.993316292762756348e-01 9.860436916351318359e-01 9.964236021041870117e-01 9.971710443496704102e-01 9.973162412643432617e-01 9.974308609962463379e-01 9.975351095199584961e-01 0.000000000000000000e+00 0.000000000000000000e+00 
2.213884727098047733e-05 1.028108545142458752e-05 2.851879435183946043e-05 2.509584192011971027e-05 4.883980727754533291e-04 2.835778104781638831e-05 6.043102257535792887e-05 1.999204105231910944e-04 1.107866191887296736e-04 5.399574874900281429e-04 1.298444462008774281e-03 2.606820501387119293e-02 3.879132494330406189e-02 3.149082511663436890e-02 6.343755125999450684e-02 1.737612858414649963e-02 4.752342589199542999e-03 7.708618068136274815e-05 2.644367486936971545e-05 1.777532997948583215e-05 1.502544910181313753e-05 6.455745278799440712e-06 0.000000000000000000e+00 0.000000000000000000e+00 
1.674306346103549004e-03 1.636936911381781101e-03 1.689634635113179684e-03 1.728357048705220222e-03 2.291293581947684288e-03 1.720380736514925957e-03 1.843238831497728825e-03 2.137513831257820129e-03 2.128535648807883263e-03 2.848354168236255646e-03 4.971391521394252777e-03 3.457964584231376648e-02 9.468228369951248169e-02 3.467429578304290771e-01 7.233253121376037598e-01 8.991209864616394043e-01 9.860667586326599121e-01 9.964437484741210938e-01 9.971860051155090332e-01 9.973298907279968262e-01 9.974439740180969238e-01 9.975473284721374512e-01 0.000000000000000000e+00 0.000000000000000000e+00 
2.187940481235273182e-05 1.017553222482092679e-05 2.809951547533273697e-05 2.478356509527657181e-05 4.759343573823571205e-04 2.782514457067009062e-05 5.926858284510672092e-05 1.951346639543771744e-04 1.087662676582112908e-04 5.269576795399188995e-04 1.280378899537026882e-03 2.603304199874401093e-02 3.869045525789260864e-02 3.149843588471412659e-02 6.354457139968872070e-02 1.741973683238029480e-02 4.760742187500000000e-03 7.653709326405078173e-05 2.623676846269518137e-05 1.763891486916691065e-05 1.490297381678828970e-05 6.401590326277073473e-06 0.000000000000000000e+00 0.000000000000000000e+00 
1.664376584812998772e-03 1.627558842301368713e-03 1.679139793850481510e-03 1.717067905701696873e-03 2.259399276226758957e-03 1.708545372821390629e-03 1.828594715334475040e-03 2.114328090101480484e-03 2.107268432155251503e-03 2.803988987579941750e-03 4.884131252765655518e-03 3.435445204377174377e-02 9.376742690801620483e-02 3.454058170318603516e-01 7.221820950508117676e-01 8.986206054687500000e-01 9.860489964485168457e-01 9.964619278907775879e-01 9.972001910209655762e-01 9.973431825637817383e-01 9.974564909934997559e-01 9.975593686103820801e-01 0.000000000000000000e+00 0.000000000000000000e+00 
2.153184141207020730e-05 1.006194088404299691e-05 2.758617119980044663e-05 2.437834882584866136e-05 4.586020950227975845e-04 2.722487624851055443e-05 5.784996756119653583e-05 1.885275560198351741e-04 1.061669972841627896e-04 5.108568584546446800e-04 1.252410002052783966e-03 2.596127986907958984e-02 3.852805495262145996e-02 3.149294108152389526e-02 6.367798894643783569e-02 1.749606430530548096e-02 4.780155606567859650e-03 7.614106289111077785e-05 2.606866291898768395e-05 1.752214302541688085e-05 1.479757338529452682e-05 6.354954621201613918e-06 0.000000000000000000e+00 0.000000000000000000e+00 
1.655086060054600239e-03 1.618699519895017147e-03 1.669545192271471024e-03 1.706936978735029697e-03 2.241660840809345245e-03 1.698420033790171146e-03 1.816743053495883942e-03 2.099784789606928825e-03 2.092409180477261543e-03 2.787573728710412979e-03 4.864409565925598145e-03 3.440639004111289978e-02 9.419638663530349731e-02 3.461099267005920410e-01 7.231957316398620605e-01 8.992129564285278320e-01 9.862023591995239258e-01 9.964867830276489258e-01 9.972162246704101562e-01 9.973580837249755859e-01 9.974699616432189941e-01 9.975717067718505859e-01 0.000000000000000000e+00 0.000000000000000000e+00 
2.126199433405417949e-05 9.984208190871868283e-06 2.726844468270428479e-05 2.405287341389339417e-05 4.521055088844150305e-04 2.691448025871068239e-05 5.715263250749558210e-05 1.864617661340162158e-04 1.048771591740660369e-04 5.099290865473449230e-04 1.254167989827692509e-03 2.602433413267135620e-02 3.869122266769409180e-02 3.153913840651512146e-02 6.368264555931091309e-02 1.745097897946834564e-02 4.732613451778888702e-03 7.521398947574198246e-05 2.578730163804721087e-05 1.732783857733011246e-05 1.464383785787504166e-05 6.291077170317294076e-06 0.000000000000000000e+00 0.000000000000000000e+00 
1.646128832362592220e-03 1.609837170690298080e-03 1.660543610341846943e-03 1.697755418717861176e-03 2.241926733404397964e-03 1.689597731456160545e-03 1.807931344956159592e-03 2.094998490065336227e-03 2.085099695250391960e-03 2.802152419462800026e-03 4.930326249450445175e-03 3.478068858385086060e-02 9.609657526016235352e-02 3.491680324077606201e-01 7.266486287117004395e-01 9.010567069053649902e-01 9.865372776985168457e-01 9.965174794197082520e-01 9.972340464591979980e-01 9.973737001419067383e-01 9.974839687347412109e-01 9.975844025611877441e-01 0.000000000000000000e+00 0.000000000000000000e+00 
2.120118733728304505e-05 9.942515134753193706e-06 2.726169986999593675e-05 2.391469206486362964e-05 4.602023982442915440e-04 2.691908230190165341e-05 5.740819688071496785e-05 1.897979964269325137e-04 1.055191823979839683e-04 5.257709999568760395e-04 1.294052810408174992e-03 2.623918466269969940e-02 3.920112177729606628e-02 3.164400160312652588e-02 6.354047358036041260e-02 1.726238429546356201e-02 4.615522921085357666e-03 7.373779953923076391e-05 2.539461092965211719e-05 1.706565490167122334e-05 1.445017096557421610e-05 6.211481831996934488e-06 0.000000000000000000e+00 0.000000000000000000e+00 
1.637745881453156471e-03 1.601550844497978687e-03 1.652269740588963032e-03 1.689385157078504562e-03 2.249989658594131470e-03 1.681869383901357651e-03 1.800743630155920982e-03 2.095239236950874329e-03 2.080919686704874039e-03 2.831304678693413734e-03 5.030312575399875641e-03 3.527813404798507690e-02 9.866353869438171387e-02 3.531771004199981689e-01 7.310656905174255371e-01 9.033936858177185059e-01 9.869461059570312500e-01 9.965515136718750000e-01 9.972530007362365723e-01 9.973904490470886230e-01 9.974985122680664062e-01 9.975976347923278809e-01 0.000000000000000000e+00 0.000000000000000000e+00 
2.113312075380235910e-05 9.912177119986154139e-06 2.731722997850738466e-05 2.377402233832981437e-05 4.741198790725320578e-04 2.705866427277214825e-05 5.802465966553427279e-05 1.960745576070621610e-04 1.066604454535990953e-04 5.496900994330644608e-04 1.349667320027947426e-03 2.651255577802658081e-02 3.989297896623611450e-02 3.177163749933242798e-02 6.333453208208084106e-02 1.701756380498409271e-02 4.466582555323839188e-03 7.203455606941133738e-05 2.494860564183909446e-05 1.676725514698773623e-05 1.423395679012173787e-05 6.123569164628861472e-06 0.000000000000000000e+00 0.000000000000000000e+00 
1.628835219889879227e-03 1.592826796695590019e-03 1.643165946006774902e-03 1.679911860264837742e-03 2.241511596366763115e-03 1.672343350946903229e-03 1.790625974535942078e-03 2.085287589579820633e-03 2.069512149319052696e-03 2.825931180268526077e-03 5.047509446740150452e-03 3.543404489755630493e-02 9.951199591159820557e-02 3.546428084373474121e-01 7.327920198440551758e-01 9.043760895729064941e-01 9.871429800987243652e-01 9.965769648551940918e-01 9.972690939903259277e-01 9.974050521850585938e-01 9.975118637084960938e-01 9.976097345352172852e-01 0.000000000000000000e+00 0.000000000000000000e+00 
2.100682650052476674e-05 9.845044587564188987e-06 2.717538518481887877e-05 2.357363518967758864e-05 4.750514926854521036e-04 2.685946856217924505e-05 5.779827188234776258e-05 1.966872951015830040e-04 1.062821684172376990e-04 5.542921135202050209e-04 1.368497731164097786e-03 2.662300877273082733e-02 4.015489295125007629e-02 3.183400258421897888e-02 6.329332292079925537e-02 1.692353375256061554e-02 4.401394166052341461e-03 7.101224036887288094e-05 2.465202123858034611e-05 1.657096436247229576e-05 1.408284697390627116e-05 6.058848157408647239e-06 0.000000000000000000e+00 0.000000000000000000e+00 
1.620061346329748631e-03 1.584150129929184914e-03 1.634213607758283615e-03 1.670645782724022865e-03 2.234737388789653778e-03 1.662990660406649113e-03 1.780910417437553406e-03 2.076194155961275101e-03 2.059010323137044907e-03 2.823057351633906364e-03 5.074679851531982422e-03 3.561535477638244629e-02 1.004550904035568237e-01 3.562829792499542236e-01 7.346690297126770020e-01 9.054455757141113281e-01 9.873490929603576660e-01 9.966025948524475098e-01 9.972851276397705078e-01 9.974194765090942383e-01 9.975251555442810059e-01 9.976219534873962402e-01 0.000000000000000000e+00 0.000000000000000000e+00 
2.093269904435146600e-05 9.783635505300480872e-06 2.708908687054645270e-05 2.342057450732681900e-05 4.772330285049974918e-04 2.668444176379125565e-05 5.767033871961757541e-05 1.976363564608618617e-04 1.061832954292185605e-04 5.600642180070281029e-04 1.391948200762271881e-03 2.674026973545551300e-02 4.043404012918472290e-02 3.190010040998458862e-02 6.324050575494766235e-02 1.681762933731079102e-02 4.332042764872312546e-03 6.996915180934593081e-05 2.435165515635162592e-05 1.637439345358870924e-05 1.393197362631326541e-05 5.992703790980158374e-06 0.000000000000000000e+00 0.000000000000000000e+00 
1.611540094017982483e-03 1.575643429532647133e-03 1.625593868084251881e-03 1.661807065829634666e-03 2.233399311080574989e-03 1.654173946008086205e-03 1.772229443304240704e-03 2.070009941235184669e-03 2.050820505246520042e-03 2.830317243933677673e-03 5.130585748702287674e-03 3.589170053601264954e-02 1.018538847565650940e-01 3.586082756519317627e-01 7.372137308120727539e-01 9.068719148635864258e-01 9.876037836074829102e-01 9.966297745704650879e-01 9.973017573356628418e-01 9.974343776702880859e-01 9.975384473800659180e-01 9.976342916488647461e-01 0.000000000000000000e+00 0.000000000000000000e+00 
2.091507303703110665e-05 9.733299521030858159e-06 2.710007356654386967e-05 2.331789801246486604e-05 4.837172746192663908e-04 2.659622077771928161e-05 5.781964500783942640e-05 2.000657113967463374e-04 1.066325057763606310e-04 5.714411963708698750e-04 1.428717514500021935e-03 2.689397893846035004e-02 4.082083329558372498e-02 3.198310360312461853e-02 6.314369291067123413e-02 1.666834950447082520e-02 4.240192007273435593e-03 6.877390842419117689e-05 2.402044810878578573e-05 1.615775727259460837e-05 1.376718228129902855e-05 5.921669526287587360e-06 0.000000000000000000e+00 0.000000000000000000e+00 
1.602654810994863510e-03 1.566828344948589802e-03 1.616523601114749908e-03 1.652357284910976887e-03 2.224491676315665245e-03 1.644538366235792637e-03 1.762182335369288921e-03 2.059443620964884758e-03 2.039592713117599487e-03 2.823516260832548141e-03 5.152268335223197937e-03 3.602920472621917725e-02 1.025733277201652527e-01 3.599041104316711426e-01 7.386900186538696289e-01 9.077650308609008789e-01 9.877732396125793457e-01 9.966530203819274902e-01 9.973167181015014648e-01 9.974480867385864258e-01 9.975510835647583008e-01 9.976459145545959473e-01 0.000000000000000000e+00 0.000000000000000000e+00 
2.086441782012116164e-05 9.667358426668215543e-06 2.704961480048950762e-05 2.317746111657470465e-05 4.842397756874561310e-04 2.637328179844189435e-05 5.761046486441046000e-05 2.000958193093538284e-04 1.064449970726855099e-04 5.749408155679702759e-04 1.450025243684649467e-03 2.698131650686264038e-02 4.103504493832588196e-02 3.204000741243362427e-02 6.311437487602233887e-02 1.657895185053348541e-02 4.182845354080200195e-03 6.786680023651570082e-05 2.375564690737519413e-05 1.598681956238579005e-05 1.363311730528948829e-05 5.861457339051412418e-06 0.000000000000000000e+00 0.000000000000000000e+00 
1.594434608705341816e-03 1.558571937493979931e-03 1.608204212971031666e-03 1.643852563574910164e-03 2.222340553998947144e-03 1.635949942283332348e-03 1.753749791532754898e-03 2.053156029433012009e-03 2.031559823080897331e-03 2.829154022037982941e-03 5.207512062042951584e-03 3.628323599696159363e-02 1.038168817758560181e-01 3.620115816593170166e-01 7.409343123435974121e-01 9.090636968612670898e-01 9.880028963088989258e-01 9.966793656349182129e-01 9.973329305648803711e-01 9.974626302719116211e-01 9.975642561912536621e-01 9.976581931114196777e-01 0.000000000000000000e+00 0.000000000000000000e+00 
2.088257497234735638e-05 9.624060112400911748e-06 2.709441650949884206e-05 2.312109427293762565e-05 4.898448823951184750e-04 2.627451613079756498e-05 5.773365410277619958e-05 2.022200787905603647e-04 1.069353529601357877e-04 5.851418827660381794e-04 1.486909459345042706e-03 2.711554244160652161e-02 4.137494415044784546e-02 3.211580961942672729e-02 6.303106993436813354e-02 1.644162274897098541e-02 4.099044948816299438e-03 6.676864722976461053e-05 2.343622691114433110e-05 1.578091178089380264e-05 1.346956742054317147e-05 5.789999704575166106e-06 0.000000000000000000e+00 0.000000000000000000e+00 
1.585995778441429138e-03 1.550004701130092144e-03 1.599759096279740334e-03 1.635335385799407959e-03 2.227017190307378769e-03 1.627508318051695824e-03 1.746090943925082684e-03 2.050318289548158646e-03 2.026025671511888504e-03 2.847980242222547531e-03 5.301184020936489105e-03 3.666190803050994873e-02 1.056283265352249146e-01 3.649690151214599609e-01 7.439826726913452148e-01 9.107765555381774902e-01 9.882890582084655762e-01 9.967063665390014648e-01 9.973489642143249512e-01 9.974769949913024902e-01 9.975771903991699219e-01 9.976698756217956543e-01 0.000000000000000000e+00 0.000000000000000000e+00 
2.097039396176114678e-05 9.593244612915441394e-06 2.724660043895710260e-05 2.312501237611286342e-05 5.013213376514613628e-04 2.629035589052364230e-05 5.821405648021027446e-05 2.065350563498213887e-04 1.081879527191631496e-04 6.031056982465088367e-04 1.542163547128438950e-03 2.729518339037895203e-02 4.184832423925399780e-02 3.221063315868377686e-02 6.288629770278930664e-02 1.625212840735912323e-02 3.985935356467962265e-03 6.554871652042493224e-05 2.309870251337997615e-05 1.556382994749583304e-05 1.330151189904427156e-05 5.718095053452998400e-06 0.000000000000000000e+00 0.000000000000000000e+00 
1.577854505740106106e-03 1.541804289445281029e-03 1.591621898114681244e-03 1.627148478291928768e-03 2.232655184343457222e-03 1.619505346752703190e-03 1.738797756843268871e-03 2.048256341367959976e-03 2.020981861278414726e-03 2.870796946808695793e-03 5.402721930295228958e-03 3.706581145524978638e-02 1.076009348034858704e-01 3.681006431579589844e-01 7.471543550491333008e-01 9.125630259513854980e-01 9.885896444320678711e-01 9.967340230941772461e-01 9.973652958869934082e-01 9.974915981292724609e-01 9.975903630256652832e-01 9.976818561553955078e-01 0.000000000000000000e+00 0.000000000000000000e+00 
2.101881727867294103e-05 9.568653695168904960e-06 2.736595706664957106e-05 2.310869786015246063e-05 5.133301601745188236e-04 2.632653740874957293e-05 5.872184192412532866e-05 2.110900677507743239e-04 1.094046456273645163e-04 6.236565532162785530e-04 1.602020463906228542e-03 2.748030237853527069e-02 4.236736893653869629e-02 3.230929002165794373e-02 6.272786110639572144e-02 1.605308800935745239e-02 3.862253623083233833e-03 6.429331551771610975e-05 2.274703729199245572e-05 1.533427894173655659e-05 1.312381937168538570e-05 5.643351414619246498e-06 0.000000000000000000e+00 0.000000000000000000e+00 
1.569531159475445747e-03 1.533600618131458759e-03 1.583078643307089806e-03 1.618353649973869324e-03 2.222695155069231987e-03 1.610473962500691414e-03 1.729186740703880787e-03 2.037680707871913910e-03 2.009918214753270149e-03 2.862636465579271317e-03 5.422382615506649017e-03 3.719330951571464539e-02 1.082173883914947510e-01 3.692300915718078613e-01 7.483648657798767090e-01 9.133353829383850098e-01 9.887415766716003418e-01 9.967563152313232422e-01 9.973801970481872559e-01 9.975050091743469238e-01 9.976025819778442383e-01 9.976933002471923828e-01 0.000000000000000000e+00 0.000000000000000000e+00 
2.094255432893987745e-05 9.513656550552695990e-06 2.725636113609652966e-05 2.300324376847129315e-05 5.126146133989095688e-04 2.610902629385236651e-05 5.844271800015121698e-05 2.105422172462567687e-04 1.091221347451210022e-04 6.264933035708963871e-04 1.624086173251271248e-03 2.755683101713657379e-02 4.255836829543113708e-02 3.235967829823493958e-02 6.270261108875274658e-02 1.597508415579795837e-02 3.806323511525988579e-03 6.347514135995879769e-05 2.249010321975219995e-05 1.516651536803692579e-05 1.298560528084635735e-05 5.583372058026725426e-06 0.000000000000000000e+00 0.000000000000000000e+00 
1.555935828946530819e-03 1.522563165053725243e-03 1.566188875585794449e-03 1.597432768903672695e-03 1.993397716432809830e-03 1.582896104082465172e-03 1.683562062680721283e-03 1.905428129248321056e-03 1.909096608869731426e-03 2.437496325001120567e-03 4.271470010280609131e-03 3.276817873120307922e-02 8.729031682014465332e-02 3.372346758842468262e-01 7.160256505012512207e-01 8.966602683067321777e-01 9.862817525863647461e-01 9.966853260993957520e-01 9.973658323287963867e-01 9.974975585937500000e-01 9.976021051406860352e-01 9.976971149444580078e-01 0.000000000000000000e+00 0.000000000000000000e+00 
1.931577025970909745e-05 8.957258614827878773e-06 2.424406011414248496e-05 2.162445161957293749e-05 3.349806938786059618e-04 2.202540599682833999e-05 4.731224908027797937e-05 1.432981953257694840e-04 8.721191261429339647e-05 3.942330367863178253e-04 1.094585401006042957e-03 2.547676302492618561e-02 3.746742382645606995e-02 3.158862143754959106e-02 6.487791240215301514e-02 1.790905185043811798e-02 4.876883234828710556e-03 7.008988177403807640e-05 2.389640758337918669e-05 1.613270615052897483e-05 1.357574274152284488e-05 5.787904228782281280e-06 0.000000000000000000e+00 0.000000000000000000e+00 
1.544766244478523731e-03 1.513120019808411598e-03 1.553038950078189373e-03 1.581759541295468807e-03 1.876524300314486027e-03 1.563408877700567245e-03 1.654568826779723167e-03 1.832835143432021141e-03 1.848406507633626461e-03 2.231605816632509232e-03 3.690507495775818825e-03 2.964102849364280701e-02 7.442177087068557739e-02 3.159564733505249023e-01 6.920068264007568359e-01 8.843384981155395508e-01 9.844004511833190918e-01 9.966375827789306641e-01 9.973594546318054199e-01 9.974960088729858398e-01 9.976051449775695801e-01 9.977029561996459961e-01 0.000000000000000000e+00 0.000000000000000000e+00 
1.822582271415740252e-05 8.620685548521578312e-06 2.244011557195335627e-05 2.088195833493955433e-05 2.491155173629522324e-04 1.966079435078427196e-05 4.176456423010677099e-05 1.120613160310313106e-04 7.501782238250598311e-05 2.900522667914628983e-04 8.357550250366330147e-04 2.353590354323387146e-02 3.459605574607849121e-02 3.104027174413204193e-02 6.632913649082183838e-02 1.923594996333122253e-02 5.571187473833560944e-03 7.504294626414775848e-05 2.487157689756713808e-05 1.680196874076500535e-05 1.396765946992672980e-05 5.920307557971682400e-06 0.000000000000000000e+00 0.000000000000000000e+00 
1.535902032628655434e-03 1.504966989159584045e-03 1.543434569612145424e-03 1.571211148984730244e-03 1.832886366173624992e-03 1.551425084471702576e-03 1.638990943320095539e-03 1.802923972718417645e-03 1.821407349780201912e-03 2.162515651434659958e-03 3.504420863464474678e-03 2.846975624561309814e-02 7.029849290847778320e-02 3.086520433425903320e-01 6.833489537239074707e-01 8.799575567245483398e-01 9.837402701377868652e-01 9.966332912445068359e-01 9.973661899566650391e-01 9.975038170814514160e-01 9.976139664649963379e-01 9.977121353149414062e-01 0.000000000000000000e+00 0.000000000000000000e+00 
1.778641126293223351e-05 8.478037671011406928e-06 2.177745045628398657e-05 2.061672967101912946e-05 2.213802799815312028e-04 1.876165697467513382e-05 3.978962195105850697e-05 1.021826537908054888e-04 7.067466503940522671e-05 2.599516301415860653e-04 7.589810993522405624e-04 2.273207716643810272e-02 3.379875048995018005e-02 3.085763193666934967e-02 6.686878949403762817e-02 1.969871483743190765e-02 5.803789943456649780e-03 7.644356082892045379e-05 2.507502176740672439e-05 1.694937236607074738e-05 1.402397538186050951e-05 5.931219220656203106e-06 0.000000000000000000e+00 0.000000000000000000e+00 
1.527852145954966545e-03 1.497807563282549381e-03 1.535293995402753353e-03 1.562110264785587788e-03 1.817409764043986797e-03 1.543329330161213875e-03 1.628379803150892258e-03 1.790422713384032249e-03 1.808061846531927586e-03 2.150600077584385872e-03 3.464210312813520432e-03 2.845133468508720398e-02 7.091040164232254028e-02 3.088642060756683350e-01 6.838441491127014160e-01 8.802644610404968262e-01 9.838640093803405762e-01 9.966532588005065918e-01 9.973797798156738281e-01 9.975163340568542480e-01 9.976254105567932129e-01 9.977229237556457520e-01 0.000000000000000000e+00 0.000000000000000000e+00 
1.721066109894309193e-05 8.398929821851197630e-06 2.131198380084242672e-05 1.991014687519054860e-05 2.150552172679454088e-04 1.852939203672576696e-05 3.880774602293968201e-05 1.004990990622900426e-04 6.883418973302468657e-05 2.607930800877511501e-04 7.482481305487453938e-04 2.274601534008979797e-02 3.397459536790847778e-02 3.088618256151676178e-02 6.691480427980422974e-02 1.968669705092906952e-02 5.759782623499631882e-03 7.573259790660813451e-05 2.488294921931810677e-05 1.680926652625203133e-05 1.393181810271926224e-05 5.895321919524576515e-06 0.000000000000000000e+00 0.000000000000000000e+00 
1.520734396763145924e-03 1.491278177127242088e-03 1.528458087705075741e-03 1.554767601191997528e-03 1.819816185161471367e-03 1.537752803415060043e-03 1.621938426978886127e-03 1.789732836186885834e-03 1.804614439606666565e-03 2.175108063966035843e-03 3.526989603415131569e-03 2.920584008097648621e-02 7.436294108629226685e-02 3.139970302581787109e-01 6.903279423713684082e-01 8.836477398872375488e-01 9.844925999641418457e-01 9.966897964477539062e-01 9.973983764648437500e-01 9.975325465202331543e-01 9.976391792297363281e-01 9.977350234985351562e-01 0.000000000000000000e+00 0.000000000000000000e+00 
1.683037226030137390e-05 8.370971954718697816e-06 2.116850191669072956e-05 1.931810038513503969e-05 2.221997128799557686e-04 1.871953645604662597e-05 3.879920404870063066e-05 1.040889837895520031e-04 6.912659591762349010e-05 2.808845601975917816e-04 7.842801860533654690e-04 2.330982871353626251e-02 3.475556150078773499e-02 3.105498664081096649e-02 6.663284450769424438e-02 1.936190575361251831e-02 5.542829167097806931e-03 7.363313488895073533e-05 2.440448588458821177e-05 1.647444150876253843e-05 1.372045153402723372e-05 5.817291366838617250e-06 0.000000000000000000e+00 0.000000000000000000e+00 
1.514195813797414303e-03 1.484865322709083557e-03 1.522249309346079826e-03 1.548634492792189121e-03 1.828484819270670414e-03 1.533027039840817451e-03 1.617830130271613598e-03 1.794124254956841469e-03 1.805698266252875328e-03 2.214113716036081314e-03 3.642769297584891319e-03 3.018969297409057617e-02 7.864242047071456909e-02 3.207980394363403320e-01 6.985952854156494141e-01 8.879836797714233398e-01 9.852524995803833008e-01 9.967319965362548828e-01 9.974188208580017090e-01 9.975500702857971191e-01 9.976540803909301758e-01 9.977479577064514160e-01 0.000000000000000000e+00 0.000000000000000000e+00 
1.674645864113699645e-05 8.377192898478824645e-06 2.128994310623966157e-05 1.910277569550089538e-05 2.339944621780887246e-04 1.907753176055848598e-05 3.948731682612560689e-05 1.099224464269354939e-04 7.071447180351242423e-05 3.085923381149768829e-04 8.455342613160610199e-04 2.400239184498786926e-02 3.576854243874549866e-02 3.126818314194679260e-02 6.624192744493484497e-02 1.892862096428871155e-02 5.279718898236751556e-03 7.114739128155633807e-05 2.381267040618695319e-05 1.607656304258853197e-05 1.344912652712082490e-05 5.712868187401909381e-06 0.000000000000000000e+00 0.000000000000000000e+00 
1.507824636064469814e-03 1.478353515267372131e-03 1.516311313025653362e-03 1.543081016279757023e-03 1.843871199525892735e-03 1.528781838715076447e-03 1.615188433788716793e-03 1.802848884835839272e-03 1.810193876735866070e-03 2.267841249704360962e-03 3.807371016591787338e-03 3.132550790905952454e-02 8.371511846780776978e-02 3.288871943950653076e-01 7.080652713775634766e-01 8.929758071899414062e-01 9.860898256301879883e-01 9.967765808105468750e-01 9.974400401115417480e-01 9.975680708885192871e-01 9.976691007614135742e-01 9.977609515190124512e-01 0.000000000000000000e+00 0.000000000000000000e+00 
1.683897608018014580e-05 8.402676030527800322e-06 2.160549229301977903e-05 1.908711055875755847e-05 2.512133214622735977e-04 1.956529922608751804e-05 4.066843030159361660e-05 1.180672552436590195e-04 7.328033098019659519e-05 3.447654889896512032e-04 9.311186149716377258e-04 2.474961057305335999e-02 3.702585399150848389e-02 3.151059150695800781e-02 6.576283276081085205e-02 1.841128058731555939e-02 4.976485390216112137e-03 6.846071482868865132e-05 2.316735299245920032e-05 1.564876220072619617e-05 1.315034660365199670e-05 5.595969469140982255e-06 0.000000000000000000e+00 0.000000000000000000e+00 
1.501783379353582859e-03 1.472005853429436684e-03 1.510771806351840496e-03 1.538088894449174404e-03 1.864740508608520031e-03 1.525046303868293762e-03 1.613823231309652328e-03 1.815210911445319653e-03 1.817216048948466778e-03 2.334148855879902840e-03 4.013330210000276566e-03 3.252430632710456848e-02 8.926721662282943726e-02 3.376548588275909424e-01 7.179217934608459473e-01 8.982121348381042480e-01 9.869422912597656250e-01 9.968218803405761719e-01 9.974617362022399902e-01 9.975863695144653320e-01 9.976845979690551758e-01 9.977741837501525879e-01 0.000000000000000000e+00 0.000000000000000000e+00 
1.704048918327316642e-05 8.445378625765442848e-06 2.205099190177861601e-05 1.919576607178896666e-05 2.727743994910269976e-04 2.013966332015115768e-05 4.223963696858845651e-05 1.282781449845060706e-04 7.654022192582488060e-05 3.884665784426033497e-04 1.038359361700713634e-03 2.547624520957469940e-02 3.845371305942535400e-02 3.176565095782279968e-02 6.523839384317398071e-02 1.785014197230339050e-02 4.650380928069353104e-03 6.574601866304874420e-05 2.250597572128754109e-05 1.521030844742199406e-05 1.283897836401592940e-05 5.472891643876209855e-06 0.000000000000000000e+00 0.000000000000000000e+00 
1.495529664680361748e-03 1.465430250391364098e-03 1.504983636550605297e-03 1.532815047539770603e-03 1.886388054117560387e-03 1.520891557447612286e-03 1.612165826372802258e-03 1.827302621677517891e-03 1.823751255869865417e-03 2.403051126748323441e-03 4.229812417179346085e-03 3.364275768399238586e-02 9.455888718366622925e-02 3.459191024303436279e-01 7.268639206886291504e-01 9.030141830444335938e-01 9.877104163169860840e-01 9.968637228012084961e-01 9.974821209907531738e-01 9.976037740707397461e-01 9.976993203163146973e-01 9.977868795394897461e-01 0.000000000000000000e+00 0.000000000000000000e+00 
1.725349284242838621e-05 8.483400051773060113e-06 2.249587669211905450e-05 1.932169288920704275e-05 2.952496579382568598e-04 2.067427340080030262e-05 4.386132422951050103e-05 1.387815864291042089e-04 7.985033153090626001e-05 4.345503984950482845e-04 1.153091085143387318e-03 2.610389515757560730e-02 3.984895348548889160e-02 3.200286254286766052e-02 6.474190950393676758e-02 1.732144132256507874e-02 4.338699392974376678e-03 6.331237091217190027e-05 2.190313898609019816e-05 1.480900755268521607e-05 1.255556071555474773e-05 5.360161139833508059e-06 0.000000000000000000e+00 0.000000000000000000e+00 
1.489510643295943737e-03 1.459123799577355385e-03 1.499346806667745113e-03 1.527663669548928738e-03 1.907302765175700188e-03 1.516673597507178783e-03 1.610268023796379566e-03 1.838281983509659767e-03 1.829195534810423851e-03 2.469796454533934593e-03 4.441335797309875488e-03 3.463654220104217529e-02 9.931386262178421021e-02 3.532953560352325439e-01 7.346234321594238281e-01 9.072146415710449219e-01 9.883796572685241699e-01 9.969024658203125000e-01 9.975018501281738281e-01 9.976207017898559570e-01 9.977137446403503418e-01 9.977995753288269043e-01 0.000000000000000000e+00 0.000000000000000000e+00 
1.743930988595820963e-05 8.514653018210083246e-06 2.288966425112448633e-05 1.943875577126163989e-05 3.171290154568850994e-04 2.113636219291947782e-05 4.537943823379464447e-05 1.488208799855783582e-04 8.286095544463023543e-05 4.799400339834392071e-04 1.267466344870626926e-03 2.662362717092037201e-02 4.111666232347488403e-02 3.221368789672851562e-02 6.429681926965713501e-02 1.684955693781375885e-02 4.053803160786628723e-03 6.118296005297452211e-05 2.135072463715914637e-05 1.444348799850558862e-05 1.229132158186985180e-05 5.254737061477499083e-06 0.000000000000000000e+00 0.000000000000000000e+00 
1.483245170675218105e-03 1.452547032386064529e-03 1.493514864705502987e-03 1.522333011962473392e-03 1.932771527208387852e-03 1.512425602413713932e-03 1.608637045137584209e-03 1.851638546213507652e-03 1.835878472775220871e-03 2.549885073676705360e-03 4.689092282205820084e-03 3.569278493523597717e-02 1.043821200728416443e-01 3.610976338386535645e-01 7.425738573074340820e-01 9.115297198295593262e-01 9.890515208244323730e-01 9.969401955604553223e-01 9.975210428237915039e-01 9.976370334625244141e-01 9.977278113365173340e-01 9.978118538856506348e-01 0.000000000000000000e+00 0.000000000000000000e+00 
1.764111766533460468e-05 8.546658136765472591e-06 2.333670636289753020e-05 1.957195672730449587e-05 3.431072109378874302e-04 2.166926788049750030e-05 4.713562884717248380e-05 1.606998121133074164e-04 8.628148498246446252e-05 5.341974319890141487e-04 1.401913934387266636e-03 2.712712250649929047e-02 4.245728254318237305e-02 3.243046998977661133e-02 6.380816549062728882e-02 1.635112240910530090e-02 3.753145923838019371e-03 5.909935134695842862e-05 2.081137608911376446e-05 1.408362186339218169e-05 1.203438205266138539e-05 5.152451649337308481e-06 0.000000000000000000e+00 0.000000000000000000e+00 
1.476235804148018360e-03 1.445702975615859032e-03 1.486359513364732265e-03 1.514985342510044575e-03 1.926410244777798653e-03 1.505147549323737621e-03 1.600863644853234291e-03 1.843783305957913399e-03 1.827399362809956074e-03 2.548899501562118530e-03 4.714301787316799164e-03 3.586646914482116699e-02 1.053318008780479431e-01 3.625012040138244629e-01 7.441173791885375977e-01 9.124685525894165039e-01 9.892356991767883301e-01 9.969617128372192383e-01 9.975351095199584961e-01 9.976500272750854492e-01 9.977396726608276367e-01 9.978227615356445312e-01 0.000000000000000000e+00 0.000000000000000000e+00 
1.753004835336469114e-05 8.495268957631196827e-06 2.321374631719663739e-05 1.942574635904747993e-05 3.441109438426792622e-04 2.154462345060892403e-05 4.697726035374216735e-05 1.608115417184308171e-04 8.608167991042137146e-05 5.402966635301709175e-04 1.425415510311722755e-03 2.722897753119468689e-02 4.275330156087875366e-02 3.248804062604904175e-02 6.375594437122344971e-02 1.625459082424640656e-02 3.676748136058449745e-03 5.830459485878236592e-05 2.056467383226845413e-05 1.391764271829742938e-05 1.190543480333872139e-05 5.096809218230191618e-06 0.000000000000000000e+00 0.000000000000000000e+00 
1.469206763431429863e-03 1.438869396224617958e-03 1.479062135331332684e-03 1.507377950474619865e-03 1.913348794914782047e-03 1.497329096309840679e-03 1.592022832483053207e-03 1.831550966016948223e-03 1.816030475310981274e-03 2.529676305130124092e-03 4.692310467362403870e-03 3.585180267691612244e-02 1.053654029965400696e-01 3.625540733337402344e-01 7.443325519561767578e-01 9.127010703086853027e-01 9.893162846565246582e-01 9.969800114631652832e-01 9.975482225418090820e-01 9.976621866226196289e-01 9.977508783340454102e-01 9.978334307670593262e-01 0.000000000000000000e+00 0.000000000000000000e+00 
1.739330218697432429e-05 8.429527952102944255e-06 2.300392952747642994e-05 1.925432843563612550e-05 3.396818938199430704e-04 2.128580672433599830e-05 4.644382352125830948e-05 1.583486882736906409e-04 8.521226845914497972e-05 5.351022118702530861e-04 1.424898277036845684e-03 2.725028432905673981e-02 4.281019046902656555e-02 3.251212090253829956e-02 6.379846483469009399e-02 1.624260656535625458e-02 3.650353755801916122e-03 5.777021215180866420e-05 2.037851299974136055e-05 1.379315563099225983e-05 1.180470826511736959e-05 5.050089384894818068e-06 0.000000000000000000e+00 0.000000000000000000e+00 
1.461902284063398838e-03 1.431735232472419739e-03 1.471492112614214420e-03 1.499468460679054260e-03 1.900865347124636173e-03 1.489169429987668991e-03 1.582983299158513546e-03 1.819072407670319080e-03 1.804421772249042988e-03 2.510028658434748650e-03 4.668930545449256897e-03 3.582817688584327698e-02 1.053299754858016968e-01 3.625646829605102539e-01 7.445033788681030273e-01 9.129016399383544922e-01 9.893869161605834961e-01 9.969972372055053711e-01 9.975607395172119141e-01 9.976736903190612793e-01 9.977616667747497559e-01 9.978436231613159180e-01 0.000000000000000000e+00 0.000000000000000000e+00 
1.727129529172088951e-05 8.359555067727342248e-06 2.281491288158576936e-05 1.908647209347691387e-05 3.359582042321562767e-04 2.101759855577256531e-05 4.593887570081278682e-05 1.559689699206501245e-04 8.436890493612736464e-05 5.296824383549392223e-04 1.423540059477090836e-03 2.727014757692813873e-02 4.284287244081497192e-02 3.253445774316787720e-02 6.384433805942535400e-02 1.623374968767166138e-02 3.628348698839545250e-03 5.728796895709820092e-05 2.021199543378315866e-05 1.368236189591698349e-05 1.171788608189672232e-05 5.008644166082376614e-06 0.000000000000000000e+00 0.000000000000000000e+00 
1.454831101000308990e-03 1.424660906195640564e-03 1.464361208491027355e-03 1.492252689786255360e-03 1.899447175674140453e-03 1.482018386013805866e-03 1.576058217324316502e-03 1.813973416574299335e-03 1.798134529963135719e-03 2.519825240597128868e-03 4.730548709630966187e-03 3.611449897289276123e-02 1.066933199763298035e-01 3.647674024105072021e-01 7.467882037162780762e-01 9.142274260520935059e-01 9.896150231361389160e-01 9.970190525054931641e-01 9.975744485855102539e-01 9.976861476898193359e-01 9.977731108665466309e-01 9.978541135787963867e-01 0.000000000000000000e+00 0.000000000000000000e+00 
1.727086237224284559e-05 8.321444511238951236e-06 2.283603134856093675e-05 1.903687552839983255e-05 3.410090866964310408e-04 2.097800097544677556e-05 4.610513497027568519e-05 1.576913200551643968e-04 8.487098966725170612e-05 5.420876550488173962e-04 1.465998124331235886e-03 2.741538546979427338e-02 4.322237893939018250e-02 3.260925412178039551e-02 6.373097002506256104e-02 1.608623377978801727e-02 3.529662499204277992e-03 5.640700692310929298e-05 1.995223828998859972e-05 1.351182891085045412e-05 1.158952909463550895e-05 4.952098606736399233e-06 0.000000000000000000e+00 0.000000000000000000e+00 
1.447965740226209164e-03 1.417781808413565159e-03 1.457576407119631767e-03 1.485480694100260735e-03 1.903727301396429539e-03 1.475620199926197529e-03 1.570339896716177464e-03 1.813365146517753601e-03 1.794723793864250183e-03 2.548474585637450218e-03 4.839674569666385651e-03 3.657233715057373047e-02 1.088842600584030151e-01 3.682118356227874756e-01 7.502450346946716309e-01 9.161642789840698242e-01 9.899298548698425293e-01 9.970434308052062988e-01 9.975886940956115723e-01 9.976989626884460449e-01 9.977847337722778320e-01 9.978645443916320801e-01 0.000000000000000000e+00 0.000000000000000000e+00 
1.728956158331129700e-05 8.302881724375765771e-06 2.293756369908805937e-05 1.900946153909899294e-05 3.503804036881774664e-04 2.108067383232992142e-05 4.662751962314359844e-05 1.619695249246433377e-04 8.597275154897943139e-05 5.664006457664072514e-04 1.533662318252027035e-03 2.762386202812194824e-02 4.381633177399635315e-02 3.271257504820823669e-02 6.352017074823379517e-02 1.586249098181724548e-02 3.386381315067410469e-03 5.531861825147643685e-05 1.964538932952564210e-05 1.330891609541140497e-05 1.143920871982118115e-05 4.888506282441085204e-06 0.000000000000000000e+00 0.000000000000000000e+00 
1.441763015463948250e-03 1.411442644894123077e-03 1.451585208997130394e-03 1.479713246226310730e-03 1.916384673677384853e-03 1.470369636081159115e-03 1.566547201946377754e-03 1.818501041270792484e-03 1.795313088223338127e-03 2.599136205390095711e-03 5.011845845729112625e-03 3.723072633147239685e-02 1.119496077299118042e-01 3.729842603206634521e-01 7.549040317535400391e-01 9.187420606613159180e-01 9.903280735015869141e-01 9.970710873603820801e-01 9.976045489311218262e-01 9.977129697799682617e-01 9.977969527244567871e-01 9.978756904602050781e-01 0.000000000000000000e+00 0.000000000000000000e+00 
1.739090112096164376e-05 8.306123163492884487e-06 2.318301449122373015e-05 1.906827492348384112e-05 3.660643997136503458e-04 2.132990084646735340e-05 4.761973104905337095e-05 1.693255180725827813e-04 8.796172915026545525e-05 6.039372528903186321e-04 1.634698128327727318e-03 2.789538353681564331e-02 4.461359232664108276e-02 3.284602239727973938e-02 6.320456415414810181e-02 1.555519457906484604e-02 3.199665807187557220e-03 5.399903602665290236e-05 1.927985067595727742e-05 1.306801641476340592e-05 1.126189363276353106e-05 4.814148269360885024e-06 0.000000000000000000e+00 0.000000000000000000e+00 
1.435651560313999653e-03 1.405093236826360226e-03 1.445799018256366253e-03 1.474241376854479313e-03 1.937383669428527355e-03 1.465605222620069981e-03 1.563976285979151726e-03 1.828571897931396961e-03 1.799085177481174469e-03 2.672758186236023903e-03 5.249055102467536926e-03 3.807811439037322998e-02 1.158043816685676575e-01 3.789164125919342041e-01 7.605680227279663086e-01 9.218411445617675781e-01 9.907885789871215820e-01 9.971005320549011230e-01 9.976207017898559570e-01 9.977270364761352539e-01 9.978092908859252930e-01 9.978867769241333008e-01 0.000000000000000000e+00 0.000000000000000000e+00 
1.756518577167298645e-05 8.322605935973115265e-06 2.356535878789145499e-05 1.917499503178987652e-05 3.884773759637027979e-04 2.170217885577585548e-05 4.906962931272573769e-05 1.797964796423912048e-04 9.079489245777949691e-05 6.561106420122087002e-04 1.771083450876176357e-03 2.821415290236473083e-02 4.557871073484420776e-02 3.300365060567855835e-02 6.278055906295776367e-02 1.517674699425697327e-02 2.975680865347385406e-03 5.253592098597437143e-05 1.888311635411810130e-05 1.280889955523889512e-05 1.107205389416776597e-05 4.734795766125898808e-06 0.000000000000000000e+00 0.000000000000000000e+00 
1.429577008821070194e-03 1.398813212290406227e-03 1.440022839233279228e-03 1.468756119720637798e-03 1.958201406523585320e-03 1.460801693610846996e-03 1.561321085318922997e-03 1.838519354350864887e-03 1.802540034987032413e-03 2.748757367953658104e-03 5.492753349244594574e-03 3.891335800290107727e-02 1.195176765322685242e-01 3.845945596694946289e-01 7.659057378768920898e-01 9.247571229934692383e-01 9.912142753601074219e-01 9.971287250518798828e-01 9.976364374160766602e-01 9.977409243583679199e-01 9.978213906288146973e-01 9.978976249694824219e-01 0.000000000000000000e+00 0.000000000000000000e+00 
1.772346149664372206e-05 8.337017789017409086e-06 2.392479109403211623e-05 1.927137964230496436e-05 4.107082786504179239e-04 2.205636883445549756e-05 5.050873369327746332e-05 1.903291413327679038e-04 9.356364171253517270e-05 7.104242686182260513e-04 1.912571606226265430e-03 2.850434184074401855e-02 4.648054018616676331e-02 3.315155208110809326e-02 6.235211715102195740e-02 1.481601782143115997e-02 2.764552598819136620e-03 5.115494059282355011e-05 1.850381886470131576e-05 1.256162431673146784e-05 1.089197030523791909e-05 4.658941634261282161e-06 0.000000000000000000e+00 0.000000000000000000e+00 
1.423067413270473480e-03 1.392182195559144020e-03 1.433769823051989079e-03 1.462682150304317474e-03 1.976110273972153664e-03 1.455369521863758564e-03 1.557753537781536579e-03 1.846430008299648762e-03 1.804228057153522968e-03 2.819725777953863144e-03 5.721436347812414169e-03 3.968136012554168701e-02 1.228546053171157837e-01 3.896453678607940674e-01 7.706158757209777832e-01 9.273169040679931641e-01 9.915835857391357422e-01 9.971542358398437500e-01 9.976509213447570801e-01 9.977536201477050781e-01 9.978327751159667969e-01 9.979079961776733398e-01 0.000000000000000000e+00 0.000000000000000000e+00 
1.782813887984957546e-05 8.338795851159375161e-06 2.421621320536360145e-05 1.931955011968966573e-05 4.309102660045027733e-04 2.234389467048458755e-05 5.179497020435519516e-05 2.000857348321005702e-04 9.598319593351334333e-05 7.624225690960884094e-04 2.047703135758638382e-03 2.875327877700328827e-02 4.726905003190040588e-02 3.328110650181770325e-02 6.194897741079330444e-02 1.449644565582275391e-02 2.578016836196184158e-03 4.995191557100042701e-05 1.817226620914880186e-05 1.234466071764472872e-05 1.073470320989144966e-05 4.593595804180949926e-06 0.000000000000000000e+00 0.000000000000000000e+00 
1.416261075064539909e-03 1.385519746690988541e-03 1.427024835720658302e-03 1.455860445275902748e-03 1.981521723791956902e-03 1.449013943783938885e-03 1.551941619254648685e-03 1.846471452154219151e-03 1.800425350666046143e-03 2.859480213373899460e-03 5.853431764990091324e-03 4.017512127757072449e-02 1.250493824481964111e-01 3.928840458393096924e-01 7.737377285957336426e-01 9.290042519569396973e-01 9.918405413627624512e-01 9.971755743026733398e-01 9.976642131805419922e-01 9.977654814720153809e-01 9.978434443473815918e-01 9.979177713394165039e-01 0.000000000000000000e+00 0.000000000000000000e+00 
1.775189775798935443e-05 8.308716132887639105e-06 2.424216108920518309e-05 1.920666181831620634e-05 4.411009140312671661e-04 2.241129368485417217e-05 5.234604395809583366e-05 2.051594638032838702e-04 9.687110286904498935e-05 7.954910397529602051e-04 2.133327070623636246e-03 2.891399152576923370e-02 4.780705645680427551e-02 3.337106481194496155e-02 6.167567148804664612e-02 1.428881753236055374e-02 2.447326434776186943e-03 4.907279799226671457e-05 1.792233888409100473e-05 1.217799945152364671e-05 1.061612329067429528e-05 4.544306648313067853e-06 0.000000000000000000e+00 0.000000000000000000e+00 
1.409780001267790794e-03 1.379077788442373276e-03 1.420763204805552959e-03 1.449661678634583950e-03 1.995787490159273148e-03 1.443484215997159481e-03 1.547774998471140862e-03 1.852461486123502254e-03 1.800471800379455090e-03 2.926232526078820229e-03 6.060612387955188751e-03 4.088478535413742065e-02 1.280426234006881714e-01 3.973022699356079102e-01 7.778860330581665039e-01 9.311978220939636230e-01 9.921544194221496582e-01 9.971991181373596191e-01 9.976781010627746582e-01 9.977778792381286621e-01 9.978545904159545898e-01 9.979277253150939941e-01 0.000000000000000000e+00 0.000000000000000000e+00 
1.775698910932987928e-05 8.300657100335229188e-06 2.442542427161242813e-05 1.917347617563791573e-05 4.582470282912254333e-04 2.262793168483767658e-05 5.343272641766816378e-05 2.138327690772712231e-04 9.871902875602245331e-05 8.457750082015991211e-04 2.260112203657627106e-03 2.912133187055587769e-02 4.849044606089591980e-02 3.348201513290405273e-02 6.127582490444183350e-02 1.401221659034490585e-02 2.285416703671216965e-03 4.802936018677428365e-05 1.763054206094238907e-05 1.198338577523827553e-05 1.047686964739114046e-05 4.487298156163888052e-06 0.000000000000000000e+00 0.000000000000000000e+00 
1.403388101607561111e-03 1.372657483443617821e-03 1.414582482539117336e-03 1.443556277081370354e-03 2.010288415476679802e-03 1.437944942153990269e-03 1.543678343296051025e-03 1.858667121268808842e-03 1.800670404918491840e-03 2.993447473272681236e-03 6.276352331042289734e-03 4.159155860543251038e-02 1.308795511722564697e-01 4.015200138092041016e-01 7.817995548248291016e-01 9.332526922225952148e-01 9.924414157867431641e-01 9.972218275070190430e-01 9.976918101310729980e-01 9.977900385856628418e-01 9.978655576705932617e-01 9.979377388954162598e-01 0.000000000000000000e+00 0.000000000000000000e+00 
1.780268576112575829e-05 8.297582098748534918e-06 2.464217868691775948e-05 1.918688394653145224e-05 4.756202979478985071e-04 2.283760659338440746e-05 5.453394624055363238e-05 2.227146469522267580e-04 1.007222163025289774e-04 8.964288863353431225e-04 2.392627066001296043e-03 2.931499108672142029e-02 4.910843819379806519e-02 3.358422964811325073e-02 6.087924167513847351e-02 1.375156454741954803e-02 2.138593001291155815e-03 4.703378726844675839e-05 1.734791294438764453e-05 1.179634182335576043e-05 1.033803346217609942e-05 4.429380624060286209e-06 0.000000000000000000e+00 0.000000000000000000e+00 
1.397030195221304893e-03 1.366280834190547466e-03 1.408313517458736897e-03 1.437244005501270294e-03 2.017280319705605507e-03 1.431919052265584469e-03 1.538520678877830505e-03 1.860027667135000229e-03 1.797916600480675697e-03 3.037256421521306038e-03 6.434360053390264511e-03 4.210077971220016479e-02 1.328620612621307373e-01 4.044855833053588867e-01 7.845688462257385254e-01 9.347282052040100098e-01 9.926506280899047852e-01 9.972422719001770020e-01 9.977045059204101562e-01 9.978017807006835938e-01 9.978761076927185059e-01 9.979475140571594238e-01 0.000000000000000000e+00 0.000000000000000000e+00 
1.783281186362728477e-05 8.279793291876558214e-06 2.478064925526268780e-05 1.917398549267090857e-05 4.869101103395223618e-04 2.291220334882382303e-05 5.519378464668989182e-05 2.285135706188157201e-04 1.019992487272247672e-04 9.319516248069703579e-04 2.494312357157468796e-03 2.945344336330890656e-02 4.953589662909507751e-02 3.365898132324218750e-02 6.059640273451805115e-02 1.356715243309736252e-02 2.034848323091864586e-03 4.623561471817083657e-05 1.711047298158518970e-05 1.164152035926235840e-05 1.021836487780092284e-05 4.377716322778724134e-06 0.000000000000000000e+00 0.000000000000000000e+00 
1.390451216138899326e-03 1.359776942990720272e-03 1.401632325723767281e-03 1.430334174074232578e-03 2.012910088524222374e-03 1.424961141310632229e-03 1.531403162516653538e-03 1.853360561653971672e-03 1.790203386917710304e-03 3.043622476980090141e-03 6.492514628916978836e-03 4.230924323201179504e-02 1.336640715599060059e-01 4.057543277740478516e-01 7.858298420906066895e-01 9.354565143585205078e-01 9.927673339843750000e-01 9.972589015960693359e-01 9.977161884307861328e-01 9.978125095367431641e-01 9.978860616683959961e-01 9.979568719863891602e-01 0.000000000000000000e+00 0.000000000000000000e+00 
1.778396836016327143e-05 8.235148015955928713e-06 2.474757457093801349e-05 1.907806290546432137e-05 4.892314318567514420e-04 2.278347346873488277e-05 5.513356518349610269e-05 2.292573772137984633e-04 1.020012859953567386e-04 9.435308747924864292e-04 2.542124595493078232e-03 2.952001988887786865e-02 4.973060265183448792e-02 3.370137512683868408e-02 6.048453971743583679e-02 1.348283141851425171e-02 1.981559209525585175e-03 4.570005694404244423e-05 1.693945159786380827e-05 1.152946242655161768e-05 1.013000019156606868e-05 4.337672180554363877e-06 0.000000000000000000e+00 0.000000000000000000e+00 
1.383346389047801495e-03 1.352900522761046886e-03 1.394307822920382023e-03 1.422571600414812565e-03 2.000058302655816078e-03 1.417040824890136719e-03 1.522514736279845238e-03 1.840822165831923485e-03 1.778552192263305187e-03 3.025143640115857124e-03 6.475958973169326782e-03 4.231361672282218933e-02 1.337311863899230957e-01 4.059372246265411377e-01 7.861542105674743652e-01 9.357135295867919922e-01 9.928281903266906738e-01 9.972724914550781250e-01 9.977264404296875000e-01 9.978222250938415527e-01 9.978952407836914062e-01 9.979656934738159180e-01 0.000000000000000000e+00 0.000000000000000000e+00 
1.763543878041673452e-05 8.163726306520402431e-06 2.455908543197438121e-05 1.887193684524390846e-05 4.849208053201436996e-04 2.250521720270626247e-05 5.456438157125376165e-05 2.266374067403376102e-04 1.009743937174789608e-04 9.395288652740418911e-04 2.549252938479185104e-03 2.954075299203395844e-02 4.979445040225982666e-02 3.372464329004287720e-02 6.048142164945602417e-02 1.346141751855611801e-02 1.956872176378965378e-03 4.536079359240829945e-05 1.682650690781883895e-05 1.145573605754179880e-05 1.007504124572733417e-05 4.311808879720047116e-06 0.000000000000000000e+00 0.000000000000000000e+00 
1.376566593535244465e-03 1.346812001429498196e-03 1.387932687066495419e-03 1.416066079400479794e-03 2.019499661400914192e-03 1.412108191289007664e-03 1.518498989753425121e-03 1.848103129304945469e-03 1.778978039510548115e-03 3.126573050394654274e-03 6.715940311551094055e-03 4.322219640016555786e-02 1.376303136348724365e-01 4.112259447574615479e-01 7.912882566452026367e-01 9.381918311119079590e-01 9.931674003601074219e-01 9.972953796386718750e-01 9.977397322654724121e-01 9.978340268135070801e-01 9.979055523872375488e-01 9.979750514030456543e-01 0.000000000000000000e+00 0.000000000000000000e+00 
1.726406662783119828e-05 8.131970389513298869e-06 2.444536585244350135e-05 1.854293077485635877e-05 5.055908695794641972e-04 2.280479748151265085e-05 5.597121707978658378e-05 2.365354739595204592e-04 1.020949857775121927e-04 1.014871988445520401e-03 2.697220304980874062e-03 2.976514212787151337e-02 5.063988640904426575e-02 3.384261578321456909e-02 5.985445529222488403e-02 1.314098294824361801e-02 1.771354465745389462e-03 4.432653076946735382e-05 1.655603773542679846e-05 1.126623192249098793e-05 9.958800546883139759e-06 4.269551936886273324e-06 0.000000000000000000e+00 0.000000000000000000e+00 
1.369845820590853691e-03 1.340556424111127853e-03 1.381269074045121670e-03 1.409217133186757565e-03 2.021609339863061905e-03 1.405923278070986271e-03 1.512194983661174774e-03 1.845264225266873837e-03 1.773289986886084080e-03 3.168897703289985657e-03 6.830833852291107178e-03 4.368823021650314331e-02 1.395689845085144043e-01 4.139139354228973389e-01 7.940197587013244629e-01 9.395197629928588867e-01 9.933595061302185059e-01 9.973136782646179199e-01 9.977516531944274902e-01 9.978448152542114258e-01 9.979152083396911621e-01 9.979839920997619629e-01 0.000000000000000000e+00 0.000000000000000000e+00 
1.700589564279653132e-05 8.085396984824910760e-06 2.424412923573981971e-05 1.830441033234819770e-05 5.125756724737584591e-04 2.282489913341123611e-05 5.640500239678658545e-05 2.398106007603928447e-04 1.020357231027446687e-04 1.051158644258975983e-03 2.778475405648350716e-03 2.988220378756523132e-02 5.106915161013603210e-02 3.390928730368614197e-02 5.951838195323944092e-02 1.297479216009378433e-02 1.671403879299759865e-03 4.363718471722677350e-05 1.635751505091320723e-05 1.112930749513907358e-05 9.861983016890008003e-06 4.232266292092390358e-06 0.000000000000000000e+00 0.000000000000000000e+00 
1.363019109703600407e-03 1.334160915575921535e-03 1.374151092022657394e-03 1.401680638082325459e-03 2.001695102080702782e-03 1.398292486555874348e-03 1.502834027633070946e-03 1.829166663810610771e-03 1.759848906658589840e-03 3.138689789921045303e-03 6.768928375095129013e-03 4.358354955911636353e-02 1.393617242574691772e-01 4.136417508125305176e-01 7.940509915351867676e-01 9.395982623100280762e-01 9.934065341949462891e-01 9.973269701004028320e-01 9.977618455886840820e-01 9.978545904159545898e-01 9.979243874549865723e-01 9.979926943778991699e-01 0.000000000000000000e+00 0.000000000000000000e+00 
1.673215592745691538e-05 8.006459211173932999e-06 2.385055267950519919e-05 1.802250335458666086e-05 5.019677337259054184e-04 2.250700526928994805e-05 5.551867070607841015e-05 2.343223895877599716e-04 1.002146818791516125e-04 1.039911876432597637e-03 2.762434305623173714e-03 2.987695299088954926e-02 5.110879987478256226e-02 3.392627462744712830e-02 5.954178422689437866e-02 1.297760568559169769e-02 1.653801649808883667e-03 4.333658580435439944e-05 1.624947799427900463e-05 1.105706633097724989e-05 9.799856343306601048e-06 4.206850007903994992e-06 0.000000000000000000e+00 0.000000000000000000e+00 
1.356186228804290295e-03 1.327962032519280910e-03 1.367126707918941975e-03 1.394226565025746822e-03 1.986716408282518387e-03 1.391141326166689396e-03 1.494191237725317478e-03 1.816068077459931374e-03 1.747463364154100418e-03 3.128490410745143890e-03 6.737606599926948547e-03 4.364011436700820923e-02 1.398278027772903442e-01 4.142311215400695801e-01 7.949508428573608398e-01 9.400396943092346191e-01 9.934999346733093262e-01 9.973413348197937012e-01 9.977723956108093262e-01 9.978643655776977539e-01 9.979336261749267578e-01 9.980012774467468262e-01 0.000000000000000000e+00 0.000000000000000000e+00 
1.634207183087710291e-05 7.925760655780322850e-06 2.341616163903381675e-05 1.764855733199510723e-05 4.952003946527838707e-04 2.225903335784096271e-05 5.502458952832967043e-05 2.308891271241009235e-04 9.823617438087239861e-05 1.042478717863559723e-03 2.766185905784368515e-03 2.990540303289890289e-02 5.128961428999900818e-02 3.395906463265419006e-02 5.943872407078742981e-02 1.293099299073219299e-02 1.606295583769679070e-03 4.294423706596717238e-05 1.612633241165895015e-05 1.096890173357678577e-05 9.733527804201003164e-06 4.183498731435975060e-06 0.000000000000000000e+00 0.000000000000000000e+00 
1.349695259705185890e-03 1.321857795119285583e-03 1.360484282486140728e-03 1.387275988236069679e-03 1.975967781618237495e-03 1.384320319630205631e-03 1.486450200900435448e-03 1.805870444513857365e-03 1.737226266413927078e-03 3.125511342659592628e-03 6.745826918631792068e-03 4.375403001904487610e-02 1.403783559799194336e-01 4.150469899177551270e-01 7.959595322608947754e-01 9.405519366264343262e-01 9.935923814773559570e-01 9.973562955856323242e-01 9.977830648422241211e-01 9.978744387626647949e-01 9.979429244995117188e-01 9.980102181434631348e-01 0.000000000000000000e+00 0.000000000000000000e+00 
1.610638719284906983e-05 7.864910003263503313e-06 2.314905759703833610e-05 1.741108462738338858e-05 4.918476915918290615e-04 2.206932549597695470e-05 5.471754047903232276e-05 2.291235432494431734e-04 9.708359721116721630e-05 1.049030805006623268e-03 2.790455473586916924e-03 2.994484826922416687e-02 5.145674571394920349e-02 3.399255126714706421e-02 5.932455882430076599e-02 1.287519186735153198e-02 1.562854158692061901e-03 4.251240534358657897e-05 1.598384369572158903e-05 1.087272994482191280e-05 9.654319001128897071e-06 4.153129339101724327e-06 0.000000000000000000e+00 0.000000000000000000e+00 
1.343103940598666668e-03 1.315613975748419762e-03 1.353560714051127434e-03 1.379866385832428932e-03 1.953568076714873314e-03 1.376580679789185524e-03 1.476843142881989479e-03 1.787676243111491203e-03 1.722639543004333973e-03 3.077761270105838776e-03 6.642141845077276230e-03 4.349781200289726257e-02 1.395837962627410889e-01 4.139707088470458984e-01 7.952162623405456543e-01 9.402776956558227539e-01 9.935967922210693359e-01 9.973678588867187500e-01 9.977927803993225098e-01 9.978834986686706543e-01 9.979518055915832520e-01 9.980186820030212402e-01 0.000000000000000000e+00 0.000000000000000000e+00 
1.587228325661271811e-05 7.784879926475696266e-06 2.279900763824116439e-05 1.714339123282115906e-05 4.793978878296911716e-04 2.167759521398693323e-05 5.358095222618430853e-05 2.221325412392616272e-04 9.499098814558237791e-05 1.025661826133728027e-03 2.750279847532510757e-03 2.990937605500221252e-02 5.138308182358741760e-02 3.399468585848808289e-02 5.945607274770736694e-02 1.292605139315128326e-02 1.568557578139007092e-03 4.233467552694492042e-05 1.590573265275452286e-05 1.082069502444937825e-05 9.604517799743916839e-06 4.131195964873768389e-06 0.000000000000000000e+00 0.000000000000000000e+00 
1.336623099632561207e-03 1.309410552494227886e-03 1.346722943708300591e-03 1.372561790049076080e-03 1.929727499373257160e-03 1.368816709145903587e-03 1.467161462642252445e-03 1.768632442690432072e-03 1.707862364128232002e-03 3.022659337148070335e-03 6.523504853248596191e-03 4.318094626069068909e-02 1.385182887315750122e-01 4.125247895717620850e-01 7.940919995307922363e-01 9.398398995399475098e-01 9.935817122459411621e-01 9.973786473274230957e-01 9.978021383285522461e-01 9.978924989700317383e-01 9.979603886604309082e-01 9.980271458625793457e-01 0.000000000000000000e+00 0.000000000000000000e+00 
1.567859726492315531e-05 7.709079000051133335e-06 2.247158045065589249e-05 1.691562647465616465e-05 4.658345424104481936e-04 2.127155858033802360e-05 5.234472700976766646e-05 2.144081809092313051e-04 9.294858318753540516e-05 9.970942046493291855e-04 2.699871780350804329e-03 2.985974214971065521e-02 5.124945193529129028e-02 3.398887813091278076e-02 5.964167788624763489e-02 1.299916207790374756e-02 1.586086582392454147e-03 4.219841139274649322e-05 1.583487210154999048e-05 1.077416072803316638e-05 9.557255907566286623e-06 4.108983830519719049e-06 0.000000000000000000e+00 0.000000000000000000e+00 
1.330337836407124996e-03 1.303379191085696220e-03 1.340093673206865788e-03 1.365495962090790272e-03 1.905412296764552593e-03 1.361304079182446003e-03 1.457785023376345634e-03 1.750557799823582172e-03 1.693601254373788834e-03 2.969559514895081520e-03 6.412019487470388412e-03 4.287398606538772583e-02 1.374634951353073120e-01 4.111048877239227295e-01 7.929970026016235352e-01 9.394077658653259277e-01 9.935671687126159668e-01 9.973896741867065430e-01 9.978115558624267578e-01 9.979014992713928223e-01 9.979692101478576660e-01 9.980356097221374512e-01 0.000000000000000000e+00 0.000000000000000000e+00 
1.550828346807975322e-05 7.640541298314929008e-06 2.215991844423115253e-05 1.671477730269543827e-05 4.515832406468689442e-04 2.088732253469061106e-05 5.115288149681873620e-05 2.071896597044542432e-04 9.103343472816050053e-05 9.694773470982909203e-04 2.652378287166357040e-03 2.981028892099857330e-02 5.111312121152877808e-02 3.398285806179046631e-02 5.982132256031036377e-02 1.307122409343719482e-02 1.604022225365042686e-03 4.204677316010929644e-05 1.575657734065316617e-05 1.072264240065123886e-05 9.504519766778685153e-06 4.083746716787572950e-06 0.000000000000000000e+00 0.000000000000000000e+00 
1.323905307799577713e-03 1.297225710004568100e-03 1.333191408775746822e-03 1.358032808639109135e-03 1.873855828307569027e-03 1.353180734440684319e-03 1.447134185582399368e-03 1.727438182570040226e-03 1.676385640166699886e-03 2.888981485739350319e-03 6.225696764886379242e-03 4.233978316187858582e-02 1.355790495872497559e-01 4.084374010562896729e-01 7.907669544219970703e-01 9.384385347366333008e-01 9.934944510459899902e-01 9.973984956741333008e-01 9.978201389312744141e-01 9.979099631309509277e-01 9.979776144027709961e-01 9.980438351631164551e-01 0.000000000000000000e+00 0.000000000000000000e+00 
1.530202825961168855e-05 7.555428055638913065e-06 2.176119778596330434e-05 1.647127464821096510e-05 4.316640552133321762e-04 2.037847661995328963e-05 4.947922934661619365e-05 1.967962598428130150e-04 8.843438263284042478e-05 9.235877660103142262e-04 2.561199013143777847e-03 2.971223928034305573e-02 5.081965401768684387e-02 3.395450860261917114e-02 6.014954671263694763e-02 1.321622729301452637e-02 1.654008985497057438e-03 4.206385710858739913e-05 1.572078326717019081e-05 1.070053804141934961e-05 9.471356861467938870e-06 4.066022938786773011e-06 0.000000000000000000e+00 0.000000000000000000e+00 
1.317912945523858070e-03 1.291444525122642517e-03 1.326920464634895325e-03 1.351417973637580872e-03 1.854696660302579403e-03 1.346252625808119774e-03 1.438753679394721985e-03 1.712723053060472012e-03 1.664287061430513859e-03 2.851314377039670944e-03 6.156090181320905685e-03 4.215829446911811829e-02 1.349665224552154541e-01 4.076112806797027588e-01 7.902043461799621582e-01 9.382508993148803711e-01 9.935066103935241699e-01 9.974105954170227051e-01 9.978299140930175781e-01 9.979194402694702148e-01 9.979867339134216309e-01 9.980523586273193359e-01 0.000000000000000000e+00 0.000000000000000000e+00 
1.515802705398527905e-05 7.497321803384693339e-06 2.151333683286793530e-05 1.630988481338135898e-05 4.212829808238893747e-04 2.007581497309729457e-05 4.860418630414642394e-05 1.915657339850440621e-04 8.701170736458152533e-05 9.058142313733696938e-04 2.537380438297986984e-03 2.968792989850044250e-02 5.075091123580932617e-02 3.395738080143928528e-02 6.025558337569236755e-02 1.325555983930826187e-02 1.657459535636007786e-03 4.182893826509825885e-05 1.562126271892338991e-05 1.063360014086356387e-05 9.406798199051991105e-06 4.036691734654596075e-06 0.000000000000000000e+00 0.000000000000000000e+00 
1.311998930759727955e-03 1.285718870349228382e-03 1.320904935710132122e-03 1.345185097306966782e-03 1.845322782173752785e-03 1.340043731033802032e-03 1.431938842870295048e-03 1.704413909465074539e-03 1.656103646382689476e-03 2.849523676559329033e-03 6.185371894389390945e-03 4.228040948510169983e-02 1.354966461658477783e-01 4.084286391735076904e-01 7.911497950553894043e-01 9.387785792350769043e-01 9.935961961746215820e-01 9.974253773689270020e-01 9.978404641151428223e-01 9.979292154312133789e-01 9.979959130287170410e-01 9.980611801147460938e-01 0.000000000000000000e+00 0.000000000000000000e+00 
1.504704050603322685e-05 7.456435923813842237e-06 2.138795207429211587e-05 1.618954411242157221e-05 4.185748985037207603e-04 1.993405930988956243e-05 4.838384847971610725e-05 1.903898519231006503e-04 8.649448864161968231e-05 9.117391309700906277e-04 2.571373479440808296e-03 2.972672507166862488e-02 5.089234560728073120e-02 3.398918733000755310e-02 6.016253679990768433e-02 1.319692004472017288e-02 1.616345252841711044e-03 4.139532757108099759e-05 1.547752617625519633e-05 1.053596315614413470e-05 9.321978723164647818e-06 4.000981334684183821e-06 0.000000000000000000e+00 0.000000000000000000e+00 
1.306671183556318283e-03 1.280389609746634960e-03 1.315719797275960445e-03 1.340053160674870014e-03 1.853511552326381207e-03 1.335224485956132412e-03 1.428007846698164940e-03 1.706384704448282719e-03 1.654515275731682777e-03 2.898709615692496300e-03 6.364103406667709351e-03 4.283491894602775574e-02 1.375138908624649048e-01 4.114696681499481201e-01 7.940628528594970703e-01 9.402270317077636719e-01 9.937773346900939941e-01 9.974441528320312500e-01 9.978526234626770020e-01 9.979401826858520508e-01 9.980059862136840820e-01 9.980703592300415039e-01 0.000000000000000000e+00 0.000000000000000000e+00 
1.507308752479730174e-05 7.449635177181335166e-06 2.151983971998561174e-05 1.620471630303654820e-05 4.299010324757546186e-04 2.003873305511660874e-05 4.911327778245322406e-05 1.954970648512244225e-04 8.764268568484112620e-05 9.510845993645489216e-04 2.691094996407628059e-03 2.985749952495098114e-02 5.128793418407440186e-02 3.405737131834030151e-02 5.980312451720237732e-02 1.301343739032745361e-02 1.526754465885460377e-03 4.067643385496921837e-05 1.526061532786116004e-05 1.039090511767426506e-05 9.201826287608128041e-06 3.951521648559719324e-06 0.000000000000000000e+00 0.000000000000000000e+00 
1.301531563512980938e-03 1.275178743526339531e-03 1.310793217271566391e-03 1.335292472504079342e-03 1.867516315542161465e-03 1.330849947407841682e-03 1.425061142072081566e-03 1.712083001621067524e-03 1.655146712437272072e-03 2.966691739857196808e-03 6.599448155611753464e-03 4.353945329785346985e-02 1.399935036897659302e-01 4.151801168918609619e-01 7.975627779960632324e-01 9.419167637825012207e-01 9.939762949943542480e-01 9.974638819694519043e-01 9.978650212287902832e-01 9.979513883590698242e-01 9.980160593986511230e-01 9.980795383453369141e-01 0.000000000000000000e+00 0.000000000000000000e+00 
1.515021995146526024e-05 7.457297215296421200e-06 2.173244502046145499e-05 1.627659912628587335e-05 4.459275223780423403e-04 2.022809530899394304e-05 5.019146919948980212e-05 2.029845782089978456e-04 8.939558756537735462e-05 1.002955483272671700e-03 2.844142960384488106e-03 3.001505136489868164e-02 5.174497514963150024e-02 3.413261845707893372e-02 5.934620648622512817e-02 1.279713585972785950e-02 1.428759889677166939e-03 3.988649041275493801e-05 1.502099621575325727e-05 1.023298045765841380e-05 9.070559826795943081e-06 3.896629550581565127e-06 0.000000000000000000e+00 0.000000000000000000e+00 
1.296177273616194725e-03 1.269763102754950523e-03 1.305637415498495102e-03 1.330231199972331524e-03 1.880562514998018742e-03 1.326150260865688324e-03 1.421720022335648537e-03 1.716976752504706383e-03 1.655114348977804184e-03 3.031688276678323746e-03 6.825625430792570114e-03 4.420968145132064819e-02 1.422871053218841553e-01 4.185907542705535889e-01 8.007686138153076172e-01 9.434396624565124512e-01 9.941520690917968750e-01 9.974822998046875000e-01 9.978767633438110352e-01 9.979619979858398438e-01 9.980258345603942871e-01 9.980885386466979980e-01 0.000000000000000000e+00 0.000000000000000000e+00 
1.521929243608610705e-05 7.459501830453518778e-06 2.193317050114274025e-05 1.632937710382975638e-05 4.613577912095934153e-04 2.038666389125864953e-05 5.120743662700988352e-05 2.102396683767437935e-04 9.104941273108124733e-05 1.053098356351256371e-03 2.992083551362156868e-03 3.016067110002040863e-02 5.215294286608695984e-02 3.419890999794006348e-02 5.891324579715728760e-02 1.260329037904739380e-02 1.342997536994516850e-03 3.917309732059948146e-05 1.480708579038036987e-05 1.009105744742555544e-05 8.953839824243914336e-06 3.848338110401527956e-06 0.000000000000000000e+00 0.000000000000000000e+00 
