0.000000000000000000e+00 0.000000000000000000e+00 0.000000000000000000e+00 0.000000000000000000e+00 0.000000000000000000e+00 0.000000000000000000e+00 0.000000000000000000e+00 0.000000000000000000e+00 0.000000000000000000e+00 0.000000000000000000e+00 0.000000000000000000e+00 0.000000000000000000e+00 0.000000000000000000e+00 0.000000000000000000e+00 0.000000000000000000e+00 0.000000000000000000e+00 0.000000000000000000e+00 5.000000000000000000e-01 5.000000000000000000e-01 5.000000000000000000e-01 5.000000000000000000e-01 5.000000000000000000e-01 5.000000000000000000e-01 5.000000000000000000e-01 5.000000000000000000e-01 5.000000000000000000e-01 5.000000000000000000e-01 5.000000000000000000e-01 5.000000000000000000e-01 5.000000000000000000e-01 5.000000000000000000e-01 5.000000000000000000e-01 5.000000000000000000e-01 5.000000000000000000e-01 5.000000000000000000e-01 5.000000000000000000e-01 0.000000000000000000e+00 0.000000000000000000e+00 
0.000000000000000000e+00 0.000000000000000000e+00 0.000000000000000000e+00 0.000000000000000000e+00 0.000000000000000000e+00 0.000000000000000000e+00 0.000000000000000000e+00 0.000000000000000000e+00 0.000000000000000000e+00 0.000000000000000000e+00 5.000000000000000000e-01 5.000000000000000000e-01 5.000000000000000000e-01 5.000000000000000000e-01 5.000000000000000000e-01 5.000000000000000000e-01 5.000000000000000000e-01 5.000000000000000000e-01 5.000000000000000000e-01 5.000000000000000000e-01 5.000000000000000000e-01 5.000000000000000000e-01 5.000000000000000000e-01 5.000000000000000000e-01 5.000000000000000000e-01 5.000000000000000000e-01 5.000000000000000000e-01 5.000000000000000000e-01 5.000000000000000000e-01 0.000000000000000000e+00 0.000000000000000000e+00 0.000000000000000000e+00 0.000000000000000000e+00 0.000000000000000000e+00 0.000000000000000000e+00 0.000000000000000000e+00 0.000000000000000000e+00 0.000000000000000000e+00 
0.000000000000000000e+00 0.000000000000000000e+00 0.000000000000000000e+00 0.000000000000000000e+00 1.000000000000000000e+00 4.000000000000000222e-01 4.285714285714285476e-01 5.600000000000000533e-01 5.254237288135593653e-01 4.639639639639639435e-01 4.727272727272727182e-01 4.751773049645390268e-01 4.743083003952568988e-01 4.811490125673249518e-01 4.773869346733668473e-01 4.731707317073170493e-01 4.758842443729903726e-01 4.743589743589743390e-01 4.743589743589743390e-01 4.743589743589743390e-01 4.743589743589743390e-01 4.743589743589743390e-01 4.743589743589743390e-01 4.735152487961476475e-01 4.749596122778675378e-01 4.754098360655737432e-01 4.668989547038327470e-01 4.624505928853754888e-01 4.800995024875621686e-01 4.761904761904761640e-01 4.726368159203980235e-01 4.745762711864406902e-01 4.179104477611940149e-01 4.074074074074073848e-01 5.555555555555555802e-01 0.000000000000000000e+00 0.000000000000000000e+00 0.000000000000000000e+00 
0.000000000000000000e+00 4.615384615384615641e-01 5.588235294117647189e-01 4.841269841269841279e-01 4.874371859296482423e-01 4.898785425101214730e-01 4.836601307189542509e-01 4.840579710144927716e-01 4.932975871313672878e-01 4.840294840294840362e-01 4.874141876430205800e-01 4.870129870129870087e-01 4.762886597938144062e-01 4.779999999999999805e-01 4.789272030651340883e-01 4.751381215469613339e-01 4.776386404293381238e-01 4.845890410958904049e-01 4.786184210526315819e-01 4.791666666666666852e-01 4.795417348608838060e-01 4.694244604316546998e-01 4.779116465863453844e-01 4.752941176470588114e-01 4.721485411140583510e-01 4.748427672955974899e-01 4.731182795698924970e-01 4.581673306772908183e-01 4.700460829493087744e-01 4.598930481283422522e-01 4.567901234567900981e-01 4.892086330935251914e-01 4.838709677419354982e-01 4.803921568627451122e-01 5.061728395061728669e-01 4.923076923076923350e-01 4.000000000000000222e-01 5.000000000000000000e-01 
5.000000000000000000e-01 4.770642201834862650e-01 4.816513761467889898e-01 4.747474747474747514e-01 4.770114942528735358e-01 4.947916666666666852e-01 4.866180048661800650e-01 4.849884526558891351e-01 4.934210526315789269e-01 4.926315789473684204e-01 4.907975460122699363e-01 4.901574803149606474e-01 4.894433781190019039e-01 4.878504672897196470e-01 4.844036697247706691e-01 4.864376130198915238e-01 4.902654867256637239e-01 4.922547332185886471e-01 4.899665551839464950e-01 4.886731391585760753e-01 4.912621359223300899e-01 4.926108374384236543e-01 5.015290519877675379e-01 5.036231884057971175e-01 4.791666666666666852e-01 4.929577464788732488e-01 4.973821989528796061e-01 4.761904761904761640e-01 4.765100671140939381e-01 4.814814814814814548e-01 4.827586206896551935e-01 4.854368932038835016e-01 4.943820224719100986e-01 5.189873417721518889e-01 5.070422535211267512e-01 4.745762711864406902e-01 4.418604651162790775e-01 4.615384615384615641e-01 
5.208333333333333703e-01 4.869565217391304546e-01 4.894117647058823795e-01 4.925690021231422522e-01 4.950298210735586402e-01 5.000000000000000000e-01 5.036900369003689537e-01 5.009174311926605228e-01 5.009009009009008917e-01 4.982269503546099543e-01 4.973544973544973269e-01 4.973821989528796061e-01 4.991304347826087118e-01 5.000000000000000000e-01 4.991482112436115837e-01 4.983050847457627386e-01 4.974789915966386644e-01 4.949999999999999956e-01 4.967105263157894912e-01 4.924242424242424310e-01 5.089605734767025380e-01 5.125628140703517577e-01 5.098039215686274161e-01 5.041322314049586639e-01 4.795918367346938549e-01 4.512195121951219634e-01 4.683544303797468333e-01 4.637681159420289911e-01 4.833333333333333370e-01 4.912280701754385692e-01 4.901960784313725283e-01 4.693877551020408379e-01 4.545454545454545303e-01 4.594594594594594850e-01 4.705882352941176405e-01 4.827586206896551935e-01 5.416666666666666297e-01 5.000000000000000000e-01 
4.722222222222222099e-01 4.886363636363636465e-01 4.931506849315068219e-01 5.028037383177570430e-01 5.000000000000000000e-01 4.964285714285714413e-01 4.973544973544973269e-01 4.991243432574430927e-01 4.973913043478260798e-01 4.956822107081174655e-01 4.948630136986301165e-01 4.931740614334471084e-01 4.923339011925042530e-01 4.923857868020304340e-01 4.907563025210083807e-01 4.899665551839464950e-01 4.899999999999999911e-01 4.917218543046357748e-01 4.918032786885245811e-01 5.053763440860215006e-01 5.000000000000000000e-01 4.867256637168141387e-01 4.269662921348314488e-01 4.305555555555555802e-01 4.531250000000000000e-01 4.385964912280701511e-01 4.150943396226415283e-01 4.285714285714285476e-01 4.444444444444444198e-01 4.500000000000000111e-01 4.736842105263157632e-01 4.864864864864865135e-01 4.848484848484848619e-01 5.172413793103448620e-01 5.384615384615384359e-01 5.416666666666666297e-01 5.000000000000000000e-01 5.000000000000000000e-01 
4.875346260387811714e-01 5.000000000000000000e-01 4.990757855822550715e-01 4.991023339317773866e-01 4.982394366197183122e-01 4.982456140350877138e-01 4.974003466204506285e-01 4.974182444061961972e-01 4.982935153583617494e-01 4.991482112436115837e-01 4.991482112436115837e-01 4.974533106960950524e-01 4.974619289340101447e-01 4.949664429530201137e-01 4.949664429530201137e-01 4.949999999999999956e-01 4.975124378109452850e-01 5.000000000000000000e-01 4.991789819376026283e-01 5.133079847908744719e-01 4.918032786885245811e-01 4.939759036144578119e-01 4.925373134328357994e-01 5.000000000000000000e-01 5.000000000000000000e-01 5.106382978723403854e-01 5.116279069767442067e-01 5.000000000000000000e-01 4.864864864864865135e-01 4.864864864864865135e-01 5.142857142857142350e-01 5.151515151515151381e-01 5.714285714285713969e-01 5.714285714285713969e-01 5.833333333333333703e-01 5.238095238095238360e-01 4.444444444444444198e-01 4.666666666666666741e-01 
4.966740576496674331e-01 4.990791896869244959e-01 4.982394366197183122e-01 4.982638888888888951e-01 5.008576329331045907e-01 4.991452991452991483e-01 5.000000000000000000e-01 5.000000000000000000e-01 5.000000000000000000e-01 5.008460236886632666e-01 5.008403361344537785e-01 4.974958263772955025e-01 4.991680532445923468e-01 5.000000000000000000e-01 5.024793388429752428e-01 5.016501650165016146e-01 5.008237232289950436e-01 5.024630541871921707e-01 5.032679738562091387e-01 5.144508670520231419e-01 5.185185185185184897e-01 5.357142857142856984e-01 5.416666666666666297e-01 5.121951219512195230e-01 5.384615384615384359e-01 5.277777777777777901e-01 5.277777777777777901e-01 5.294117647058823595e-01 5.151515151515151381e-01 5.172413793103448620e-01 5.999999999999999778e-01 5.652173913043477826e-01 5.454545454545454142e-01 4.736842105263157632e-01 5.000000000000000000e-01 5.294117647058823595e-01 4.666666666666666741e-01 4.166666666666666852e-01 
4.989517819706498769e-01 5.000000000000000000e-01 4.973637961335676816e-01 5.008635578583765513e-01 5.017182130584192379e-01 5.008547008547008517e-01 5.000000000000000000e-01 5.008488964346349270e-01 5.008488964346349270e-01 5.025295109612141209e-01 5.000000000000000000e-01 5.008347245409014992e-01 5.016666666666667052e-01 5.024958402662229595e-01 5.041459369817579139e-01 5.049504950495049549e-01 5.049504950495049549e-01 5.049342105263158187e-01 5.065359477124182774e-01 5.238095238095238360e-01 5.416666666666666297e-01 5.818181818181817899e-01 5.555555555555555802e-01 5.476190476190476719e-01 5.641025641025640969e-01 5.789473684210526550e-01 5.714285714285713969e-01 5.714285714285713969e-01 5.483870967741935054e-01 6.071428571428570953e-01 5.999999999999999778e-01 5.833333333333333703e-01 5.652173913043477826e-01 5.238095238095238360e-01 5.000000000000000000e-01 5.000000000000000000e-01 5.000000000000000000e-01 4.166666666666666852e-01 
4.968017057569296124e-01 4.981273408239700329e-01 5.017857142857142794e-01 4.982456140350877138e-01 5.017301038062284002e-01 5.008635578583765513e-01 5.025728987993138830e-01 5.025728987993138830e-01 5.025641025641025550e-01 5.017064846416382506e-01 5.025553662691651935e-01 5.017006802721087899e-01 5.008460236886632666e-01 5.016778523489933139e-01 5.000000000000000000e-01 5.008319467554076532e-01 5.016611295681062677e-01 5.033003300330033403e-01 5.049180327868852958e-01 5.225806451612903247e-01 5.333333333333333259e-01 5.156250000000000000e-01 5.555555555555555802e-01 5.217391304347825942e-01 5.333333333333333259e-01 5.121951219512195230e-01 5.121951219512195230e-01 5.128205128205127750e-01 5.263157894736841813e-01 5.135135135135134865e-01 5.277777777777777901e-01 5.454545454545454142e-01 5.357142857142856984e-01 5.833333333333333703e-01 5.652173913043477826e-01 5.454545454545454142e-01 5.000000000000000000e-01 4.285714285714285476e-01 
4.955947136563876865e-01 4.961389961389961467e-01 5.009174311926605228e-01 5.044563279857398053e-01 5.000000000000000000e-01 4.982517482517482277e-01 5.008665511265164572e-01 5.000000000000000000e-01 5.025817555938038028e-01 5.025728987993138830e-01 5.025728987993138830e-01 5.025641025641025550e-01 5.034129692832765013e-01 5.025466893039048921e-01 5.042301184433164440e-01 5.041876046901172526e-01 5.024958402662229595e-01 5.049668874172185129e-01 5.049342105263158187e-01 5.294117647058823595e-01 5.471698113207547065e-01 5.316455696202531112e-01 5.079365079365079083e-01 5.535714285714286031e-01 5.769230769230768718e-01 5.531914893617021489e-01 5.652173913043477826e-01 5.348837209302325091e-01 5.365853658536585691e-01 5.365853658536585691e-01 5.384615384615384359e-01 5.263157894736841813e-01 5.428571428571428159e-01 5.151515151515151381e-01 5.185185185185184897e-01 5.652173913043477826e-01 5.000000000000000000e-01 5.000000000000000000e-01 
4.516129032258064391e-01 4.764705882352940902e-01 4.832041343669250533e-01 4.864197530864197705e-01 4.917257683215129904e-01 4.954751131221719618e-01 4.923747276688453245e-01 4.926004228329809997e-01 4.928131416837782108e-01 4.950099800399201389e-01 4.901960784313725283e-01 4.912959381044487150e-01 4.914611005692599566e-01 4.915254237288135819e-01 4.907063197026022561e-01 4.861878453038673831e-01 4.891304347826087029e-01 4.866785079928951929e-01 4.922547332185886471e-01 5.186170212765957022e-01 5.105633802816901268e-01 5.063291139240506666e-01 5.022831050228310223e-01 4.925373134328357994e-01 4.835164835164835195e-01 4.909090909090909061e-01 4.900662251655629187e-01 4.890510948905109623e-01 4.796747967479674801e-01 5.000000000000000000e-01 4.953271028037383172e-01 4.948453608247422864e-01 4.946236559139784994e-01 5.000000000000000000e-01 5.308641975308642236e-01 5.138888888888888395e-01 5.409836065573770947e-01 4.883720930232557933e-01 
5.333333333333333259e-01 5.185185185185184897e-01 5.436893203883494952e-01 4.924242424242424310e-01 4.675324675324675217e-01 4.624277456647398754e-01 4.789473684210526216e-01 4.880382775119617156e-01 4.841628959276018107e-01 4.721030042918454850e-01 4.658634538152610638e-01 4.789272030651340883e-01 4.718309859154929398e-01 4.719471947194719408e-01 4.666666666666666741e-01 4.649122807017543879e-01 4.739726027397260233e-01 4.743589743589743390e-01 4.709821428571428492e-01 4.749568221070811780e-01 4.732965009208103258e-01 4.664107485604606640e-01 4.756097560975609539e-01 4.829787234042552946e-01 4.855875831485587657e-01 4.792626728110598866e-01 4.746987951807228878e-01 4.764267990074441683e-01 4.833759590792838789e-01 4.879999999999999893e-01 4.793388429752066249e-01 4.852941176470588203e-01 4.859813084112149517e-01 4.919093851132685935e-01 4.964539007092198530e-01 4.864864864864865135e-01 4.871794871794871695e-01 5.000000000000000000e-01 
4.666666666666666741e-01 4.828496042216358641e-01 4.963680387409201145e-01 4.953703703703703498e-01 4.867256637168141387e-01 4.936170212765957355e-01 4.989690721649484573e-01 4.969818913480885114e-01 4.970530451866404520e-01 4.990291262135922445e-01 4.971209213051823173e-01 4.924528301886792470e-01 4.915887850467289821e-01 4.907407407407407551e-01 4.936247723132968779e-01 4.963768115942028825e-01 4.991087344028520278e-01 4.991273996509598687e-01 4.991423670668953538e-01 5.277777777777777901e-01 5.224489795918367818e-01 5.023696682464454666e-01 5.052083333333333703e-01 5.290697674418605168e-01 5.129870129870129913e-01 4.964028776978417490e-01 5.039370078740157410e-01 5.043478260869564966e-01 4.954128440366972752e-01 5.048543689320388328e-01 5.319148936170212671e-01 5.393258426966291985e-01 5.476190476190476719e-01 5.333333333333333259e-01 5.138888888888888395e-01 4.920634920634920362e-01 4.901960784313725283e-01 4.878048780487804770e-01 
4.814814814814814548e-01 4.932126696832579427e-01 4.938524590163934636e-01 4.990138067061143934e-01 5.000000000000000000e-01 5.009487666034155851e-01 5.037453183520599342e-01 5.055762081784386242e-01 5.064456721915285842e-01 5.027124773960216508e-01 5.044883303411130671e-01 5.062388591800356386e-01 5.044404973357016209e-01 5.070175438596491446e-01 5.069444444444444198e-01 5.069444444444444198e-01 5.051546391752577136e-01 5.051194539249146409e-01 5.041876046901172526e-01 5.406504065040650397e-01 5.329670329670329609e-01 5.441176470588234837e-01 5.299145299145299193e-01 5.283018867924528239e-01 5.257731958762886793e-01 5.111111111111110716e-01 5.000000000000000000e-01 4.938271604938271331e-01 5.211267605633802535e-01 5.074626865671642006e-01 4.920634920634920362e-01 5.081967213114754189e-01 4.814814814814814548e-01 4.791666666666666852e-01 4.791666666666666852e-01 5.000000000000000000e-01 5.000000000000000000e-01 5.185185185185184897e-01 
4.798994974874372099e-01 4.978260869565217517e-01 4.959677419354838745e-01 5.009823182711198308e-01 5.000000000000000000e-01 5.028248587570621764e-01 5.027932960893854997e-01 5.055350553505535416e-01 5.054545454545454897e-01 5.009009009009008917e-01 5.017921146953404632e-01 5.017730496453900457e-01 5.035211267605633756e-01 5.017543859649122862e-01 5.017361111111111605e-01 5.034482758620689724e-01 5.000000000000000000e-01 5.017006802721087899e-01 5.008375209380234727e-01 5.398230088495574730e-01 5.121951219512195230e-01 5.234375000000000000e-01 5.043478260869564966e-01 5.096153846153845812e-01 4.946236559139784994e-01 4.942528735632183978e-01 4.756097560975609539e-01 4.729729729729729715e-01 5.072463768115942351e-01 5.000000000000000000e-01 5.000000000000000000e-01 4.821428571428571508e-01 5.000000000000000000e-01 5.000000000000000000e-01 4.772727272727272929e-01 5.250000000000000222e-01 5.000000000000000000e-01 5.185185185185184897e-01 
5.000000000000000000e-01 4.959349593495934738e-01 5.009784735812132794e-01 5.019157088122605526e-01 5.046728971962616273e-01 5.036764705882352811e-01 5.018181818181818299e-01 5.044883303411130671e-01 5.008880994671403020e-01 5.000000000000000000e-01 5.008787346221441616e-01 5.000000000000000000e-01 5.000000000000000000e-01 5.008665511265164572e-01 4.991423670668953538e-01 4.982876712328767055e-01 4.991482112436115837e-01 4.983108108108108003e-01 5.008347245409014992e-01 5.000000000000000000e-01 5.151515151515151381e-01 4.955752212389380462e-01 4.901960784313725283e-01 4.719101123595505487e-01 4.749999999999999778e-01 4.864864864864865135e-01 4.626865671641791078e-01 4.918032786885245811e-01 5.000000000000000000e-01 4.909090909090909061e-01 5.000000000000000000e-01 5.000000000000000000e-01 4.893617021276595591e-01 5.121951219512195230e-01 5.250000000000000222e-01 5.135135135135134865e-01 5.312500000000000000e-01 4.799999999999999822e-01 
4.988399071925754269e-01 4.948875255623721992e-01 5.019607843137254832e-01 5.000000000000000000e-01 5.056603773584905648e-01 5.064935064935064402e-01 5.027422303473492171e-01 5.045372050816696596e-01 5.035842293906810374e-01 5.008880994671403020e-01 5.017730496453900457e-01 5.026455026455026731e-01 5.008756567425569628e-01 5.017482517482517723e-01 5.008635578583765513e-01 5.000000000000000000e-01 5.000000000000000000e-01 5.000000000000000000e-01 5.008375209380234727e-01 5.077720207253886286e-01 5.259259259259259078e-01 5.000000000000000000e-01 5.096153846153845812e-01 4.787234042553191737e-01 4.705882352941176405e-01 4.935064935064935043e-01 4.794520547945205213e-01 4.848484848484848619e-01 5.081967213114754189e-01 5.000000000000000000e-01 4.912280701754385692e-01 5.094339622641509413e-01 5.000000000000000000e-01 5.111111111111110716e-01 5.250000000000000222e-01 5.250000000000000222e-01 5.294117647058823595e-01 5.185185185185184897e-01 
4.988962472406180959e-01 4.989979959919839669e-01 5.029354207436399493e-01 5.019083969465648609e-01 5.046382189239332350e-01 5.045871559633027248e-01 5.036496350364964014e-01 5.054151624548736121e-01 5.026833631484793896e-01 5.026642984014209059e-01 5.044247787610619538e-01 5.061511423550087985e-01 5.043630017452006564e-01 5.052264808362368909e-01 5.034602076124568004e-01 5.025728987993138830e-01 5.025553662691651935e-01 5.033783783783783994e-01 5.041876046901172526e-01 5.204678362573099681e-01 5.280000000000000249e-01 5.132743362831858613e-01 5.200000000000000178e-01 5.058823529411764497e-01 5.063291139240506666e-01 5.131578947368421462e-01 5.000000000000000000e-01 5.230769230769231060e-01 5.245901639344262568e-01 5.084745762711864181e-01 4.909090909090909061e-01 5.098039215686274161e-01 5.000000000000000000e-01 5.217391304347825942e-01 5.365853658536585691e-01 5.405405405405405705e-01 5.312500000000000000e-01 5.185185185185184897e-01 
5.010752688172043223e-01 5.009980039920159944e-01 5.000000000000000000e-01 5.018796992481202590e-01 5.036630036630036500e-01 5.036630036630036500e-01 5.054151624548736121e-01 5.044722719141323530e-01 5.017793594306050320e-01 5.017667844522968323e-01 5.035087719298245723e-01 5.043630017452006564e-01 5.034843205574912606e-01 5.008635578583765513e-01 5.008576329331045907e-01 5.008517887563883608e-01 5.008488964346349270e-01 5.008431703204047070e-01 5.025041736227044975e-01 5.094339622641509413e-01 5.121951219512195230e-01 5.188679245283018826e-01 5.108695652173913526e-01 5.000000000000000000e-01 5.000000000000000000e-01 4.857142857142857095e-01 4.923076923076923350e-01 5.161290322580645018e-01 5.172413793103448620e-01 5.000000000000000000e-01 4.901960784313725283e-01 5.000000000000000000e-01 5.333333333333333259e-01 5.365853658536585691e-01 5.405405405405405705e-01 5.428571428571428159e-01 5.483870967741935054e-01 5.200000000000000178e-01 
5.052854122621563970e-01 5.019841269841269771e-01 4.980842911877394474e-01 5.037037037037036535e-01 5.045871559633027248e-01 5.045537340619308253e-01 5.063063063063063529e-01 5.044722719141323530e-01 5.044404973357016209e-01 5.035335689045936647e-01 5.061511423550087985e-01 5.078534031413612926e-01 5.069686411149826322e-01 5.034482758620689724e-01 5.042881646655231753e-01 5.042589437819420262e-01 5.050847457627118953e-01 5.042158516020236458e-01 5.058626465661641980e-01 5.099337748344371368e-01 5.250000000000000222e-01 5.490196078431373028e-01 5.238095238095238360e-01 5.189873417721518889e-01 5.200000000000000178e-01 5.072463768115942351e-01 5.230769230769231060e-01 5.245901639344262568e-01 5.344827586206896131e-01 5.090909090909090384e-01 4.901960784313725283e-01 5.000000000000000000e-01 5.454545454545454142e-01 5.365853658536585691e-01 5.405405405405405705e-01 5.294117647058823595e-01 5.483870967741935054e-01 5.185185185185184897e-01 
4.955752212389380462e-01 5.061224489795917991e-01 5.039525691699604515e-01 5.038461538461538325e-01 5.009487666034155851e-01 5.046554934823090921e-01 5.055350553505535416e-01 5.027422303473492171e-01 5.027322404371584730e-01 5.072202166064981865e-01 5.053763440860215006e-01 5.071428571428571175e-01 5.088652482269503396e-01 5.131810193321616476e-01 5.130890052356020803e-01 5.112651646447140541e-01 5.111492281303602336e-01 5.093378607809847525e-01 5.117845117845117864e-01 5.581395348837209225e-01 5.373134328358208922e-01 5.508474576271186196e-01 5.576923076923077094e-01 5.773195876288659267e-01 5.632183908045976795e-01 5.609756097560976151e-01 5.844155844155843882e-01 5.866666666666666696e-01 5.571428571428571619e-01 5.757575757575758013e-01 5.625000000000000000e-01 5.500000000000000444e-01 5.090909090909090384e-01 5.098039215686274161e-01 5.319148936170212671e-01 5.365853658536585691e-01 5.714285714285713969e-01 5.333333333333333259e-01 
4.966887417218542877e-01 5.060975609756097615e-01 5.039370078740157410e-01 5.019157088122605526e-01 5.009487666034155851e-01 5.046728971962616273e-01 5.046210720887245316e-01 5.027422303473492171e-01 5.036363636363636598e-01 5.072202166064981865e-01 5.053763440860215006e-01 5.062611806797853164e-01 5.079928952042628287e-01 5.123239436619718701e-01 5.113438045375218177e-01 5.121527777777777901e-01 5.111492281303602336e-01 5.102040816326530726e-01 5.117845117845117864e-01 5.555555555555555802e-01 5.378787878787878451e-01 5.517241379310344751e-01 5.686274509803921351e-01 5.773195876288659267e-01 5.617977528089888040e-01 5.662650602409639022e-01 5.844155844155843882e-01 5.810810810810810301e-01 5.571428571428571619e-01 5.757575757575758013e-01 5.692307692307692069e-01 5.573770491803278215e-01 5.178571428571429047e-01 5.294117647058823595e-01 5.208333333333333703e-01 5.365853658536585691e-01 5.555555555555555802e-01 5.333333333333333259e-01 
5.000000000000000000e-01 5.070707070707071162e-01 5.029469548133594925e-01 5.019157088122605526e-01 5.028355387523629760e-01 5.046728971962616273e-01 5.027624309392265678e-01 5.027422303473492171e-01 5.054347826086956763e-01 5.072202166064981865e-01 5.053763440860215006e-01 5.062611806797853164e-01 5.088967971530249379e-01 5.122807017543860031e-01 5.113438045375218177e-01 5.121527777777777901e-01 5.111492281303602336e-01 5.093696763202725242e-01 5.126050420168066779e-01 5.487804878048780921e-01 5.348837209302325091e-01 5.565217391304347894e-01 5.686274509803921351e-01 5.684210526315789380e-01 5.617977528089888040e-01 5.802469135802469369e-01 5.844155844155843882e-01 5.694444444444444198e-01 5.571428571428571619e-01 5.757575757575758013e-01 5.692307692307692069e-01 5.483870967741935054e-01 5.185185185185184897e-01 5.294117647058823595e-01 5.208333333333333703e-01 5.365853658536585691e-01 5.675675675675675436e-01 5.172413793103448620e-01 
4.966592427616926542e-01 5.071868583162217892e-01 5.049900199600798611e-01 5.009671179883945502e-01 5.038314176245211051e-01 5.056818181818182323e-01 5.046728971962616273e-01 5.046382189239332350e-01 5.027624309392265678e-01 5.045537340619308253e-01 5.018050541516245744e-01 5.008976660682226134e-01 5.008944543828264262e-01 5.008944543828264262e-01 5.035335689045936647e-01 5.052447552447552059e-01 5.060658578856152001e-01 5.051194539249146409e-01 5.059221658206429773e-01 5.371428571428571441e-01 5.109489051094890932e-01 5.203252032520325754e-01 5.420560747663550893e-01 5.294117647058823595e-01 5.208333333333333703e-01 5.280898876404493958e-01 5.294117647058823595e-01 5.432098765432098464e-01 5.333333333333333259e-01 5.571428571428571619e-01 5.671641791044775838e-01 5.692307692307692069e-01 5.692307692307692069e-01 5.517241379310344751e-01 5.384615384615384359e-01 5.319148936170212671e-01 5.526315789473684736e-01 5.454545454545454142e-01 
4.955555555555555824e-01 5.071868583162217892e-01 5.060000000000000053e-01 5.019531250000000000e-01 5.038314176245211051e-01 5.047619047619047450e-01 5.056390977443608881e-01 5.046728971962616273e-01 5.027829313543599188e-01 5.027522935779816793e-01 5.018181818181818299e-01 4.990958408679927460e-01 4.982014388489208745e-01 4.973166368515205549e-01 4.973262032085561390e-01 5.008787346221441616e-01 5.017421602787456303e-01 5.008576329331045907e-01 5.017006802721087899e-01 5.287356321839080664e-01 4.963503649635036541e-01 5.000000000000000000e-01 5.178571428571429047e-01 5.098039215686274161e-01 5.050505050505050830e-01 5.000000000000000000e-01 5.056179775280899014e-01 5.176470588235294601e-01 5.189873417721518889e-01 5.270270270270269730e-01 5.492957746478873693e-01 5.588235294117647189e-01 5.692307692307692069e-01 5.714285714285713969e-01 5.454545454545454142e-01 5.400000000000000355e-01 5.609756097560976151e-01 5.555555555555555802e-01 
4.944567627494456663e-01 5.051334702258727383e-01 5.059760956175298752e-01 5.049115913555992652e-01 5.047984644913627861e-01 5.038167938931297218e-01 5.065913370998116338e-01 5.065666041275797005e-01 5.046554934823090921e-01 5.055350553505535416e-01 5.072992700729926918e-01 5.045207956600361587e-01 5.035971223021582510e-01 5.026833631484793896e-01 5.026737967914438610e-01 5.053003533568904970e-01 5.069686411149826322e-01 5.077720207253886286e-01 5.059625212947188588e-01 5.491329479768786159e-01 5.255474452554744769e-01 5.245901639344262568e-01 5.304347826086956985e-01 5.339805825242718296e-01 5.400000000000000355e-01 5.268817204301075030e-01 5.274725274725274859e-01 5.402298850574712707e-01 5.365853658536585691e-01 5.263157894736841813e-01 5.492957746478873693e-01 5.588235294117647189e-01 5.692307692307692069e-01 5.714285714285713969e-01 5.517241379310344751e-01 5.400000000000000355e-01 5.333333333333333259e-01 5.675675675675675436e-01 
4.956331877729257540e-01 5.051124744376278564e-01 5.059523809523809312e-01 5.058365758754863606e-01 5.038314176245211051e-01 5.057034220532319324e-01 5.065913370998116338e-01 5.056179775280899014e-01 5.064935064935064402e-01 5.036764705882352811e-01 5.027322404371584730e-01 5.009041591320072540e-01 5.009009009009008917e-01 5.008976660682226134e-01 5.008880994671403020e-01 5.017667844522968323e-01 5.034843205574912606e-01 5.025906735751295429e-01 5.025553662691651935e-01 5.361445783132530174e-01 5.111111111111110716e-01 5.083333333333333037e-01 5.090909090909090384e-01 5.196078431372549433e-01 5.102040816326530726e-01 5.053763440860215006e-01 5.111111111111110716e-01 5.058823529411764497e-01 5.250000000000000222e-01 5.333333333333333259e-01 5.492957746478873693e-01 5.507246376811594235e-01 5.522388059701492935e-01 5.573770491803278215e-01 5.517241379310344751e-01 5.400000000000000355e-01 5.555555555555555802e-01 5.675675675675675436e-01 
4.933628318584070693e-01 5.041322314049586639e-01 5.060000000000000053e-01 5.039215686274509665e-01 5.067437379576107404e-01 5.076628352490420992e-01 5.075757575757575690e-01 5.065913370998116338e-01 5.065420560747663226e-01 5.064935064935064402e-01 5.064695009242143886e-01 5.081967213114754189e-01 5.072463768115942351e-01 5.063063063063063529e-01 5.053763440860215006e-01 5.053191489361702482e-01 5.061511423550087985e-01 5.095652173913043370e-01 5.068259385665528916e-01 5.581395348837209225e-01 5.357142857142856984e-01 5.322580645161290036e-01 5.438596491228070429e-01 5.333333333333333259e-01 5.294117647058823595e-01 5.312500000000000000e-01 5.376344086021505042e-01 5.393258426966291985e-01 5.411764705882352589e-01 5.421686746987951500e-01 5.333333333333333259e-01 5.416666666666666297e-01 5.507246376811594235e-01 5.606060606060605522e-01 5.666666666666666519e-01 5.636363636363636020e-01 5.306122448979592177e-01 5.789473684210526550e-01 
4.933035714285714524e-01 5.041322314049586639e-01 5.090543259557344102e-01 5.059055118110236116e-01 5.077519379844961378e-01 5.076923076923076650e-01 5.086042065009560575e-01 5.075471698113207530e-01 5.065666041275797005e-01 5.074626865671642006e-01 5.092592592592593004e-01 5.092250922509224953e-01 5.091240875912408370e-01 5.099818511796733178e-01 5.080789946140036317e-01 5.071428571428571175e-01 5.097001763668430607e-01 5.078809106830122211e-01 5.076923076923076650e-01 5.625000000000000000e-01 5.428571428571428159e-01 5.275590551181101873e-01 5.431034482758620996e-01 5.370370370370370905e-01 5.384615384615384359e-01 5.346534653465346842e-01 5.425531914893616525e-01 5.494505494505494969e-01 5.454545454545454142e-01 5.357142857142856984e-01 5.365853658536585691e-01 5.394736842105263275e-01 5.342465753424657793e-01 5.522388059701492935e-01 5.625000000000000000e-01 5.438596491228070429e-01 5.660377358490565891e-01 5.897435897435897578e-01 
4.874141876430205800e-01 5.000000000000000000e-01 5.040816326530612734e-01 5.069582504970179260e-01 5.058823529411764497e-01 5.048355899419729731e-01 5.076923076923076650e-01 5.105162523900573790e-01 5.094339622641509413e-01 5.075187969924812581e-01 5.074626865671642006e-01 5.083487940630797564e-01 5.082872928176795924e-01 5.091575091575091250e-01 5.090909090909090384e-01 5.080789946140036317e-01 5.088967971530249379e-01 5.078809106830122211e-01 5.068728522336769515e-01 5.721925133689839127e-01 5.540540540540540571e-01 5.447761194029850929e-01 5.371900826446280863e-01 5.438596491228070429e-01 5.514018691588784549e-01 5.384615384615384359e-01 5.247524752475247745e-01 5.319148936170212671e-01 5.434782608695651884e-01 5.454545454545454142e-01 5.411764705882352589e-01 5.432098765432098464e-01 5.384615384615384359e-01 5.405405405405405705e-01 5.522388059701492935e-01 5.483870967741935054e-01 5.660377358490565891e-01 5.952380952380952328e-01 
4.885844748858447217e-01 4.978813559322033955e-01 5.010309278350515427e-01 5.050100200400801098e-01 5.068762278978389269e-01 5.067961165048543437e-01 5.057915057915057799e-01 5.076923076923076650e-01 5.104761904761905278e-01 5.103969754253308011e-01 5.131086142322097698e-01 5.130597014925373234e-01 5.139146567717995939e-01 5.138121546961326169e-01 5.155393053016453786e-01 5.126811594202898004e-01 5.124999999999999556e-01 5.140845070422535024e-01 5.137931034482758896e-01 5.860215053763441206e-01 5.789473684210526550e-01 5.755395683453237154e-01 5.679999999999999494e-01 5.652173913043477826e-01 5.688073394495413160e-01 5.754716981132075304e-01 5.673076923076922906e-01 5.555555555555555802e-01 5.578947368421052211e-01 5.444444444444443976e-01 5.454545454545454142e-01 5.411764705882352589e-01 5.432098765432098464e-01 5.324675324675324228e-01 5.555555555555555802e-01 5.625000000000000000e-01 5.535714285714286031e-01 5.681818181818182323e-01 
4.859813084112149517e-01 4.978723404255319118e-01 5.031055900621117516e-01 5.020325203252032908e-01 5.049701789264413598e-01 5.068762278978389269e-01 5.067961165048543437e-01 5.057915057915057799e-01 5.086372360844529927e-01 5.105162523900573790e-01 5.104364326375711025e-01 5.131086142322097698e-01 5.130597014925373234e-01 5.120593692022263888e-01 5.129151291512915600e-01 5.145985401459853836e-01 5.135623869801084762e-01 5.150976909413854665e-01 5.121527777777777901e-01 5.867346938775510612e-01 5.779220779220779480e-01 5.673758865248227368e-01 5.757575757575758013e-01 5.702479338842975087e-01 5.652173913043477826e-01 5.688073394495413160e-01 5.754716981132075304e-01 5.631067961165048263e-01 5.544554455445545038e-01 5.567010309278350721e-01 5.444444444444443976e-01 5.454545454545454142e-01 5.529411764705882693e-01 5.487804878048780921e-01 5.394736842105263275e-01 5.492957746478873693e-01 5.409836065573770947e-01 5.833333333333333703e-01 
4.916467780429594203e-01 4.956331877729257540e-01 5.000000000000000000e-01 5.031055900621117516e-01 5.020325203252032908e-01 5.049701789264413598e-01 5.079051383399209030e-01 5.078431372549019329e-01 5.058139534883721034e-01 5.086372360844529927e-01 5.066921606118547361e-01 5.057251908396946938e-01 5.094696969696970168e-01 5.084427767354596783e-01 5.102420856610800914e-01 5.083179297597042456e-01 5.100548446069469444e-01 5.089928057553957386e-01 5.095986038394415552e-01 5.609756097560976151e-01 5.662650602409639022e-01 5.616438356164383805e-01 5.531914893617021489e-01 5.606060606060605522e-01 5.537190082644628530e-01 5.423728813559322015e-01 5.438596491228070429e-01 5.555555555555555802e-01 5.436893203883494952e-01 5.544554455445545038e-01 5.600000000000000533e-01 5.416666666666666297e-01 5.494505494505494969e-01 5.402298850574712707e-01 5.542168674698795261e-01 5.454545454545454142e-01 5.588235294117647189e-01 5.686274509803921351e-01 
4.904306220095693836e-01 4.933920704845815020e-01 4.989473684210526394e-01 5.010351966873706209e-01 5.040983606557376540e-01 5.030060120240480437e-01 5.059523809523809312e-01 5.088757396449704595e-01 5.068493150684931781e-01 5.048543689320388328e-01 5.009596928982725794e-01 4.990439770554493393e-01 4.980916030534351391e-01 5.000000000000000000e-01 5.000000000000000000e-01 5.018518518518518823e-01 5.000000000000000000e-01 5.027322404371584730e-01 5.035211267605633756e-01 5.436893203883494952e-01 5.470588235294118196e-01 5.369127516778523512e-01 5.319148936170212671e-01 5.220588235294117974e-01 5.280000000000000249e-01 5.166666666666667185e-01 5.042735042735042583e-01 5.132743362831858613e-01 5.229357798165137350e-01 5.436893203883494952e-01 5.544554455445545038e-01 5.600000000000000533e-01 5.520833333333333703e-01 5.555555555555555802e-01 5.476190476190476719e-01 5.609756097560976151e-01 5.466666666666666341e-01 5.535714285714286031e-01 
4.878048780487804770e-01 4.909909909909909720e-01 4.956521739130435034e-01 5.000000000000000000e-01 5.000000000000000000e-01 5.010266940451745254e-01 5.070993914807302438e-01 5.020000000000000018e-01 5.069306930693069368e-01 5.078740157480314821e-01 5.088062622309197369e-01 5.087378640776698546e-01 5.067178502879078339e-01 5.047801147227533036e-01 5.057034220532319324e-01 5.065913370998116338e-01 5.064935064935064402e-01 5.064456721915285842e-01 5.097345132743362761e-01 5.607476635514018204e-01 5.666666666666666519e-01 5.609756097560976151e-01 5.547945205479452024e-01 5.571428571428571619e-01 5.547445255474452441e-01 5.343511450381679406e-01 5.564516129032257563e-01 5.378151260504201447e-01 5.344827586206896131e-01 5.309734513274336765e-01 5.321100917431192956e-01 5.436893203883494952e-01 5.544554455445545038e-01 5.510204081632652517e-01 5.483870967741935054e-01 5.529411764705882693e-01 5.555555555555555802e-01 5.423728813559322015e-01 
4.861460957178841413e-01 4.822695035460992652e-01 4.898419864559819259e-01 4.955947136563876865e-01 5.010706638115631772e-01 5.000000000000000000e-01 5.000000000000000000e-01 5.020491803278688270e-01 5.060483870967742437e-01 5.050301810865190921e-01 5.039840637450199168e-01 5.049504950495049549e-01 5.029469548133594925e-01 5.019455252918287869e-01 5.009633911368015502e-01 5.009560229445506607e-01 5.018867924528301883e-01 5.000000000000000000e-01 5.009174311926605228e-01 5.462555066079295418e-01 5.621890547263681537e-01 5.524861878453038999e-01 5.411764705882352589e-01 5.286624203821655987e-01 5.347222222222222099e-01 5.362318840579710644e-01 5.294117647058823595e-01 5.156250000000000000e-01 5.196850393700787052e-01 5.245901639344262568e-01 5.210084033613445742e-01 5.304347826086956985e-01 5.363636363636363757e-01 5.428571428571428159e-01 5.445544554455445940e-01 5.425531914893616525e-01 5.581395348837209225e-01 5.569620253164556667e-01 
4.837092731829573666e-01 4.872389791183294738e-01 4.910714285714285476e-01 4.945533769063180651e-01 5.000000000000000000e-01 4.989604989604989882e-01 5.000000000000000000e-01 5.050916496945010437e-01 5.050301810865190921e-01 5.060000000000000053e-01 5.069582504970179260e-01 5.049309664694280331e-01 5.038910505836575737e-01 5.038610038610038533e-01 5.028790786948176272e-01 5.019083969465648609e-01 5.028248587570621764e-01 5.027829313543599188e-01 5.054545454545454897e-01 5.555555555555555802e-01 5.595854922279792643e-01 5.568181818181817677e-01 5.515151515151515138e-01 5.400000000000000355e-01 5.454545454545454142e-01 5.434782608695651884e-01 5.263157894736841813e-01 5.275590551181101873e-01 5.241935483870967527e-01 5.206611570247934306e-01 5.299145299145299193e-01 5.363636363636363757e-01 5.377358490566037652e-01 5.436893203883494952e-01 5.500000000000000444e-01 5.483870967741935054e-01 5.529411764705882693e-01 5.405405405405405705e-01 
4.861460957178841413e-01 4.836448598130841381e-01 4.909909909909909720e-01 4.945054945054945250e-01 5.010706638115631772e-01 5.010438413361169019e-01 4.989690721649484573e-01 5.020491803278688270e-01 5.040322580645161255e-01 5.070140280561121759e-01 5.079681274900398336e-01 5.089463220675943811e-01 5.049115913555992652e-01 5.058365758754863606e-01 5.048169556840077510e-01 5.047801147227533036e-01 5.075757575757575690e-01 5.046554934823090921e-01 5.036764705882352811e-01 5.550660792951541689e-01 5.714285714285713969e-01 5.611111111111111160e-01 5.562130177514792440e-01 5.414012738853503093e-01 5.448275862068965303e-01 5.539568345323740983e-01 5.441176470588234837e-01 5.390625000000000000e-01 5.280000000000000249e-01 5.245901639344262568e-01 5.206611570247934306e-01 5.391304347826086918e-01 5.363636363636363757e-01 5.428571428571428159e-01 5.445544554455445940e-01 5.312500000000000000e-01 5.517241379310344751e-01 5.625000000000000000e-01 
4.859335038363171155e-01 4.856459330143540476e-01 4.920634920634920362e-01 4.933035714285714524e-01 4.967320261437908613e-01 4.989293361884368228e-01 5.000000000000000000e-01 5.000000000000000000e-01 5.020491803278688270e-01 5.030303030303030498e-01 5.000000000000000000e-01 4.990019960079840056e-01 5.009940357852882276e-01 4.980237154150197743e-01 4.980544747081712131e-01 4.990328820116053943e-01 4.971319311663480178e-01 4.990619136960600111e-01 4.972273567467652700e-01 5.364806866952789299e-01 5.436893203883494952e-01 5.355191256830601487e-01 5.340909090909090606e-01 5.272727272727272263e-01 5.222929936305732435e-01 5.205479452054794232e-01 5.214285714285714635e-01 5.147058823529411242e-01 5.116279069767442067e-01 5.238095238095238360e-01 5.284552845528455167e-01 5.206611570247934306e-01 5.338983050847457834e-01 5.363636363636363757e-01 5.327102803738317238e-01 5.445544554455445940e-01 5.384615384615384359e-01 5.542168674698795261e-01 
4.869109947643979197e-01 4.889975550122249159e-01 4.896551724137930828e-01 4.943820224719100986e-01 4.966887417218542877e-01 4.967462039045553168e-01 4.989384288747346075e-01 5.000000000000000000e-01 5.000000000000000000e-01 5.010183299389001643e-01 4.969818913480885114e-01 4.959839357429718931e-01 4.960159362549800832e-01 4.960317460317460458e-01 4.921568627450980116e-01 4.951644100580270824e-01 4.942307692307692513e-01 4.952919020715630949e-01 4.935304990757855559e-01 5.247933884297520946e-01 5.255813953488371881e-01 5.291005291005290712e-01 5.195530726256982756e-01 5.146198830409356439e-01 5.153374233128834581e-01 5.098039215686274161e-01 5.068493150684931781e-01 5.071428571428571175e-01 5.037593984962406291e-01 5.196850393700787052e-01 5.238095238095238360e-01 5.245901639344262568e-01 5.250000000000000222e-01 5.438596491228070429e-01 5.327102803738317238e-01 5.384615384615384359e-01 5.376344086021505042e-01 5.542168674698795261e-01 
4.855643044619422644e-01 4.878048780487804770e-01 4.872979214780600588e-01 4.943566591422121625e-01 4.944567627494456663e-01 4.967320261437908613e-01 4.956896551724138122e-01 5.000000000000000000e-01 5.010438413361169019e-01 5.010309278350515427e-01 5.000000000000000000e-01 4.959839357429718931e-01 4.959999999999999964e-01 4.960159362549800832e-01 4.950495049504950451e-01 4.922178988326848526e-01 4.942307692307692513e-01 4.952741020793950955e-01 4.925925925925925819e-01 5.267489711934156826e-01 5.280373831775700966e-01 5.340314136125654532e-01 5.193370165745856415e-01 5.202312138728323321e-01 5.151515151515151381e-01 5.187500000000000444e-01 5.067567567567567988e-01 5.034482758620689724e-01 5.035971223021582510e-01 5.076923076923076650e-01 5.238095238095238360e-01 5.241935483870967527e-01 5.245901639344262568e-01 5.294117647058823595e-01 5.454545454545454142e-01 5.384615384615384359e-01 5.368421052631578982e-01 5.595238095238095344e-01 
4.855643044619422644e-01 4.852941176470588203e-01 4.861751152073732762e-01 4.932432432432432567e-01 4.955555555555555824e-01 4.956140350877192846e-01 4.978354978354978533e-01 5.010570824524313016e-01 5.000000000000000000e-01 5.020661157024793875e-01 5.040650406504064707e-01 4.979919678714859188e-01 4.989979959919839669e-01 4.980079681274900416e-01 4.980158730158730229e-01 4.960937500000000000e-01 4.980694980694980734e-01 4.952380952380952550e-01 4.944029850746268773e-01 5.308641975308642236e-01 5.370370370370370905e-01 5.421052631578947567e-01 5.277777777777777901e-01 5.229885057471264087e-01 5.238095238095238360e-01 5.185185185185184897e-01 5.099337748344371368e-01 5.136986301369863561e-01 5.071428571428571175e-01 5.000000000000000000e-01 5.238095238095238360e-01 5.200000000000000178e-01 5.245901639344262568e-01 5.250000000000000222e-01 5.357142857142856984e-01 5.283018867924528239e-01 5.454545454545454142e-01 5.568181818181817677e-01 
4.880636604774535869e-01 4.814814814814814548e-01 4.883177570093458209e-01 4.897494305239180057e-01 4.944320712694877384e-01 4.967177242888402566e-01 4.967462039045553168e-01 5.000000000000000000e-01 4.989473684210526394e-01 5.000000000000000000e-01 4.979338842975206680e-01 4.959349593495934738e-01 4.949698189134809079e-01 4.930139720558882055e-01 4.940239043824701248e-01 4.940476190476190688e-01 4.922480620155038622e-01 4.932821497120921106e-01 4.925093632958801315e-01 5.182186234817813819e-01 5.342465753424657793e-01 5.255102040816326259e-01 5.243243243243242979e-01 5.142857142857142350e-01 5.089820359281437279e-01 5.092024539877300082e-01 5.000000000000000000e-01 5.033557046979866278e-01 5.000000000000000000e-01 5.071428571428571175e-01 5.151515151515151381e-01 5.196850393700787052e-01 5.284552845528455167e-01 5.245901639344262568e-01 5.250000000000000222e-01 5.370370370370370905e-01 5.339805825242718296e-01 5.444444444444443976e-01 
4.918478260869565410e-01 4.836272040302266872e-01 4.841849148418491677e-01 4.871194379391100560e-01 4.896551724137930828e-01 4.932432432432432567e-01 4.944567627494456663e-01 4.978070175438596423e-01 4.967462039045553168e-01 5.000000000000000000e-01 5.021276595744680327e-01 4.989517819706498769e-01 4.979338842975206680e-01 4.939024390243902385e-01 4.949899799599198347e-01 4.940239043824701248e-01 4.930693069306930632e-01 4.932301740812379265e-01 4.943396226415094352e-01 5.117187500000000000e-01 5.286343612334801767e-01 5.305164319248826255e-01 5.279187817258883531e-01 5.238095238095238360e-01 5.166666666666667185e-01 5.144508670520231419e-01 5.059523809523809312e-01 5.092024539877300082e-01 5.000000000000000000e-01 4.935064935064935043e-01 5.034013605442176909e-01 5.071428571428571175e-01 5.227272727272727071e-01 5.200000000000000178e-01 5.245901639344262568e-01 5.294117647058823595e-01 5.327102803738317238e-01 5.319148936170212671e-01 
4.905149051490514944e-01 4.873096446700507789e-01 4.829268292682926678e-01 4.847058823529411531e-01 4.896551724137930828e-01 4.897959183673469274e-01 4.933333333333333459e-01 4.967032967032967150e-01 4.989106753812636019e-01 4.989247311827956777e-01 4.989339019189765190e-01 4.968287526427061507e-01 4.989604989604989882e-01 4.938524590163934636e-01 4.919354838709677491e-01 4.919999999999999929e-01 4.920318725099601664e-01 4.911937377690802076e-01 4.914611005692599566e-01 5.098039215686274161e-01 5.173913043478260976e-01 5.280373831775700966e-01 5.276381909547738225e-01 5.185185185185184897e-01 5.191256830601093109e-01 5.114942528735632044e-01 5.029585798816568198e-01 4.969696969696969502e-01 4.968553459119496862e-01 4.967741935483870885e-01 5.033112582781457123e-01 4.965034965034965109e-01 5.147058823529411242e-01 5.234375000000000000e-01 5.241935483870967527e-01 5.245901639344262568e-01 5.309734513274336765e-01 5.360824742268041065e-01 
4.862637362637362570e-01 4.935400516795865888e-01 4.849246231155778797e-01 4.820143884892086339e-01 4.859154929577464976e-01 4.872979214780600588e-01 4.909090909090909061e-01 4.911111111111111094e-01 4.955947136563876865e-01 4.978070175438596423e-01 4.989200863930885466e-01 4.978540772532188963e-01 4.989384288747346075e-01 4.968553459119496862e-01 4.907597535934291599e-01 4.878542510121457454e-01 4.899598393574297051e-01 4.871287128712871173e-01 4.885057471264367956e-01 5.115384615384614975e-01 5.021097046413501852e-01 5.176991150442478151e-01 5.265700483091787509e-01 5.202020202020202211e-01 5.183246073298429790e-01 5.108695652173913526e-01 5.114942528735632044e-01 5.000000000000000000e-01 4.940476190476190688e-01 4.906832298136645787e-01 4.936708860759493889e-01 4.901960784313725283e-01 4.965986394557823091e-01 5.182481751824817851e-01 5.307692307692307709e-01 5.238095238095238360e-01 5.378151260504201447e-01 5.392156862745097756e-01 
4.890710382513661081e-01 4.885496183206106680e-01 4.827586206896551935e-01 4.822695035460992652e-01 4.872389791183294738e-01 4.896551724137930828e-01 4.921700223713646460e-01 4.955947136563876865e-01 4.967032967032967150e-01 4.989106753812636019e-01 4.989247311827956777e-01 5.000000000000000000e-01 4.978991596638655537e-01 4.948240165631470067e-01 4.898373983739837123e-01 4.909090909090909061e-01 4.939999999999999947e-01 4.921259842519685179e-01 4.933078393881453194e-01 5.116279069767442067e-01 5.151515151515151381e-01 5.275229357798164598e-01 5.323383084577114621e-01 5.233160621761657749e-01 5.185185185185184897e-01 5.141242937853107708e-01 5.058823529411764497e-01 5.029585798816568198e-01 4.969696969696969502e-01 4.968553459119496862e-01 4.935064935064935043e-01 5.000000000000000000e-01 5.106382978723403854e-01 5.303030303030302761e-01 5.271317829457364823e-01 5.161290322580645018e-01 5.258620689655172376e-01 5.247524752475247745e-01 
4.890109890109889945e-01 4.909090909090909061e-01 4.874371859296482423e-01 4.816625916870415636e-01 4.834123222748815119e-01 4.861111111111111049e-01 4.874141876430205800e-01 4.932432432432432567e-01 4.933333333333333459e-01 4.955947136563876865e-01 4.945295404814004647e-01 4.935064935064935043e-01 4.946466809421841693e-01 4.915611814345991482e-01 4.896265560165974917e-01 4.836734693877551283e-01 4.838056680161943457e-01 4.841269841269841279e-01 4.855491329479768581e-01 5.000000000000000000e-01 4.979079497907950014e-01 5.044247787610619538e-01 5.162790697674418672e-01 5.148514851485148647e-01 5.104166666666666297e-01 5.080213903743315829e-01 4.944444444444444642e-01 4.942528735632183978e-01 4.882352941176470451e-01 4.910179640718562721e-01 4.938271604938271331e-01 4.904458598726114671e-01 5.000000000000000000e-01 5.070422535211267512e-01 5.298507462686566916e-01 5.307692307692307709e-01 5.333333333333333259e-01 5.333333333333333259e-01 
4.903581267217630990e-01 4.921875000000000000e-01 4.887218045112781684e-01 4.852216748768473087e-01 4.844124700239808012e-01 4.847775175644027934e-01 4.862385321100917701e-01 4.920634920634920362e-01 4.944071588366890646e-01 4.933333333333333459e-01 4.901098901098900895e-01 4.912663755458515080e-01 4.892241379310344751e-01 4.883227176220806820e-01 4.884696016771488680e-01 4.824742268041237181e-01 4.787018255578093240e-01 4.808853118712273500e-01 4.824902723735408627e-01 4.904214559386972927e-01 4.874999999999999889e-01 4.933333333333333459e-01 5.000000000000000000e-01 5.024154589371980784e-01 5.025380710659897998e-01 5.000000000000000000e-01 4.863387978142076351e-01 4.802259887005649874e-01 4.827586206896551935e-01 4.911242603550295960e-01 4.879518072289156794e-01 4.937500000000000222e-01 4.967320261437908613e-01 4.965986394557823091e-01 5.179856115107913661e-01 5.343511450381679406e-01 5.275590551181101873e-01 5.272727272727272263e-01 
4.889502762430938954e-01 4.934036939313984349e-01 4.898989898989898895e-01 4.851485148514851353e-01 4.879227053140096637e-01 4.834905660377358250e-01 4.837962962962962798e-01 4.920273348519362266e-01 4.943820224719100986e-01 4.955357142857143016e-01 4.955752212389380462e-01 4.956331877729257540e-01 4.935064935064935043e-01 4.946466809421841693e-01 4.915611814345991482e-01 4.876033057851239527e-01 4.837398373983740063e-01 4.858870967741935609e-01 4.873294346978557234e-01 5.000000000000000000e-01 4.938775510204081454e-01 5.000000000000000000e-01 5.090909090909090384e-01 5.047619047619047450e-01 5.150000000000000133e-01 5.156250000000000000e-01 4.972972972972973249e-01 4.916201117318435565e-01 4.886363636363636465e-01 4.883720930232557933e-01 4.879518072289156794e-01 4.938271604938271331e-01 4.904458598726114671e-01 5.000000000000000000e-01 5.142857142857142350e-01 5.303030303030302761e-01 5.234375000000000000e-01 5.225225225225225145e-01 
4.861111111111111049e-01 4.920212765957446832e-01 4.936386768447837414e-01 4.887780548628428701e-01 4.865525672371638355e-01 4.844868735083532330e-01 4.859813084112149517e-01 4.873563218390804530e-01 4.943310657596372004e-01 4.966292134831460925e-01 4.988864142538975699e-01 4.977973568281938155e-01 4.967462039045553168e-01 4.935344827586206629e-01 4.925373134328357994e-01 4.916666666666666408e-01 4.887063655030801090e-01 4.847870182555780727e-01 4.871794871794871695e-01 5.075757575757575690e-01 5.000000000000000000e-01 4.978354978354978533e-01 5.067264573991031584e-01 5.116279069767442067e-01 5.170731707317073322e-01 5.153061224489795533e-01 5.132275132275132545e-01 4.972677595628415270e-01 4.916201117318435565e-01 4.857142857142857095e-01 4.882352941176470451e-01 4.907975460122699363e-01 5.000000000000000000e-01 5.032258064516128560e-01 5.069444444444444198e-01 5.182481751824817851e-01 5.343511450381679406e-01 5.299145299145299193e-01 
4.875346260387811714e-01 4.934036939313984349e-01 4.936061381074168808e-01 4.875621890547263693e-01 4.877450980392156743e-01 4.857819905213270339e-01 4.859813084112149517e-01 4.896073903002309269e-01 4.943310657596372004e-01 4.977477477477477708e-01 5.000000000000000000e-01 5.010989010989010950e-01 4.978354978354978533e-01 4.956896551724138122e-01 4.957446808510638236e-01 4.906444906444906717e-01 4.917695473251028626e-01 4.888438133874239422e-01 4.910891089108910812e-01 5.095057034220532577e-01 5.020408163265306367e-01 5.021459227467811592e-01 5.135135135135134865e-01 5.138888888888888395e-01 5.198019801980198196e-01 5.204081632653061451e-01 5.130890052356020803e-01 5.027322404371584730e-01 4.944444444444444642e-01 4.887640449438201973e-01 4.852071005917159563e-01 4.938271604938271331e-01 5.000000000000000000e-01 5.000000000000000000e-01 5.174825174825175012e-01 5.144927536231883591e-01 5.267175572519083859e-01 5.210084033613445742e-01 
4.917127071823204632e-01 4.933333333333333459e-01 4.936061381074168808e-01 4.875621890547263693e-01 4.889434889434889353e-01 4.880382775119617156e-01 4.870588235294117663e-01 4.883720930232557933e-01 4.931192660550458573e-01 4.988713318284424547e-01 5.033557046979866278e-01 5.033112582781457123e-01 4.989106753812636019e-01 4.978448275862069061e-01 4.968017057569296124e-01 4.905660377358490587e-01 4.958677685950413361e-01 4.918699186991870032e-01 4.940239043824701248e-01 5.076335877862595547e-01 5.060240963855421326e-01 5.064377682403433667e-01 5.180180180180180560e-01 5.161290322580645018e-01 5.194174757281553312e-01 5.226130653266332082e-01 5.206185567010309656e-01 5.106382978723403854e-01 4.972375690607734877e-01 4.858757062146892847e-01 4.853801169590643005e-01 4.969696969696969502e-01 5.000000000000000000e-01 5.032258064516128560e-01 5.238095238095238360e-01 5.071428571428571175e-01 5.227272727272727071e-01 5.163934426229508379e-01 
4.887640449438201973e-01 4.918918918918919192e-01 4.961240310077519311e-01 4.911392405063291222e-01 4.862842892768080016e-01 4.866180048661800650e-01 4.927884615384615641e-01 4.905660377358490587e-01 4.883177570093458209e-01 4.896073903002309269e-01 4.829157175398633428e-01 4.796380090497737725e-01 4.856512141280353023e-01 4.835886214442013387e-01 4.784482758620689502e-01 4.765957446808510856e-01 4.780793319415448939e-01 4.773662551440329138e-01 4.768611670020120874e-01 4.813432835820895539e-01 4.763779527559054983e-01 4.683544303797468333e-01 4.759825327510917026e-01 4.843049327354260192e-01 4.835680751173708769e-01 4.711538461538461453e-01 4.749999999999999778e-01 4.795918367346938549e-01 4.764397905759162333e-01 4.918918918918919192e-01 5.000000000000000000e-01 4.853801169590643005e-01 4.910179640718562721e-01 5.062499999999999778e-01 5.129870129870129913e-01 5.103448275862069172e-01 5.144927536231883591e-01 5.196850393700787052e-01 
4.930362116991643395e-01 4.878706199460916548e-01 4.948453608247422864e-01 4.898989898989898895e-01 4.901477832512315391e-01 4.866180048661800650e-01 4.916864608076009224e-01 4.905660377358490587e-01 4.894613583138173185e-01 4.907834101382488323e-01 4.852607709750567100e-01 4.832214765100671383e-01 4.867841409691630039e-01 4.847826086956521507e-01 4.806034482758620441e-01 4.777070063694267565e-01 4.770833333333333592e-01 4.814814814814814548e-01 4.798387096774193727e-01 4.792452830188679291e-01 4.861660079051383643e-01 4.745762711864406902e-01 4.824561403508771940e-01 4.816513761467889898e-01 4.882629107981220629e-01 4.778325123152709630e-01 4.799999999999999822e-01 4.822335025380710682e-01 4.789473684210526216e-01 4.918032786885245811e-01 4.971751412429378791e-01 4.882352941176470451e-01 4.939024390243902385e-01 5.062499999999999778e-01 5.163398692810458046e-01 5.208333333333333703e-01 5.072463768115942351e-01 5.156250000000000000e-01 
4.900284900284900269e-01 4.891891891891891886e-01 4.934036939313984349e-01 4.961439588688946190e-01 4.898989898989898895e-01 4.876847290640394239e-01 4.878640776699029180e-01 4.940334128878281494e-01 4.917257683215129904e-01 4.929577464788732488e-01 4.930232558139535093e-01 4.909090909090909061e-01 4.888392857142856984e-01 4.867256637168141387e-01 4.847826086956521507e-01 4.817987152034260978e-01 4.810126582278481111e-01 4.834024896265560201e-01 4.838709677419354982e-01 4.908424908424908195e-01 4.921259842519685179e-01 4.857142857142857095e-01 4.808510638297872064e-01 4.912280701754385692e-01 4.954128440366972752e-01 4.952830188679245293e-01 4.829268292682926678e-01 4.875621890547263693e-01 4.848484848484848619e-01 4.845360824742268036e-01 4.891304347826087029e-01 4.943181818181818232e-01 5.000000000000000000e-01 5.060975609756097615e-01 5.159235668789808882e-01 5.200000000000000178e-01 5.140845070422535024e-01 5.156250000000000000e-01 
4.916666666666666408e-01 4.880636604774535869e-01 4.922680412371134295e-01 4.924623115577889676e-01 4.889434889434889353e-01 4.892086330935251914e-01 4.916864608076009224e-01 4.905660377358490587e-01 4.918414918414918402e-01 4.908675799086757996e-01 4.809843400447427197e-01 4.812362030905077415e-01 4.802631578947368363e-01 4.806034482758620441e-01 4.776119402985074536e-01 4.789915966386554813e-01 4.792531120331950389e-01 4.825462012320328453e-01 4.829659318637274379e-01 4.810606060606060774e-01 4.858299595141700178e-01 4.788135593220338992e-01 4.778761061946902866e-01 4.838709677419354982e-01 4.830917874396135070e-01 4.778325123152709630e-01 4.799999999999999822e-01 4.769230769230769496e-01 4.784946236559139976e-01 5.028248587570621764e-01 5.029239766081871066e-01 5.059523809523809312e-01 5.062499999999999778e-01 5.161290322580645018e-01 5.135135135135134865e-01 5.140845070422535024e-01 5.036496350364964014e-01 5.040000000000000036e-01 
4.915730337078651480e-01 4.893617021276595591e-01 4.947643979057591568e-01 4.935732647814909946e-01 4.949748743718592747e-01 4.926108374384236543e-01 4.903846153846153633e-01 4.916864608076009224e-01 4.905213270142180226e-01 4.918032786885245811e-01 4.885321100917431325e-01 4.853932584269662898e-01 4.823788546255506349e-01 4.792122538293216438e-01 4.793926247288503029e-01 4.786324786324786529e-01 4.800838574423479943e-01 4.824016563146997782e-01 4.828973843058350091e-01 4.850746268656716542e-01 4.879032258064516236e-01 4.793388429752066249e-01 4.808510638297872064e-01 4.778761061946902866e-01 4.816513761467889898e-01 4.855769230769230727e-01 4.827586206896551935e-01 4.851485148514851353e-01 4.822335025380710682e-01 4.893617021276595591e-01 4.972067039106145003e-01 5.058823529411764497e-01 5.149700598802394724e-01 5.153374233128834581e-01 5.192307692307692735e-01 5.170068027210884543e-01 5.106382978723403854e-01 5.118110236220472231e-01 
4.901960784313725283e-01 4.880636604774535869e-01 4.960835509138381005e-01 4.923076923076923350e-01 4.924623115577889676e-01 4.938574938574938344e-01 4.902912621359223344e-01 4.940334128878281494e-01 4.905213270142180226e-01 4.929577464788732488e-01 4.862385321100917701e-01 4.886877828054298489e-01 4.843750000000000000e-01 4.814004376367614912e-01 4.814814814814814548e-01 4.827586206896551935e-01 4.831223628691982963e-01 4.844720496894410200e-01 4.869215291750503272e-01 4.906367041198501644e-01 4.939271255060728727e-01 4.813278008298755295e-01 4.871794871794871695e-01 4.867256637168141387e-01 4.838709677419354982e-01 4.905660377358490587e-01 4.829268292682926678e-01 4.900990099009900902e-01 4.848484848484848619e-01 5.000000000000000000e-01 4.945054945054945250e-01 5.056818181818182323e-01 5.149700598802394724e-01 5.151515151515151381e-01 5.124999999999999556e-01 5.133333333333333082e-01 5.106382978723403854e-01 5.039370078740157410e-01 
4.874651810584958445e-01 4.920212765957446832e-01 4.947916666666666852e-01 4.948717948717948900e-01 4.936708860759493889e-01 4.926108374384236543e-01 4.914841849148418595e-01 4.940047961630695261e-01 4.928909952606634892e-01 4.941451990632318436e-01 4.861751152073732762e-01 4.885844748858447217e-01 4.866071428571428492e-01 4.857142857142857095e-01 4.837310195227765841e-01 4.860215053763440873e-01 4.852320675105485370e-01 4.844074844074844344e-01 4.868686868686868952e-01 4.981132075471698117e-01 4.919354838709677491e-01 4.874999999999999889e-01 4.871794871794871695e-01 4.890829694323143850e-01 4.908256880733944949e-01 4.929577464788732488e-01 4.879227053140096637e-01 4.900990099009900902e-01 4.873096446700507789e-01 5.052631578947368585e-01 5.000000000000000000e-01 5.056818181818182323e-01 5.088757396449704595e-01 5.153374233128834581e-01 5.094339622641509413e-01 5.133333333333333082e-01 5.174825174825175012e-01 5.116279069767442067e-01 
4.849315068493150749e-01 4.960422163588390498e-01 4.922279792746113714e-01 4.949494949494949725e-01 4.925373134328357994e-01 4.938574938574938344e-01 4.939467312348668204e-01 4.952606635071090113e-01 4.976415094339622369e-01 5.000000000000000000e-01 4.988610478359908895e-01 5.022522522522522292e-01 4.966887417218542877e-01 4.967320261437908613e-01 4.989200863930885466e-01 4.989339019189765190e-01 4.947589098532494956e-01 4.969072164948453718e-01 4.979838709677419373e-01 5.212355212355211931e-01 5.061224489795917991e-01 5.126050420168066779e-01 5.087719298245614308e-01 5.135135135135134865e-01 5.115207373271889457e-01 5.118483412322274440e-01 5.099009900990099098e-01 5.050000000000000044e-01 5.000000000000000000e-01 5.027027027027026751e-01 4.944444444444444642e-01 5.087719298245614308e-01 5.090909090909090384e-01 5.031055900621117516e-01 5.032258064516128560e-01 5.170068027210884543e-01 5.107913669064748641e-01 5.078125000000000000e-01 
4.850136239782016356e-01 4.947368421052631415e-01 4.935400516795865888e-01 4.949748743718592747e-01 4.925373134328357994e-01 4.963325183374083238e-01 4.964028776978417490e-01 4.976303317535544779e-01 4.976525821596244348e-01 5.000000000000000000e-01 5.000000000000000000e-01 4.988713318284424547e-01 4.955555555555555824e-01 4.934210526315789269e-01 5.010799136069113979e-01 5.000000000000000000e-01 4.957983193277311074e-01 4.968944099378881929e-01 5.000000000000000000e-01 5.214007782101167665e-01 5.081967213114754189e-01 5.105485232067510371e-01 5.088495575221239076e-01 5.135135135135134865e-01 5.069767441860465462e-01 5.072463768115942351e-01 5.049504950495049549e-01 5.050505050505050830e-01 5.000000000000000000e-01 5.000000000000000000e-01 5.027624309392265678e-01 5.114942528735632044e-01 5.178571428571429047e-01 4.968944099378881929e-01 5.000000000000000000e-01 5.135135135135134865e-01 5.106382978723403854e-01 5.000000000000000000e-01 
4.918918918918919192e-01 4.934383202099737464e-01 4.936061381074168808e-01 4.987531172069825658e-01 4.963325183374083238e-01 4.975845410628019216e-01 4.964200477326968786e-01 4.988235294117647212e-01 4.976744186046511698e-01 4.976851851851851749e-01 4.931506849315068219e-01 4.909502262443438680e-01 4.900221729490022438e-01 4.934210526315789269e-01 4.967602591792656397e-01 4.968017057569296124e-01 4.958158995815899472e-01 4.927536231884058204e-01 4.949494949494949725e-01 5.039370078740157410e-01 5.020576131687243260e-01 5.021459227467811592e-01 4.932735426008968416e-01 4.976744186046511698e-01 4.952380952380952550e-01 4.975609756097560954e-01 4.924623115577889676e-01 4.948453608247422864e-01 4.947916666666666852e-01 5.053763440860215006e-01 5.109890109890109500e-01 5.144508670520231419e-01 5.059523809523809312e-01 4.968944099378881929e-01 4.967741935483870885e-01 5.000000000000000000e-01 5.106382978723403854e-01 5.038759689922480689e-01 
4.932249322493225119e-01 4.908616187989556234e-01 4.974619289340101447e-01 4.975124378109452850e-01 4.987834549878345514e-01 4.976076555023923320e-01 4.976303317535544779e-01 4.976525821596244348e-01 4.976744186046511698e-01 5.000000000000000000e-01 4.977168949771689221e-01 4.932735426008968416e-01 4.977876106194690231e-01 5.000000000000000000e-01 4.989154013015184574e-01 5.021367521367521292e-01 5.000000000000000000e-01 5.000000000000000000e-01 4.989858012170385604e-01 5.098039215686274161e-01 5.145228215767634339e-01 5.043478260869564966e-01 5.045045045045044585e-01 5.023474178403756207e-01 5.048543689320388328e-01 5.049504950495049549e-01 5.050505050505050830e-01 5.051546391752577136e-01 5.000000000000000000e-01 5.053763440860215006e-01 5.168539325842697041e-01 5.058139534883721034e-01 5.000000000000000000e-01 5.030674846625766694e-01 4.935897435897436125e-01 5.000000000000000000e-01 5.000000000000000000e-01 5.038167938931297218e-01 
4.944751381215469754e-01 4.947368421052631415e-01 4.961636828644501174e-01 4.987468671679197718e-01 5.000000000000000000e-01 4.987775061124694598e-01 4.987951807228915846e-01 4.976190476190476275e-01 4.964705882352941080e-01 5.000000000000000000e-01 5.011600928074245731e-01 4.976958525345622220e-01 4.977477477477477708e-01 4.966740576496674331e-01 5.000000000000000000e-01 4.978260869565217517e-01 5.010706638115631772e-01 5.000000000000000000e-01 4.989775051124744620e-01 5.076335877862595547e-01 5.081967213114754189e-01 5.064377682403433667e-01 5.022222222222222365e-01 5.000000000000000000e-01 5.023255813953488857e-01 5.023923444976076125e-01 5.049019607843137081e-01 5.075376884422110324e-01 5.000000000000000000e-01 4.974093264248704571e-01 5.052631578947368585e-01 5.055555555555555358e-01 5.086705202312138407e-01 5.000000000000000000e-01 5.060975609756097615e-01 4.968152866242038224e-01 5.000000000000000000e-01 5.037037037037036535e-01 
4.932249322493225119e-01 4.935064935064935043e-01 5.025125628140703071e-01 5.012406947890818421e-01 5.012224938875305957e-01 4.975961538461538547e-01 4.964028776978417490e-01 4.976303317535544779e-01 5.000000000000000000e-01 4.976851851851851749e-01 4.977064220183486376e-01 4.943052391799544476e-01 4.955156950672645610e-01 4.956140350877192846e-01 4.956521739130435034e-01 4.967741935483870885e-01 4.968017057569296124e-01 4.968814968814969091e-01 4.949083503054989563e-01 5.019607843137254832e-01 5.020920502092049986e-01 4.867256637168141387e-01 4.886877828054298489e-01 4.883720930232557933e-01 4.951923076923077094e-01 4.975845410628019216e-01 4.950495049504950451e-01 4.899999999999999911e-01 4.947916666666666852e-01 4.946808510638298073e-01 5.027027027027026751e-01 5.000000000000000000e-01 5.000000000000000000e-01 5.000000000000000000e-01 4.968553459119496862e-01 4.967741935483870885e-01 4.965034965034965109e-01 5.037593984962406291e-01 
4.934383202099737464e-01 5.012594458438287548e-01 5.000000000000000000e-01 5.024509803921568540e-01 4.951923076923077094e-01 4.964539007092198530e-01 4.964705882352941080e-01 4.988399071925754269e-01 5.011494252873562871e-01 4.988662131519274179e-01 5.000000000000000000e-01 5.011037527593819041e-01 5.021834061135370675e-01 4.978354978354978533e-01 4.978632478632478708e-01 4.978813559322033955e-01 4.968553459119496862e-01 4.969072164948453718e-01 4.959677419354838745e-01 5.061728395061728669e-01 4.933920704845815020e-01 4.954545454545454808e-01 4.907407407407407551e-01 5.048076923076922906e-01 5.024875621890547706e-01 5.025125628140703071e-01 4.974093264248704571e-01 4.920634920634920362e-01 4.972677595628415270e-01 4.944444444444444642e-01 4.912280701754385692e-01 4.879518072289156794e-01 5.000000000000000000e-01 5.000000000000000000e-01 5.000000000000000000e-01 5.034013605442176909e-01 5.035971223021582510e-01 5.078125000000000000e-01 
5.025510204081632404e-01 4.987714987714987891e-01 4.952153110047846640e-01 4.988290398126463687e-01 4.965357967667436423e-01 4.966139954853273086e-01 4.966442953020134277e-01 4.988913525498891444e-01 5.010893246187363426e-01 4.978448275862069061e-01 4.957081545064377925e-01 4.946695095948827059e-01 4.957627118644067910e-01 4.947368421052631415e-01 4.947589098532494956e-01 4.968944099378881929e-01 4.948875255623721992e-01 4.929577464788732488e-01 4.950884086444007903e-01 4.870689655172413812e-01 4.930875576036866104e-01 5.000000000000000000e-01 4.923857868020304340e-01 4.973821989528796061e-01 4.972375690607734877e-01 4.971751412429378791e-01 4.913294797687861037e-01 4.848484848484848619e-01 4.937500000000000222e-01 5.000000000000000000e-01 5.032258064516128560e-01 5.000000000000000000e-01 5.033557046979866278e-01 5.034013605442176909e-01 4.964539007092198530e-01 5.037037037037036535e-01 5.118110236220472231e-01 5.043478260869564966e-01 
5.000000000000000000e-01 5.012722646310432406e-01 5.000000000000000000e-01 5.000000000000000000e-01 4.975845410628019216e-01 4.988123515439429889e-01 4.988235294117647212e-01 4.976525821596244348e-01 5.000000000000000000e-01 5.000000000000000000e-01 5.034013605442176909e-01 5.033707865168539630e-01 5.066666666666667096e-01 5.032967032967032850e-01 5.010845986984815426e-01 5.000000000000000000e-01 5.010526315789474161e-01 5.000000000000000000e-01 4.949083503054989563e-01 5.000000000000000000e-01 4.978354978354978533e-01 5.000000000000000000e-01 5.000000000000000000e-01 5.047619047619047450e-01 5.024630541871921707e-01 5.025125628140703071e-01 5.050505050505050830e-01 5.000000000000000000e-01 5.000000000000000000e-01 4.918032786885245811e-01 4.916201117318435565e-01 4.827586206896551935e-01 4.911242603550295960e-01 4.969325153374233306e-01 5.000000000000000000e-01 4.966442953020134277e-01 5.000000000000000000e-01 5.187969924812030342e-01 
5.000000000000000000e-01 4.987714987714987891e-01 5.024154589371980784e-01 4.988179669030732843e-01 4.953703703703703498e-01 4.954128440366972752e-01 4.977168949771689221e-01 4.954751131221719618e-01 4.954954954954954860e-01 4.977678571428571508e-01 4.978070175438596423e-01 4.967320261437908613e-01 4.967741935483870885e-01 4.968017057569296124e-01 4.947145877378435475e-01 4.937759336099585283e-01 4.927536231884058204e-01 4.928425357873210677e-01 4.970178926441352063e-01 4.913793103448275690e-01 4.930875576036866104e-01 4.857142857142857095e-01 4.925373134328357994e-01 5.000000000000000000e-01 5.000000000000000000e-01 4.946236559139784994e-01 5.000000000000000000e-01 5.000000000000000000e-01 4.943181818181818232e-01 4.940476190476190688e-01 4.969696969696969502e-01 4.968553459119496862e-01 4.967741935483870885e-01 5.033112582781457123e-01 5.070422535211267512e-01 5.106382978723403854e-01 5.111111111111110716e-01 4.958677685950413361e-01 
4.987468671679197718e-01 4.987775061124694598e-01 4.976190476190476275e-01 4.964871194379391062e-01 4.954128440366972752e-01 4.965831435079726686e-01 4.965986394557823091e-01 4.943566591422121625e-01 4.966442953020134277e-01 5.011037527593819041e-01 5.021834061135370675e-01 5.021551724137931494e-01 5.032119914346895317e-01 5.021186440677966045e-01 4.979166666666666741e-01 5.000000000000000000e-01 5.000000000000000000e-01 4.979674796747967647e-01 4.990176817288801692e-01 5.066666666666667096e-01 5.069767441860465462e-01 5.098039215686274161e-01 5.126903553299492211e-01 5.159574468085106336e-01 5.135135135135134865e-01 5.136612021857923649e-01 5.193370165745856415e-01 5.141242937853107708e-01 5.029239766081871066e-01 5.000000000000000000e-01 5.000000000000000000e-01 4.968152866242038224e-01 5.000000000000000000e-01 5.138888888888888395e-01 5.070422535211267512e-01 5.072463768115942351e-01 5.151515151515151381e-01 5.130434782608696009e-01 
5.025641025641025550e-01 5.000000000000000000e-01 4.987775061124694598e-01 4.975961538461538547e-01 4.953271028037383172e-01 4.965197215777262252e-01 4.988610478359908895e-01 4.977272727272727404e-01 4.977375565610859809e-01 4.966292134831460925e-01 4.955357142857143016e-01 4.944567627494456663e-01 4.956140350877192846e-01 4.935622317596566333e-01 4.936440677966101864e-01 4.915966386554621592e-01 4.906444906444906717e-01 4.897540983606557541e-01 4.950690335305719669e-01 4.829059829059829112e-01 4.863636363636363869e-01 4.883720930232557933e-01 4.903846153846153633e-01 4.948979591836734637e-01 4.922279792746113714e-01 4.864864864864865135e-01 4.891304347826087029e-01 4.890109890109889945e-01 4.916201117318435565e-01 4.943181818181818232e-01 4.971098265895953494e-01 4.940476190476190688e-01 5.000000000000000000e-01 5.000000000000000000e-01 5.067567567567567988e-01 5.104895104895105229e-01 5.147058823529411242e-01 4.957264957264957417e-01 
5.012406947890818421e-01 4.951923076923077094e-01 4.964871194379391062e-01 4.976958525345622220e-01 4.977168949771689221e-01 5.000000000000000000e-01 5.011185682326622093e-01 4.988864142538975699e-01 4.977876106194690231e-01 4.989059080962801040e-01 4.989154013015184574e-01 5.000000000000000000e-01 4.968287526427061507e-01 4.936974789915966610e-01 4.947807933194154351e-01 4.927835051546392009e-01 4.959514170040486003e-01 5.009900990099009910e-01 4.970986460348162383e-01 4.932126696832579427e-01 5.048076923076922906e-01 5.025380710659897998e-01 5.000000000000000000e-01 5.000000000000000000e-01 4.944444444444444642e-01 4.915254237288135819e-01 4.971428571428571641e-01 5.000000000000000000e-01 4.970059880239520722e-01 4.969325153374233306e-01 4.935064935064935043e-01 5.033112582781457123e-01 5.135135135135134865e-01 5.103448275862069172e-01 5.179856115107913661e-01 5.076923076923076650e-01 4.873949579831932666e-01 5.046728971962616273e-01 
5.012853470437017567e-01 5.012224938875305957e-01 4.963680387409201145e-01 4.952380952380952550e-01 4.965034965034965109e-01 5.011494252873562871e-01 5.000000000000000000e-01 5.022727272727273151e-01 5.034013605442176909e-01 4.988764044943820308e-01 4.966592427616926542e-01 4.977777777777777635e-01 5.000000000000000000e-01 5.010893246187363426e-01 4.957081545064377925e-01 5.010570824524313016e-01 4.968684759916492943e-01 4.938775510204081454e-01 5.019685039370078705e-01 4.936170212765957355e-01 4.930232558139535093e-01 5.023696682464454666e-01 5.049019607843137081e-01 5.025641025641025550e-01 4.920634920634920362e-01 4.946808510638298073e-01 4.891304347826087029e-01 4.863387978142076351e-01 4.972067039106145003e-01 5.028571428571428914e-01 5.000000000000000000e-01 4.941860465116278966e-01 4.909090909090909061e-01 5.063291139240506666e-01 4.900662251655629187e-01 5.034482758620689724e-01 5.149253731343284013e-01 4.827586206896551935e-01 
5.012345679012345512e-01 4.987951807228915846e-01 4.941176470588235503e-01 5.000000000000000000e-01 5.022727272727273151e-01 5.045248868778280382e-01 5.045248868778280382e-01 5.033407572383074013e-01 5.022123893805309214e-01 5.000000000000000000e-01 4.989010989010989050e-01 5.054229934924078238e-01 5.053763440860215006e-01 5.010526315789474161e-01 5.020833333333333259e-01 5.010266940451745254e-01 5.010060362173037740e-01 5.039525691699604515e-01 5.048923679060665082e-01 4.977168949771689221e-01 5.023923444976076125e-01 5.125628140703517577e-01 5.000000000000000000e-01 4.945652173913043237e-01 4.890109890109889945e-01 4.890109890109889945e-01 4.914285714285714368e-01 4.941860465116278966e-01 5.000000000000000000e-01 5.029585798816568198e-01 4.846625766871165419e-01 4.842767295597484312e-01 4.966442953020134277e-01 4.930555555555555802e-01 4.963503649635036541e-01 4.960629921259842590e-01 4.830508474576271083e-01 4.778761061946902866e-01 
5.024390243902439046e-01 4.988235294117647212e-01 5.022935779816514179e-01 5.056433408577878375e-01 5.044642857142856984e-01 5.022222222222222365e-01 4.977973568281938155e-01 4.978260869565217517e-01 4.978354978354978533e-01 4.978354978354978533e-01 5.021276595744680327e-01 4.989473684210526394e-01 4.958333333333333481e-01 4.969072164948453718e-01 5.000000000000000000e-01 4.950298210735586402e-01 5.000000000000000000e-01 5.000000000000000000e-01 5.019157088122605526e-01 4.859813084112149517e-01 4.924623115577889676e-01 4.840425531914893664e-01 4.751381215469613339e-01 4.772727272727272929e-01 4.827586206896551935e-01 4.941176470588235503e-01 4.939024390243902385e-01 4.938271604938271331e-01 4.938271604938271331e-01 4.805194805194805130e-01 4.899328859060402830e-01 5.000000000000000000e-01 4.964028776978417490e-01 4.850746268656716542e-01 5.041322314049586639e-01 4.827586206896551935e-01 4.824561403508771940e-01 4.705882352941176405e-01 
5.024752475247524774e-01 5.011764705882353343e-01 5.023041474654378336e-01 5.034013605442176909e-01 5.022421524663677195e-01 5.033407572383074013e-01 5.022123893805309214e-01 4.989059080962801040e-01 4.989059080962801040e-01 4.978165938864628770e-01 5.000000000000000000e-01 5.000000000000000000e-01 4.978902953586498148e-01 4.937759336099585283e-01 4.918032786885245811e-01 4.959514170040486003e-01 4.989939637826961705e-01 5.000000000000000000e-01 5.057251908396946938e-01 4.863636363636363869e-01 4.874371859296482423e-01 4.842105263157894801e-01 4.808743169398906891e-01 4.831460674157303514e-01 4.799999999999999822e-01 4.825581395348837455e-01 4.910179640718562721e-01 4.910179640718562721e-01 4.939759036144578119e-01 4.874999999999999889e-01 4.871794871794871695e-01 4.933333333333333459e-01 5.070422535211267512e-01 5.147058823529411242e-01 5.000000000000000000e-01 4.881889763779527769e-01 4.827586206896551935e-01 4.500000000000000111e-01 
5.034482758620689724e-01 5.055928411633109354e-01 5.022026431718061845e-01 5.000000000000000000e-01 4.989247311827956777e-01 4.989293361884368228e-01 4.989384288747346075e-01 4.957805907172995741e-01 4.948024948024948300e-01 4.979423868312757295e-01 4.969450101832993960e-01 4.989979959919839669e-01 4.990019960079840056e-01 5.009861932938856066e-01 5.019607843137254832e-01 5.057915057915057799e-01 5.057471264367816577e-01 5.047258979206049601e-01 5.000000000000000000e-01 4.814814814814814548e-01 4.745762711864406902e-01 4.823529411764705954e-01 4.878048780487804770e-01 4.905660377358490587e-01 4.904458598726114671e-01 4.901960784313725283e-01 5.000000000000000000e-01 5.034965034965035446e-01 4.927536231884058204e-01 4.962406015037593709e-01 4.879999999999999893e-01 4.878048780487804770e-01 4.786324786324786529e-01 4.736842105263157632e-01 4.528301886792452935e-01 4.509803921568627527e-01 4.526315789473684403e-01 4.767441860465116421e-01 
5.083135391923990776e-01 5.067567567567567988e-01 5.044642857142856984e-01 5.055432372505542782e-01 5.021929824561403022e-01 5.010893246187363426e-01 4.978448275862069061e-01 4.967880085653104683e-01 4.989339019189765190e-01 4.989429175475686984e-01 5.020920502092049986e-01 5.000000000000000000e-01 5.000000000000000000e-01 5.000000000000000000e-01 5.000000000000000000e-01 5.019841269841269771e-01 5.058365758754863606e-01 5.067437379576107404e-01 5.066666666666667096e-01 4.778325123152709630e-01 4.777777777777778012e-01 4.829545454545454697e-01 4.797687861271676124e-01 4.880952380952380820e-01 4.909090909090909061e-01 5.000000000000000000e-01 5.031847133757961776e-01 4.967741935483870885e-01 4.966887417218542877e-01 4.863013698630136994e-01 4.930555555555555802e-01 4.927536231884058204e-01 4.923076923076923350e-01 4.919354838709677491e-01 4.833333333333333370e-01 4.636363636363636243e-01 4.571428571428571286e-01 4.545454545454545303e-01 
5.059665871121717950e-01 5.080091533180778329e-01 5.078299776286353540e-01 5.077605321507761005e-01 5.032967032967032850e-01 5.000000000000000000e-01 5.010845986984815426e-01 5.000000000000000000e-01 5.000000000000000000e-01 5.010570824524313016e-01 5.042016806722688926e-01 5.062240663900414717e-01 5.082304526748970819e-01 5.061475409836065920e-01 5.040650406504064707e-01 5.030060120240480437e-01 5.049504950495049549e-01 5.068226120857699524e-01 5.105162523900573790e-01 4.926829268292682862e-01 4.866310160427807507e-01 4.858757062146892847e-01 4.855491329479768581e-01 4.970414201183431802e-01 5.060240963855421326e-01 5.030674846625766694e-01 5.063291139240506666e-01 5.064102564102563875e-01 5.033112582781457123e-01 4.932432432432432567e-01 4.859154929577464976e-01 4.782608695652174058e-01 4.852941176470588203e-01 4.924242424242424310e-01 4.959999999999999964e-01 4.873949579831932666e-01 4.774774774774774855e-01 4.554455445544554615e-01 
5.097087378640776656e-01 5.128205128205127750e-01 5.079365079365079083e-01 5.055928411633109354e-01 5.088888888888888351e-01 5.044052863436123690e-01 5.032537960954447387e-01 5.021645021645021467e-01 5.010752688172043223e-01 5.031982942430703876e-01 5.042194092827003704e-01 5.083682008368201055e-01 5.093167701863353658e-01 5.103305785123967153e-01 5.102880658436214079e-01 5.101626016260162322e-01 5.110220440881763082e-01 5.079051383399209030e-01 5.096153846153845812e-01 4.952830188679245293e-01 4.871794871794871695e-01 4.972677595628415270e-01 5.028248587570621764e-01 4.942528735632183978e-01 5.058823529411764497e-01 5.092024539877300082e-01 5.123456790123457338e-01 5.157232704402515688e-01 5.096774193548386789e-01 5.066666666666667096e-01 4.931506849315068219e-01 4.893617021276595591e-01 4.857142857142857095e-01 4.855072463768115854e-01 4.848484848484848619e-01 4.799999999999999822e-01 4.915254237288135819e-01 4.807692307692307820e-01 
5.105882352941176761e-01 5.055679287305122616e-01 5.054704595185995908e-01 5.032679738562091387e-01 5.000000000000000000e-01 4.989293361884368228e-01 4.989384288747346075e-01 5.010526315789474161e-01 5.021008403361344463e-01 5.020920502092049986e-01 5.051759834368529933e-01 5.071574642126789323e-01 5.080971659919027994e-01 5.060483870967742437e-01 5.100000000000000089e-01 5.089463220675943811e-01 5.058823529411764497e-01 5.019455252918287869e-01 5.094339622641509413e-01 4.874371859296482423e-01 4.971428571428571641e-01 4.970059880239520722e-01 5.030303030303030498e-01 5.124999999999999556e-01 5.159235668789808882e-01 5.163398692810458046e-01 5.100671140939597725e-01 5.067567567567567988e-01 5.068493150684931781e-01 4.964539007092198530e-01 4.888888888888888729e-01 4.846153846153846145e-01 4.921875000000000000e-01 4.758064516129032473e-01 4.793388429752066249e-01 4.912280701754385692e-01 5.090909090909090384e-01 4.680851063829787329e-01 
5.140186915887849928e-01 5.033407572383074013e-01 5.010940919037198960e-01 5.010799136069113979e-01 5.000000000000000000e-01 5.000000000000000000e-01 5.010615711252653925e-01 5.010570824524313016e-01 5.031446540880503138e-01 5.051759834368529933e-01 5.092024539877300082e-01 5.121951219512195230e-01 5.131313131313131048e-01 5.110663983903420693e-01 5.140000000000000124e-01 5.139442231075697087e-01 5.108055009823182502e-01 5.067698259187620735e-01 5.094696969696970168e-01 4.948979591836734637e-01 5.200000000000000178e-01 5.269461077844311836e-01 5.279503105590062084e-01 5.316455696202531112e-01 5.320512820512820484e-01 5.294117647058823595e-01 5.298013245033112995e-01 5.238095238095238360e-01 5.177304964539006793e-01 5.037037037037036535e-01 4.924242424242424310e-01 4.883720930232557933e-01 4.960629921259842590e-01 4.838709677419354982e-01 4.836065573770491621e-01 4.956521739130435034e-01 5.140186915887849928e-01 5.000000000000000000e-01 
5.022522522522522292e-01 5.000000000000000000e-01 4.989293361884368228e-01 5.010570824524313016e-01 5.020920502092049986e-01 5.031185031185031464e-01 5.041322314049586639e-01 5.030800821355235763e-01 5.010224948875255935e-01 5.000000000000000000e-01 4.979999999999999982e-01 4.990019960079840056e-01 4.990059642147117169e-01 4.980158730158730229e-01 4.980314960629921295e-01 4.990215264187866651e-01 4.961389961389961467e-01 4.942965779467680676e-01 5.000000000000000000e-01 4.944444444444444642e-01 5.000000000000000000e-01 5.031847133757961776e-01 4.966887417218542877e-01 4.931506849315068219e-01 4.895104895104895326e-01 4.857142857142857095e-01 4.890510948905109623e-01 4.962962962962962910e-01 5.000000000000000000e-01 5.080645161290322509e-01 5.040650406504064707e-01 5.041322314049586639e-01 5.083333333333333037e-01 5.086206896551723755e-01 5.044247787610619538e-01 5.188679245283018826e-01 5.306122448979592177e-01 5.000000000000000000e-01 
5.034802784222738303e-01 5.022321428571429047e-01 5.010752688172043223e-01 4.978723404255319118e-01 4.978723404255319118e-01 5.010526315789474161e-01 5.021008403361344463e-01 5.020920502092049986e-01 5.041322314049586639e-01 5.030674846625766694e-01 5.030425963488843744e-01 5.040485829959514552e-01 5.020161290322581182e-01 5.010020040080159776e-01 5.029940119760478723e-01 5.039682539682539542e-01 5.009784735812132794e-01 5.029126213592233219e-01 5.009416195856873921e-01 5.077720207253886286e-01 5.113636363636363535e-01 5.157232704402515688e-01 5.259740259740259827e-01 5.259740259740259827e-01 5.167785234899329172e-01 5.135135135135134865e-01 5.136986301369863561e-01 5.071428571428571175e-01 5.111111111111110716e-01 5.114503816793892765e-01 5.076923076923076650e-01 5.156250000000000000e-01 5.200000000000000178e-01 5.121951219512195230e-01 5.083333333333333037e-01 5.221238938053097689e-01 5.137614678899082854e-01 5.268817204301075030e-01 
4.978540772532188963e-01 5.083333333333333037e-01 5.082304526748970819e-01 5.071574642126789323e-01 5.050505050505050830e-01 5.050100200400801098e-01 5.049900199600798611e-01 5.069306930693069368e-01 5.048923679060665082e-01 5.038910505836575737e-01 5.048543689320388328e-01 5.019305019305019266e-01 5.038461538461538325e-01 5.028790786948176272e-01 5.047619047619047450e-01 5.065913370998116338e-01 5.046728971962616273e-01 5.018518518518518823e-01 5.036764705882352811e-01 5.316455696202531112e-01 5.000000000000000000e-01 5.000000000000000000e-01 5.037037037037036535e-01 5.116279069767442067e-01 5.120000000000000107e-01 5.121951219512195230e-01 5.042016806722688926e-01 5.132743362831858613e-01 5.181818181818181879e-01 5.137614678899082854e-01 5.283018867924528239e-01 5.192307692307692735e-01 5.242718446601941640e-01 5.151515151515151381e-01 5.053763440860215006e-01 5.168539325842697041e-01 5.357142857142856984e-01 5.250000000000000222e-01 
5.042553191489361764e-01 5.072463768115942351e-01 5.091649694501018120e-01 5.100401606425702949e-01 5.099206349206348854e-01 5.089108910891089188e-01 5.059055118110236116e-01 5.058823529411764497e-01 5.048732943469785850e-01 5.058139534883721034e-01 5.067437379576107404e-01 5.076923076923076650e-01 5.105162523900573790e-01 5.114068441064638648e-01 5.085066162570888171e-01 5.074906367041198685e-01 5.046382189239332350e-01 5.055555555555555358e-01 5.091575091575091250e-01 5.259740259740259827e-01 5.177304964539006793e-01 5.112781954887217761e-01 5.079365079365079083e-01 5.083333333333333037e-01 5.126050420168066779e-01 5.258620689655172376e-01 5.263157894736841813e-01 5.315315315315315425e-01 5.277777777777777901e-01 5.238095238095238360e-01 5.192307692307692735e-01 5.049504950495049549e-01 5.000000000000000000e-01 5.157894736842105754e-01 5.222222222222222543e-01 5.411764705882352589e-01 5.357142857142856984e-01 5.128205128205127750e-01 
5.053533190578158862e-01 5.083333333333333037e-01 5.081967213114754189e-01 5.070993914807302438e-01 5.099601593625497920e-01 5.089108910891089188e-01 5.069033530571992463e-01 5.069033530571992463e-01 5.068762278978389269e-01 5.058365758754863606e-01 5.087040618955512850e-01 5.086705202312138407e-01 5.076628352490420992e-01 5.095057034220532577e-01 5.075471698113207530e-01 5.093984962406015171e-01 5.084112149532710179e-01 5.083179297597042456e-01 5.110294117647058432e-01 5.222929936305732435e-01 5.138888888888888395e-01 5.147058823529411242e-01 5.190839694656488312e-01 5.081967213114754189e-01 5.126050420168066779e-01 5.213675213675214026e-01 5.213675213675214026e-01 5.217391304347825942e-01 5.272727272727272263e-01 5.140186915887849928e-01 5.142857142857142350e-01 5.196078431372549433e-01 5.102040816326530726e-01 5.212765957446808818e-01 5.108695652173913526e-01 5.168539325842697041e-01 5.180722891566265087e-01 5.000000000000000000e-01 
5.033707865168539630e-01 5.043290043290042934e-01 5.074309978768577478e-01 5.083333333333333037e-01 5.061983471074380514e-01 5.051546391752577136e-01 5.051124744376278564e-01 5.040650406504064707e-01 5.030303030303030498e-01 5.030181086519114331e-01 5.029940119760478723e-01 5.009900990099009910e-01 5.009823182711198308e-01 5.000000000000000000e-01 5.038759689922480689e-01 5.038461538461538325e-01 5.019011406844106071e-01 5.018939393939394478e-01 5.027932960893854997e-01 5.083798882681563880e-01 5.061728395061728669e-01 4.967320261437908613e-01 4.930555555555555802e-01 5.000000000000000000e-01 5.035971223021582510e-01 5.037037037037036535e-01 5.075757575757575690e-01 5.116279069767442067e-01 5.118110236220472231e-01 5.121951219512195230e-01 5.210084033613445742e-01 5.217391304347825942e-01 5.267857142857143016e-01 5.092592592592593004e-01 5.096153846153845812e-01 5.204081632653061451e-01 5.208333333333333703e-01 5.172413793103448620e-01 
5.031578947368421373e-01 5.061475409836065920e-01 5.010101010101010166e-01 5.030181086519114331e-01 5.059523809523809312e-01 5.039370078740157410e-01 5.019531250000000000e-01 5.009671179883945502e-01 5.019230769230769162e-01 5.038314176245211051e-01 5.038167938931297218e-01 5.038167938931297218e-01 5.028462998102466441e-01 5.028355387523629760e-01 5.018796992481202590e-01 5.018726591760299671e-01 5.009345794392523477e-01 5.055555555555555358e-01 5.081967213114754189e-01 5.167785234899329172e-01 5.073529411764705621e-01 5.271317829457364823e-01 5.196850393700787052e-01 5.083333333333333037e-01 5.172413793103448620e-01 5.267857142857143016e-01 5.327102803738317238e-01 5.288461538461538547e-01 5.196078431372549433e-01 5.200000000000000178e-01 5.200000000000000178e-01 5.257731958762886793e-01 5.263157894736841813e-01 5.326086956521739468e-01 5.333333333333333259e-01 5.393258426966291985e-01 5.119047619047618625e-01 4.933333333333333459e-01 
5.022421524663677195e-01 4.989059080962801040e-01 5.042918454935622075e-01 5.052854122621563970e-01 5.042016806722688926e-01 5.031315240083507057e-01 5.051759834368529933e-01 5.030927835051546282e-01 5.000000000000000000e-01 4.979674796747967647e-01 4.959677419354838745e-01 4.939759036144578119e-01 4.929859719438877685e-01 4.950298210735586402e-01 4.980237154150197743e-01 4.980392156862745168e-01 4.970873786407766781e-01 4.952380952380952550e-01 4.952741020793950955e-01 4.831460674157303514e-01 4.910179640718562721e-01 4.746835443037974445e-01 4.701986754966887561e-01 4.729729729729729715e-01 4.758620689655172487e-01 4.680851063829787329e-01 4.748201438848920763e-01 4.852941176470588203e-01 4.924242424242424310e-01 5.000000000000000000e-01 5.079365079365079083e-01 5.120000000000000107e-01 5.041322314049586639e-01 4.915254237288135819e-01 4.912280701754385692e-01 4.954128440366972752e-01 5.050505050505050830e-01 5.052631578947368585e-01 
5.000000000000000000e-01 5.000000000000000000e-01 5.021008403361344463e-01 5.031315240083507057e-01 5.051759834368529933e-01 5.041322314049586639e-01 5.030674846625766694e-01 5.030425963488843744e-01 4.989939637826961705e-01 5.000000000000000000e-01 5.009980039920159944e-01 5.000000000000000000e-01 5.019762845849802257e-01 5.029469548133594925e-01 5.000000000000000000e-01 5.000000000000000000e-01 5.000000000000000000e-01 4.981060606060606077e-01 4.990619136960600111e-01 5.000000000000000000e-01 5.000000000000000000e-01 4.932432432432432567e-01 4.896551724137930828e-01 4.822695035460992652e-01 4.857142857142857095e-01 4.888888888888888729e-01 4.885496183206106680e-01 5.039370078740157410e-01 5.000000000000000000e-01 4.959349593495934738e-01 5.000000000000000000e-01 4.915254237288135819e-01 4.869565217391304546e-01 5.000000000000000000e-01 5.000000000000000000e-01 5.000000000000000000e-01 5.104166666666666297e-01 5.054945054945054750e-01 
4.966442953020134277e-01 5.043478260869564966e-01 5.053304904051172386e-01 4.989561586638830981e-01 5.010395010395010118e-01 5.031055900621117516e-01 5.000000000000000000e-01 4.989733059548254746e-01 4.989775051124744620e-01 5.030425963488843744e-01 5.040322580645161255e-01 5.060240963855421326e-01 5.080000000000000071e-01 5.069582504970179260e-01 5.078740157480314821e-01 5.087040618955512850e-01 5.067178502879078339e-01 5.076335877862595547e-01 5.046904315196998336e-01 5.254237288135593653e-01 5.060975609756097615e-01 5.032258064516128560e-01 5.241379310344828069e-01 5.174825174825175012e-01 5.106382978723403854e-01 5.217391304347825942e-01 5.255474452554744769e-01 5.259259259259259078e-01 5.114503816793892765e-01 5.078125000000000000e-01 5.000000000000000000e-01 4.919354838709677491e-01 4.958677685950413361e-01 4.913793103448275690e-01 4.859813084112149517e-01 4.951456310679611672e-01 4.899999999999999911e-01 5.054945054945054750e-01 
4.894613583138173185e-01 4.919540229885057681e-01 4.909909909909909720e-01 4.977777777777777635e-01 5.000000000000000000e-01 5.000000000000000000e-01 5.010706638115631772e-01 5.010660980810234255e-01 5.021186440677966045e-01 5.010570824524313016e-01 4.989473684210526394e-01 5.000000000000000000e-01 4.989690721649484573e-01 5.000000000000000000e-01 5.000000000000000000e-01 5.000000000000000000e-01 5.020080321285140812e-01 5.088757396449704595e-01 5.077519379844961378e-01 5.279187817258883531e-01 5.238095238095238360e-01 5.277777777777777901e-01 5.114942528735632044e-01 5.060240963855421326e-01 5.061728395061728669e-01 5.031847133757961776e-01 5.032258064516128560e-01 5.000000000000000000e-01 5.033112582781457123e-01 5.100671140939597725e-01 5.069444444444444198e-01 5.107913669064748641e-01 5.072463768115942351e-01 5.074626865671642006e-01 5.075757575757575690e-01 5.000000000000000000e-01 4.700854700854700807e-01 4.722222222222222099e-01 
4.895591647331786755e-01 4.875283446712018187e-01 4.922737306843267269e-01 4.945295404814004647e-01 4.989154013015184574e-01 5.000000000000000000e-01 5.010615711252653925e-01 5.031712473572939048e-01 5.020920502092049986e-01 5.010395010395010118e-01 4.989648033126293791e-01 4.979338842975206680e-01 5.000000000000000000e-01 5.030425963488843744e-01 5.030303030303030498e-01 5.029940119760478723e-01 5.059523809523809312e-01 5.107632093933464068e-01 5.048169556840077510e-01 5.284974093264248607e-01 5.355191256830601487e-01 5.263157894736841813e-01 5.209580838323353280e-01 5.092024539877300082e-01 5.063291139240506666e-01 5.032679738562091387e-01 4.966887417218542877e-01 5.000000000000000000e-01 5.034965034965035446e-01 5.106382978723403854e-01 5.142857142857142350e-01 5.074626865671642006e-01 4.961832061068702227e-01 4.961240310077519311e-01 4.959349593495934738e-01 4.833333333333333370e-01 4.601769911504424715e-01 4.857142857142857095e-01 
4.885321100917431325e-01 4.921700223713646460e-01 4.944812362030905351e-01 4.978165938864628770e-01 5.000000000000000000e-01 5.000000000000000000e-01 4.989384288747346075e-01 5.010526315789474161e-01 5.031315240083507057e-01 5.031055900621117516e-01 5.030927835051546282e-01 5.050916496945010437e-01 5.070707070707071162e-01 5.090543259557344102e-01 5.090180360721442421e-01 5.099601593625497920e-01 5.118577075098814655e-01 5.117647058823528994e-01 5.124760076775431994e-01 5.425531914893616525e-01 5.367231638418079598e-01 5.321637426900585055e-01 5.240963855421686413e-01 5.187500000000000444e-01 5.192307692307692735e-01 5.228758169934640820e-01 5.167785234899329172e-01 5.103448275862069172e-01 5.106382978723403854e-01 5.107913669064748641e-01 5.037593984962406291e-01 4.961240310077519311e-01 4.881889763779527769e-01 4.879999999999999893e-01 4.836065573770491621e-01 4.745762711864406902e-01 4.736842105263157632e-01 4.660194174757281704e-01 
4.932735426008968416e-01 4.977973568281938155e-01 4.946236559139784994e-01 5.000000000000000000e-01 4.989429175475686984e-01 4.978902953586498148e-01 4.958333333333333481e-01 4.958677685950413361e-01 4.948453608247422864e-01 4.959183673469387821e-01 4.939024390243902385e-01 4.929577464788732488e-01 4.929859719438877685e-01 4.940239043824701248e-01 4.960317460317460458e-01 4.990138067061143934e-01 5.000000000000000000e-01 5.000000000000000000e-01 5.028355387523629760e-01 4.943820224719100986e-01 4.823529411764705954e-01 4.905660377358490587e-01 4.740259740259740173e-01 4.768211920529801251e-01 4.799999999999999822e-01 4.861111111111111049e-01 4.857142857142857095e-01 4.892086330935251914e-01 4.850746268656716542e-01 4.924242424242424310e-01 4.960629921259842590e-01 4.959999999999999964e-01 4.918032786885245811e-01 4.833333333333333370e-01 4.700854700854700807e-01 4.642857142857143016e-01 4.615384615384615641e-01 4.421052631578947234e-01 
4.825870646766169392e-01 4.842615012106537553e-01 4.832535885167464351e-01 4.811320754716981174e-01 4.836448598130841381e-01 4.837209302325581328e-01 4.838709677419354982e-01 4.863013698630136994e-01 4.909502262443438680e-01 4.921700223713646460e-01 4.911504424778760924e-01 4.911894273127753174e-01 4.912663755458515080e-01 4.913419913419913576e-01 4.914529914529914278e-01 4.904051172707888928e-01 4.905263157894736992e-01 4.937238493723849486e-01 4.969199178644763681e-01 5.000000000000000000e-01 4.976303317535544779e-01 5.000000000000000000e-01 5.050000000000000044e-01 5.000000000000000000e-01 5.000000000000000000e-01 5.000000000000000000e-01 4.946236559139784994e-01 4.835164835164835195e-01 4.802259887005649874e-01 4.825581395348837455e-01 4.823529411764705954e-01 4.819277108433734913e-01 4.814814814814814548e-01 4.807692307692307820e-01 4.838709677419354982e-01 4.832214765100671383e-01 4.726027397260273988e-01 4.598540145985401395e-01 
4.868105515587530241e-01 4.882629107981220629e-01 4.838709677419354982e-01 4.909090909090909061e-01 4.933035714285714524e-01 4.922737306843267269e-01 4.912280701754385692e-01 4.890829694323143850e-01 4.901960784313725283e-01 4.924406047516198814e-01 4.914163090128755296e-01 4.914529914529914278e-01 4.904862579281183965e-01 4.873949579831932666e-01 4.906054279749478275e-01 4.927536231884058204e-01 4.948453608247422864e-01 4.989858012170385604e-01 4.970178926441352063e-01 4.927536231884058204e-01 4.898989898989898895e-01 5.000000000000000000e-01 4.836956521739130266e-01 4.772727272727272929e-01 4.795321637426900319e-01 4.821428571428571508e-01 4.879518072289156794e-01 4.848484848484848619e-01 4.782608695652174058e-01 4.810126582278481111e-01 4.807692307692307820e-01 4.834437086092715496e-01 4.932432432432432567e-01 4.827586206896551935e-01 4.751773049645390268e-01 4.676258992805755188e-01 4.503816793893129500e-01 4.545454545454545303e-01 
4.870588235294117663e-01 4.932432432432432567e-01 4.911504424778760924e-01 4.923413566739606173e-01 4.901960784313725283e-01 4.891774891774891554e-01 4.904458598726114671e-01 4.883720930232557933e-01 4.894514767932489629e-01 4.906444906444906717e-01 4.896265560165974917e-01 4.917695473251028626e-01 4.918032786885245811e-01 4.918032786885245811e-01 4.928716904276985722e-01 4.929006085192697562e-01 4.949698189134809079e-01 4.950099800399201389e-01 4.970530451866404520e-01 4.824120603015075170e-01 4.666666666666666741e-01 4.709302325581395388e-01 4.670658682634730718e-01 4.727272727272727182e-01 4.753086419753086433e-01 4.705882352941176405e-01 4.768211920529801251e-01 4.733333333333333282e-01 4.685314685314685423e-01 4.718309859154929398e-01 4.637681159420289911e-01 4.632352941176470784e-01 4.632352941176470784e-01 4.586466165413533580e-01 4.580152671755725047e-01 4.488188976377952555e-01 4.471544715447154372e-01 4.347826086956521618e-01 
4.812030075187969658e-01 4.879227053140096637e-01 4.846335697399526965e-01 4.834905660377358250e-01 4.871794871794871695e-01 4.839449541284403522e-01 4.851258581235697864e-01 4.864864864864865135e-01 4.876957494407158644e-01 4.899777282850779625e-01 4.923413566739606173e-01 4.902386117136659505e-01 4.902386117136659505e-01 4.913793103448275690e-01 4.914529914529914278e-01 4.915254237288135819e-01 4.916317991631798945e-01 4.938271604938271331e-01 4.949494949494949725e-01 4.933333333333333459e-01 4.809523809523809645e-01 4.875621890547263693e-01 4.899999999999999911e-01 4.820512820512820595e-01 4.893617021276595591e-01 4.866310160427807507e-01 4.833333333333333370e-01 4.802259887005649874e-01 4.742857142857143105e-01 4.670658682634730718e-01 4.723926380368098088e-01 4.723926380368098088e-01 4.687500000000000000e-01 4.679487179487179516e-01 4.671052631578947456e-01 4.657534246575342207e-01 4.565217391304347561e-01 4.496124031007752153e-01 
4.872389791183294738e-01 4.829931972789115457e-01 4.843750000000000000e-01 4.845814977973568194e-01 4.836601307189542509e-01 4.849137931034482873e-01 4.849785407725321629e-01 4.839400428265524523e-01 4.861407249466950797e-01 4.862579281183932456e-01 4.831932773109243739e-01 4.802494802494802761e-01 4.803312629399585920e-01 4.783505154639175472e-01 4.826175869120654660e-01 4.858299595141700178e-01 4.868686868686868952e-01 4.879999999999999893e-01 4.872298624754420326e-01 4.611398963730569678e-01 4.699453551912568527e-01 4.659090909090908839e-01 4.647058823529411908e-01 4.666666666666666741e-01 4.625000000000000222e-01 4.620253164556962222e-01 4.649681528662420460e-01 4.580645161290322620e-01 4.569536423841059625e-01 4.662162162162162282e-01 4.755244755244755206e-01 4.751773049645390268e-01 4.820143884892086339e-01 4.666666666666666741e-01 4.538461538461538436e-01 4.496124031007752153e-01 4.435483870967741882e-01 4.434782608695652106e-01 
4.851258581235697864e-01 4.822222222222222188e-01 4.868995633187773175e-01 4.902807775377969746e-01 4.850427350427350404e-01 4.872340425531914709e-01 4.872881355932203173e-01 4.862579281183932456e-01 4.894957983193277129e-01 4.916317991631798945e-01 4.906832298136645787e-01 4.906832298136645787e-01 4.907216494845360599e-01 4.918367346938775642e-01 4.949494949494949725e-01 4.959677419354838745e-01 4.979919678714859188e-01 5.009900990099009910e-01 4.970873786407766781e-01 4.919786096256684726e-01 5.000000000000000000e-01 4.879518072289156794e-01 4.782608695652174058e-01 4.935897435897436125e-01 4.870129870129870087e-01 4.868421052631579093e-01 4.900662251655629187e-01 4.797297297297297147e-01 4.726027397260273988e-01 4.751773049645390268e-01 4.751773049645390268e-01 4.748201438848920763e-01 4.701492537313433084e-01 4.573643410852712976e-01 4.531250000000000000e-01 4.444444444444444198e-01 4.285714285714285476e-01 4.403669724770642446e-01 
4.859154929577464976e-01 4.862385321100917701e-01 4.888392857142856984e-01 4.868421052631579093e-01 4.858387799564269915e-01 4.849137931034482873e-01 4.839400428265524523e-01 4.829059829059829112e-01 4.840085287846481732e-01 4.862579281183932456e-01 4.863731656184486218e-01 4.874476987447698972e-01 4.834024896265560201e-01 4.834710743801652888e-01 4.814814814814814548e-01 4.815573770491803351e-01 4.838056680161943457e-01 4.889779559118236363e-01 4.901574803149606474e-01 4.646464646464646409e-01 4.627659574468084847e-01 4.545454545454545303e-01 4.583333333333333148e-01 4.606060606060606299e-01 4.625000000000000222e-01 4.649681528662420460e-01 4.679487179487179516e-01 4.645161290322580849e-01 4.569536423841059625e-01 4.557823129251700744e-01 4.520547945205479201e-01 4.647887323943661886e-01 4.642857142857143016e-01 4.710144927536231707e-01 4.705882352941176405e-01 4.615384615384615641e-01 4.400000000000000022e-01 4.310344827586206629e-01 
4.918032786885245811e-01 4.886877828054298489e-01 4.933333333333333459e-01 4.868995633187773175e-01 4.838012958963283094e-01 4.840085287846481732e-01 4.841437632135306424e-01 4.821052631578947589e-01 4.810924369747899276e-01 4.832635983263598445e-01 4.812500000000000111e-01 4.813278008298755295e-01 4.793388429752066249e-01 4.783505154639175472e-01 4.826175869120654660e-01 4.817073170731707155e-01 4.799196787148594101e-01 4.800796812749004161e-01 4.824218750000000000e-01 4.365482233502537834e-01 4.395604395604395531e-01 4.252873563218390607e-01 4.397590361445782858e-01 4.472049689440993903e-01 4.451612903225806717e-01 4.437086092715231689e-01 4.496644295302013594e-01 4.527027027027026862e-01 4.452054794520547976e-01 4.513888888888888951e-01 4.507042253521126862e-01 4.571428571428571286e-01 4.604316546762590168e-01 4.444444444444444198e-01 4.469696969696969613e-01 4.523809523809523836e-01 4.508196721311475419e-01 4.375000000000000000e-01 
4.897959183673469274e-01 4.923413566739606173e-01 4.904051172707888928e-01 4.873417721518987222e-01 4.853556485355648431e-01 4.854166666666666630e-01 4.844074844074844344e-01 4.854771784232365106e-01 4.854771784232365106e-01 4.876033057851239527e-01 4.876033057851239527e-01 4.887063655030801090e-01 4.887063655030801090e-01 4.888888888888888729e-01 4.909819639278557024e-01 4.920318725099601664e-01 4.891944990176817498e-01 4.883268482490272233e-01 4.855491329479768581e-01 4.590163934426229608e-01 4.491017964071856161e-01 4.516129032258064391e-01 4.600000000000000200e-01 4.657534246575342207e-01 4.652777777777777901e-01 4.685314685314685423e-01 4.647887323943661886e-01 4.647887323943661886e-01 4.571428571428571286e-01 4.571428571428571286e-01 4.525547445255474477e-01 4.525547445255474477e-01 4.496124031007752153e-01 4.400000000000000022e-01 4.344262295081967040e-01 4.434782608695652106e-01 4.454545454545454364e-01 4.571428571428571286e-01 
4.828431372549019662e-01 4.880952380952380820e-01 4.941451990632318436e-01 4.965357967667436423e-01 4.977168949771689221e-01 4.954751131221719618e-01 4.921348314606741603e-01 4.910313901345291221e-01 4.922394678492239550e-01 4.922737306843267269e-01 4.945295404814004647e-01 4.924078091106290911e-01 4.946004319654427883e-01 4.946004319654427883e-01 4.956896551724138122e-01 4.957081545064377925e-01 5.000000000000000000e-01 4.968814968814969091e-01 4.979674796747967647e-01 5.000000000000000000e-01 4.901960784313725283e-01 4.771573604060913576e-01 4.712041884816753901e-01 4.677419354838709409e-01 4.725274725274725141e-01 4.804469273743016688e-01 4.831460674157303514e-01 4.797687861271676124e-01 4.795321637426900319e-01 4.730538922155688719e-01 4.785276073619632031e-01 4.720496894409937916e-01 4.720496894409937916e-01 4.687500000000000000e-01 4.683544303797468333e-01 4.533333333333333104e-01 4.615384615384615641e-01 4.545454545454545303e-01 
4.941995359628770235e-01 4.955156950672645610e-01 4.911504424778760924e-01 4.922737306843267269e-01 4.912663755458515080e-01 4.924078091106290911e-01 4.914163090128755296e-01 4.914529914529914278e-01 4.936170212765957355e-01 4.925690021231422522e-01 4.968553459119496862e-01 4.968684759916492943e-01 4.989604989604989882e-01 5.000000000000000000e-01 5.000000000000000000e-01 5.000000000000000000e-01 4.969818913480885114e-01 4.970059880239520722e-01 4.960784313725490335e-01 4.766839378238341696e-01 4.719101123595505487e-01 4.825581395348837455e-01 4.795321637426900319e-01 4.819277108433734913e-01 4.785276073619632031e-01 4.810126582278481111e-01 4.807692307692307820e-01 4.740259740259740173e-01 4.771241830065359735e-01 4.625850340136054561e-01 4.620689655172413590e-01 4.545454545454545303e-01 4.500000000000000111e-01 4.485294117647058987e-01 4.461538461538461786e-01 4.566929133858267931e-01 4.552845528455284341e-01 4.561403508771929571e-01 
4.966139954853273086e-01 4.966740576496674331e-01 4.966887417218542877e-01 4.923747276688453245e-01 4.913419913419913576e-01 4.924406047516198814e-01 4.946695095948827059e-01 4.915611814345991482e-01 4.926315789473684204e-01 4.915966386554621592e-01 4.937238493723849486e-01 4.958677685950413361e-01 4.948875255623721992e-01 4.969450101832993960e-01 4.969574036511156256e-01 4.949494949494949725e-01 4.909819639278557024e-01 4.911242603550295960e-01 4.922779922779922934e-01 4.640883977900552293e-01 4.624277456647398754e-01 4.619883040935672258e-01 4.727272727272727182e-01 4.753086419753086433e-01 4.720496894409937916e-01 4.645161290322580849e-01 4.733333333333333282e-01 4.697986577181207934e-01 4.729729729729729715e-01 4.657534246575342207e-01 4.571428571428571286e-01 4.592592592592592560e-01 4.511278195488721554e-01 4.503816793893129500e-01 4.573643410852712976e-01 4.719999999999999751e-01 4.700854700854700807e-01 4.622641509433962348e-01 
4.977477477477477708e-01 4.944567627494456663e-01 4.956140350877192846e-01 4.956521739130435034e-01 4.935064935064935043e-01 4.903225806451612656e-01 4.903640256959314603e-01 4.936170212765957355e-01 4.915254237288135819e-01 4.937500000000000222e-01 4.968944099378881929e-01 4.979423868312757295e-01 4.989733059548254746e-01 4.989898989898989834e-01 4.979838709677419373e-01 4.969818913480885114e-01 4.970059880239520722e-01 4.970530451866404520e-01 4.961538461538461675e-01 4.722222222222222099e-01 4.797687861271676124e-01 4.761904761904761640e-01 4.756097560975609539e-01 4.814814814814814548e-01 4.905660377358490587e-01 4.904458598726114671e-01 4.805194805194805130e-01 4.868421052631579093e-01 4.791666666666666852e-01 4.680851063829787329e-01 4.637681159420289911e-01 4.598540145985401395e-01 4.573643410852712976e-01 4.609375000000000000e-01 4.645669291338582751e-01 4.634146341463414864e-01 4.608695652173913082e-01 4.615384615384615641e-01 
4.941451990632318436e-01 4.943052391799544476e-01 4.932432432432432567e-01 4.944071588366890646e-01 4.955752212389380462e-01 4.955752212389380462e-01 4.955947136563876865e-01 4.956331877729257540e-01 4.934782608695651995e-01 4.934782608695651995e-01 4.924731182795699103e-01 4.968017057569296124e-01 4.957446808510638236e-01 4.937238493723849486e-01 4.958333333333333481e-01 4.938271604938271331e-01 4.969325153374233306e-01 4.979757085020242724e-01 4.950298210735586402e-01 4.822335025380710682e-01 4.810810810810811078e-01 4.833333333333333370e-01 4.802259887005649874e-01 4.767441860465116421e-01 4.767441860465116421e-01 4.764705882352940902e-01 4.759036144578313032e-01 4.817073170731707155e-01 4.817073170731707155e-01 4.842767295597484312e-01 4.709677419354838523e-01 4.740259740259740173e-01 4.794520547945205213e-01 4.722222222222222099e-01 4.782608695652174058e-01 4.666666666666666741e-01 4.615384615384615641e-01 4.710743801652892415e-01 
4.937965260545905677e-01 4.952380952380952550e-01 4.953488372093023395e-01 4.965517241379310276e-01 4.954128440366972752e-01 4.965831435079726686e-01 4.954545454545454808e-01 4.977477477477477708e-01 4.955357142857143016e-01 4.933333333333333459e-01 4.944567627494456663e-01 4.955947136563876865e-01 4.945295404814004647e-01 4.967320261437908613e-01 4.945770065075921762e-01 4.957081545064377925e-01 4.957446808510638236e-01 4.968684759916492943e-01 4.989898989898989834e-01 4.841628959276018107e-01 4.803921568627451122e-01 4.793814432989690899e-01 4.761904761904761640e-01 4.787234042553191737e-01 4.756756756756757021e-01 4.782608695652174058e-01 4.722222222222222099e-01 4.772727272727272929e-01 4.827586206896551935e-01 4.797687861271676124e-01 4.764705882352940902e-01 4.790419161676646720e-01 4.727272727272727182e-01 4.785276073619632031e-01 4.746835443037974445e-01 4.740259740259740173e-01 4.689655172413793038e-01 4.573643410852712976e-01 
4.987531172069825658e-01 4.952153110047846640e-01 4.988235294117647212e-01 4.930232558139535093e-01 4.953917050691244439e-01 4.965831435079726686e-01 4.988662131519274179e-01 4.966139954853273086e-01 4.932735426008968416e-01 4.944071588366890646e-01 4.944071588366890646e-01 4.955555555555555824e-01 4.944567627494456663e-01 4.933920704845815020e-01 4.934782608695651995e-01 4.935344827586206629e-01 4.946921443736730373e-01 4.989517819706498769e-01 5.010224948875255935e-01 4.798206278026905802e-01 4.854368932038835016e-01 4.773869346733668473e-01 4.896907216494845172e-01 4.842105263157894801e-01 4.810810810810811078e-01 4.754098360655737432e-01 4.806629834254143585e-01 4.887640449438201973e-01 4.858757062146892847e-01 4.858757062146892847e-01 4.827586206896551935e-01 4.855491329479768581e-01 4.882352941176470451e-01 4.878048780487804770e-01 4.874999999999999889e-01 4.836601307189542509e-01 4.693877551020408379e-01 4.592592592592592560e-01 
4.954751131221719618e-01 4.955555555555555824e-01 4.989059080962801040e-01 4.956896551724138122e-01 4.989293361884368228e-01 4.968287526427061507e-01 4.979166666666666741e-01 4.948453608247422864e-01 4.948665297741273172e-01 4.959016393442622905e-01 4.959016393442622905e-01 4.969325153374233306e-01 5.020242914979756721e-01 5.020080321285140812e-01 5.029821073558647937e-01 5.019762845849802257e-01 4.990215264187866651e-01 5.009708737864078110e-01 4.990476190476190732e-01 4.890109890109889945e-01 4.885057471264367956e-01 4.790419161676646720e-01 4.874999999999999889e-01 4.777070063694267565e-01 4.834437086092715496e-01 4.791666666666666852e-01 4.892086330935251914e-01 4.890510948905109623e-01 4.852941176470588203e-01 4.852941176470588203e-01 4.814814814814814548e-01 4.615384615384615641e-01 4.603174603174602919e-01 4.545454545454545303e-01 4.576271186440677985e-01 4.690265486725663791e-01 4.587155963302752548e-01 4.646464646464646409e-01 
4.950980392156862919e-01 4.917647058823529371e-01 4.941995359628770235e-01 4.954128440366972752e-01 4.954128440366972752e-01 4.965675057208238097e-01 5.000000000000000000e-01 4.944071588366890646e-01 4.933628318584070693e-01 4.945054945054945250e-01 4.923747276688453245e-01 4.934782608695651995e-01 4.924406047516198814e-01 4.924731182795699103e-01 4.935897435897436125e-01 4.957805907172995741e-01 4.958333333333333481e-01 4.969450101832993960e-01 4.990059642147117169e-01 4.861111111111111049e-01 4.924623115577889676e-01 4.870466321243523411e-01 4.840425531914893664e-01 4.840425531914893664e-01 4.812834224598930288e-01 4.725274725274725141e-01 4.858757062146892847e-01 4.883720930232557933e-01 4.852071005917159563e-01 4.909090909090909061e-01 4.878048780487804770e-01 4.906832298136645787e-01 4.905660377358490587e-01 4.871794871794871695e-01 4.799999999999999822e-01 4.791666666666666852e-01 4.736842105263157632e-01 4.628099173553719137e-01 
4.928229665071770516e-01 4.906976744186046235e-01 4.965517241379310276e-01 4.965831435079726686e-01 4.965986394557823091e-01 4.966592427616926542e-01 4.955752212389380462e-01 4.934210526315789269e-01 4.956521739130435034e-01 4.924406047516198814e-01 4.882226980728051613e-01 4.883227176220806820e-01 4.873417721518987222e-01 4.844074844074844344e-01 4.865424430641822062e-01 4.907597535934291599e-01 4.939024390243902385e-01 4.950099800399201389e-01 4.932301740812379265e-01 4.805825242718446688e-01 4.845360824742268036e-01 4.708994708994708733e-01 4.702702702702702964e-01 4.699453551912568527e-01 4.685714285714285832e-01 4.709302325581395388e-01 4.761904761904761640e-01 4.695121951219511924e-01 4.782608695652174058e-01 4.904458598726114671e-01 4.901960784313725283e-01 4.933333333333333459e-01 5.034965034965035446e-01 4.964539007092198530e-01 4.817518248175182705e-01 4.696969696969697239e-01 4.634146341463414864e-01 4.672897196261682207e-01 
4.906166219839142029e-01 4.910025706940874257e-01 4.962406015037593709e-01 4.950495049504950451e-01 4.963680387409201145e-01 4.963855421686746983e-01 4.940334128878281494e-01 4.952380952380952550e-01 4.940617577197149446e-01 4.940898345153664217e-01 4.918032786885245811e-01 4.895591647331786755e-01 4.931506849315068219e-01 4.954751131221719618e-01 4.921700223713646460e-01 4.911894273127753174e-01 4.880694143167028098e-01 4.902807775377969746e-01 4.926624737945492494e-01 4.940239043824701248e-01 4.936170212765957355e-01 4.844444444444444553e-01 4.863636363636363869e-01 4.834123222748815119e-01 4.832535885167464351e-01 4.878048780487804770e-01 4.852941176470588203e-01 4.876847290640394239e-01 4.875621890547263693e-01 4.923857868020304340e-01 4.974093264248704571e-01 4.892473118279569988e-01 4.835164835164835195e-01 4.915254237288135819e-01 4.941176470588235503e-01 5.030674846625766694e-01 4.968944099378881929e-01 4.897959183673469274e-01 
4.971751412429378791e-01 5.013262599469495706e-01 4.973958333333333148e-01 4.961439588688946190e-01 4.936386768447837414e-01 4.949748743718592747e-01 4.913580246913580307e-01 4.901960784313725283e-01 4.927184466019417508e-01 4.915662650602409811e-01 4.892086330935251914e-01 4.916467780429594203e-01 4.928571428571428825e-01 4.928909952606634892e-01 4.941176470588235503e-01 4.896551724137930828e-01 4.865470852017937387e-01 4.813186813186813295e-01 4.860813704496788068e-01 4.777777777777778012e-01 4.696356275303643635e-01 4.749999999999999778e-01 4.765957446808510856e-01 4.805194805194805130e-01 4.778761061946902866e-01 4.840182648401826215e-01 4.861111111111111049e-01 4.811320754716981174e-01 4.832535885167464351e-01 4.879227053140096637e-01 4.829268292682926678e-01 4.803921568627451122e-01 4.801980198019801804e-01 4.773869346733668473e-01 4.867724867724867455e-01 4.943820224719100986e-01 5.088757396449704595e-01 4.968152866242038224e-01 
5.000000000000000000e-01 4.937655860349127179e-01 4.950738916256157696e-01 5.000000000000000000e-01 5.023584905660377631e-01 5.000000000000000000e-01 4.988452655889145659e-01 4.965517241379310276e-01 4.943310657596372004e-01 4.954751131221719618e-01 4.954954954954954860e-01 4.923413566739606173e-01 4.935064935064935043e-01 4.946236559139784994e-01 4.935622317596566333e-01 4.925373134328357994e-01 4.906054279749478275e-01 4.877049180327868716e-01 4.960317460317460458e-01 4.830508474576271083e-01 4.932735426008968416e-01 4.908256880733944949e-01 4.807692307692307820e-01 4.749999999999999778e-01 4.793814432989690899e-01 4.816753926701570765e-01 4.867724867724867455e-01 4.918032786885245811e-01 4.890109890109889945e-01 4.888888888888888729e-01 4.970059880239520722e-01 4.938271604938271331e-01 4.905660377358490587e-01 4.936708860759493889e-01 4.967741935483870885e-01 5.034482758620689724e-01 5.147058823529411242e-01 4.833333333333333370e-01 
5.013262599469495706e-01 4.987341772151898667e-01 4.949999999999999956e-01 4.962962962962962910e-01 4.938875305623471879e-01 4.939759036144578119e-01 4.952606635071090113e-01 4.952830188679245293e-01 4.941724941724941478e-01 4.976851851851851749e-01 5.011441647597254523e-01 5.034168564920273869e-01 4.988764044943820308e-01 4.988913525498891444e-01 4.945533769063180651e-01 4.935344827586206629e-01 4.936440677966101864e-01 4.958158995815899472e-01 4.969574036511156256e-01 4.898785425101214730e-01 4.934497816593886310e-01 5.000000000000000000e-01 4.977168949771689221e-01 5.023255813953488857e-01 5.023923444976076125e-01 5.000000000000000000e-01 5.000000000000000000e-01 5.025641025641025550e-01 4.947916666666666852e-01 4.866310160427807507e-01 4.810810810810811078e-01 4.916201117318435565e-01 4.913294797687861037e-01 5.030303030303030498e-01 5.062499999999999778e-01 5.065789473684210176e-01 5.000000000000000000e-01 4.961832061068702227e-01 
5.000000000000000000e-01 5.048543689320388328e-01 5.035971223021582510e-01 4.964705882352941080e-01 4.930232558139535093e-01 4.954128440366972752e-01 4.943566591422121625e-01 4.910714285714285476e-01 4.900662251655629187e-01 4.934497816593886310e-01 4.891774891774891554e-01 4.903640256959314603e-01 4.883227176220806820e-01 4.863731656184486218e-01 4.865424430641822062e-01 4.865979381443298890e-01 4.898373983739837123e-01 4.880478087649402497e-01 4.904214559386972927e-01 4.741379310344827624e-01 4.622641509433962348e-01 4.637681159420289911e-01 4.773869346733668473e-01 4.845360824742268036e-01 4.787234042553191737e-01 4.806629834254143585e-01 4.886363636363636465e-01 4.912280701754385692e-01 4.819277108433734913e-01 4.938271604938271331e-01 4.904458598726114671e-01 4.967320261437908613e-01 5.034013605442176909e-01 5.035460992907800915e-01 5.035971223021582510e-01 4.924242424242424310e-01 5.000000000000000000e-01 4.901960784313725283e-01 
5.053763440860215006e-01 5.012853470437017567e-01 5.025125628140703071e-01 5.037037037037036535e-01 5.000000000000000000e-01 4.987893462469733530e-01 4.964200477326968786e-01 4.905660377358490587e-01 4.906542056074766345e-01 4.919168591224018505e-01 4.931192660550458573e-01 4.909090909090909061e-01 4.899328859060402830e-01 4.878587196467991105e-01 4.847826086956521507e-01 4.859611231101511608e-01 4.872881355932203173e-01 4.896265560165974917e-01 4.940476190476190688e-01 4.642857142857143016e-01 4.680851063829787329e-01 4.646017699115044253e-01 4.611872146118721205e-01 4.675925925925926152e-01 4.691943127962085458e-01 4.731707317073170493e-01 4.849999999999999867e-01 4.846938775510203912e-01 4.816753926701570765e-01 4.787234042553191737e-01 4.836956521739130266e-01 4.858757062146892847e-01 4.912280701754385692e-01 5.000000000000000000e-01 4.968944099378881929e-01 4.934210526315789269e-01 4.859154929577464976e-01 4.666666666666666741e-01 
5.128939828080228969e-01 5.054347826086956763e-01 5.000000000000000000e-01 5.052356020942407877e-01 5.064599483204134112e-01 5.051020408163264808e-01 5.012594458438287548e-01 4.975247524752475226e-01 4.963503649635036541e-01 4.975845410628019216e-01 5.011876484560570111e-01 5.000000000000000000e-01 4.965034965034965109e-01 4.953703703703703498e-01 4.954337899543378998e-01 4.944071588366890646e-01 4.955947136563876865e-01 4.967602591792656397e-01 4.979338842975206680e-01 4.763636363636363780e-01 4.843750000000000000e-01 4.918699186991870032e-01 4.834710743801652888e-01 4.810126582278481111e-01 4.827586206896551935e-01 4.889867841409691884e-01 4.954545454545454808e-01 4.976525821596244348e-01 4.952380952380952550e-01 4.876847290640394239e-01 4.899999999999999911e-01 4.974358974358974450e-01 5.000000000000000000e-01 5.000000000000000000e-01 5.028248587570621764e-01 5.000000000000000000e-01 4.968944099378881929e-01 4.928571428571428825e-01 
5.120481927710843761e-01 5.126760563380281521e-01 5.054945054945054750e-01 5.053763440860215006e-01 5.026595744680850686e-01 5.039577836411609502e-01 5.052356020942407877e-01 5.025641025641025550e-01 5.000000000000000000e-01 4.962593516209476419e-01 4.975247524752475226e-01 4.975609756097560954e-01 4.987951807228915846e-01 4.988066825775656077e-01 4.953051643192488140e-01 4.930555555555555802e-01 4.931818181818181657e-01 4.922394678492239550e-01 4.967880085653104683e-01 4.760273972602739878e-01 4.721189591078067127e-01 4.807692307692307820e-01 4.801587301587301737e-01 4.838709677419354982e-01 4.816326530612244916e-01 4.793388429752066249e-01 4.829059829059829112e-01 4.869565217391304546e-01 4.932735426008968416e-01 4.909090909090909061e-01 4.906542056074766345e-01 4.880382775119617156e-01 4.878048780487804770e-01 4.949494949494949725e-01 5.000000000000000000e-01 5.000000000000000000e-01 5.028901734104046506e-01 4.904458598726114671e-01 
5.116883116883116367e-01 5.123762376237623872e-01 5.084337349397590744e-01 5.023474178403756207e-01 5.000000000000000000e-01 5.022624434389140191e-01 5.000000000000000000e-01 5.011086474501108556e-01 4.978165938864628770e-01 4.989154013015184574e-01 5.000000000000000000e-01 5.042553191489361764e-01 5.041493775933609811e-01 5.030927835051546282e-01 5.020325203252032908e-01 5.020000000000000018e-01 5.048923679060665082e-01 5.086042065009560575e-01 5.046210720887245316e-01 4.769874476987447931e-01 4.727272727272727182e-01 4.784688995215310992e-01 4.898989898989898895e-01 4.947368421052631415e-01 4.890109890109889945e-01 4.943820224719100986e-01 4.913294797687861037e-01 5.000000000000000000e-01 4.969325153374233306e-01 4.936708860759493889e-01 4.805194805194805130e-01 4.788732394366196909e-01 4.820143884892086339e-01 4.848484848484848619e-01 4.838709677419354982e-01 4.690265486725663791e-01 4.455445544554455517e-01 4.578313253012047945e-01 
5.113636363636363535e-01 5.159574468085106336e-01 5.103092783505154273e-01 5.088607594936709333e-01 5.124378109452736307e-01 5.061124694376527566e-01 5.024038461538461453e-01 5.000000000000000000e-01 5.000000000000000000e-01 5.000000000000000000e-01 4.977272727272727404e-01 4.977375565610859809e-01 4.966139954853273086e-01 4.955156950672645610e-01 4.988913525498891444e-01 4.989106753812636019e-01 5.031847133757961776e-01 5.051124744376278564e-01 5.088062622309197369e-01 4.852941176470588203e-01 4.758064516129032473e-01 4.830508474576271083e-01 4.847161572052401945e-01 4.774774774774774855e-01 4.883720930232557933e-01 4.951923076923077094e-01 5.000000000000000000e-01 5.000000000000000000e-01 5.000000000000000000e-01 5.054347826086956763e-01 5.054945054945054750e-01 5.082872928176795924e-01 5.112359550561798027e-01 5.028901734104046506e-01 5.030303030303030498e-01 4.901960784313725283e-01 4.814814814814814548e-01 4.601769911504424715e-01 
5.111731843575418877e-01 5.090909090909090384e-01 5.113924050632910889e-01 5.099502487562188602e-01 5.109489051094890932e-01 5.035629453681710332e-01 5.023474178403756207e-01 5.011600928074245731e-01 5.022831050228310223e-01 5.034013605442176909e-01 5.011286681715575453e-01 5.055432372505542782e-01 5.108695652173913526e-01 5.118279569892473235e-01 5.116279069767442067e-01 5.083682008368201055e-01 5.081632653061224358e-01 5.139442231075697087e-01 5.113636363636363535e-01 4.962406015037593709e-01 4.979079497907950014e-01 4.934497816593886310e-01 4.954954954954954860e-01 4.929577464788732488e-01 5.073891625615764012e-01 5.101010101010100550e-01 5.129533678756477144e-01 5.107526881720430012e-01 5.081967213114754189e-01 5.138121546961326169e-01 5.028901734104046506e-01 4.878048780487804770e-01 4.842767295597484312e-01 4.834437086092715496e-01 4.931506849315068219e-01 4.925373134328357994e-01 4.672131147540983798e-01 4.687500000000000000e-01 
5.162162162162161616e-01 5.140664961636828290e-01 5.086419753086419693e-01 5.072815533980582492e-01 5.059382422802850554e-01 5.046728971962616273e-01 5.034482758620689724e-01 5.034013605442176909e-01 5.033707865168539630e-01 4.988913525498891444e-01 4.989059080962801040e-01 5.010845986984815426e-01 5.031982942430703876e-01 5.052631578947368585e-01 5.041666666666666519e-01 5.020325203252032908e-01 5.019920318725099584e-01 5.028901734104046506e-01 5.028037383177570430e-01 4.724409448818897572e-01 4.721030042918454850e-01 4.794520547945205213e-01 4.811320754716981174e-01 4.827586206896551935e-01 4.846938775510203912e-01 4.867724867724867455e-01 4.863387978142076351e-01 4.860335195530726127e-01 4.971098265895953494e-01 4.970059880239520722e-01 4.907975460122699363e-01 4.838709677419354982e-01 4.765100671140939381e-01 4.791666666666666852e-01 4.848484848484848619e-01 4.836065573770491621e-01 4.761904761904761640e-01 4.719101123595505487e-01 
5.128939828080228969e-01 5.198938992042440033e-01 5.155440414507772573e-01 5.101010101010100550e-01 5.134474327628362200e-01 5.108433734939759052e-01 5.095238095238094900e-01 5.140186915887849928e-01 5.115207373271889457e-01 5.056689342403628551e-01 5.067264573991031584e-01 5.066964285714286031e-01 5.141612200435730085e-01 5.203426124197002567e-01 5.201698513800424584e-01 5.217391304347825942e-01 5.171717171717171713e-01 5.157480314960629642e-01 5.103969754253308011e-01 5.018181818181818299e-01 4.898785425101214730e-01 4.957983193277311074e-01 5.043859649122807154e-01 4.976744186046511698e-01 5.023923444976076125e-01 5.049019607843137081e-01 4.948979591836734637e-01 5.000000000000000000e-01 5.136612021857923649e-01 5.112359550561798027e-01 5.113636363636363535e-01 4.909090909090909061e-01 4.713375796178344013e-01 4.705882352941176405e-01 4.609929078014184389e-01 4.728682170542635732e-01 4.741379310344827624e-01 4.947368421052631415e-01 
5.181058495821726506e-01 5.142118863049095490e-01 5.124378109452736307e-01 5.144230769230768718e-01 5.105386416861826815e-01 5.080831408775982050e-01 5.113122171945700956e-01 5.066964285714286031e-01 5.000000000000000000e-01 4.967462039045553168e-01 5.010706638115631772e-01 5.042194092827003704e-01 5.031315240083507057e-01 5.072164948453607991e-01 5.070707070707071162e-01 5.019685039370078705e-01 5.019305019305019266e-01 5.000000000000000000e-01 5.009208103130755596e-01 4.641509433962264231e-01 4.641350210970464074e-01 4.639639639639639435e-01 4.567307692307692180e-01 4.619289340101522812e-01 4.659685863874345468e-01 4.560439560439560336e-01 4.659090909090908839e-01 4.823529411764705954e-01 4.907975460122699363e-01 4.777070063694267565e-01 4.666666666666666741e-01 4.689655172413793038e-01 4.532374100719424592e-01 4.496124031007752153e-01 4.655172413793103314e-01 4.622641509433962348e-01 4.687500000000000000e-01 4.567901234567900981e-01 
5.030864197530864335e-01 5.167597765363128870e-01 5.108695652173913526e-01 5.105820105820105814e-01 5.127551020408163129e-01 5.139240506329113556e-01 5.135135135135134865e-01 5.144230769230768718e-01 5.141509433962264675e-01 5.116279069767442067e-01 5.092592592592593004e-01 5.148063781321184917e-01 5.179372197309417558e-01 5.219298245614034659e-01 5.206073752711496416e-01 5.202558635394456399e-01 5.215605749486652565e-01 5.250501002004007711e-01 5.239005736137667402e-01 5.300000000000000266e-01 5.150375939849624052e-01 5.234375000000000000e-01 5.243902439024390461e-01 5.215517241379310498e-01 5.196506550218340514e-01 5.207373271889400579e-01 5.192307692307692735e-01 5.200000000000000178e-01 5.257731958762886793e-01 5.312500000000000000e-01 5.189189189189189477e-01 5.112359550561798027e-01 5.000000000000000000e-01 5.030674846625766694e-01 5.032258064516128560e-01 4.963503649635036541e-01 4.799999999999999822e-01 4.752475247524752255e-01 
5.182072829131653124e-01 5.172413793103448620e-01 5.139240506329113556e-01 5.135802469135802850e-01 5.130023640661938167e-01 5.103926096997690731e-01 5.056179775280899014e-01 5.089285714285713969e-01 5.055187637969095205e-01 4.989106753812636019e-01 5.095948827292110517e-01 5.094736842105263008e-01 5.082987551867219622e-01 5.051124744376278564e-01 5.030060120240480437e-01 5.019685039370078705e-01 5.047801147227533036e-01 5.037453183520599342e-01 5.036764705882352811e-01 4.719101123595505487e-01 4.696356275303643635e-01 4.716157205240174566e-01 4.703196347031963209e-01 4.676616915422885379e-01 4.712041884816753901e-01 4.804469273743016688e-01 4.715909090909091161e-01 4.795321637426900319e-01 4.969696969696969502e-01 4.645161290322580849e-01 4.630872483221476488e-01 4.647887323943661886e-01 4.740740740740740922e-01 4.799999999999999822e-01 4.827586206896551935e-01 4.653465346534653713e-01 4.666666666666666741e-01 4.625000000000000222e-01 
4.777777777777778012e-01 4.732142857142856984e-01 5.111111111111110716e-01 4.935064935064935043e-01 4.914285714285714368e-01 4.836956521739130266e-01 4.670050761421319918e-01 4.761904761904761640e-01 4.776785714285714524e-01 4.810126582278481111e-01 4.736842105263157632e-01 4.734848484848485084e-01 4.768683274021352503e-01 4.697986577181207934e-01 4.668769716088327915e-01 4.624277456647398754e-01 4.828496042216358641e-01 4.893111638954869558e-01 4.837398373983740063e-01 4.868913857677902857e-01 4.882812500000000000e-01 4.785276073619632031e-01 4.829787234042552946e-01 4.832962138084632708e-01 4.863636363636363869e-01 4.941451990632318436e-01 4.903381642512077421e-01 4.899999999999999911e-01 4.883720930232557933e-01 4.933687002652519804e-01 4.944444444444444642e-01 4.927113702623906466e-01 5.000000000000000000e-01 5.048859934853420217e-01 5.143884892086331151e-01 4.897959183673469274e-01 4.778325123152709630e-01 4.924242424242424310e-01 
4.705882352941176405e-01 4.833333333333333370e-01 4.857142857142857095e-01 4.906832298136645787e-01 5.028571428571428914e-01 4.787234042553191737e-01 4.744897959183673741e-01 4.691943127962085458e-01 4.845814977973568194e-01 4.894514767932489629e-01 4.918699186991870032e-01 4.980544747081712131e-01 4.962962962962962910e-01 4.810996563573883278e-01 4.822006472491909279e-01 4.820359281437125998e-01 4.774011299435028111e-01 5.000000000000000000e-01 4.913793103448275690e-01 4.961685823754789504e-01 4.940476190476190688e-01 4.938016528925620041e-01 4.924406047516198814e-01 4.877505567928730468e-01 4.977064220183486376e-01 5.000000000000000000e-01 5.036319612590799411e-01 4.962216624685138466e-01 4.935400516795865888e-01 4.920634920634920362e-01 4.877384196185285958e-01 4.887005649717514055e-01 5.015015015015015232e-01 5.015873015873015817e-01 5.034482758620689724e-01 5.111111111111110716e-01 4.774774774774774855e-01 4.937500000000000222e-01 
4.770642201834862650e-01 4.724409448818897572e-01 4.861111111111111049e-01 4.969696969696969502e-01 4.916201117318435565e-01 4.791666666666666852e-01 4.797979797979797789e-01 4.858490566037735880e-01 4.868421052631579093e-01 4.916666666666666408e-01 4.939271255060728727e-01 5.000000000000000000e-01 5.000000000000000000e-01 4.930555555555555802e-01 4.885993485342019493e-01 4.907975460122699363e-01 4.843304843304843121e-01 4.936386768447837414e-01 4.955752212389380462e-01 4.970873786407766781e-01 4.989939637826961705e-01 4.958333333333333481e-01 4.923747276688453245e-01 4.943820224719100986e-01 5.000000000000000000e-01 5.000000000000000000e-01 4.975728155339805836e-01 4.974747474747474585e-01 4.947916666666666852e-01 4.933687002652519804e-01 4.890109890109889945e-01 4.887005649717514055e-01 4.940476190476190688e-01 4.984227129337539530e-01 4.966442953020134277e-01 5.054945054945054750e-01 4.935064935064935043e-01 4.883720930232557933e-01 
4.732142857142856984e-01 4.728682170542635732e-01 5.033112582781457123e-01 5.029940119760478723e-01 4.917127071823204632e-01 4.870466321243523411e-01 4.901960784313725283e-01 4.929577464788732488e-01 4.912280701754385692e-01 4.937238493723849486e-01 4.959999999999999964e-01 5.038167938931297218e-01 5.055350553505535416e-01 4.965517241379310276e-01 4.918032786885245811e-01 4.876543209876543217e-01 4.842406876790830705e-01 4.935064935064935043e-01 4.966139954853273086e-01 5.000000000000000000e-01 5.010101010101010166e-01 4.926004228329809997e-01 4.923413566739606173e-01 4.966139954853273086e-01 4.988399071925754269e-01 4.976190476190476275e-01 4.963503649635036541e-01 4.974747474747474585e-01 4.961038961038961026e-01 4.946524064171122781e-01 4.889502762430938954e-01 4.872521246458923483e-01 4.940119760479041999e-01 4.984326018808777348e-01 5.033333333333332993e-01 5.090909090909090384e-01 4.979079497907950014e-01 4.917127071823204632e-01 
4.649122807017543879e-01 4.740740740740740922e-01 5.096774193548386789e-01 4.941176470588235503e-01 4.916201117318435565e-01 4.896907216494845172e-01 4.901960784313725283e-01 4.953271028037383172e-01 4.956521739130435034e-01 4.979253112033195094e-01 5.039682539682539542e-01 5.057471264367816577e-01 5.166051660516605137e-01 5.085910652920961894e-01 4.950819672131147597e-01 4.968944099378881929e-01 4.899713467048710802e-01 4.961038961038961026e-01 5.045662100456621557e-01 5.058823529411764497e-01 5.051124744376278564e-01 4.946695095948827059e-01 5.000000000000000000e-01 5.011235955056180247e-01 5.023255813953488857e-01 5.023809523809523725e-01 5.000000000000000000e-01 5.000000000000000000e-01 4.986945169712793668e-01 4.946236559139784994e-01 4.931129476584021898e-01 4.844192634560906541e-01 4.894894894894895043e-01 5.015673981191222097e-01 5.000000000000000000e-01 5.090909090909090384e-01 5.020920502092049986e-01 4.838709677419354982e-01 
4.741379310344827624e-01 4.929577464788732488e-01 5.000000000000000000e-01 4.941860465116278966e-01 4.890109890109889945e-01 4.921465968586387629e-01 4.926829268292682862e-01 4.930232558139535093e-01 4.978540772532188963e-01 5.000000000000000000e-01 5.000000000000000000e-01 5.115384615384614975e-01 5.198555956678699852e-01 5.138888888888888395e-01 5.032679738562091387e-01 5.047021943573667402e-01 4.927536231884058204e-01 5.013123359580052840e-01 5.034482758620689724e-01 5.059055118110236116e-01 5.020746887966804906e-01 5.000000000000000000e-01 5.022123893805309214e-01 5.045248868778280382e-01 5.034642032332563577e-01 5.035799522673031214e-01 5.036674816625916762e-01 5.012787723785165905e-01 5.000000000000000000e-01 5.000000000000000000e-01 4.917582417582417320e-01 4.841498559077809793e-01 4.880952380952380820e-01 4.968553459119496862e-01 4.950819672131147597e-01 5.089605734767025380e-01 4.979423868312757295e-01 4.920634920634920362e-01 
4.827586206896551935e-01 4.895104895104895326e-01 4.968553459119496862e-01 4.971428571428571641e-01 4.918032786885245811e-01 4.923076923076923350e-01 5.048543689320388328e-01 4.953703703703703498e-01 5.000000000000000000e-01 5.041322314049586639e-01 5.138339920948616912e-01 5.229007633587786641e-01 5.268817204301075030e-01 5.191637630662020442e-01 5.130718954248365549e-01 5.109717868338558011e-01 4.970930232558139483e-01 5.065616797900261981e-01 5.092592592592593004e-01 5.078740157480314821e-01 5.072765072765073047e-01 5.053763440860215006e-01 5.055679287305122616e-01 5.079365079365079083e-01 5.081585081585081598e-01 5.023923444976076125e-01 5.073529411764705621e-01 5.051282051282051100e-01 5.026178010471203939e-01 4.959568733153638664e-01 4.889502762430938954e-01 4.840579710144927716e-01 4.896142433234421110e-01 4.937106918238993725e-01 4.950819672131147597e-01 5.107142857142856762e-01 4.979423868312757295e-01 4.895833333333333148e-01 
4.873949579831932666e-01 4.931506849315068219e-01 5.000000000000000000e-01 4.971428571428571641e-01 4.972677595628415270e-01 5.025125628140703071e-01 4.975845410628019216e-01 5.000000000000000000e-01 5.042372881355932090e-01 5.000000000000000000e-01 5.078740157480314821e-01 5.171102661596957972e-01 5.143884892086331151e-01 5.121951219512195230e-01 5.032679738562091387e-01 5.047021943573667402e-01 4.927536231884058204e-01 5.013192612137202797e-01 5.093457943925233655e-01 5.029702970297029729e-01 5.020920502092049986e-01 5.000000000000000000e-01 5.011135857461024301e-01 5.011337868480725266e-01 4.988235294117647212e-01 5.011990407673860837e-01 5.000000000000000000e-01 4.974226804123711432e-01 5.000000000000000000e-01 4.945945945945945943e-01 4.875346260387811714e-01 4.884393063583815087e-01 4.896142433234421110e-01 4.968553459119496862e-01 4.950819672131147597e-01 5.089605734767025380e-01 4.979591836734693633e-01 4.795918367346938549e-01 
4.796747967479674801e-01 4.899328859060402830e-01 5.000000000000000000e-01 4.971428571428571641e-01 4.946236559139784994e-01 4.975124378109452850e-01 4.975845410628019216e-01 5.022421524663677195e-01 5.042372881355932090e-01 4.959677419354838745e-01 5.019455252918287869e-01 5.055762081784386242e-01 5.018050541516245744e-01 5.051903114186850896e-01 5.016286644951140072e-01 4.984326018808777348e-01 4.883720930232557933e-01 4.960422163588390498e-01 5.070422535211267512e-01 5.009980039920159944e-01 4.989473684210526394e-01 4.956331877729257540e-01 4.966592427616926542e-01 4.977168949771689221e-01 4.964539007092198530e-01 4.964028776978417490e-01 4.937655860349127179e-01 4.922680412371134295e-01 4.973404255319148759e-01 4.931880108991825717e-01 4.901408450704225483e-01 4.927953890489913391e-01 4.895522388059701524e-01 4.921135646687697096e-01 4.950819672131147597e-01 5.071428571428571175e-01 4.979591836734693633e-01 4.747474747474747514e-01 
4.841269841269841279e-01 4.933333333333333459e-01 5.000000000000000000e-01 4.943820224719100986e-01 4.973262032085561390e-01 4.975369458128078848e-01 4.976303317535544779e-01 5.044642857142856984e-01 4.979079497907950014e-01 4.939271255060728727e-01 4.980544747081712131e-01 5.018587360594795044e-01 4.964028776978417490e-01 5.000000000000000000e-01 5.000000000000000000e-01 4.953271028037383172e-01 4.855491329479768581e-01 4.934036939313984349e-01 5.047169811320755262e-01 4.979919678714859188e-01 4.957805907172995741e-01 4.934497816593886310e-01 4.955156950672645610e-01 4.942791762013730161e-01 4.940617577197149446e-01 4.939467312348668204e-01 4.899999999999999911e-01 4.935064935064935043e-01 4.960212201591511771e-01 4.931880108991825717e-01 4.901408450704225483e-01 4.942196531791907543e-01 4.910714285714285476e-01 4.905660377358490587e-01 4.950495049504950451e-01 5.071942446043165020e-01 4.979591836734693633e-01 4.749999999999999778e-01 
4.803149606299212393e-01 4.933333333333333459e-01 5.000000000000000000e-01 4.943820224719100986e-01 5.000000000000000000e-01 5.024390243902439046e-01 5.023255813953488857e-01 5.000000000000000000e-01 4.937759336099585283e-01 4.939759036144578119e-01 4.961538461538461675e-01 5.018587360594795044e-01 4.964028776978417490e-01 4.948096885813148549e-01 4.983606557377049384e-01 4.922600619195046656e-01 4.840579710144927716e-01 4.947089947089947093e-01 5.023584905660377631e-01 4.989939637826961705e-01 4.957805907172995741e-01 4.934210526315789269e-01 4.955156950672645610e-01 4.931192660550458573e-01 4.916467780429594203e-01 4.914425427872860519e-01 4.924623115577889676e-01 4.960835509138381005e-01 4.959999999999999964e-01 4.945054945054945250e-01 4.901408450704225483e-01 4.942196531791907543e-01 4.955223880597015018e-01 4.921630094043887294e-01 4.983388704318936768e-01 5.089605734767025380e-01 4.959349593495934738e-01 4.799999999999999822e-01 
4.806201550387597110e-01 4.934210526315789269e-01 5.000000000000000000e-01 4.972067039106145003e-01 4.948453608247422864e-01 5.000000000000000000e-01 5.069124423963133896e-01 4.978165938864628770e-01 4.937759336099585283e-01 4.959677419354838745e-01 4.980842911877394474e-01 5.018450184501844769e-01 5.000000000000000000e-01 4.965753424657534110e-01 5.016286644951140072e-01 4.953560371517027883e-01 4.883720930232557933e-01 4.986737400530503739e-01 5.011820330969266601e-01 5.010101010101010166e-01 4.978813559322033955e-01 4.956140350877192846e-01 4.966292134831460925e-01 4.976744186046511698e-01 4.951923076923077094e-01 4.914004914004914126e-01 4.962025316455696000e-01 4.986945169712793668e-01 4.973404255319148759e-01 4.958677685950413361e-01 4.929178470254957367e-01 4.942196531791907543e-01 4.969879518072289337e-01 4.921135646687697096e-01 4.983388704318936768e-01 5.071428571428571175e-01 4.939271255060728727e-01 4.875621890547263693e-01 
4.848484848484848619e-01 5.000000000000000000e-01 4.941176470588235503e-01 5.027624309392265678e-01 5.000000000000000000e-01 5.000000000000000000e-01 5.067873303167420573e-01 4.935064935064935043e-01 4.979423868312757295e-01 4.959677419354838745e-01 5.000000000000000000e-01 5.000000000000000000e-01 5.053380782918149849e-01 4.965986394557823091e-01 4.967532467532467799e-01 4.953846153846153677e-01 4.883720930232557933e-01 5.000000000000000000e-01 5.000000000000000000e-01 5.000000000000000000e-01 4.957264957264957417e-01 4.977973568281938155e-01 4.943566591422121625e-01 4.953271028037383172e-01 4.951690821256038433e-01 4.913151364764267726e-01 4.987277353689567594e-01 4.960629921259842590e-01 4.973404255319148759e-01 4.944751381215469754e-01 4.943181818181818232e-01 4.897959183673469274e-01 4.969696969696969502e-01 4.968354430379746667e-01 4.983277591973244158e-01 5.071428571428571175e-01 4.919354838709677491e-01 4.900990099009900902e-01 
4.812030075187969658e-01 5.031847133757961776e-01 4.971098265895953494e-01 5.000000000000000000e-01 5.050505050505050830e-01 5.000000000000000000e-01 5.000000000000000000e-01 4.913043478260869512e-01 4.979591836734693633e-01 4.960317460317460458e-01 5.000000000000000000e-01 4.963235294117647189e-01 5.053380782918149849e-01 4.949152542372881602e-01 4.951456310679611672e-01 4.953846153846153677e-01 4.869565217391304546e-01 5.013333333333332975e-01 5.000000000000000000e-01 5.010183299389001643e-01 4.946466809421841693e-01 4.966740576496674331e-01 4.954751131221719618e-01 4.929577464788732488e-01 4.951690821256038433e-01 4.949999999999999956e-01 5.000000000000000000e-01 4.960422163588390498e-01 4.973118279569892497e-01 4.944751381215469754e-01 4.971590909090908839e-01 4.897959183673469274e-01 4.984802431610942386e-01 4.984126984126984183e-01 4.983277591973244158e-01 5.089605734767025380e-01 4.899598393574297051e-01 4.900990099009900902e-01 
4.779411764705882582e-01 5.031446540880503138e-01 4.971751412429378791e-01 5.000000000000000000e-01 5.074626865671642006e-01 4.976525821596244348e-01 5.000000000000000000e-01 4.913043478260869512e-01 4.979591836734693633e-01 4.980237154150197743e-01 5.019011406844106071e-01 4.981684981684981750e-01 5.070921985815602939e-01 4.966216216216216006e-01 4.967532467532467799e-01 4.984709480122324066e-01 4.898550724637681375e-01 5.066312997347479641e-01 5.011820330969266601e-01 5.040983606557376540e-01 4.967741935483870885e-01 4.988814317673377907e-01 4.977168949771689221e-01 4.940898345153664217e-01 4.987834549878345514e-01 4.974999999999999978e-01 5.025380710659897998e-01 4.986807387862796648e-01 4.986522911051212703e-01 4.958448753462603720e-01 4.985754985754985991e-01 4.912280701754385692e-01 5.000000000000000000e-01 5.000000000000000000e-01 4.983164983164983242e-01 5.089605734767025380e-01 4.858299595141700178e-01 4.925373134328357994e-01 
4.820143884892086339e-01 5.061728395061728669e-01 4.943820224719100986e-01 4.946808510638298073e-01 5.024630541871921707e-01 4.976744186046511698e-01 4.977777777777777635e-01 4.956896551724138122e-01 4.959349593495934738e-01 4.960629921259842590e-01 4.980988593155893374e-01 4.981818181818181701e-01 4.982206405693950235e-01 4.932432432432432567e-01 4.919093851132685935e-01 4.954128440366972752e-01 4.854651162790697416e-01 5.039787798408488229e-01 4.988235294117647212e-01 5.010309278350515427e-01 4.935064935064935043e-01 4.977578475336322805e-01 4.977064220183486376e-01 4.940617577197149446e-01 4.963325183374083238e-01 4.962406015037593709e-01 4.974489795918367596e-01 4.973544973544973269e-01 4.972972972972973249e-01 4.958448753462603720e-01 4.957020057306590344e-01 4.956268221574344213e-01 5.000000000000000000e-01 5.015873015873015817e-01 4.983164983164983242e-01 5.107142857142856762e-01 4.858299595141700178e-01 4.924623115577889676e-01 
4.893617021276595591e-01 5.092024539877300082e-01 4.916201117318435565e-01 4.921465968586387629e-01 5.096153846153845812e-01 4.976958525345622220e-01 5.000000000000000000e-01 4.936170212765957355e-01 4.959677419354838745e-01 4.980544747081712131e-01 5.018867924528301883e-01 5.000000000000000000e-01 4.947735191637630536e-01 4.966216216216216006e-01 5.000000000000000000e-01 4.969325153374233306e-01 4.868804664723032083e-01 5.092838196286472163e-01 5.023474178403756207e-01 5.010351966873706209e-01 4.945770065075921762e-01 5.011235955056180247e-01 5.011547344110854896e-01 4.927884615384615641e-01 4.987714987714987891e-01 4.974874371859296374e-01 5.012853470437017567e-01 5.000000000000000000e-01 4.986376021798364921e-01 4.958217270194986148e-01 4.971264367816091712e-01 5.014836795252225476e-01 5.000000000000000000e-01 4.967948717948718063e-01 5.000000000000000000e-01 5.124555160142348909e-01 4.817813765182186181e-01 4.898989898989898895e-01 
4.929577464788732488e-01 5.092024539877300082e-01 4.944444444444444642e-01 4.948453608247422864e-01 5.096153846153845812e-01 5.000000000000000000e-01 4.977973568281938155e-01 4.915254237288135819e-01 4.959999999999999964e-01 4.961240310077519311e-01 5.000000000000000000e-01 4.982078853046594813e-01 4.930555555555555802e-01 4.932432432432432567e-01 4.967948717948718063e-01 4.938650306748466057e-01 4.869565217391304546e-01 5.066312997347479641e-01 5.000000000000000000e-01 4.979253112033195094e-01 4.924078091106290911e-01 4.977477477477477708e-01 4.976744186046511698e-01 4.903846153846153633e-01 4.950738916256157696e-01 4.962216624685138466e-01 5.000000000000000000e-01 4.973262032085561390e-01 4.972677595628415270e-01 4.944134078212290562e-01 4.956521739130435034e-01 5.000000000000000000e-01 5.000000000000000000e-01 4.967948717948718063e-01 5.000000000000000000e-01 5.089605734767025380e-01 4.817813765182186181e-01 4.898989898989898895e-01 
4.930555555555555802e-01 5.060975609756097615e-01 4.890109890109889945e-01 4.948979591836734637e-01 5.047619047619047450e-01 5.022831050228310223e-01 4.956140350877192846e-01 4.915254237288135819e-01 4.960629921259842590e-01 4.961240310077519311e-01 5.000000000000000000e-01 4.946619217081850706e-01 4.930555555555555802e-01 4.915824915824915653e-01 4.936305732484076447e-01 4.938650306748466057e-01 4.912790697674418450e-01 5.066312997347479641e-01 5.000000000000000000e-01 4.979166666666666741e-01 4.934782608695651995e-01 5.000000000000000000e-01 4.976635514018691864e-01 4.927536231884058204e-01 4.938271604938271331e-01 4.974747474747474585e-01 5.000000000000000000e-01 4.972972972972973249e-01 4.972677595628415270e-01 4.943820224719100986e-01 4.985422740524781404e-01 5.000000000000000000e-01 5.015290519877675379e-01 5.000000000000000000e-01 5.000000000000000000e-01 5.035714285714285587e-01 4.817813765182186181e-01 4.898989898989898895e-01 
4.896551724137930828e-01 5.000000000000000000e-01 4.892473118279569988e-01 5.025125628140703071e-01 5.000000000000000000e-01 5.000000000000000000e-01 4.956140350877192846e-01 4.937238493723849486e-01 4.960629921259842590e-01 4.980694980694980734e-01 4.981412639405204401e-01 4.964539007092198530e-01 4.982698961937715998e-01 4.966442953020134277e-01 4.968152866242038224e-01 4.969325153374233306e-01 4.941860465116278966e-01 5.105820105820105814e-01 5.023474178403756207e-01 5.010438413361169019e-01 4.978165938864628770e-01 5.022831050228310223e-01 4.964705882352941080e-01 4.975728155339805836e-01 4.975247524752475226e-01 5.000000000000000000e-01 5.012987012987012436e-01 5.000000000000000000e-01 4.986301369863013755e-01 4.985915492957746498e-01 5.000000000000000000e-01 4.985074626865671488e-01 5.000000000000000000e-01 5.000000000000000000e-01 5.000000000000000000e-01 5.035714285714285587e-01 4.796747967479674801e-01 4.898989898989898895e-01 
4.897959183673469274e-01 5.000000000000000000e-01 4.866310160427807507e-01 5.024875621890547706e-01 5.023474178403756207e-01 5.000000000000000000e-01 4.934497816593886310e-01 4.937238493723849486e-01 5.000000000000000000e-01 5.038167938931297218e-01 5.074074074074074181e-01 5.053003533568904970e-01 5.103448275862069172e-01 5.083056478405315604e-01 5.079365079365079083e-01 5.076452599388379117e-01 5.029069767441860517e-01 5.185185185185184897e-01 5.093896713615023719e-01 5.073375262054506951e-01 5.044052863436123690e-01 5.102974828375286265e-01 5.035460992907800915e-01 5.036496350364964014e-01 5.049504950495049549e-01 5.088607594936709333e-01 5.090909090909090384e-01 5.054347826086956763e-01 5.027624309392265678e-01 5.000000000000000000e-01 5.014662756598240456e-01 4.970059880239520722e-01 4.984520123839009109e-01 4.983818770226537409e-01 4.983164983164983242e-01 5.035714285714285587e-01 4.796747967479674801e-01 4.898989898989898895e-01 
4.933333333333333459e-01 5.028901734104046506e-01 4.866310160427807507e-01 5.049504950495049549e-01 5.023474178403756207e-01 4.977375565610859809e-01 4.957264957264957417e-01 4.917355371900826722e-01 5.058365758754863606e-01 5.019011406844106071e-01 5.036764705882352811e-01 5.035211267605633756e-01 5.085910652920961894e-01 5.049833887043189140e-01 5.031645569620253333e-01 5.030303030303030498e-01 4.956772334293947924e-01 5.145888594164456098e-01 5.070422535211267512e-01 5.042194092827003704e-01 5.011086474501108556e-01 5.080091533180778329e-01 5.000000000000000000e-01 5.012165450121655041e-01 5.037220843672456372e-01 5.051282051282051100e-01 5.078534031413612926e-01 4.986376021798364921e-01 5.013850415512465242e-01 5.000000000000000000e-01 5.000000000000000000e-01 4.954954954954954860e-01 4.984520123839009109e-01 5.000000000000000000e-01 5.000000000000000000e-01 5.090252707581227609e-01 4.817813765182186181e-01 4.898989898989898895e-01 
4.933333333333333459e-01 5.028571428571428914e-01 4.867724867724867455e-01 5.049504950495049549e-01 5.046728971962616273e-01 4.932735426008968416e-01 4.978723404255319118e-01 5.000000000000000000e-01 5.058365758754863606e-01 5.018867924528301883e-01 5.018315018315018250e-01 5.035211267605633756e-01 5.085910652920961894e-01 5.049833887043189140e-01 5.031645569620253333e-01 5.030303030303030498e-01 4.985590778097982456e-01 5.157894736842105754e-01 5.081967213114754189e-01 5.042194092827003704e-01 5.011135857461024301e-01 5.080459770114942319e-01 5.000000000000000000e-01 5.000000000000000000e-01 5.062344139650872821e-01 5.038560411311053810e-01 5.026455026455026731e-01 4.986376021798364921e-01 5.013927576601671099e-01 5.014245014245014564e-01 5.000000000000000000e-01 4.954954954954954860e-01 4.984520123839009109e-01 5.000000000000000000e-01 5.000000000000000000e-01 5.054151624548736121e-01 4.795081967213114527e-01 4.873096446700507789e-01 
4.933333333333333459e-01 4.916201117318435565e-01 4.842105263157894801e-01 5.000000000000000000e-01 5.000000000000000000e-01 4.977777777777777635e-01 5.000000000000000000e-01 5.020080321285140812e-01 5.058365758754863606e-01 5.018867924528301883e-01 5.054545454545454897e-01 5.052264808362368909e-01 5.085910652920961894e-01 5.049833887043189140e-01 5.015873015873015817e-01 5.030303030303030498e-01 4.971264367816091712e-01 5.183246073298429790e-01 5.093457943925233655e-01 5.042194092827003704e-01 5.056179775280899014e-01 5.092165898617511122e-01 5.023809523809523725e-01 5.024509803921568540e-01 5.037593984962406291e-01 5.025773195876288568e-01 5.013333333333332975e-01 4.986376021798364921e-01 5.013927576601671099e-01 4.985673352435530115e-01 4.985163204747774524e-01 4.954954954954954860e-01 4.984520123839009109e-01 5.016181229773463146e-01 5.000000000000000000e-01 5.072463768115942351e-01 4.752066115702479610e-01 4.846938775510203912e-01 
5.000000000000000000e-01 4.916201117318435565e-01 4.816753926701570765e-01 4.975609756097560954e-01 4.976958525345622220e-01 4.977777777777777635e-01 5.021097046413501852e-01 5.000000000000000000e-01 5.096525096525096332e-01 5.037593984962406291e-01 5.090252707581227609e-01 5.087108013937282625e-01 5.119453924914675325e-01 5.066225165562914245e-01 5.078864353312302349e-01 5.075987841945288626e-01 5.000000000000000000e-01 5.209424083769633729e-01 5.105386416861826815e-01 5.042372881355932090e-01 5.078651685393258397e-01 5.127020785219399412e-01 5.059665871121717950e-01 5.061425061425061100e-01 5.062656641604009744e-01 5.038759689922480689e-01 5.053475935828877219e-01 4.986301369863013755e-01 5.027932960893854997e-01 4.985590778097982456e-01 4.985163204747774524e-01 4.954682779456193176e-01 5.000000000000000000e-01 4.983713355048859928e-01 4.983050847457627386e-01 5.072463768115942351e-01 4.752066115702479610e-01 4.873096446700507789e-01 
5.033112582781457123e-01 4.916201117318435565e-01 4.816753926701570765e-01 4.951923076923077094e-01 4.954128440366972752e-01 5.000000000000000000e-01 5.041666666666666519e-01 5.039682539682539542e-01 5.096525096525096332e-01 5.037593984962406291e-01 5.090252707581227609e-01 5.087108013937282625e-01 5.136054421768707634e-01 5.066225165562914245e-01 5.094339622641509413e-01 5.075987841945288626e-01 5.000000000000000000e-01 5.221932114882507081e-01 5.116822429906542347e-01 5.031712473572939048e-01 5.078651685393258397e-01 5.127020785219399412e-01 5.072115384615384359e-01 5.073891625615764012e-01 5.050251256281407253e-01 5.026041666666666297e-01 5.026881720430107503e-01 4.986301369863013755e-01 5.027932960893854997e-01 4.985590778097982456e-01 4.985163204747774524e-01 4.939393939393939559e-01 5.000000000000000000e-01 4.967320261437908613e-01 4.983050847457627386e-01 5.072463768115942351e-01 4.730290456431535118e-01 4.846938775510203912e-01 
5.065789473684210176e-01 4.917127071823204632e-01 4.816753926701570765e-01 5.000000000000000000e-01 4.977168949771689221e-01 5.000000000000000000e-01 5.020576131687243260e-01 5.039682539682539542e-01 5.115384615384614975e-01 5.018726591760299671e-01 5.054151624548736121e-01 5.052264808362368909e-01 5.118644067796610519e-01 5.033112582781457123e-01 5.062893081761006275e-01 5.030303030303030498e-01 4.971264367816091712e-01 5.182291666666666297e-01 5.093457943925233655e-01 5.000000000000000000e-01 5.056433408577878375e-01 5.103926096997690731e-01 5.024154589371980784e-01 5.037037037037036535e-01 5.025252525252524860e-01 5.013123359580052840e-01 5.000000000000000000e-01 4.945054945054945250e-01 5.014005602240896309e-01 4.985590778097982456e-01 4.985163204747774524e-01 4.924012158054711374e-01 5.000000000000000000e-01 4.967320261437908613e-01 5.000000000000000000e-01 5.072463768115942351e-01 4.749999999999999778e-01 4.846938775510203912e-01 
5.064935064935064402e-01 4.945054945054945250e-01 4.822335025380710682e-01 4.952380952380952550e-01 5.022624434389140191e-01 5.043478260869564966e-01 5.040983606557376540e-01 5.039682539682539542e-01 5.134099616858237569e-01 5.000000000000000000e-01 5.035714285714285587e-01 5.017421602787456303e-01 5.084745762711864181e-01 4.983498349834983299e-01 5.015772870662460470e-01 5.000000000000000000e-01 4.942528735632183978e-01 5.156250000000000000e-01 5.058275058275057967e-01 4.978723404255319118e-01 5.022624434389140191e-01 5.081967213114754189e-01 5.024154589371980784e-01 4.987593052109181024e-01 4.974619289340101447e-01 4.973684210526315708e-01 4.973118279569892497e-01 4.903581267217630990e-01 5.000000000000000000e-01 4.970930232558139483e-01 4.985163204747774524e-01 4.924012158054711374e-01 5.015576323987538387e-01 4.983713355048859928e-01 5.000000000000000000e-01 5.072463768115942351e-01 4.749999999999999778e-01 4.871794871794871695e-01 
5.064102564102563875e-01 4.918032786885245811e-01 4.848484848484848619e-01 4.928909952606634892e-01 5.022624434389140191e-01 5.128205128205127750e-01 5.040983606557376540e-01 5.019762845849802257e-01 5.095057034220532577e-01 5.018587360594795044e-01 5.053380782918149849e-01 5.034722222222222099e-01 5.084745762711864181e-01 5.049180327868852958e-01 5.047318611987381409e-01 4.969879518072289337e-01 4.971264367816091712e-01 5.156250000000000000e-01 5.070093457943924964e-01 5.000000000000000000e-01 5.056689342403628551e-01 5.093896713615023719e-01 5.060532687651331241e-01 5.012406947890818421e-01 4.948717948717948900e-01 5.000000000000000000e-01 5.013477088948786742e-01 4.958448753462603720e-01 5.014084507042253502e-01 4.985422740524781404e-01 5.000000000000000000e-01 4.954407294832826603e-01 4.984326018808777348e-01 4.983713355048859928e-01 5.068493150684931781e-01 5.072463768115942351e-01 4.791666666666666852e-01 4.897959183673469274e-01 
5.126582278481012223e-01 4.891304347826087029e-01 4.874371859296482423e-01 4.952830188679245293e-01 5.067264573991031584e-01 5.106382978723403854e-01 5.040983606557376540e-01 5.019607843137254832e-01 5.095057034220532577e-01 5.018587360594795044e-01 5.053380782918149849e-01 5.051903114186850896e-01 5.084745762711864181e-01 5.032679738562091387e-01 5.047318611987381409e-01 4.969879518072289337e-01 4.985673352435530115e-01 5.142857142857142350e-01 5.069767441860465462e-01 4.978540772532188963e-01 5.068181818181818343e-01 5.082352941176470074e-01 5.048543689320388328e-01 4.987531172069825658e-01 4.961439588688946190e-01 5.000000000000000000e-01 5.013550135501354532e-01 4.958448753462603720e-01 5.014084507042253502e-01 4.985422740524781404e-01 4.985074626865671488e-01 4.954407294832826603e-01 5.000000000000000000e-01 4.983713355048859928e-01 5.068493150684931781e-01 5.054545454545454897e-01 4.811715481171547903e-01 4.896907216494845172e-01 
5.031055900621117516e-01 4.838709677419354982e-01 4.899999999999999911e-01 4.953703703703703498e-01 5.066666666666667096e-01 5.147679324894515185e-01 5.061224489795917991e-01 5.058365758754863606e-01 5.075757575757575690e-01 5.018587360594795044e-01 5.053380782918149849e-01 5.051903114186850896e-01 5.101351351351350871e-01 5.049180327868852958e-01 5.063291139240506666e-01 4.969879518072289337e-01 5.000000000000000000e-01 5.155440414507772573e-01 5.046728971962616273e-01 5.010799136069113979e-01 5.091324200913242004e-01 5.070754716981131782e-01 5.049019607843137081e-01 4.987468671679197718e-01 4.935400516795865888e-01 4.986807387862796648e-01 4.986376021798364921e-01 4.972222222222222321e-01 5.014084507042253502e-01 4.985422740524781404e-01 4.985074626865671488e-01 4.939024390243902385e-01 4.984326018808777348e-01 4.967532467532467799e-01 5.068493150684931781e-01 5.036496350364964014e-01 4.789915966386554813e-01 4.948979591836734637e-01 
5.000000000000000000e-01 4.866310160427807507e-01 4.900990099009900902e-01 4.976958525345622220e-01 5.110132158590308116e-01 5.146443514644351014e-01 5.060728744939271273e-01 5.039062500000000000e-01 5.075187969924812581e-01 5.018450184501844769e-01 5.053380782918149849e-01 5.051903114186850896e-01 5.101351351351350871e-01 5.016181229773463146e-01 5.078864353312302349e-01 4.954954954954954860e-01 5.028409090909090606e-01 5.129533678756477144e-01 5.046296296296296502e-01 5.021645021645021467e-01 5.080091533180778329e-01 5.071090047393365108e-01 5.036855036855036882e-01 4.962216624685138466e-01 4.935064935064935043e-01 4.986737400530503739e-01 5.000000000000000000e-01 4.972067039106145003e-01 5.014164305949008194e-01 4.985422740524781404e-01 4.985074626865671488e-01 4.939024390243902385e-01 5.015873015873015817e-01 4.951140065146579783e-01 5.085910652920961894e-01 5.000000000000000000e-01 4.831932773109243739e-01 4.947916666666666852e-01 
5.000000000000000000e-01 4.840425531914893664e-01 4.876847290640394239e-01 5.000000000000000000e-01 5.131578947368421462e-01 5.146443514644351014e-01 5.040322580645161255e-01 5.058365758754863606e-01 5.075187969924812581e-01 5.018450184501844769e-01 5.017667844522968323e-01 5.068965517241379448e-01 5.101351351351350871e-01 5.016181229773463146e-01 5.078864353312302349e-01 4.954954954954954860e-01 5.028409090909090606e-01 5.128865979381442841e-01 5.046296296296296502e-01 5.021739130434782483e-01 5.091743119266054496e-01 5.083135391923990776e-01 5.024752475247524774e-01 4.949494949494949725e-01 4.935064935064935043e-01 5.000000000000000000e-01 4.986376021798364921e-01 4.972067039106145003e-01 5.014164305949008194e-01 5.014662756598240456e-01 4.970059880239520722e-01 4.939024390243902385e-01 5.015873015873015817e-01 4.951140065146579783e-01 5.085910652920961894e-01 5.000000000000000000e-01 4.830508474576271083e-01 4.947916666666666852e-01 
4.939759036144578119e-01 4.840425531914893664e-01 4.852941176470588203e-01 5.000000000000000000e-01 5.131578947368421462e-01 5.124999999999999556e-01 5.040322580645161255e-01 5.058365758754863606e-01 5.075187969924812581e-01 5.000000000000000000e-01 5.000000000000000000e-01 5.051546391752577136e-01 5.067567567567567988e-01 4.967532467532467799e-01 5.047318611987381409e-01 4.924924924924924952e-01 4.985754985754985991e-01 5.089514066496163558e-01 5.034642032332563577e-01 5.021834061135370675e-01 5.068807339449541427e-01 5.071428571428571175e-01 5.000000000000000000e-01 4.924242424242424310e-01 4.921875000000000000e-01 4.973404255319148759e-01 4.959128065395095319e-01 4.944134078212290562e-01 5.000000000000000000e-01 5.000000000000000000e-01 4.954954954954954860e-01 4.939024390243902385e-01 5.031645569620253333e-01 4.951140065146579783e-01 5.085910652920961894e-01 5.018315018315018250e-01 4.849785407725321629e-01 4.921465968586387629e-01 
4.970059880239520722e-01 4.867724867724867455e-01 4.927536231884058204e-01 5.022624434389140191e-01 5.131578947368421462e-01 5.145228215767634339e-01 5.040322580645161255e-01 5.058365758754863606e-01 5.056179775280899014e-01 5.000000000000000000e-01 5.000000000000000000e-01 5.051546391752577136e-01 5.067567567567567988e-01 4.967532467532467799e-01 5.047318611987381409e-01 4.940119760479041999e-01 5.014164305949008194e-01 5.089514066496163558e-01 5.023041474654378336e-01 5.010940919037198960e-01 5.057471264367816577e-01 5.035971223021582510e-01 4.987593052109181024e-01 4.924242424242424310e-01 4.908616187989556234e-01 4.973404255319148759e-01 4.959128065395095319e-01 4.957983193277311074e-01 5.000000000000000000e-01 5.000000000000000000e-01 4.954954954954954860e-01 4.939024390243902385e-01 5.031645569620253333e-01 4.951140065146579783e-01 5.068965517241379448e-01 4.981549815498155231e-01 4.849785407725321629e-01 4.947368421052631415e-01 
5.000000000000000000e-01 4.869109947643979197e-01 4.928229665071770516e-01 5.022421524663677195e-01 5.109170305676855595e-01 5.165289256198346557e-01 5.060240963855421326e-01 5.057915057915057799e-01 5.056179775280899014e-01 5.000000000000000000e-01 5.017543859649122862e-01 5.051546391752577136e-01 5.067567567567567988e-01 4.983818770226537409e-01 5.047318611987381409e-01 4.940119760479041999e-01 5.014084507042253502e-01 5.089514066496163558e-01 5.023041474654378336e-01 5.000000000000000000e-01 5.057736720554272258e-01 5.036144578313253017e-01 4.987531172069825658e-01 4.936708860759493889e-01 4.895287958115183136e-01 4.959999999999999964e-01 4.958904109589041265e-01 4.957983193277311074e-01 5.000000000000000000e-01 4.985250737463126636e-01 4.954954954954954860e-01 4.939024390243902385e-01 5.015873015873015817e-01 4.951140065146579783e-01 5.068965517241379448e-01 4.981412639405204401e-01 4.849785407725321629e-01 4.947368421052631415e-01 
4.970414201183431802e-01 4.896907216494845172e-01 4.928229665071770516e-01 5.044642857142856984e-01 5.107296137339055742e-01 5.165289256198346557e-01 5.040000000000000036e-01 5.076923076923076650e-01 5.037313432835820448e-01 5.000000000000000000e-01 5.034965034965035446e-01 5.068493150684931781e-01 5.067114093959731447e-01 5.000000000000000000e-01 5.031446540880503138e-01 4.955223880597015018e-01 5.000000000000000000e-01 5.089514066496163558e-01 5.023041474654378336e-01 5.010989010989010950e-01 5.046511627906976605e-01 5.036144578313253017e-01 4.974999999999999978e-01 4.936061381074168808e-01 4.895287958115183136e-01 4.973262032085561390e-01 4.945054945054945250e-01 4.971910112359550493e-01 5.000000000000000000e-01 4.970414201183431802e-01 4.939759036144578119e-01 4.938650306748466057e-01 5.000000000000000000e-01 4.967320261437908613e-01 5.051903114186850896e-01 5.000000000000000000e-01 4.849785407725321629e-01 4.947368421052631415e-01 
4.941176470588235503e-01 4.871794871794871695e-01 4.952380952380952550e-01 5.066666666666667096e-01 5.128205128205127750e-01 5.165289256198346557e-01 5.059760956175298752e-01 5.057471264367816577e-01 5.037313432835820448e-01 4.963768115942028825e-01 4.965034965034965109e-01 5.000000000000000000e-01 5.000000000000000000e-01 4.951456310679611672e-01 4.952978056426332043e-01 4.895522388059701524e-01 4.929971988795518456e-01 5.012722646310432406e-01 4.976958525345622220e-01 4.977973568281938155e-01 5.011655011655011815e-01 4.975845410628019216e-01 4.912280701754385692e-01 4.871794871794871695e-01 4.842931937172774703e-01 4.906166219839142029e-01 4.903581267217630990e-01 4.915730337078651480e-01 4.971264367816091712e-01 4.970414201183431802e-01 4.939759036144578119e-01 4.938650306748466057e-01 4.984126984126984183e-01 4.983606557377049384e-01 5.051903114186850896e-01 5.018726591760299671e-01 4.891774891774891554e-01 4.947368421052631415e-01 
4.970760233918128379e-01 4.846938775510203912e-01 4.952380952380952550e-01 5.066079295154185536e-01 5.148936170212765617e-01 5.122950819672130729e-01 5.039682539682539542e-01 5.057471264367816577e-01 5.037313432835820448e-01 4.963768115942028825e-01 4.947735191637630536e-01 4.982935153583617494e-01 5.000000000000000000e-01 4.967741935483870885e-01 4.952978056426332043e-01 4.880952380952380820e-01 4.957983193277311074e-01 5.025510204081632404e-01 4.977064220183486376e-01 4.966887417218542877e-01 5.023364485981308691e-01 4.975845410628019216e-01 4.911838790931989940e-01 4.858611825192802325e-01 4.868421052631579093e-01 4.919354838709677491e-01 4.903581267217630990e-01 4.915730337078651480e-01 4.971264367816091712e-01 4.985163204747774524e-01 4.954682779456193176e-01 4.938650306748466057e-01 4.968152866242038224e-01 4.983606557377049384e-01 5.069444444444444198e-01 4.981273408239700329e-01 4.870689655172413812e-01 4.946808510638298073e-01 
4.942528735632183978e-01 4.873096446700507789e-01 4.952380952380952550e-01 5.066079295154185536e-01 5.148936170212765617e-01 5.144032921810699488e-01 5.078740157480314821e-01 5.038167938931297218e-01 5.037037037037036535e-01 4.964028776978417490e-01 4.947735191637630536e-01 4.982935153583617494e-01 4.966666666666666452e-01 4.967948717948718063e-01 4.937500000000000222e-01 4.880952380952380820e-01 4.972067039106145003e-01 5.025380710659897998e-01 4.977064220183486376e-01 4.977777777777777635e-01 5.011709601873536313e-01 4.975845410628019216e-01 4.911838790931989940e-01 4.858611825192802325e-01 4.855643044619422644e-01 4.891891891891891886e-01 4.917127071823204632e-01 4.915254237288135819e-01 4.971098265895953494e-01 4.985163204747774524e-01 4.954682779456193176e-01 4.969135802469135665e-01 4.967948717948718063e-01 5.000000000000000000e-01 5.069444444444444198e-01 4.962406015037593709e-01 4.869565217391304546e-01 4.946808510638298073e-01 
5.000000000000000000e-01 4.924623115577889676e-01 4.976525821596244348e-01 5.087719298245614308e-01 5.147679324894515185e-01 5.122950819672130729e-01 5.058823529411764497e-01 5.038167938931297218e-01 5.037037037037036535e-01 4.964285714285714413e-01 4.947735191637630536e-01 4.982935153583617494e-01 4.966666666666666452e-01 4.984025559105431102e-01 4.922118380062305287e-01 4.866468842729970157e-01 4.958217270194986148e-01 5.037974683544304000e-01 4.977064220183486376e-01 4.955357142857143016e-01 4.988235294117647212e-01 4.963503649635036541e-01 4.898989898989898895e-01 4.857881136950904510e-01 4.868421052631579093e-01 4.905149051490514944e-01 4.917127071823204632e-01 4.915254237288135819e-01 4.970930232558139483e-01 4.985163204747774524e-01 4.954682779456193176e-01 4.969135802469135665e-01 4.951768488745980634e-01 5.016501650165016146e-01 5.087108013937282625e-01 4.981132075471698117e-01 4.847161572052401945e-01 4.946808510638298073e-01 
5.000000000000000000e-01 4.924623115577889676e-01 5.000000000000000000e-01 5.065502183406113135e-01 5.166666666666667185e-01 5.122950819672130729e-01 5.058823529411764497e-01 5.019011406844106071e-01 5.018450184501844769e-01 4.982206405693950235e-01 4.982578397212543697e-01 5.017064846416382506e-01 5.016611295681062677e-01 4.984126984126984183e-01 4.953560371517027883e-01 4.882352941176470451e-01 4.986072423398328901e-01 5.050251256281407253e-01 5.022831050228310223e-01 4.977678571428571508e-01 5.011764705882353343e-01 4.975490196078431460e-01 4.936708860759493889e-01 4.869791666666666852e-01 4.894736842105263386e-01 4.932249322493225119e-01 4.958448753462603720e-01 4.957507082152974309e-01 4.985422740524781404e-01 4.985163204747774524e-01 4.954682779456193176e-01 4.953560371517027883e-01 4.983818770226537409e-01 5.016611295681062677e-01 5.105633802816901268e-01 4.981132075471698117e-01 4.867256637168141387e-01 4.892473118279569988e-01 
4.971751412429378791e-01 4.949999999999999956e-01 5.023041474654378336e-01 5.065502183406113135e-01 5.166666666666667185e-01 5.142857142857142350e-01 5.058823529411764497e-01 5.019011406844106071e-01 5.018450184501844769e-01 4.964539007092198530e-01 4.947735191637630536e-01 4.982935153583617494e-01 4.983388704318936768e-01 4.952380952380952550e-01 4.922600619195046656e-01 4.868035190615835894e-01 4.958677685950413361e-01 5.025125628140703071e-01 5.000000000000000000e-01 4.966442953020134277e-01 4.976415094339622369e-01 4.938574938574938344e-01 4.911392405063291222e-01 4.843750000000000000e-01 4.854881266490765346e-01 4.905149051490514944e-01 4.930747922437673236e-01 4.929178470254957367e-01 4.970760233918128379e-01 4.985163204747774524e-01 4.954682779456193176e-01 4.953560371517027883e-01 4.983818770226537409e-01 5.016611295681062677e-01 5.088339222614840507e-01 4.980842911877394474e-01 4.867256637168141387e-01 4.892473118279569988e-01 
4.943820224719100986e-01 4.925373134328357994e-01 5.000000000000000000e-01 5.065502183406113135e-01 5.166666666666667185e-01 5.121951219512195230e-01 5.058365758754863606e-01 5.056603773584905648e-01 5.037037037037036535e-01 4.946996466431095585e-01 4.912891986062717931e-01 4.931972789115646183e-01 4.933774834437086310e-01 4.936708860759493889e-01 4.876543209876543217e-01 4.868804664723032083e-01 4.958677685950413361e-01 5.025125628140703071e-01 4.977168949771689221e-01 4.955156950672645610e-01 4.964539007092198530e-01 4.925742574257425677e-01 4.886075949367088556e-01 4.817708333333333148e-01 4.841269841269841279e-01 4.877384196185285958e-01 4.874651810584958445e-01 4.887005649717514055e-01 4.956011730205278631e-01 4.985163204747774524e-01 4.969696969696969502e-01 4.968944099378881929e-01 4.967532467532467799e-01 5.033333333333332993e-01 5.053380782918149849e-01 4.942528735632183978e-01 4.823008849557521849e-01 4.892473118279569988e-01 
4.944444444444444642e-01 4.901960784313725283e-01 5.000000000000000000e-01 5.065502183406113135e-01 5.145228215767634339e-01 5.101214574898785825e-01 5.058365758754863606e-01 5.056603773584905648e-01 5.037037037037036535e-01 4.946996466431095585e-01 4.912891986062717931e-01 4.915824915824915653e-01 4.950495049504950451e-01 4.952681388012618036e-01 4.846625766871165419e-01 4.883720930232557933e-01 4.959128065395095319e-01 5.000000000000000000e-01 4.977168949771689221e-01 4.954954954954954860e-01 4.976190476190476275e-01 4.925742574257425677e-01 4.886075949367088556e-01 4.830287206266318800e-01 4.854111405835543902e-01 4.877384196185285958e-01 4.874651810584958445e-01 4.887005649717514055e-01 4.956011730205278631e-01 4.985163204747774524e-01 4.984709480122324066e-01 4.953271028037383172e-01 4.951140065146579783e-01 5.067114093959731447e-01 5.035714285714285587e-01 4.941634241245136394e-01 4.866071428571428492e-01 4.892473118279569988e-01 
4.944444444444444642e-01 4.878048780487804770e-01 5.000000000000000000e-01 5.064935064935064402e-01 5.145228215767634339e-01 5.100401606425702949e-01 5.019305019305019266e-01 5.056603773584905648e-01 5.036764705882352811e-01 4.964788732394366244e-01 4.930555555555555802e-01 4.966442953020134277e-01 4.950819672131147597e-01 4.968553459119496862e-01 4.878048780487804770e-01 4.956772334293947924e-01 4.972826086956521618e-01 5.037593984962406291e-01 5.000000000000000000e-01 4.977477477477477708e-01 5.011933174224343368e-01 4.950495049504950451e-01 4.910941475826972047e-01 4.856396866840730908e-01 4.879999999999999893e-01 4.931506849315068219e-01 4.902506963788300642e-01 4.914772727272727071e-01 4.970588235294117752e-01 5.000000000000000000e-01 4.969325153374233306e-01 4.984326018808777348e-01 4.967320261437908613e-01 5.067567567567567988e-01 4.981949458483754256e-01 4.960937500000000000e-01 4.844444444444444553e-01 4.891304347826087029e-01 
4.917127071823204632e-01 4.928229665071770516e-01 4.977375565610859809e-01 5.107296137339055742e-01 5.144032921810699488e-01 5.100401606425702949e-01 5.019305019305019266e-01 5.037593984962406291e-01 5.036496350364964014e-01 4.965034965034965109e-01 4.913494809688581100e-01 4.966442953020134277e-01 4.983606557377049384e-01 4.937500000000000222e-01 4.893617021276595591e-01 4.942528735632183978e-01 4.959349593495934738e-01 5.062344139650872821e-01 5.000000000000000000e-01 4.988713318284424547e-01 4.987951807228915846e-01 4.962779156327543628e-01 4.884910485933504076e-01 4.855643044619422644e-01 4.879999999999999893e-01 4.931506849315068219e-01 4.916201117318435565e-01 4.914285714285714368e-01 4.970414201183431802e-01 5.014925373134327957e-01 4.969325153374233306e-01 4.952978056426332043e-01 5.000000000000000000e-01 5.050847457627118953e-01 5.000000000000000000e-01 4.980392156862745168e-01 4.798206278026905802e-01 4.891304347826087029e-01 
4.890109890109889945e-01 4.952380952380952550e-01 4.954954954954954860e-01 5.084745762711864181e-01 5.102040816326530726e-01 5.059760956175298752e-01 5.019305019305019266e-01 5.037593984962406291e-01 5.036231884057971175e-01 4.965034965034965109e-01 4.948453608247422864e-01 4.983277591973244158e-01 4.967320261437908613e-01 4.937500000000000222e-01 4.909638554216867457e-01 4.942857142857142727e-01 4.959568733153638664e-01 5.049751243781094301e-01 4.988662131519274179e-01 5.000000000000000000e-01 4.975845410628019216e-01 4.975124378109452850e-01 4.896907216494845172e-01 4.881266490765171495e-01 4.906166219839142029e-01 4.931506849315068219e-01 4.916201117318435565e-01 4.913793103448275690e-01 4.970414201183431802e-01 4.984984984984984768e-01 4.953846153846153677e-01 4.968553459119496862e-01 5.000000000000000000e-01 5.034246575342465890e-01 5.000000000000000000e-01 4.980237154150197743e-01 4.819819819819819995e-01 4.918032786885245811e-01 
4.891304347826087029e-01 4.928909952606634892e-01 5.000000000000000000e-01 5.063291139240506666e-01 5.102040816326530726e-01 5.059760956175298752e-01 5.038461538461538325e-01 5.056179775280899014e-01 5.035971223021582510e-01 4.965034965034965109e-01 4.965753424657534110e-01 5.000000000000000000e-01 4.951456310679611672e-01 4.937888198757763858e-01 4.940119760479041999e-01 4.928774928774928843e-01 4.986595174262734576e-01 5.037220843672456372e-01 4.977375565610859809e-01 5.000000000000000000e-01 4.987893462469733530e-01 4.949999999999999956e-01 4.909560723514211911e-01 4.881266490765171495e-01 4.906166219839142029e-01 4.917582417582417320e-01 4.901960784313725283e-01 4.913294797687861037e-01 4.970414201183431802e-01 4.969879518072289337e-01 4.937888198757763858e-01 4.984126984126984183e-01 5.000000000000000000e-01 5.000000000000000000e-01 5.018315018315018250e-01 4.940239043824701248e-01 4.841628959276018107e-01 4.945054945054945250e-01 
4.867724867724867455e-01 4.929577464788732488e-01 4.955357142857143016e-01 5.084033613445377853e-01 5.102040816326530726e-01 5.098814229249012397e-01 5.057471264367816577e-01 5.037313432835820448e-01 5.035971223021582510e-01 4.965034965034965109e-01 4.948805460750853036e-01 4.983606557377049384e-01 4.951768488745980634e-01 4.953560371517027883e-01 4.925373134328357994e-01 4.943181818181818232e-01 5.039577836411609502e-01 5.024752475247524774e-01 4.966139954853273086e-01 5.011494252873562871e-01 4.987834549878345514e-01 4.974999999999999978e-01 4.896373056994818840e-01 4.881266490765171495e-01 4.878706199460916548e-01 4.903581267217630990e-01 4.915730337078651480e-01 4.913294797687861037e-01 4.970414201183431802e-01 4.984894259818731244e-01 4.952978056426332043e-01 4.984025559105431102e-01 4.983388704318936768e-01 5.017301038062284002e-01 5.000000000000000000e-01 4.857142857142857095e-01 4.863636363636363869e-01 4.972375690607734877e-01 
4.867724867724867455e-01 4.929577464788732488e-01 4.933920704845815020e-01 5.104602510460251041e-01 5.102040816326530726e-01 5.118110236220472231e-01 5.038167938931297218e-01 5.037313432835820448e-01 5.053763440860215006e-01 4.947735191637630536e-01 4.899328859060402830e-01 4.967320261437908613e-01 4.919614147909968094e-01 4.907407407407407551e-01 4.896142433234421110e-01 4.957746478873239493e-01 5.000000000000000000e-01 5.000000000000000000e-01 4.943566591422121625e-01 4.988505747126436574e-01 4.963503649635036541e-01 4.962216624685138466e-01 4.857142857142857095e-01 4.854881266490765346e-01 4.837837837837837829e-01 4.889502762430938954e-01 4.887640449438201973e-01 4.869565217391304546e-01 4.955489614243323571e-01 5.000000000000000000e-01 4.937106918238993725e-01 4.984025559105431102e-01 5.000000000000000000e-01 5.017421602787456303e-01 4.944237918215613203e-01 4.877049180327868716e-01 4.862385321100917701e-01 4.972375690607734877e-01 
4.894736842105263386e-01 4.883720930232557933e-01 4.933920704845815020e-01 5.104602510460251041e-01 5.102040816326530726e-01 5.098039215686274161e-01 5.038167938931297218e-01 5.018587360594795044e-01 5.053763440860215006e-01 4.931034482758620552e-01 4.900662251655629187e-01 4.934640522875817226e-01 4.871794871794871695e-01 4.876543209876543217e-01 4.868035190615835894e-01 4.916201117318435565e-01 4.986876640419947715e-01 4.987714987714987891e-01 4.920993227990970720e-01 4.953917050691244439e-01 4.963325183374083238e-01 4.937027707808564481e-01 4.831168831168831113e-01 4.828496042216358641e-01 4.823848238482384976e-01 4.861878453038673831e-01 4.873239436619718479e-01 4.840579710144927716e-01 4.940119760479041999e-01 4.968944099378881929e-01 4.937106918238993725e-01 5.000000000000000000e-01 5.000000000000000000e-01 5.017667844522968323e-01 4.962406015037593709e-01 4.855967078189300512e-01 4.838709677419354982e-01 4.972375690607734877e-01 
4.894736842105263386e-01 4.907407407407407551e-01 4.956140350877192846e-01 5.083333333333333037e-01 5.121951219512195230e-01 5.098039215686274161e-01 5.038167938931297218e-01 4.963235294117647189e-01 5.035460992907800915e-01 4.949152542372881602e-01 4.933774834437086310e-01 4.951140065146579783e-01 4.920127795527156622e-01 4.938650306748466057e-01 4.897360703812316807e-01 4.958217270194986148e-01 5.026178010471203939e-01 5.012285012285012664e-01 4.921348314606741603e-01 4.976958525345622220e-01 4.975490196078431460e-01 4.949494949494949725e-01 4.869791666666666852e-01 4.841269841269841279e-01 4.850948509485094595e-01 4.889502762430938954e-01 4.943181818181818232e-01 4.883040935672514626e-01 4.954407294832826603e-01 4.968944099378881929e-01 4.952681388012618036e-01 4.983922829581993730e-01 4.966442953020134277e-01 5.017667844522968323e-01 4.943396226415094352e-01 4.834710743801652888e-01 4.838709677419354982e-01 5.027932960893854997e-01 
4.922279792746113714e-01 4.907407407407407551e-01 4.956521739130435034e-01 5.082644628099173278e-01 5.121951219512195230e-01 5.097276264591439343e-01 5.057034220532319324e-01 5.018181818181818299e-01 5.000000000000000000e-01 4.949152542372881602e-01 4.917491749174917604e-01 4.967532467532467799e-01 4.920127795527156622e-01 4.969512195121951192e-01 4.912790697674418450e-01 4.958217270194986148e-01 5.026041666666666297e-01 5.024630541871921707e-01 4.955156950672645610e-01 4.965197215777262252e-01 4.975490196078431460e-01 4.949238578680202894e-01 4.869109947643979197e-01 4.841269841269841279e-01 4.850136239782016356e-01 4.875346260387811714e-01 4.899713467048710802e-01 4.911764705882352700e-01 4.954407294832826603e-01 4.984423676012461057e-01 4.936708860759493889e-01 4.983922829581993730e-01 4.932432432432432567e-01 5.000000000000000000e-01 4.943396226415094352e-01 4.833333333333333370e-01 4.816513761467889898e-01 4.943820224719100986e-01 
4.922279792746113714e-01 4.907407407407407551e-01 5.021459227467811592e-01 5.082644628099173278e-01 5.141700404858299267e-01 5.077519379844961378e-01 5.018726591760299671e-01 5.017921146953404632e-01 4.982698961937715998e-01 4.949832775919732475e-01 4.950819672131147597e-01 4.967532467532467799e-01 4.905063291139240556e-01 4.954682779456193176e-01 4.956772334293947924e-01 4.958448753462603720e-01 5.025906735751295429e-01 5.036674816625916762e-01 4.944071588366890646e-01 4.965197215777262252e-01 4.975490196078431460e-01 4.910485933503836442e-01 4.869109947643979197e-01 4.827586206896551935e-01 4.863387978142076351e-01 4.901960784313725283e-01 4.898550724637681375e-01 4.925373134328357994e-01 4.953846153846153677e-01 4.952978056426332043e-01 4.936708860759493889e-01 5.000000000000000000e-01 4.948805460750853036e-01 4.945848375451263323e-01 4.942965779467680676e-01 4.831932773109243739e-01 4.790697674418604723e-01 4.971751412429378791e-01 
4.948453608247422864e-01 4.908256880733944949e-01 5.021276595744680327e-01 5.082644628099173278e-01 5.160000000000000142e-01 5.057471264367816577e-01 5.018726591760299671e-01 4.982206405693950235e-01 4.965986394557823091e-01 4.966666666666666452e-01 4.967320261437908613e-01 4.983818770226537409e-01 4.952978056426332043e-01 4.984984984984984768e-01 5.000000000000000000e-01 4.986225895316804269e-01 5.064267352185090054e-01 5.060532687651331241e-01 4.944320712694877384e-01 4.976744186046511698e-01 5.000000000000000000e-01 4.935732647814909946e-01 4.895287958115183136e-01 4.839572192513368898e-01 4.903581267217630990e-01 4.929971988795518456e-01 4.956268221574344213e-01 4.969696969696969502e-01 4.969135802469135665e-01 4.968553459119496862e-01 4.952380952380952550e-01 4.983606557377049384e-01 4.948453608247422864e-01 4.927536231884058204e-01 4.942528735632183978e-01 4.808510638297872064e-01 4.786729857819905232e-01 5.028571428571428914e-01 
4.974358974358974450e-01 4.931506849315068219e-01 5.042372881355932090e-01 5.102040816326530726e-01 5.158730158730159276e-01 5.076335877862595547e-01 5.000000000000000000e-01 5.000000000000000000e-01 4.966216216216216006e-01 4.983388704318936768e-01 5.000000000000000000e-01 5.032051282051281937e-01 5.000000000000000000e-01 5.029940119760478723e-01 5.000000000000000000e-01 5.000000000000000000e-01 5.089974293059126298e-01 5.072463768115942351e-01 4.944812362030905351e-01 4.988344988344988185e-01 5.012345679012345512e-01 4.948453608247422864e-01 4.907651715039577645e-01 4.865591397849462485e-01 4.917127071823204632e-01 4.971910112359550493e-01 4.970414201183431802e-01 5.000000000000000000e-01 4.984520123839009109e-01 4.968553459119496862e-01 4.935897435897436125e-01 4.967105263157894912e-01 4.931034482758620552e-01 4.963503649635036541e-01 4.960937500000000000e-01 4.808510638297872064e-01 4.809523809523809645e-01 5.087719298245614308e-01 
4.974619289340101447e-01 4.909090909090909061e-01 5.000000000000000000e-01 5.081967213114754189e-01 5.138339920948616912e-01 5.057034220532319324e-01 4.927007299270073082e-01 5.000000000000000000e-01 4.966216216216216006e-01 4.983388704318936768e-01 5.016286644951140072e-01 5.064102564102563875e-01 5.030864197530864335e-01 5.044776119402984982e-01 5.028248587570621764e-01 4.986449864498644913e-01 5.102040816326530726e-01 5.072463768115942351e-01 4.978070175438596423e-01 4.988290398126463687e-01 5.024752475247524774e-01 4.974093264248704571e-01 4.921052631578947123e-01 4.878706199460916548e-01 4.930747922437673236e-01 5.028571428571428914e-01 4.970238095238095344e-01 5.000000000000000000e-01 4.984520123839009109e-01 4.952681388012618036e-01 4.903846153846153633e-01 4.933333333333333459e-01 4.913494809688581100e-01 4.925925925925925819e-01 4.980392156862745168e-01 4.784482758620689502e-01 4.809523809523809645e-01 5.000000000000000000e-01 
4.974619289340101447e-01 4.932126696832579427e-01 5.062240663900414717e-01 5.081300813008130524e-01 5.157480314960629642e-01 5.057034220532319324e-01 4.963768115942028825e-01 5.000000000000000000e-01 4.983164983164983242e-01 4.966887417218542877e-01 4.983713355048859928e-01 5.032051282051281937e-01 5.000000000000000000e-01 5.029761904761904656e-01 5.000000000000000000e-01 4.945945945945945943e-01 5.076530612244898322e-01 5.036144578313253017e-01 4.934497816593886310e-01 4.964871194379391062e-01 4.987593052109181024e-01 4.908616187989556234e-01 4.894179894179894186e-01 4.837837837837837829e-01 4.903047091412742198e-01 4.971264367816091712e-01 4.940476190476190688e-01 4.954128440366972752e-01 4.968944099378881929e-01 4.952681388012618036e-01 4.903846153846153633e-01 4.933333333333333459e-01 4.895833333333333148e-01 4.925925925925925819e-01 5.000000000000000000e-01 4.784482758620689502e-01 4.832535885167464351e-01 5.060240963855421326e-01 
4.924623115577889676e-01 4.909909909909909720e-01 5.020576131687243260e-01 5.101214574898785825e-01 5.117187500000000000e-01 5.037593984962406291e-01 4.946236559139784994e-01 5.017301038062284002e-01 4.966442953020134277e-01 4.966887417218542877e-01 4.983713355048859928e-01 5.031847133757961776e-01 5.030674846625766694e-01 5.044510385756676429e-01 5.000000000000000000e-01 4.946236559139784994e-01 5.063291139240506666e-01 5.036144578313253017e-01 4.923747276688453245e-01 4.988235294117647212e-01 5.000000000000000000e-01 4.934383202099737464e-01 4.880636604774535869e-01 4.864130434782608647e-01 4.916201117318435565e-01 4.985507246376811863e-01 4.925373134328357994e-01 4.969325153374233306e-01 4.968944099378881929e-01 4.952681388012618036e-01 4.903225806451612656e-01 4.899328859060402830e-01 4.878048780487804770e-01 4.925925925925925819e-01 5.000000000000000000e-01 4.803493449781659486e-01 4.832535885167464351e-01 5.090909090909090384e-01 
4.900990099009900902e-01 4.889867841409691884e-01 5.020576131687243260e-01 5.101214574898785825e-01 5.077519379844961378e-01 5.018726591760299671e-01 4.964285714285714413e-01 5.051546391752577136e-01 4.966442953020134277e-01 4.966887417218542877e-01 4.983713355048859928e-01 5.000000000000000000e-01 5.015290519877675379e-01 5.059171597633136397e-01 5.000000000000000000e-01 4.946236559139784994e-01 5.063291139240506666e-01 5.036144578313253017e-01 4.923747276688453245e-01 5.000000000000000000e-01 5.012594458438287548e-01 4.934383202099737464e-01 4.880636604774535869e-01 4.890710382513661081e-01 4.929971988795518456e-01 4.970930232558139483e-01 4.894894894894895043e-01 4.969325153374233306e-01 4.968944099378881929e-01 4.952681388012618036e-01 4.935483870967741771e-01 4.915824915824915653e-01 4.860139860139859880e-01 4.925925925925925819e-01 5.000000000000000000e-01 4.803493449781659486e-01 4.832535885167464351e-01 5.090909090909090384e-01 
4.926108374384236543e-01 4.889867841409691884e-01 5.020576131687243260e-01 5.101214574898785825e-01 5.076923076923076650e-01 5.018587360594795044e-01 4.929078014184397061e-01 5.017064846416382506e-01 4.966442953020134277e-01 4.950495049504950451e-01 4.951140065146579783e-01 4.984227129337539530e-01 4.984709480122324066e-01 5.014577259475219151e-01 4.985915492957746498e-01 4.946236559139784994e-01 5.025252525252524860e-01 5.012048192771084709e-01 4.891304347826087029e-01 4.964370546318289668e-01 4.987405541561713007e-01 4.908136482939632339e-01 4.854111405835543902e-01 4.862637362637362570e-01 4.901408450704225483e-01 4.970760233918128379e-01 4.894259818731117595e-01 4.938650306748466057e-01 4.953271028037383172e-01 4.952681388012618036e-01 4.918566775244299638e-01 4.915824915824915653e-01 4.875444839857651091e-01 4.907063197026022561e-01 4.960317460317460458e-01 4.824561403508771940e-01 4.832535885167464351e-01 5.121951219512195230e-01 
4.878048780487804770e-01 4.868421052631579093e-01 5.020576131687243260e-01 5.120000000000000107e-01 5.057471264367816577e-01 5.000000000000000000e-01 4.911660777385158938e-01 5.017064846416382506e-01 4.949832775919732475e-01 4.950495049504950451e-01 4.967741935483870885e-01 5.000000000000000000e-01 4.984709480122324066e-01 5.000000000000000000e-01 4.985915492957746498e-01 4.946236559139784994e-01 5.025252525252524860e-01 5.011990407673860837e-01 4.880694143167028098e-01 4.988066825775656077e-01 5.000000000000000000e-01 4.908136482939632339e-01 4.839572192513368898e-01 4.876033057851239527e-01 4.915254237288135819e-01 4.985337243401759544e-01 4.894259818731117595e-01 4.953846153846153677e-01 4.953271028037383172e-01 4.936305732484076447e-01 4.901960784313725283e-01 4.915824915824915653e-01 4.892857142857142683e-01 4.907063197026022561e-01 4.960317460317460458e-01 4.824561403508771940e-01 4.830917874396135070e-01 5.153374233128834581e-01 
4.902912621359223344e-01 4.868421052631579093e-01 5.020746887966804906e-01 5.119047619047618625e-01 5.076335877862595547e-01 4.981684981684981750e-01 4.911660777385158938e-01 5.000000000000000000e-01 4.966666666666666452e-01 4.918032786885245811e-01 4.919614147909968094e-01 4.952978056426332043e-01 4.939024390243902385e-01 4.942196531791907543e-01 4.915730337078651480e-01 4.879356568364611180e-01 4.974874371859296374e-01 4.964028776978417490e-01 4.848484848484848619e-01 4.928229665071770516e-01 4.949494949494949725e-01 4.856396866840730908e-01 4.784946236559139976e-01 4.806629834254143585e-01 4.871794871794871695e-01 4.926686217008797719e-01 4.848484848484848619e-01 4.876543209876543217e-01 4.921630094043887294e-01 4.920127795527156622e-01 4.885245901639344024e-01 4.898648648648648574e-01 4.892086330935251914e-01 4.925373134328357994e-01 4.980079681274900416e-01 4.823008849557521849e-01 4.830917874396135070e-01 5.123456790123457338e-01 
4.902912621359223344e-01 4.868421052631579093e-01 5.041322314049586639e-01 5.119047619047618625e-01 5.076335877862595547e-01 4.927536231884058204e-01 4.929577464788732488e-01 4.983050847457627386e-01 4.966666666666666452e-01 4.918032786885245811e-01 4.919614147909968094e-01 4.952978056426332043e-01 4.954682779456193176e-01 4.942196531791907543e-01 4.915730337078651480e-01 4.879356568364611180e-01 4.962406015037593709e-01 4.952153110047846640e-01 4.859611231101511608e-01 4.928229665071770516e-01 4.949494949494949725e-01 4.842931937172774703e-01 4.784946236559139976e-01 4.806629834254143585e-01 4.913793103448275690e-01 4.911764705882352700e-01 4.863221884498480363e-01 4.876543209876543217e-01 4.921630094043887294e-01 4.920127795527156622e-01 4.885245901639344024e-01 4.880546075085324120e-01 4.892086330935251914e-01 4.925373134328357994e-01 4.980079681274900416e-01 4.844444444444444553e-01 4.854368932038835016e-01 5.093167701863353658e-01 
4.928229665071770516e-01 4.868421052631579093e-01 5.041322314049586639e-01 5.078740157480314821e-01 5.038167938931297218e-01 4.945848375451263323e-01 4.929577464788732488e-01 4.983164983164983242e-01 4.983388704318936768e-01 4.918032786885245811e-01 4.919614147909968094e-01 4.968750000000000111e-01 4.969696969696969502e-01 4.942528735632183978e-01 4.915730337078651480e-01 4.893048128342246117e-01 4.962406015037593709e-01 4.952153110047846640e-01 4.849137931034482873e-01 4.915662650602409811e-01 4.949494949494949725e-01 4.842931937172774703e-01 4.810810810810811078e-01 4.834254143646408708e-01 4.899135446685878859e-01 4.911764705882352700e-01 4.862385321100917701e-01 4.860681114551083648e-01 4.921630094043887294e-01 4.920127795527156622e-01 4.868421052631579093e-01 4.863945578231292366e-01 4.891304347826087029e-01 4.925373134328357994e-01 4.959999999999999964e-01 4.844444444444444553e-01 4.854368932038835016e-01 5.124999999999999556e-01 
4.951923076923077094e-01 4.890829694323143850e-01 5.020576131687243260e-01 5.078740157480314821e-01 5.037878787878787845e-01 4.945848375451263323e-01 4.947368421052631415e-01 4.983164983164983242e-01 4.983388704318936768e-01 4.935064935064935043e-01 5.000000000000000000e-01 5.000000000000000000e-01 5.000000000000000000e-01 4.956772334293947924e-01 4.916201117318435565e-01 4.919786096256684726e-01 5.000000000000000000e-01 4.976076555023923320e-01 4.870689655172413812e-01 4.927884615384615641e-01 4.962025316455696000e-01 4.881889763779527769e-01 4.837837837837837829e-01 4.861111111111111049e-01 4.927953890489913391e-01 4.926253687315634289e-01 4.892966360856269015e-01 4.891640866873064875e-01 4.936708860759493889e-01 4.871794871794871695e-01 4.868421052631579093e-01 4.863013698630136994e-01 4.909747292418772391e-01 4.962406015037593709e-01 4.959999999999999964e-01 4.821428571428571508e-01 4.854368932038835016e-01 5.124999999999999556e-01 
4.928229665071770516e-01 4.956896551724138122e-01 5.040983606557376540e-01 5.098039215686274161e-01 5.018867924528301883e-01 4.945848375451263323e-01 4.947368421052631415e-01 4.966442953020134277e-01 5.000000000000000000e-01 4.935064935064935043e-01 4.984025559105431102e-01 5.000000000000000000e-01 5.029940119760478723e-01 4.971264367816091712e-01 4.930362116991643395e-01 4.933333333333333459e-01 5.012468827930174342e-01 4.976190476190476275e-01 4.881720430107526765e-01 4.939759036144578119e-01 4.923469387755102233e-01 4.868421052631579093e-01 4.823848238482384976e-01 4.874651810584958445e-01 4.927953890489913391e-01 4.926253687315634289e-01 4.907975460122699363e-01 4.876543209876543217e-01 4.936708860759493889e-01 4.887459807073954998e-01 4.868421052631579093e-01 4.827586206896551935e-01 4.891304347826087029e-01 4.943396226415094352e-01 4.939759036144578119e-01 4.798206278026905802e-01 4.852941176470588203e-01 5.094339622641509413e-01 
4.928229665071770516e-01 4.913043478260869512e-01 5.000000000000000000e-01 5.117187500000000000e-01 5.037593984962406291e-01 4.945848375451263323e-01 4.947368421052631415e-01 4.983164983164983242e-01 4.950495049504950451e-01 4.935064935064935043e-01 4.984025559105431102e-01 5.000000000000000000e-01 5.029940119760478723e-01 4.971264367816091712e-01 4.916201117318435565e-01 4.919786096256684726e-01 5.012468827930174342e-01 4.976303317535544779e-01 4.871244635193133221e-01 4.939759036144578119e-01 4.949238578680202894e-01 4.894736842105263386e-01 4.809782608695652439e-01 4.860335195530726127e-01 4.927953890489913391e-01 4.926253687315634289e-01 4.892966360856269015e-01 4.922118380062305287e-01 4.936708860759493889e-01 4.887459807073954998e-01 4.868421052631579093e-01 4.827586206896551935e-01 4.891304347826087029e-01 4.962406015037593709e-01 4.959999999999999964e-01 4.798206278026905802e-01 4.851485148514851353e-01 5.126582278481012223e-01 
4.928229665071770516e-01 4.956896551724138122e-01 5.000000000000000000e-01 5.098039215686274161e-01 5.037593984962406291e-01 4.945848375451263323e-01 4.947735191637630536e-01 4.983164983164983242e-01 4.966887417218542877e-01 4.935064935064935043e-01 4.984126984126984183e-01 5.000000000000000000e-01 5.044510385756676429e-01 4.971264367816091712e-01 4.944134078212290562e-01 4.919786096256684726e-01 5.012468827930174342e-01 4.976303317535544779e-01 4.871244635193133221e-01 4.939759036144578119e-01 4.923469387755102233e-01 4.894736842105263386e-01 4.823848238482384976e-01 4.860335195530726127e-01 4.927953890489913391e-01 4.925816023738872618e-01 4.892966360856269015e-01 4.906832298136645787e-01 4.936708860759493889e-01 4.886731391585760753e-01 4.868421052631579093e-01 4.808362369337979003e-01 4.891304347826087029e-01 4.924812030075187974e-01 4.959999999999999964e-01 4.798206278026905802e-01 4.851485148514851353e-01 5.126582278481012223e-01 
4.976303317535544779e-01 4.914529914529914278e-01 5.040650406504064707e-01 5.097276264591439343e-01 5.000000000000000000e-01 4.946236559139784994e-01 4.930555555555555802e-01 4.983277591973244158e-01 4.950495049504950451e-01 4.935064935064935043e-01 5.000000000000000000e-01 5.061728395061728669e-01 5.059523809523809312e-01 4.957020057306590344e-01 4.958448753462603720e-01 4.920634920634920362e-01 5.012468827930174342e-01 4.976303317535544779e-01 4.860813704496788068e-01 4.915254237288135819e-01 4.948717948717948900e-01 4.867724867724867455e-01 4.822888283378746754e-01 4.887640449438201973e-01 4.927536231884058204e-01 4.940476190476190688e-01 4.892307692307692468e-01 4.922118380062305287e-01 4.936708860759493889e-01 4.870129870129870087e-01 4.799999999999999822e-01 4.791666666666666852e-01 4.909090909090909061e-01 4.904942965779467423e-01 4.959349593495934738e-01 4.798206278026905802e-01 4.851485148514851353e-01 5.159235668789808882e-01 
4.952380952380952550e-01 4.872881355932203173e-01 5.020408163265306367e-01 5.038461538461538325e-01 5.018726591760299671e-01 4.946236559139784994e-01 4.948096885813148549e-01 4.983277591973244158e-01 4.967320261437908613e-01 4.919093851132685935e-01 4.968354430379746667e-01 5.030674846625766694e-01 5.014836795252225476e-01 4.943181818181818232e-01 4.876033057851239527e-01 4.894736842105263386e-01 4.962779156327543628e-01 4.976635514018691864e-01 4.839400428265524523e-01 4.903381642512077421e-01 4.948453608247422864e-01 4.854881266490765346e-01 4.835164835164835195e-01 4.845938375350140048e-01 4.898550724637681375e-01 4.895522388059701524e-01 4.861538461538461586e-01 4.874213836477987449e-01 4.920634920634920362e-01 4.870129870129870087e-01 4.798657718120805105e-01 4.808362369337979003e-01 4.889705882352941013e-01 4.980842911877394474e-01 4.959016393442622905e-01 4.841628959276018107e-01 4.795918367346938549e-01 5.159235668789808882e-01 
4.976303317535544779e-01 4.893617021276595591e-01 5.040650406504064707e-01 5.077519379844961378e-01 5.018587360594795044e-01 4.928057553956834425e-01 4.948096885813148549e-01 4.983277591973244158e-01 4.950819672131147597e-01 4.919093851132685935e-01 4.968354430379746667e-01 5.046153846153845768e-01 5.014836795252225476e-01 4.957020057306590344e-01 4.875346260387811714e-01 4.881266490765171495e-01 4.962779156327543628e-01 5.000000000000000000e-01 4.839400428265524523e-01 4.891041162227602879e-01 4.935732647814909946e-01 4.841269841269841279e-01 4.808743169398906891e-01 4.845070422535211474e-01 4.913294797687861037e-01 4.895522388059701524e-01 4.861538461538461586e-01 4.890282131661441989e-01 4.920634920634920362e-01 4.870129870129870087e-01 4.782608695652174058e-01 4.808362369337979003e-01 4.872727272727272463e-01 4.980988593155893374e-01 4.979591836734693633e-01 4.841628959276018107e-01 4.747474747474747514e-01 5.159235668789808882e-01 
4.928909952606634892e-01 4.893617021276595591e-01 5.040650406504064707e-01 5.097276264591439343e-01 5.018587360594795044e-01 4.945848375451263323e-01 4.948096885813148549e-01 5.000000000000000000e-01 4.967320261437908613e-01 4.919093851132685935e-01 4.968354430379746667e-01 5.030864197530864335e-01 5.014836795252225476e-01 4.971264367816091712e-01 4.916666666666666408e-01 4.867724867724867455e-01 4.950248756218905699e-01 4.988235294117647212e-01 4.839400428265524523e-01 4.915254237288135819e-01 4.935732647814909946e-01 4.841269841269841279e-01 4.795640326975476597e-01 4.845070422535211474e-01 4.899135446685878859e-01 4.895522388059701524e-01 4.846625766871165419e-01 4.874213836477987449e-01 4.920634920634920362e-01 4.870129870129870087e-01 4.799999999999999822e-01 4.808362369337979003e-01 4.855072463768115854e-01 4.924242424242424310e-01 5.000000000000000000e-01 4.864864864864865135e-01 4.773869346733668473e-01 5.159235668789808882e-01 
4.952830188679245293e-01 4.893617021276595591e-01 5.060728744939271273e-01 5.076923076923076650e-01 5.018587360594795044e-01 4.946236559139784994e-01 4.930555555555555802e-01 5.000000000000000000e-01 4.951140065146579783e-01 4.919093851132685935e-01 5.015673981191222097e-01 5.030864197530864335e-01 5.014836795252225476e-01 4.971264367816091712e-01 4.903047091412742198e-01 4.867724867724867455e-01 4.937655860349127179e-01 4.976415094339622369e-01 4.839400428265524523e-01 4.902912621359223344e-01 4.935732647814909946e-01 4.827586206896551935e-01 4.807692307692307820e-01 4.845070422535211474e-01 4.898550724637681375e-01 4.910714285714285476e-01 4.846625766871165419e-01 4.889589905362776157e-01 4.920634920634920362e-01 4.819672131147541005e-01 4.799999999999999822e-01 4.808362369337979003e-01 4.855072463768115854e-01 4.942965779467680676e-01 5.000000000000000000e-01 4.887892376681614581e-01 4.799999999999999822e-01 5.159235668789808882e-01 
4.952380952380952550e-01 4.893617021276595591e-01 5.040322580645161255e-01 5.076923076923076650e-01 5.037313432835820448e-01 4.964028776978417490e-01 4.965034965034965109e-01 4.983164983164983242e-01 4.935064935064935043e-01 4.919093851132685935e-01 5.000000000000000000e-01 5.030864197530864335e-01 5.014836795252225476e-01 4.971264367816091712e-01 4.930362116991643395e-01 4.854111405835543902e-01 4.925373134328357994e-01 4.976415094339622369e-01 4.839400428265524523e-01 4.903381642512077421e-01 4.935732647814909946e-01 4.840425531914893664e-01 4.807692307692307820e-01 4.831460674157303514e-01 4.884393063583815087e-01 4.881656804733727761e-01 4.862385321100917701e-01 4.905063291139240556e-01 4.920634920634920362e-01 4.836601307189542509e-01 4.799999999999999822e-01 4.808362369337979003e-01 4.855072463768115854e-01 4.905660377358490587e-01 5.020242914979756721e-01 4.909909909909909720e-01 4.799999999999999822e-01 5.159235668789808882e-01 
4.952380952380952550e-01 4.892703862660944258e-01 5.060240963855421326e-01 5.057915057915057799e-01 5.037313432835820448e-01 4.964028776978417490e-01 4.947735191637630536e-01 4.949832775919732475e-01 4.935064935064935043e-01 4.919614147909968094e-01 5.000000000000000000e-01 5.015479876160990891e-01 5.029761904761904656e-01 4.971264367816091712e-01 4.889502762430938954e-01 4.854111405835543902e-01 4.913151364764267726e-01 4.964705882352941080e-01 4.840085287846481732e-01 4.903381642512077421e-01 4.936061381074168808e-01 4.826666666666666883e-01 4.821917808219178259e-01 4.831460674157303514e-01 4.884393063583815087e-01 4.896142433234421110e-01 4.892307692307692468e-01 4.905063291139240556e-01 4.920127795527156622e-01 4.836601307189542509e-01 4.817275747508305561e-01 4.791666666666666852e-01 4.855072463768115854e-01 4.961832061068702227e-01 5.020242914979756721e-01 4.932126696832579427e-01 4.824120603015075170e-01 5.161290322580645018e-01 
5.023696682464454666e-01 4.893617021276595591e-01 5.040322580645161255e-01 5.057915057915057799e-01 5.018726591760299671e-01 4.981949458483754256e-01 4.965034965034965109e-01 4.983164983164983242e-01 4.951140065146579783e-01 4.919093851132685935e-01 4.984227129337539530e-01 5.030864197530864335e-01 5.059880239520958556e-01 5.000000000000000000e-01 4.903047091412742198e-01 4.840425531914893664e-01 4.949748743718592747e-01 4.988235294117647212e-01 4.829059829059829112e-01 4.866828087167070493e-01 4.935732647814909946e-01 4.840425531914893664e-01 4.821917808219178259e-01 4.845938375350140048e-01 4.870317002881844326e-01 4.881656804733727761e-01 4.862385321100917701e-01 4.889589905362776157e-01 4.920634920634920362e-01 4.853420195439739349e-01 4.799999999999999822e-01 4.758620689655172487e-01 4.818840579710144678e-01 4.942965779467680676e-01 5.040322580645161255e-01 4.867256637168141387e-01 4.773869346733668473e-01 5.192307692307692735e-01 
4.976303317535544779e-01 4.914529914529914278e-01 5.040000000000000036e-01 5.057915057915057799e-01 5.056179775280899014e-01 4.964285714285714413e-01 4.947735191637630536e-01 4.983164983164983242e-01 4.935064935064935043e-01 4.903846153846153633e-01 4.968553459119496862e-01 5.015384615384614886e-01 5.029761904761904656e-01 4.957020057306590344e-01 4.834254143646408708e-01 4.826666666666666883e-01 4.949999999999999956e-01 4.964705882352941080e-01 4.807692307692307820e-01 4.866828087167070493e-01 4.897435897435897245e-01 4.812834224598930288e-01 4.794520547945205213e-01 4.789915966386554813e-01 4.854651162790697416e-01 4.866468842729970157e-01 4.831804281345565832e-01 4.873417721518987222e-01 4.903846153846153633e-01 4.836601307189542509e-01 4.782608695652174058e-01 4.756944444444444198e-01 4.836363636363636420e-01 5.000000000000000000e-01 5.020080321285140812e-01 4.821428571428571508e-01 4.773869346733668473e-01 5.192307692307692735e-01 
4.952830188679245293e-01 4.936170212765957355e-01 5.059760956175298752e-01 5.077519379844961378e-01 5.018587360594795044e-01 5.000000000000000000e-01 4.982578397212543697e-01 4.966442953020134277e-01 4.951140065146579783e-01 4.888178913738019382e-01 4.937106918238993725e-01 4.984709480122324066e-01 4.970238095238095344e-01 4.928366762177650573e-01 4.833333333333333370e-01 4.799999999999999822e-01 4.924623115577889676e-01 4.929245283018867663e-01 4.828326180257510591e-01 4.854368932038835016e-01 4.858611825192802325e-01 4.772117962466487784e-01 4.754098360655737432e-01 4.788732394366196909e-01 4.796511627906976938e-01 4.807121661721068251e-01 4.815950920245398725e-01 4.826498422712933722e-01 4.887459807073954998e-01 4.836601307189542509e-01 4.781144781144781031e-01 4.791666666666666852e-01 4.836363636363636420e-01 4.962121212121212155e-01 5.020080321285140812e-01 4.823008849557521849e-01 4.799999999999999822e-01 5.063291139240506666e-01 
4.976525821596244348e-01 4.956896551724138122e-01 5.080000000000000071e-01 5.076923076923076650e-01 5.037313432835820448e-01 4.982078853046594813e-01 4.878048780487804770e-01 4.933774834437086310e-01 4.870967741935484097e-01 4.873417721518987222e-01 4.890282131661441989e-01 4.938650306748466057e-01 4.940828402366864158e-01 4.857954545454545303e-01 4.781420765027322162e-01 4.773333333333333317e-01 4.887780548628428701e-01 4.883177570093458209e-01 4.764957264957264682e-01 4.817518248175182705e-01 4.821428571428571508e-01 4.732620320855615015e-01 4.725274725274725141e-01 4.747191011235954994e-01 4.782608695652174058e-01 4.866468842729970157e-01 4.813664596273292129e-01 4.872611464968152895e-01 4.870129870129870087e-01 4.852459016393442792e-01 4.798657718120805105e-01 4.790209790209790097e-01 4.889705882352941013e-01 5.000000000000000000e-01 5.020080321285140812e-01 4.843049327354260192e-01 4.846938775510203912e-01 5.192307692307692735e-01 
4.976525821596244348e-01 4.978540772532188963e-01 5.059760956175298752e-01 5.038461538461538325e-01 5.037037037037036535e-01 4.982078853046594813e-01 4.913494809688581100e-01 4.949832775919732475e-01 4.853420195439739349e-01 4.873417721518987222e-01 4.890282131661441989e-01 4.954128440366972752e-01 4.940476190476190688e-01 4.871794871794871695e-01 4.780219780219780445e-01 4.773333333333333317e-01 4.937655860349127179e-01 4.893617021276595591e-01 4.742489270386265887e-01 4.817518248175182705e-01 4.808184143222506424e-01 4.745308310991956935e-01 4.752747252747252515e-01 4.745762711864406902e-01 4.782608695652174058e-01 4.835820895522388030e-01 4.799999999999999822e-01 4.889589905362776157e-01 4.870129870129870087e-01 4.852459016393442792e-01 4.781144781144781031e-01 4.791666666666666852e-01 4.871794871794871695e-01 5.000000000000000000e-01 5.020080321285140812e-01 4.753363228699551413e-01 4.825870646766169392e-01 5.253164556962025555e-01 
4.976525821596244348e-01 4.978723404255319118e-01 5.078740157480314821e-01 5.057471264367816577e-01 5.018450184501844769e-01 4.911660777385158938e-01 4.948453608247422864e-01 4.916943521594684396e-01 4.837662337662337886e-01 4.857142857142857095e-01 4.858934169278996684e-01 4.938650306748466057e-01 4.866468842729970157e-01 4.829545454545454697e-01 4.739726027397260233e-01 4.748010610079575478e-01 4.912718204488777940e-01 4.882075471698112956e-01 4.721030042918454850e-01 4.793187347931873732e-01 4.781491002570694149e-01 4.702702702702702964e-01 4.710743801652892415e-01 4.730878186968838772e-01 4.809384164222874070e-01 4.774774774774774855e-01 4.798761609907120640e-01 4.873417721518987222e-01 4.854368932038835016e-01 4.852459016393442792e-01 4.765100671140939381e-01 4.843205574912892164e-01 4.889705882352941013e-01 5.019305019305019266e-01 5.020242914979756721e-01 4.753363228699551413e-01 4.799999999999999822e-01 5.253164556962025555e-01 
5.000000000000000000e-01 4.978723404255319118e-01 5.078740157480314821e-01 5.057471264367816577e-01 5.018450184501844769e-01 4.929577464788732488e-01 4.965517241379310276e-01 4.917491749174917604e-01 4.853420195439739349e-01 4.872611464968152895e-01 4.905660377358490587e-01 4.954128440366972752e-01 4.911764705882352700e-01 4.872521246458923483e-01 4.780219780219780445e-01 4.776902887139107823e-01 4.925373134328357994e-01 4.894613583138173185e-01 4.753747323340470898e-01 4.805825242718446688e-01 4.807197943444729837e-01 4.729729729729729715e-01 4.738292011019283878e-01 4.759206798866855714e-01 4.823529411764705954e-01 4.790419161676646720e-01 4.828660436137071632e-01 4.889589905362776157e-01 4.870967741935484097e-01 4.836601307189542509e-01 4.781144781144781031e-01 4.823943661971831220e-01 4.870848708487084955e-01 5.000000000000000000e-01 5.020576131687243260e-01 4.774774774774774855e-01 4.822335025380710682e-01 5.222929936305732435e-01 
5.023696682464454666e-01 4.978723404255319118e-01 5.078125000000000000e-01 5.057034220532319324e-01 5.000000000000000000e-01 4.947368421052631415e-01 4.966216216216216006e-01 4.900662251655629187e-01 4.870967741935484097e-01 4.872611464968152895e-01 4.890965732087227402e-01 4.969325153374233306e-01 4.897360703812316807e-01 4.900849858356940425e-01 4.780219780219780445e-01 4.764397905759162333e-01 4.913151364764267726e-01 4.918032786885245811e-01 4.753747323340470898e-01 4.794188861985472228e-01 4.807197943444729837e-01 4.728260869565217295e-01 4.736842105263157632e-01 4.771428571428571463e-01 4.808259587020649040e-01 4.786585365853658347e-01 4.844720496894410200e-01 4.872611464968152895e-01 4.870967741935484097e-01 4.851485148514851353e-01 4.765100671140939381e-01 4.840989399293286199e-01 4.833948339483394863e-01 5.000000000000000000e-01 5.041322314049586639e-01 4.796380090497737725e-01 4.771573604060913576e-01 5.222929936305732435e-01 
5.023696682464454666e-01 4.936170212765957355e-01 5.078740157480314821e-01 5.075757575757575690e-01 5.054945054945054750e-01 4.982456140350877138e-01 4.965986394557823091e-01 4.900662251655629187e-01 4.886731391585760753e-01 4.888888888888888729e-01 4.952978056426332043e-01 4.969512195121951192e-01 4.940476190476190688e-01 4.913793103448275690e-01 4.820936639118457157e-01 4.789473684210526216e-01 4.925373134328357994e-01 4.941451990632318436e-01 4.775160599571734443e-01 4.818401937046004613e-01 4.858611825192802325e-01 4.756756756756757021e-01 4.749999999999999778e-01 4.757834757834757955e-01 4.808259587020649040e-01 4.818181818181818121e-01 4.875776397515527716e-01 4.888888888888888729e-01 4.886731391585760753e-01 4.819672131147541005e-01 4.797297297297297147e-01 4.826388888888888951e-01 4.855072463768115854e-01 4.980842911877394474e-01 5.040983606557376540e-01 4.819819819819819995e-01 4.771573604060913576e-01 5.222929936305732435e-01 
5.047169811320755262e-01 5.042372881355932090e-01 5.137254901960783826e-01 5.094339622641509413e-01 5.018181818181818299e-01 5.000000000000000000e-01 4.932432432432432567e-01 4.884488448844884756e-01 4.903225806451612656e-01 4.904458598726114671e-01 4.968553459119496862e-01 4.984802431610942386e-01 4.955489614243323571e-01 4.957264957264957417e-01 4.863387978142076351e-01 4.829396325459317518e-01 4.962593516209476419e-01 4.976635514018691864e-01 4.806866952789699554e-01 4.830097087378640852e-01 4.819587628865979467e-01 4.742547425474255007e-01 4.763231197771587988e-01 4.813753581661890935e-01 4.823529411764705954e-01 4.878048780487804770e-01 4.922118380062305287e-01 4.904458598726114671e-01 4.903225806451612656e-01 4.836601307189542509e-01 4.813559322033898469e-01 4.843205574912892164e-01 4.835164835164835195e-01 4.961240310077519311e-01 5.020576131687243260e-01 4.798206278026905802e-01 4.744897959183673741e-01 5.189873417721518889e-01 
5.094339622641509413e-01 5.063291139240506666e-01 5.116279069767442067e-01 5.093632958801498356e-01 5.000000000000000000e-01 4.965517241379310276e-01 4.899328859060402830e-01 4.885245901639344024e-01 4.903846153846153633e-01 4.873417721518987222e-01 4.874999999999999889e-01 4.924924924924924952e-01 4.941520467836257313e-01 4.914772727272727071e-01 4.809782608695652439e-01 4.844559585492227982e-01 4.914004914004914126e-01 4.907407407407407551e-01 4.787234042553191737e-01 4.757281553398058360e-01 4.754521963824289155e-01 4.699453551912568527e-01 4.705882352941176405e-01 4.770114942528735358e-01 4.790419161676646720e-01 4.846625766871165419e-01 4.858934169278996684e-01 4.839743589743589758e-01 4.870129870129870087e-01 4.868421052631579093e-01 4.810996563573883278e-01 4.787234042553191737e-01 4.816176470588235392e-01 4.960937500000000000e-01 4.915966386554621592e-01 4.792626728110598866e-01 4.791666666666666852e-01 5.129870129870129913e-01 
5.115207373271889457e-01 5.062761506276151069e-01 5.115384615384614975e-01 5.055762081784386242e-01 4.982332155477031677e-01 4.949152542372881602e-01 4.899999999999999911e-01 4.886731391585760753e-01 4.872611464968152895e-01 4.858044164037854662e-01 4.907407407407407551e-01 4.879518072289156794e-01 4.913294797687861037e-01 4.929577464788732488e-01 4.784946236559139976e-01 4.819587628865979467e-01 4.902439024390243816e-01 4.849884526558891351e-01 4.766949152542372947e-01 4.717444717444717606e-01 4.727272727272727182e-01 4.670329670329670391e-01 4.704225352112675895e-01 4.750733137829912245e-01 4.772036474164133568e-01 4.814814814814814548e-01 4.825396825396825462e-01 4.838709677419354982e-01 4.853420195439739349e-01 4.799999999999999822e-01 4.828767123287671104e-01 4.784172661870503829e-01 4.758364312267657770e-01 4.960317460317460458e-01 4.915254237288135819e-01 4.766355140186915862e-01 4.869109947643979197e-01 5.131578947368421462e-01 
5.045871559633027248e-01 5.062240663900414717e-01 5.075757575757575690e-01 5.055350553505535416e-01 4.982332155477031677e-01 4.932885906040268553e-01 4.884488448844884756e-01 4.870967741935484097e-01 4.857142857142857095e-01 4.890282131661441989e-01 4.938650306748466057e-01 4.925373134328357994e-01 4.971264367816091712e-01 4.985915492957746498e-01 4.867724867724867455e-01 4.884910485933504076e-01 4.975609756097560954e-01 4.907407407407407551e-01 4.831932773109243739e-01 4.802955665024630783e-01 4.778067885117493474e-01 4.749999999999999778e-01 4.759206798866855714e-01 4.809384164222874070e-01 4.846625766871165419e-01 4.890965732087227402e-01 4.904458598726114671e-01 4.919093851132685935e-01 4.885245901639344024e-01 4.832214765100671383e-01 4.844290657439446202e-01 4.782608695652174058e-01 4.758364312267657770e-01 4.918699186991870032e-01 4.892703862660944258e-01 4.719626168224299034e-01 4.843750000000000000e-01 5.067567567567567988e-01 
5.045871559633027248e-01 5.082644628099173278e-01 5.056603773584905648e-01 5.000000000000000000e-01 5.000000000000000000e-01 4.932885906040268553e-01 4.884488448844884756e-01 4.887459807073954998e-01 4.857142857142857095e-01 4.890965732087227402e-01 4.939024390243902385e-01 4.925373134328357994e-01 4.985673352435530115e-01 4.916666666666666408e-01 4.868421052631579093e-01 4.923857868020304340e-01 4.987834549878345514e-01 4.873563218390804530e-01 4.843423799582463607e-01 4.802955665024630783e-01 4.764397905759162333e-01 4.763231197771587988e-01 4.799999999999999822e-01 4.795321637426900319e-01 4.846625766871165419e-01 4.890965732087227402e-01 4.888178913738019382e-01 4.919093851132685935e-01 4.884488448844884756e-01 4.831081081081081141e-01 4.844290657439446202e-01 4.763636363636363780e-01 4.848484848484848619e-01 4.918032786885245811e-01 4.826086956521739024e-01 4.694835680751173745e-01 4.920634920634920362e-01 5.034482758620689724e-01 
5.091743119266054496e-01 5.141700404858299267e-01 5.075757575757575690e-01 5.018181818181818299e-01 5.000000000000000000e-01 4.916943521594684396e-01 4.900662251655629187e-01 4.887459807073954998e-01 4.903846153846153633e-01 4.921630094043887294e-01 4.954128440366972752e-01 4.970059880239520722e-01 5.043478260869564966e-01 5.000000000000000000e-01 4.920634920634920362e-01 4.948717948717948900e-01 5.012165450121655041e-01 4.907834101382488323e-01 4.851063829787233828e-01 4.827586206896551935e-01 4.774535809018567445e-01 4.805555555555555691e-01 4.842406876790830705e-01 4.852941176470588203e-01 4.922600619195046656e-01 4.937888198757763858e-01 4.952076677316293862e-01 4.935897435897436125e-01 4.918032786885245811e-01 4.882154882154882136e-01 4.862068965517241104e-01 4.767025089605734789e-01 4.810606060606060774e-01 4.918699186991870032e-01 4.871794871794871695e-01 4.741784037558685605e-01 4.947368421052631415e-01 5.129870129870129913e-01 
5.022421524663677195e-01 5.160000000000000142e-01 5.037593984962406291e-01 4.964028776978417490e-01 4.931034482758620552e-01 4.916943521594684396e-01 4.901960784313725283e-01 4.887459807073954998e-01 4.905660377358490587e-01 4.907407407407407551e-01 5.015015015015015232e-01 4.970588235294117752e-01 4.985915492957746498e-01 4.972677595628415270e-01 4.921465968586387629e-01 4.962406015037593709e-01 4.951690821256038433e-01 4.864253393665158298e-01 4.864300626304801645e-01 4.837905236907730777e-01 4.732620320855615015e-01 4.804469273743016688e-01 4.855491329479768581e-01 4.880239520958083999e-01 4.891640866873064875e-01 4.905660377358490587e-01 4.920127795527156622e-01 4.901960784313725283e-01 4.899999999999999911e-01 4.776632302405498520e-01 4.823943661971831220e-01 4.795539033457248967e-01 4.806201550387597110e-01 4.876033057851239527e-01 4.799999999999999822e-01 4.809523809523809645e-01 5.000000000000000000e-01 5.034482758620689724e-01 
4.977578475336322805e-01 5.098814229249012397e-01 5.037313432835820448e-01 5.000000000000000000e-01 4.931972789115646183e-01 4.901315789473684181e-01 4.902597402597402843e-01 4.888888888888888729e-01 4.875776397515527716e-01 4.847560975609755962e-01 4.837758112094395213e-01 4.913793103448275690e-01 4.873949579831932666e-01 4.838709677419354982e-01 4.806201550387597110e-01 4.863523573200992378e-01 4.845605700712589115e-01 4.753363228699551413e-01 4.803312629399585920e-01 4.763092269326683059e-01 4.663072776280323684e-01 4.691011235955055980e-01 4.707602339181286566e-01 4.757575757575757680e-01 4.781250000000000222e-01 4.778481012658227778e-01 4.789644012944983542e-01 4.801324503311258374e-01 4.831081081081081141e-01 4.842105263157894801e-01 4.746376811594202882e-01 4.794007490636704172e-01 4.841269841269841279e-01 4.894514767932489629e-01 4.796380090497737725e-01 4.827586206896551935e-01 5.056179775280899014e-01 4.964539007092198530e-01 
4.911504424778760924e-01 5.098039215686274161e-01 4.963768115942028825e-01 5.000000000000000000e-01 4.882154882154882136e-01 4.901315789473684181e-01 4.871794871794871695e-01 4.905063291139240556e-01 4.862385321100917701e-01 4.848484848484848619e-01 4.852071005917159563e-01 4.871794871794871695e-01 4.861111111111111049e-01 4.825737265415549482e-01 4.807197943444729837e-01 4.876847290640394239e-01 4.857819905213270339e-01 4.754464285714285476e-01 4.782608695652174058e-01 4.798994974874372099e-01 4.661246612466124484e-01 4.741379310344827624e-01 4.704142011834319681e-01 4.801223241590213964e-01 4.781250000000000222e-01 4.807692307692307820e-01 4.772727272727272929e-01 4.814814814814814548e-01 4.829931972789115457e-01 4.825174825174824988e-01 4.798534798534798695e-01 4.810606060606060774e-01 4.860557768924302913e-01 4.893617021276595591e-01 4.770642201834862650e-01 4.801980198019801804e-01 5.056818181818182323e-01 5.035460992907800915e-01 
4.978723404255319118e-01 5.057915057915057799e-01 4.964285714285714413e-01 4.965753424657534110e-01 4.917491749174917604e-01 4.872611464968152895e-01 4.889589905362776157e-01 4.877300613496932669e-01 4.894259818731117595e-01 4.882352941176470451e-01 4.956521739130435034e-01 4.957983193277311074e-01 4.876712328767123239e-01 4.868421052631579093e-01 4.885496183206106680e-01 4.951219512195121908e-01 4.836448598130841381e-01 4.758771929824561209e-01 4.836734693877551283e-01 4.807197943444729837e-01 4.739726027397260233e-01 4.796511627906976938e-01 4.789156626506024250e-01 4.828660436137071632e-01 4.870967741935484097e-01 4.853420195439739349e-01 4.865771812080537106e-01 4.846416382252559663e-01 4.859154929577464976e-01 4.767025089605734789e-01 4.756554307116104829e-01 4.864864864864865135e-01 4.877049180327868716e-01 4.848484848484848619e-01 4.719626168224299034e-01 4.948979591836734637e-01 5.178571428571429047e-01 5.000000000000000000e-01 
5.021276595744680327e-01 5.093632958801498356e-01 4.929577464788732488e-01 4.949494949494949725e-01 4.870129870129870087e-01 4.872611464968152895e-01 4.890282131661441989e-01 4.846625766871165419e-01 4.849397590361445576e-01 4.853801169590643005e-01 4.842406876790830705e-01 4.902506963788300642e-01 4.850948509485094595e-01 4.842931937172774703e-01 4.849246231155778797e-01 4.831730769230769273e-01 4.781609195402298784e-01 4.718614718614718706e-01 4.757085020242914908e-01 4.730077120822622216e-01 4.649859943977591170e-01 4.764705882352940902e-01 4.740061162079510781e-01 4.810126582278481111e-01 4.806451612903225867e-01 4.786885245901639219e-01 4.832214765100671383e-01 4.828767123287671104e-01 4.822695035460992652e-01 4.836363636363636420e-01 4.754716981132075526e-01 4.823529411764705954e-01 4.834710743801652888e-01 4.823008849557521849e-01 4.855769230769230727e-01 4.973544973544973269e-01 5.185185185185184897e-01 5.153846153846153300e-01 
5.122950819672130729e-01 5.036496350364964014e-01 5.000000000000000000e-01 4.885245901639344024e-01 4.888178913738019382e-01 4.890282131661441989e-01 4.877300613496932669e-01 4.909090909090909061e-01 4.910714285714285476e-01 4.812680115273775261e-01 4.802259887005649874e-01 4.794520547945205213e-01 4.801061007957559412e-01 4.794871794871795045e-01 4.789081885856079635e-01 4.740566037735848837e-01 4.662162162162162282e-01 4.668094218415417829e-01 4.738955823293172775e-01 4.578947368421052433e-01 4.600000000000000200e-01 4.610778443113772718e-01 4.702194357366771271e-01 4.694533762057878090e-01 4.688524590163934413e-01 4.697986577181207934e-01 4.659863945578231470e-01 4.652777777777777901e-01 4.765342960288808660e-01 4.777777777777778012e-01 4.787644787644787514e-01 4.777327935222672184e-01 4.786324786324786529e-01 4.796380090497737725e-01 4.899999999999999911e-01 5.111111111111110716e-01 5.159235668789808882e-01 5.000000000000000000e-01 
5.060728744939271273e-01 5.035714285714285587e-01 4.966442953020134277e-01 4.870129870129870087e-01 4.888888888888888729e-01 4.892307692307692468e-01 4.892966360856269015e-01 4.910179640718562721e-01 4.852941176470588203e-01 4.828571428571428736e-01 4.860335195530726127e-01 4.878706199460916548e-01 4.830287206266318800e-01 4.848484848484848619e-01 4.794188861985472228e-01 4.719626168224299034e-01 4.678492239467849090e-01 4.669509594882729209e-01 4.759999999999999787e-01 4.641909814323607608e-01 4.622093023255813837e-01 4.662576687116564145e-01 4.746835443037974445e-01 4.724919093851132623e-01 4.715719063545150691e-01 4.713804713804713997e-01 4.689655172413793038e-01 4.753521126760563154e-01 4.781021897810219246e-01 4.736842105263157632e-01 4.703557312252964473e-01 4.771784232365145484e-01 4.736842105263157632e-01 4.834123222748815119e-01 5.000000000000000000e-01 5.144508670520231419e-01 5.225806451612903247e-01 5.000000000000000000e-01 
5.019762845849802257e-01 5.035460992907800915e-01 4.983277591973244158e-01 4.856230031948881587e-01 4.921630094043887294e-01 4.877300613496932669e-01 4.864048338368580082e-01 4.881656804733727761e-01 4.825581395348837455e-01 4.830508474576271083e-01 4.836956521739130266e-01 4.854881266490765346e-01 4.809160305343511688e-01 4.790123456790123524e-01 4.749403341288782610e-01 4.697674418604650959e-01 4.627192982456140302e-01 4.715789473684210420e-01 4.771371769383697670e-01 4.663072776280323684e-01 4.619883040935672258e-01 4.646153846153845968e-01 4.758842443729903726e-01 4.688524590163934413e-01 4.731543624161073658e-01 4.744027303754266289e-01 4.720279720279720315e-01 4.785714285714285920e-01 4.777777777777778012e-01 4.765625000000000000e-01 4.734693877551020558e-01 4.805194805194805130e-01 4.840182648401826215e-01 4.926829268292682862e-01 5.051546391752577136e-01 5.297619047619047672e-01 5.100671140939597725e-01 4.958677685950413361e-01 
5.057034220532319324e-01 5.051903114186850896e-01 4.918032786885245811e-01 4.873417721518987222e-01 4.892307692307692468e-01 4.878787878787878562e-01 4.866468842729970157e-01 4.883720930232557933e-01 4.845070422535211474e-01 4.850136239782016356e-01 4.854881266490765346e-01 4.833759590792838789e-01 4.825870646766169392e-01 4.805825242718446688e-01 4.751773049645390268e-01 4.715261958997721825e-01 4.708423326133909237e-01 4.760914760914761179e-01 4.804687500000000000e-01 4.653739612188365626e-01 4.626865671641791078e-01 4.733542319749216576e-01 4.772727272727272929e-01 4.749163879598662374e-01 4.761904761904761640e-01 4.773519163763066397e-01 4.749999999999999778e-01 4.795539033457248967e-01 4.785992217898832890e-01 4.775510204081632737e-01 4.806866952789699554e-01 4.819819819819819995e-01 4.858490566037735880e-01 4.975124378109452850e-01 5.081081081081081363e-01 5.155279503105589800e-01 5.034965034965035446e-01 4.910714285714285476e-01 
5.075757575757575690e-01 4.983164983164983242e-01 4.903846153846153633e-01 4.875776397515527716e-01 4.878048780487804770e-01 4.866468842729970157e-01 4.869565217391304546e-01 4.830508474576271083e-01 4.850136239782016356e-01 4.906666666666666399e-01 4.935064935064935043e-01 4.924623115577889676e-01 4.914425427872860519e-01 4.881516587677725005e-01 4.804597701149425082e-01 4.802631578947368363e-01 4.787234042553191737e-01 4.897959183673469274e-01 4.865384615384615308e-01 4.749999999999999778e-01 4.801223241590213964e-01 4.871794871794871695e-01 4.900662251655629187e-01 4.898648648648648574e-01 4.912891986062717931e-01 4.910394265232975175e-01 4.962962962962962910e-01 4.941634241245136394e-01 4.859437751004015982e-01 4.811715481171547903e-01 4.823008849557521849e-01 4.837209302325581328e-01 4.900990099009900902e-01 5.079365079365079083e-01 5.119047619047618625e-01 5.194805194805194315e-01 4.850746268656716542e-01 5.000000000000000000e-01 
5.110294117647058432e-01 5.033333333333332993e-01 4.984126984126984183e-01 4.907975460122699363e-01 4.880952380952380820e-01 4.868035190615835894e-01 4.843304843304843121e-01 4.861111111111111049e-01 4.837837837837837829e-01 4.895287958115183136e-01 4.884910485933504076e-01 4.887780548628428701e-01 4.915254237288135819e-01 4.847775175644027934e-01 4.819004524886877916e-01 4.804347826086956541e-01 4.810924369747899276e-01 4.817073170731707155e-01 4.845559845559845313e-01 4.687500000000000000e-01 4.722222222222222099e-01 4.757281553398058360e-01 4.832214765100671383e-01 4.861111111111111049e-01 4.876325088339222846e-01 4.908424908424908195e-01 4.886363636363636465e-01 4.921259842519685179e-01 4.834710743801652888e-01 4.849785407725321629e-01 4.843049327354260192e-01 4.786729857819905232e-01 4.923857868020304340e-01 5.000000000000000000e-01 5.060975609756097615e-01 5.067567567567567988e-01 5.075757575757575690e-01 5.000000000000000000e-01 
5.090909090909090384e-01 5.000000000000000000e-01 4.968553459119496862e-01 4.848484848484848619e-01 4.867256637168141387e-01 4.841498559077809793e-01 4.815864022662889599e-01 4.849315068493150749e-01 4.907161803713527837e-01 4.883720930232557933e-01 4.862155388471177675e-01 4.889434889434889353e-01 4.857819905213270339e-01 4.815668202764977202e-01 4.799107142857143016e-01 4.773218142548595888e-01 4.800838574423479943e-01 4.819277108433734913e-01 4.828244274809160297e-01 4.670487106017192080e-01 4.718749999999999889e-01 4.738562091503267792e-01 4.863945578231292366e-01 4.842105263157894801e-01 4.873646209386281458e-01 4.907749077490775047e-01 4.864864864864865135e-01 4.777327935222672184e-01 4.810126582278481111e-01 4.844444444444444553e-01 4.792626728110598866e-01 4.851485148514851353e-01 4.947368421052631415e-01 5.000000000000000000e-01 5.093167701863353658e-01 5.034013605442176909e-01 5.000000000000000000e-01 5.000000000000000000e-01 
5.035211267605633756e-01 5.016181229773463146e-01 4.937888198757763858e-01 4.896142433234421110e-01 4.827586206896551935e-01 4.788732394366196909e-01 4.890109890109889945e-01 4.879999999999999893e-01 4.882506527415143571e-01 4.898989898989898895e-01 4.889434889434889353e-01 4.916467780429594203e-01 4.860465116279069631e-01 4.875283446712018187e-01 4.793028322440087141e-01 4.799154334038054914e-01 4.855967078189300512e-01 4.842519685039369803e-01 4.838095238095238004e-01 4.735294117647058654e-01 4.730158730158730007e-01 4.801324503311258374e-01 4.843205574912892164e-01 4.927536231884058204e-01 4.981412639405204401e-01 4.846153846153846145e-01 4.859437751004015982e-01 4.854771784232365106e-01 4.824561403508771940e-01 4.838709677419354982e-01 4.780487804878048586e-01 4.896907216494845172e-01 4.863387978142076351e-01 5.090909090909090384e-01 5.099337748344371368e-01 4.927536231884058204e-01 5.000000000000000000e-01 5.050505050505050830e-01 
4.982817869415807621e-01 5.016077170418006270e-01 4.938650306748466057e-01 4.854651162790697416e-01 4.829545454545454697e-01 4.861878453038673831e-01 4.867021276595744905e-01 4.921875000000000000e-01 4.885496183206106680e-01 4.890510948905109623e-01 4.880952380952380820e-01 4.847058823529411531e-01 4.818181818181818121e-01 4.781659388646288256e-01 4.776119402985074536e-01 4.812500000000000111e-01 4.817813765182186181e-01 4.824218750000000000e-01 4.821763602251407099e-01 4.744744744744744946e-01 4.696485623003194831e-01 4.765100671140939381e-01 4.857142857142857095e-01 4.889705882352941013e-01 4.847328244274808906e-01 4.838709677419354982e-01 4.749999999999999778e-01 4.805194805194805130e-01 4.788732394366196909e-01 4.803921568627451122e-01 4.874371859296482423e-01 4.945652173913043237e-01 5.060240963855421326e-01 5.096774193548386789e-01 5.000000000000000000e-01 5.000000000000000000e-01 5.000000000000000000e-01 5.054945054945054750e-01 
5.000000000000000000e-01 4.952681388012618036e-01 4.878787878787878562e-01 4.869565217391304546e-01 4.845070422535211474e-01 4.890109890109889945e-01 4.920634920634920362e-01 4.896373056994818840e-01 4.949999999999999956e-01 4.903381642512077421e-01 4.893111638954869558e-01 4.837209302325581328e-01 4.886877828054298489e-01 4.814814814814814548e-01 4.808510638297872064e-01 4.813278008298755295e-01 4.808853118712273500e-01 4.834307992202728776e-01 4.859287054409005546e-01 4.759036144578313032e-01 4.788273615635179059e-01 4.863945578231292366e-01 4.874551971326164801e-01 4.907063197026022561e-01 4.846153846153846145e-01 4.796747967479674801e-01 4.831932773109243739e-01 4.732142857142856984e-01 4.809523809523809645e-01 4.827586206896551935e-01 4.948453608247422864e-01 4.835164835164835195e-01 5.030303030303030498e-01 5.064935064935064402e-01 5.070422535211267512e-01 5.118110236220472231e-01 5.045045045045044585e-01 4.945054945054945250e-01 
4.983164983164983242e-01 4.952978056426332043e-01 4.881656804733727761e-01 4.843304843304843121e-01 4.889502762430938954e-01 4.893048128342246117e-01 4.908616187989556234e-01 4.911838790931989940e-01 4.963503649635036541e-01 4.940047961630695261e-01 4.964871194379391062e-01 4.943310657596372004e-01 4.922737306843267269e-01 4.838709677419354982e-01 4.885177453027139682e-01 4.897540983606557541e-01 4.870775347912524866e-01 4.875239923224568006e-01 4.944444444444444642e-01 4.862385321100917701e-01 4.885245901639344024e-01 4.965034965034965109e-01 5.018315018315018250e-01 4.961832061068702227e-01 4.959999999999999964e-01 4.937759336099585283e-01 4.933920704845815020e-01 4.835680751173708769e-01 4.879227053140096637e-01 4.822335025380710682e-01 4.863387978142076351e-01 4.912280701754385692e-01 5.157232704402515688e-01 5.034482758620689724e-01 5.000000000000000000e-01 5.123966942148759918e-01 5.145631067961164984e-01 4.761904761904761640e-01 
5.016501650165016146e-01 4.922600619195046656e-01 4.883720930232557933e-01 4.830508474576271083e-01 4.931129476584021898e-01 4.893617021276595591e-01 4.923076923076923350e-01 4.962779156327543628e-01 4.963680387409201145e-01 4.916864608076009224e-01 4.895591647331786755e-01 4.909090909090909061e-01 4.879120879120878995e-01 4.818763326226012667e-01 4.865424430641822062e-01 4.847250509164969245e-01 4.831683168316831534e-01 4.865900383141762431e-01 4.907063197026022561e-01 4.766355140186915862e-01 4.850498338870432025e-01 4.892857142857142683e-01 4.962962962962962910e-01 4.827586206896551935e-01 4.879032258064516236e-01 4.829059829059829112e-01 4.751131221719456788e-01 4.739336492890995345e-01 4.827586206896551935e-01 4.870466321243523411e-01 4.836956521739130266e-01 4.911242603550295960e-01 5.096774193548386789e-01 4.964539007092198530e-01 5.037593984962406291e-01 5.126050420168066779e-01 5.000000000000000000e-01 4.767441860465116421e-01 
4.967532467532467799e-01 4.924012158054711374e-01 4.899135446685878859e-01 4.916666666666666408e-01 4.892473118279569988e-01 4.896373056994818840e-01 4.950248756218905699e-01 4.963503649635036541e-01 4.940898345153664217e-01 4.942263279445727742e-01 4.943310657596372004e-01 4.945295404814004647e-01 4.925053533190578148e-01 4.895397489539748959e-01 4.856557377049180446e-01 4.859999999999999876e-01 4.873294346978557234e-01 4.905660377358490587e-01 4.945054945054945250e-01 4.873417721518987222e-01 4.915254237288135819e-01 4.945848375451263323e-01 4.924242424242424310e-01 4.960317460317460458e-01 4.957983193277311074e-01 4.864864864864865135e-01 4.835680751173708769e-01 4.875621890547263693e-01 4.869109947643979197e-01 4.863387978142076351e-01 4.850299401197604721e-01 4.904458598726114671e-01 5.000000000000000000e-01 5.147058823529411242e-01 5.161290322580645018e-01 5.135135135135134865e-01 5.000000000000000000e-01 4.743589743589743390e-01 
4.919093851132685935e-01 4.909638554216867457e-01 4.914285714285714368e-01 4.918478260869565410e-01 4.881889763779527769e-01 4.910941475826972047e-01 4.975247524752475226e-01 4.927536231884058204e-01 4.952830188679245293e-01 4.942791762013730161e-01 4.954751131221719618e-01 4.978070175438596423e-01 4.914893617021276473e-01 4.884210526315789225e-01 4.877551020408163462e-01 4.840637450199203329e-01 4.883720930232557933e-01 4.915254237288135819e-01 4.927007299270073082e-01 4.920634920634920362e-01 4.931506849315068219e-01 4.927007299270073082e-01 4.921875000000000000e-01 4.979423868312757295e-01 4.935064935064935043e-01 4.818181818181818121e-01 4.904761904761904545e-01 4.849999999999999867e-01 4.866310160427807507e-01 4.835164835164835195e-01 4.761904761904761640e-01 4.935064935064935043e-01 5.033557046979866278e-01 5.074626865671642006e-01 5.245901639344262568e-01 5.092592592592593004e-01 4.946236559139784994e-01 4.868421052631579093e-01 
4.903846153846153633e-01 4.910179640718562721e-01 4.914285714285714368e-01 4.892473118279569988e-01 4.921052631578947123e-01 4.937027707808564481e-01 4.950980392156862919e-01 4.952380952380952550e-01 4.941451990632318436e-01 4.942791762013730161e-01 4.932735426008968416e-01 4.890350877192982670e-01 4.894067796610169219e-01 4.833333333333333370e-01 4.868686868686868952e-01 4.882352941176470451e-01 4.885057471264367956e-01 4.896030245746691989e-01 4.936247723132968779e-01 4.935897435897436125e-01 4.931034482758620552e-01 4.927007299270073082e-01 4.960317460317460458e-01 4.918032786885245811e-01 4.889867841409691884e-01 4.861111111111111049e-01 4.852941176470588203e-01 4.873096446700507789e-01 4.866310160427807507e-01 4.887640449438201973e-01 5.000000000000000000e-01 5.000000000000000000e-01 5.208333333333333703e-01 5.116279069767442067e-01 5.087719298245614308e-01 5.098039215686274161e-01 5.052631578947368585e-01 4.799999999999999822e-01 
4.888888888888888729e-01 5.000000000000000000e-01 4.944134078212290562e-01 4.906666666666666399e-01 4.961636828644501174e-01 4.963144963144963118e-01 4.963680387409201145e-01 4.952830188679245293e-01 4.965197215777262252e-01 4.977477477477477708e-01 4.989059080962801040e-01 4.925053533190578148e-01 4.874476987447698972e-01 4.887983706720977484e-01 4.920948616600790415e-01 4.932038834951456563e-01 4.923371647509578453e-01 4.962406015037593709e-01 4.990925589836660570e-01 5.048543689320388328e-01 4.929078014184397061e-01 5.000000000000000000e-01 5.060240963855421326e-01 4.978540772532188963e-01 4.976958525345622220e-01 4.976303317535544779e-01 5.000000000000000000e-01 4.974093264248704571e-01 4.944444444444444642e-01 4.910179640718562721e-01 5.095541401273885329e-01 5.273972602739726012e-01 5.263157894736841813e-01 5.169491525423728362e-01 5.137614678899082854e-01 5.196078431372549433e-01 5.000000000000000000e-01 4.794520547945205213e-01 
4.922118380062305287e-01 4.928774928774928843e-01 4.931880108991825717e-01 4.974093264248704571e-01 5.012406947890818421e-01 4.987951807228915846e-01 5.023584905660377631e-01 5.023148148148147696e-01 4.966292134831460925e-01 4.978260869565217517e-01 4.936170212765957355e-01 4.895397489539748959e-01 4.888438133874239422e-01 4.930693069306930632e-01 4.951456310679611672e-01 4.942307692307692513e-01 4.971644612476370240e-01 4.981412639405204401e-01 5.009074410163338875e-01 5.016501650165016146e-01 5.018315018315018250e-01 5.019455252918287869e-01 4.957983193277311074e-01 4.886877828054298489e-01 4.928229665071770516e-01 4.849999999999999867e-01 4.843750000000000000e-01 4.972067039106145003e-01 4.939024390243902385e-01 5.064935064935064402e-01 5.205479452054794232e-01 5.267175572519083859e-01 5.126050420168066779e-01 5.045871559633027248e-01 5.096153846153845812e-01 4.947368421052631415e-01 4.883720930232557933e-01 4.657534246575342207e-01 
4.938271604938271331e-01 4.885057471264367956e-01 4.972677595628415270e-01 5.000000000000000000e-01 5.024875621890547706e-01 5.035629453681710332e-01 5.023584905660377631e-01 4.988505747126436574e-01 4.955357142857143016e-01 4.978070175438596423e-01 4.957627118644067910e-01 4.885654885654885926e-01 4.919028340080971451e-01 4.960474308300395485e-01 4.961089494163424263e-01 4.942307692307692513e-01 4.952561669829221858e-01 4.981343283582089776e-01 5.000000000000000000e-01 5.000000000000000000e-01 5.072463768115942351e-01 4.961240310077519311e-01 4.915254237288135819e-01 4.864864864864865135e-01 4.827586206896551935e-01 4.849999999999999867e-01 4.920634920634920362e-01 5.000000000000000000e-01 4.940476190476190688e-01 5.000000000000000000e-01 5.244755244755244794e-01 5.153846153846153300e-01 5.000000000000000000e-01 5.000000000000000000e-01 5.096153846153845812e-01 5.051546391752577136e-01 4.886363636363636465e-01 4.722222222222222099e-01 
4.954407294832826603e-01 4.957746478873239493e-01 5.013054830287205776e-01 5.062656641604009744e-01 5.072815533980582492e-01 5.035460992907800915e-01 5.046296296296296502e-01 5.000000000000000000e-01 4.989059080962801040e-01 4.989339019189765190e-01 4.937500000000000222e-01 4.948875255623721992e-01 4.980079681274900416e-01 4.980468750000000000e-01 4.961089494163424263e-01 4.980842911877394474e-01 4.971857410881800887e-01 4.972170686456400812e-01 5.000000000000000000e-01 5.016949152542372614e-01 5.018587360594795044e-01 4.937759336099585283e-01 4.844444444444444553e-01 4.811320754716981174e-01 4.875621890547263693e-01 4.843750000000000000e-01 4.945054945054945250e-01 4.970059880239520722e-01 4.967741935483870885e-01 5.138888888888888395e-01 5.111111111111110716e-01 5.000000000000000000e-01 5.000000000000000000e-01 5.090909090909090384e-01 5.000000000000000000e-01 5.054945054945054750e-01 5.058823529411764497e-01 4.861111111111111049e-01 
4.939393939393939559e-01 4.944751381215469754e-01 5.025906735751295429e-01 5.099502487562188602e-01 5.023923444976076125e-01 5.011655011655011815e-01 4.988713318284424547e-01 4.944812362030905351e-01 4.989247311827956777e-01 5.031446540880503138e-01 5.081632653061224358e-01 5.090909090909090384e-01 5.079051383399209030e-01 5.078125000000000000e-01 5.067178502879078339e-01 5.085388994307400434e-01 5.074626865671642006e-01 5.055147058823529216e-01 5.089928057553957386e-01 5.170068027210884543e-01 5.190839694656488312e-01 5.084033613445377853e-01 4.954954954954954860e-01 5.097087378640776656e-01 5.128205128205127750e-01 5.193370165745856415e-01 5.321637426900585055e-01 5.220125786163521964e-01 5.102040816326530726e-01 4.925373134328357994e-01 4.883720930232557933e-01 4.915254237288135819e-01 4.910714285714285476e-01 4.951456310679611672e-01 4.845360824742268036e-01 4.886363636363636465e-01 5.000000000000000000e-01 4.705882352941176405e-01 
4.868804664723032083e-01 4.905660377358490587e-01 5.087281795511221505e-01 5.096618357487923134e-01 5.023364485981308691e-01 4.988662131519274179e-01 4.978070175438596423e-01 5.000000000000000000e-01 5.010438413361169019e-01 4.959016393442622905e-01 4.980079681274900416e-01 4.970414201183431802e-01 4.960937500000000000e-01 4.951830443159923045e-01 4.962121212121212155e-01 4.972067039106145003e-01 4.935543278084714713e-01 4.954627949183302849e-01 4.937833037300177752e-01 5.017793594306050320e-01 4.980237154150197743e-01 4.663677130044843189e-01 4.619047619047619291e-01 4.744897959183673741e-01 4.808743169398906891e-01 4.821428571428571508e-01 4.746835443037974445e-01 4.689655172413793038e-01 4.852941176470588203e-01 4.754098360655737432e-01 4.786324786324786529e-01 4.821428571428571508e-01 4.857142857142857095e-01 4.791666666666666852e-01 4.712643678160919336e-01 4.938271604938271331e-01 4.794520547945205213e-01 4.918032786885245811e-01 
4.897360703812316807e-01 5.000000000000000000e-01 5.087281795511221505e-01 5.083135391923990776e-01 5.046511627906976605e-01 5.011286681715575453e-01 4.989059080962801040e-01 5.000000000000000000e-01 5.010395010395010118e-01 4.949083503054989563e-01 4.959677419354838745e-01 4.980314960629921295e-01 4.941406250000000000e-01 4.922779922779922934e-01 4.933078393881453194e-01 4.896421845574387977e-01 4.916820702402957544e-01 4.936247723132968779e-01 4.928825622775800941e-01 4.946996466431095585e-01 4.801587301587301737e-01 4.618834080717488799e-01 4.581280788177339858e-01 4.639175257731958935e-01 4.696132596685083094e-01 4.730538922155688719e-01 4.675324675324675217e-01 4.615384615384615641e-01 4.812030075187969658e-01 4.765625000000000000e-01 4.655172413793103314e-01 4.821428571428571508e-01 4.905660377358490587e-01 4.851485148514851353e-01 5.053763440860215006e-01 4.939759036144578119e-01 4.799999999999999822e-01 4.838709677419354982e-01 
4.941176470588235503e-01 5.026737967914438610e-01 5.110565110565110647e-01 5.083135391923990776e-01 5.046082949308755561e-01 4.977477477477477708e-01 4.945533769063180651e-01 4.968421052631579182e-01 4.969072164948453718e-01 4.959349593495934738e-01 5.000000000000000000e-01 4.960474308300395485e-01 4.951267056530214150e-01 4.951830443159923045e-01 4.961538461538461675e-01 4.952741020793950955e-01 4.916820702402957544e-01 4.936247723132968779e-01 4.946236559139784994e-01 4.929577464788732488e-01 4.799999999999999822e-01 4.608294930875576068e-01 4.630541871921182162e-01 4.684210526315789602e-01 4.833333333333333370e-01 4.909090909090909061e-01 4.832214765100671383e-01 4.820143884892086339e-01 4.848484848484848619e-01 4.682539682539682557e-01 4.830508474576271083e-01 4.864864864864865135e-01 4.857142857142857095e-01 4.807692307692307820e-01 4.842105263157894801e-01 5.060240963855421326e-01 4.933333333333333459e-01 4.848484848484848619e-01 
4.912280701754385692e-01 5.065963060686016206e-01 5.098039215686274161e-01 5.106382978723403854e-01 5.046296296296296502e-01 4.966592427616926542e-01 4.914163090128755296e-01 4.968287526427061507e-01 4.968944099378881929e-01 4.969199178644763681e-01 5.010020040080159776e-01 5.009900990099009910e-01 4.970645792563600507e-01 4.971098265895953494e-01 4.980842911877394474e-01 4.971537001897533004e-01 4.935064935064935043e-01 4.936247723132968779e-01 4.990990990990991083e-01 5.000000000000000000e-01 4.775510204081632737e-01 4.675925925925926152e-01 4.626865671641791078e-01 4.739583333333333148e-01 4.914285714285714368e-01 5.063291139240506666e-01 4.900662251655629187e-01 4.893617021276595591e-01 4.890510948905109623e-01 4.719999999999999751e-01 4.705882352941176405e-01 4.867256637168141387e-01 4.857142857142857095e-01 4.803921568627451122e-01 4.845360824742268036e-01 5.058823529411764497e-01 5.066666666666667096e-01 4.637681159420289911e-01 
5.041782729805014407e-01 5.076142131979695105e-01 5.048076923076922906e-01 5.046296296296296502e-01 4.966592427616926542e-01 4.902807775377969746e-01 4.926931106471816313e-01 4.969072164948453718e-01 4.949290060851926909e-01 4.929577464788732488e-01 4.940476190476190688e-01 4.891944990176817498e-01 4.903100775193798277e-01 4.904214559386972927e-01 4.905303030303030387e-01 4.860335195530726127e-01 4.862385321100917701e-01 4.900542495479204286e-01 4.928571428571428825e-01 4.679245283018867996e-01 4.565217391304347561e-01 4.567307692307692180e-01 4.531250000000000000e-01 4.685714285714285832e-01 4.844720496894410200e-01 4.758620689655172487e-01 4.604316546762590168e-01 4.656488549618320594e-01 4.724409448818897572e-01 4.666666666666666741e-01 4.869565217391304546e-01 4.814814814814814548e-01 4.803921568627451122e-01 4.791666666666666852e-01 5.057471264367816577e-01 5.063291139240506666e-01 4.788732394366196909e-01 4.531250000000000000e-01 
4.986225895316804269e-01 5.037220843672456372e-01 5.023809523809523725e-01 4.954337899543378998e-01 4.945295404814004647e-01 4.936440677966101864e-01 4.948024948024948300e-01 4.928131416837782108e-01 4.929292929292929393e-01 4.960317460317460458e-01 4.931773879142299921e-01 4.951456310679611672e-01 4.942307692307692513e-01 4.961977186311787302e-01 4.953095684803001664e-01 4.944852941176470784e-01 4.927007299270073082e-01 4.954792043399638413e-01 4.982206405693950235e-01 4.865900383141762431e-01 4.751131221719456788e-01 4.754901960784313486e-01 4.892473118279569988e-01 4.910179640718562721e-01 4.934210526315789269e-01 4.895104895104895326e-01 4.963503649635036541e-01 4.961240310077519311e-01 4.833333333333333370e-01 4.954954954954954860e-01 4.862385321100917701e-01 4.903846153846153633e-01 4.795918367346938549e-01 4.835164835164835195e-01 4.874999999999999889e-01 5.000000000000000000e-01 4.788732394366196909e-01 4.516129032258064391e-01 
4.797297297297297147e-01 5.052631578947368585e-01 4.930875576036866104e-01 5.021097046413501852e-01 5.019455252918287869e-01 5.036764705882352811e-01 5.035211267605633756e-01 5.000000000000000000e-01 4.983498349834983299e-01 4.983818770226537409e-01 4.953560371517027883e-01 4.910179640718562721e-01 4.912280701754385692e-01 4.819944598337950192e-01 4.840425531914893664e-01 4.847715736040609236e-01 4.892086330935251914e-01 4.977375565610859809e-01 4.904458598726114671e-01 5.042016806722688926e-01 4.953917050691244439e-01 5.012285012285012664e-01 4.961240310077519311e-01 4.959128065395095319e-01 4.943181818181818232e-01 4.941176470588235503e-01 4.969512195121951192e-01 4.984423676012461057e-01 4.984126984126984183e-01 5.016611295681062677e-01 5.068965517241379448e-01 5.070921985815602939e-01 5.209125475285171225e-01 5.201612903225806273e-01 5.217391304347825942e-01 5.169082125603864375e-01 5.000000000000000000e-01 5.228758169934640820e-01 
4.746835443037974445e-01 4.949494949494949725e-01 4.977578475336322805e-01 4.958677685950413361e-01 5.038461538461538325e-01 5.018450184501844769e-01 4.982206405693950235e-01 4.965753424657534110e-01 5.016393442622950616e-01 4.967948717948718063e-01 4.937500000000000222e-01 4.894259818731117595e-01 4.884393063583815087e-01 4.792243767313019154e-01 4.826666666666666883e-01 4.873737373737373479e-01 4.892086330935251914e-01 4.920273348519362266e-01 4.871244635193133221e-01 5.042918454935622075e-01 4.976525821596244348e-01 4.962593516209476419e-01 4.973821989528796061e-01 4.917582417582417320e-01 4.929178470254957367e-01 4.956268221574344213e-01 4.969879518072289337e-01 4.921630094043887294e-01 4.967948717948718063e-01 5.000000000000000000e-01 5.051194539249146409e-01 5.071942446043165020e-01 5.209125475285171225e-01 5.180722891566265087e-01 5.131578947368421462e-01 5.120772946859903918e-01 5.081081081081081363e-01 5.253164556962025555e-01 
4.720496894409937916e-01 4.975124378109452850e-01 4.977578475336322805e-01 5.020576131687243260e-01 5.019305019305019266e-01 5.018450184501844769e-01 5.000000000000000000e-01 4.914675767918088578e-01 4.967105263157894912e-01 4.967741935483870885e-01 4.953560371517027883e-01 4.909638554216867457e-01 4.898550724637681375e-01 4.848484848484848619e-01 4.854881266490765346e-01 4.847715736040609236e-01 4.903846153846153633e-01 4.919908466819222226e-01 4.860813704496788068e-01 5.053995680345572117e-01 4.964539007092198530e-01 4.962593516209476419e-01 4.934383202099737464e-01 4.931506849315068219e-01 4.929178470254957367e-01 4.941176470588235503e-01 5.015105740181269312e-01 4.968750000000000111e-01 4.968152866242038224e-01 4.983388704318936768e-01 5.034246575342465890e-01 5.053763440860215006e-01 5.134099616858237569e-01 5.142857142857142350e-01 5.173913043478260976e-01 5.096153846153845812e-01 5.080213903743315829e-01 5.286624203821655987e-01 
4.823529411764705954e-01 4.950980392156862919e-01 4.977777777777777635e-01 5.020408163265306367e-01 5.038167938931297218e-01 4.963768115942028825e-01 4.982456140350877138e-01 4.915824915824915653e-01 4.950495049504950451e-01 4.983922829581993730e-01 5.015384615384614886e-01 4.970059880239520722e-01 4.912790697674418450e-01 4.876033057851239527e-01 4.894736842105263386e-01 4.873096446700507789e-01 4.951690821256038433e-01 4.943052391799544476e-01 4.881720430107526765e-01 5.044052863436123690e-01 5.000000000000000000e-01 4.987468671679197718e-01 4.960422163588390498e-01 4.944751381215469754e-01 5.000000000000000000e-01 4.985250737463126636e-01 5.045871559633027248e-01 5.015576323987538387e-01 4.984025559105431102e-01 4.949832775919732475e-01 5.000000000000000000e-01 5.071428571428571175e-01 5.134099616858237569e-01 5.122950819672130729e-01 5.173913043478260976e-01 5.047619047619047450e-01 5.081081081081081363e-01 5.283018867924528239e-01 
4.823529411764705954e-01 4.951923076923077094e-01 4.977973568281938155e-01 5.040650406504064707e-01 5.000000000000000000e-01 5.000000000000000000e-01 4.947368421052631415e-01 4.899328859060402830e-01 4.950495049504950451e-01 4.935483870967741771e-01 4.892307692307692468e-01 4.894259818731117595e-01 4.883720930232557933e-01 4.862637362637362570e-01 4.842931937172774703e-01 4.847715736040609236e-01 4.879807692307692180e-01 4.874715261958997847e-01 4.849137931034482873e-01 4.977973568281938155e-01 4.927884615384615641e-01 4.911838790931989940e-01 4.867724867724867455e-01 4.888888888888888729e-01 4.885057471264367956e-01 4.926253687315634289e-01 4.969325153374233306e-01 4.922118380062305287e-01 4.936305732484076447e-01 4.983277591973244158e-01 4.982935153583617494e-01 5.000000000000000000e-01 5.038461538461538325e-01 5.082644628099173278e-01 5.086956521739129933e-01 5.048076923076922906e-01 5.081081081081081363e-01 5.187500000000000444e-01 
4.883720930232557933e-01 4.928909952606634892e-01 5.021834061135370675e-01 4.959999999999999964e-01 4.981273408239700329e-01 4.964028776978417490e-01 4.930069930069930217e-01 4.899999999999999911e-01 4.934210526315789269e-01 4.935483870967741771e-01 4.892307692307692468e-01 4.878787878787878562e-01 4.869565217391304546e-01 4.877384196185285958e-01 4.869109947643979197e-01 4.886075949367088556e-01 4.879807692307692180e-01 4.863013698630136994e-01 4.849137931034482873e-01 4.955752212389380462e-01 4.939467312348668204e-01 4.886075949367088556e-01 4.919786096256684726e-01 4.901960784313725283e-01 4.913294797687861037e-01 4.940828402366864158e-01 4.969135802469135665e-01 4.937500000000000222e-01 4.936305732484076447e-01 4.983277591973244158e-01 5.000000000000000000e-01 5.017921146953404632e-01 5.019455252918287869e-01 5.041322314049586639e-01 5.021834061135370675e-01 5.048076923076922906e-01 5.107526881720430012e-01 5.187500000000000444e-01 
4.855491329479768581e-01 4.929577464788732488e-01 5.021645021645021467e-01 4.980392156862745168e-01 4.981273408239700329e-01 4.964028776978417490e-01 4.879725085910652793e-01 4.883720930232557933e-01 4.918032786885245811e-01 4.951768488745980634e-01 4.907975460122699363e-01 4.894259818731117595e-01 4.942196531791907543e-01 4.905149051490514944e-01 4.908136482939632339e-01 4.923857868020304340e-01 4.891566265060240948e-01 4.885321100917431325e-01 4.870689655172413812e-01 4.988913525498891444e-01 4.963503649635036541e-01 4.910941475826972047e-01 4.932249322493225119e-01 4.929971988795518456e-01 4.942196531791907543e-01 5.015015015015015232e-01 5.015479876160990891e-01 4.984326018808777348e-01 4.952076677316293862e-01 5.000000000000000000e-01 5.017064846416382506e-01 4.964028776978417490e-01 5.019607843137254832e-01 5.020576131687243260e-01 5.000000000000000000e-01 5.071770334928229484e-01 5.106382978723403854e-01 5.187500000000000444e-01 
4.886363636363636465e-01 4.883720930232557933e-01 5.000000000000000000e-01 4.980544747081712131e-01 4.962686567164178997e-01 4.946236559139784994e-01 4.931034482758620552e-01 4.933774834437086310e-01 4.901960784313725283e-01 4.935897435897436125e-01 4.892307692307692468e-01 4.864864864864865135e-01 4.899135446685878859e-01 4.891891891891891886e-01 4.856396866840730908e-01 4.923857868020304340e-01 4.866828087167070493e-01 4.885321100917431325e-01 4.849137931034482873e-01 4.955357142857143016e-01 4.963325183374083238e-01 4.897959183673469274e-01 4.904632152588556115e-01 4.915730337078651480e-01 4.927536231884058204e-01 4.940119760479041999e-01 4.937888198757763858e-01 4.968553459119496862e-01 4.935897435897436125e-01 4.983277591973244158e-01 5.017182130584192379e-01 4.981949458483754256e-01 5.000000000000000000e-01 5.062240663900414717e-01 4.956521739130435034e-01 5.071090047393365108e-01 5.053191489361702482e-01 5.187500000000000444e-01 
4.858757062146892847e-01 4.907407407407407551e-01 4.936170212765957355e-01 5.000000000000000000e-01 4.925925925925925819e-01 4.946236559139784994e-01 4.931506849315068219e-01 4.900662251655629187e-01 4.901960784313725283e-01 4.903846153846153633e-01 4.830769230769230704e-01 4.820359281437125998e-01 4.857142857142857095e-01 4.851752021563342510e-01 4.831168831168831113e-01 4.886075949367088556e-01 4.818401937046004613e-01 4.839449541284403522e-01 4.806034482758620441e-01 4.921700223713646460e-01 4.901960784313725283e-01 4.884318766066838013e-01 4.836065573770491621e-01 4.887005649717514055e-01 4.869565217391304546e-01 4.879518072289156794e-01 4.906832298136645787e-01 4.905660377358490587e-01 4.903846153846153633e-01 4.983277591973244158e-01 5.000000000000000000e-01 4.963503649635036541e-01 4.980237154150197743e-01 5.020920502092049986e-01 4.934497816593886310e-01 5.071090047393365108e-01 5.053191489361702482e-01 5.187500000000000444e-01 
4.802259887005649874e-01 4.954128440366972752e-01 4.957627118644067910e-01 5.000000000000000000e-01 4.944237918215613203e-01 4.946236559139784994e-01 4.897959183673469274e-01 4.917491749174917604e-01 4.901960784313725283e-01 4.904458598726114671e-01 4.830769230769230704e-01 4.821428571428571508e-01 4.842406876790830705e-01 4.865591397849462485e-01 4.831168831168831113e-01 4.886075949367088556e-01 4.830097087378640852e-01 4.827586206896551935e-01 4.817204301075269091e-01 4.944071588366890646e-01 4.876847290640394239e-01 4.871134020618556604e-01 4.836065573770491621e-01 4.873239436619718479e-01 4.869565217391304546e-01 4.909090909090909061e-01 4.890965732087227402e-01 4.905660377358490587e-01 4.903225806451612656e-01 4.983277591973244158e-01 5.000000000000000000e-01 4.981818181818181701e-01 4.960317460317460458e-01 5.020920502092049986e-01 4.934497816593886310e-01 5.047169811320755262e-01 5.079365079365079083e-01 5.157232704402515688e-01 
4.861878453038673831e-01 4.977168949771689221e-01 4.957983193277311074e-01 5.000000000000000000e-01 4.926470588235294379e-01 4.911032028469750621e-01 4.915254237288135819e-01 4.917491749174917604e-01 4.918566775244299638e-01 4.921135646687697096e-01 4.892966360856269015e-01 4.851190476190476164e-01 4.871060171919771031e-01 4.892473118279569988e-01 4.883116883116883078e-01 4.911392405063291222e-01 4.866180048661800650e-01 4.839449541284403522e-01 4.838709677419354982e-01 4.943566591422121625e-01 4.888888888888888729e-01 4.896373056994818840e-01 4.863387978142076351e-01 4.914772727272727071e-01 4.927113702623906466e-01 4.924012158054711374e-01 4.922118380062305287e-01 4.921135646687697096e-01 4.918566775244299638e-01 4.949494949494949725e-01 5.000000000000000000e-01 4.981818181818181701e-01 4.960317460317460458e-01 4.979079497907950014e-01 4.934497816593886310e-01 5.023474178403756207e-01 5.106382978723403854e-01 5.157232704402515688e-01 
4.945652173913043237e-01 4.954545454545454808e-01 4.979079497907950014e-01 5.000000000000000000e-01 4.963503649635036541e-01 4.893617021276595591e-01 4.898648648648648574e-01 4.934210526315789269e-01 4.902597402597402843e-01 4.921135646687697096e-01 4.878048780487804770e-01 4.837758112094395213e-01 4.857142857142857095e-01 4.878706199460916548e-01 4.883720930232557933e-01 4.898989898989898895e-01 4.866828087167070493e-01 4.839449541284403522e-01 4.849137931034482873e-01 4.909090909090909061e-01 4.900990099009900902e-01 4.883116883116883078e-01 4.863387978142076351e-01 4.885714285714285454e-01 4.941520467836257313e-01 4.939024390243902385e-01 4.906249999999999778e-01 4.936708860759493889e-01 4.918566775244299638e-01 4.966216216216216006e-01 5.017543859649122862e-01 5.000000000000000000e-01 4.980237154150197743e-01 4.978902953586498148e-01 4.956140350877192846e-01 5.023696682464454666e-01 5.106382978723403854e-01 5.124999999999999556e-01 
4.864864864864865135e-01 4.932126696832579427e-01 5.020746887966804906e-01 4.980694980694980734e-01 4.963503649635036541e-01 4.893617021276595591e-01 4.898648648648648574e-01 4.917491749174917604e-01 4.951456310679611672e-01 4.921135646687697096e-01 4.892966360856269015e-01 4.836795252225519204e-01 4.843304843304843121e-01 4.892473118279569988e-01 4.883720930232557933e-01 4.898989898989898895e-01 4.855072463768115854e-01 4.863013698630136994e-01 4.849137931034482873e-01 4.943052391799544476e-01 4.913151364764267726e-01 4.856396866840730908e-01 4.876712328767123239e-01 4.885714285714285454e-01 4.941520467836257313e-01 4.939024390243902385e-01 4.922118380062305287e-01 4.888888888888888729e-01 4.918566775244299638e-01 4.949494949494949725e-01 5.017421602787456303e-01 5.018315018315018250e-01 4.960317460317460458e-01 4.978902953586498148e-01 4.956140350877192846e-01 5.047619047619047450e-01 5.053763440860215006e-01 5.124999999999999556e-01 
4.838709677419354982e-01 4.910714285714285476e-01 5.000000000000000000e-01 4.961832061068702227e-01 4.945454545454545658e-01 4.911660777385158938e-01 4.915824915824915653e-01 4.934210526315789269e-01 4.935897435897436125e-01 4.905660377358490587e-01 4.862385321100917701e-01 4.822485207100591920e-01 4.829545454545454697e-01 4.865591397849462485e-01 4.857881136950904510e-01 4.873737373737373479e-01 4.830917874396135070e-01 4.840182648401826215e-01 4.816414686825054026e-01 4.931506849315068219e-01 4.899999999999999911e-01 4.842931937172774703e-01 4.861878453038673831e-01 4.871060171919771031e-01 4.897360703812316807e-01 4.892966360856269015e-01 4.874999999999999889e-01 4.871794871794871695e-01 4.901960784313725283e-01 4.949494949494949725e-01 5.000000000000000000e-01 5.000000000000000000e-01 4.960317460317460458e-01 4.978902953586498148e-01 4.956140350877192846e-01 5.047619047619047450e-01 5.053763440860215006e-01 5.155279503105589800e-01 
4.772727272727272929e-01 4.905660377358490587e-01 4.935064935064935043e-01 5.000000000000000000e-01 4.961538461538461675e-01 4.943820224719100986e-01 4.928571428571428825e-01 4.931506849315068219e-01 4.915824915824915653e-01 4.900662251655629187e-01 4.870129870129870087e-01 4.860681114551083648e-01 4.847560975609755962e-01 4.841498559077809793e-01 4.889502762430938954e-01 4.894736842105263386e-01 4.849246231155778797e-01 4.798099762470308671e-01 4.856512141280353023e-01 4.955357142857143016e-01 4.902912621359223344e-01 4.885496183206106680e-01 4.840425531914893664e-01 4.862637362637362570e-01 4.873949579831932666e-01 4.883720930232557933e-01 4.879518072289156794e-01 4.892966360856269015e-01 4.906832298136645787e-01 4.936708860759493889e-01 4.950166112956810860e-01 4.966216216216216006e-01 4.981949458483754256e-01 4.923664122137404453e-01 4.918032786885245811e-01 5.000000000000000000e-01 5.123152709359606316e-01 5.029239766081871066e-01 
4.829545454545454697e-01 4.857142857142857095e-01 4.956140350877192846e-01 5.000000000000000000e-01 5.019455252918287869e-01 4.943396226415094352e-01 4.909090909090909061e-01 4.878892733564013651e-01 4.915824915824915653e-01 4.949832775919732475e-01 4.967105263157894912e-01 4.888178913738019382e-01 4.923076923076923350e-01 4.910714285714285476e-01 4.943820224719100986e-01 4.973262032085561390e-01 4.922680412371134295e-01 4.843373493975903776e-01 4.944071588366890646e-01 5.000000000000000000e-01 5.000000000000000000e-01 4.949494949494949725e-01 4.921465968586387629e-01 4.904632152588556115e-01 4.958217270194986148e-01 4.985673352435530115e-01 5.014925373134327957e-01 4.984709480122324066e-01 4.953846153846153677e-01 4.937500000000000222e-01 5.016077170418006270e-01 4.983277591973244158e-01 5.000000000000000000e-01 4.962686567164178997e-01 4.919999999999999929e-01 5.000000000000000000e-01 5.167464114832536204e-01 4.971751412429378791e-01 
4.739884393063583667e-01 4.880382775119617156e-01 4.955752212389380462e-01 5.000000000000000000e-01 5.000000000000000000e-01 4.924242424242424310e-01 4.908424908424908195e-01 4.947368421052631415e-01 4.932432432432432567e-01 4.949832775919732475e-01 4.933774834437086310e-01 4.903846153846153633e-01 4.953560371517027883e-01 4.939759036144578119e-01 4.929178470254957367e-01 4.972826086956521618e-01 4.947916666666666852e-01 4.878640776699029180e-01 4.932432432432432567e-01 5.033259423503325669e-01 4.987951807228915846e-01 4.949748743718592747e-01 4.921875000000000000e-01 4.918478260869565410e-01 4.972222222222222321e-01 4.985754985754985991e-01 4.955752212389380462e-01 4.969512195121951192e-01 4.953846153846153677e-01 4.968944099378881929e-01 5.000000000000000000e-01 4.950166112956810860e-01 4.965753424657534110e-01 4.981549815498155231e-01 4.921875000000000000e-01 4.958333333333333481e-01 5.094339622641509413e-01 5.000000000000000000e-01 
4.770114942528735358e-01 4.881516587677725005e-01 4.977973568281938155e-01 4.979079497907950014e-01 5.000000000000000000e-01 4.942965779467680676e-01 4.890510948905109623e-01 4.929577464788732488e-01 4.915254237288135819e-01 4.949832775919732475e-01 4.933774834437086310e-01 4.886731391585760753e-01 4.953271028037383172e-01 4.954682779456193176e-01 4.943181818181818232e-01 4.959128065395095319e-01 4.960835509138381005e-01 4.914425427872860519e-01 4.932432432432432567e-01 5.022222222222222365e-01 4.987893462469733530e-01 4.937027707808564481e-01 4.935064935064935043e-01 4.918478260869565410e-01 4.958448753462603720e-01 5.000000000000000000e-01 4.970588235294117752e-01 4.984802431610942386e-01 4.953846153846153677e-01 4.968944099378881929e-01 5.015873015873015817e-01 4.950495049504950451e-01 4.948805460750853036e-01 4.963235294117647189e-01 4.941634241245136394e-01 4.937759336099585283e-01 5.023255813953488857e-01 5.000000000000000000e-01 
4.858757062146892847e-01 4.881516587677725005e-01 4.934497816593886310e-01 5.000000000000000000e-01 4.980544747081712131e-01 4.942965779467680676e-01 4.890510948905109623e-01 4.912280701754385692e-01 4.897959183673469274e-01 4.932885906040268553e-01 4.900662251655629187e-01 4.887459807073954998e-01 4.922118380062305287e-01 4.924471299093655663e-01 4.914772727272727071e-01 4.931880108991825717e-01 4.947643979057591568e-01 4.914004914004914126e-01 4.909909909909909720e-01 4.966442953020134277e-01 4.963680387409201145e-01 4.936708860759493889e-01 4.895287958115183136e-01 4.904632152588556115e-01 4.930747922437673236e-01 4.971428571428571641e-01 4.955752212389380462e-01 4.969696969696969502e-01 4.938650306748466057e-01 4.968944099378881929e-01 4.984025559105431102e-01 4.950495049504950451e-01 4.948805460750853036e-01 4.963235294117647189e-01 4.941634241245136394e-01 4.917355371900826722e-01 4.976958525345622220e-01 5.000000000000000000e-01 
4.804469273743016688e-01 4.881516587677725005e-01 4.913043478260869512e-01 4.958677685950413361e-01 5.019607843137254832e-01 4.942965779467680676e-01 4.909090909090909061e-01 4.894366197183098732e-01 4.880546075085324120e-01 4.932885906040268553e-01 4.884488448844884756e-01 4.870967741935484097e-01 4.922118380062305287e-01 4.924471299093655663e-01 4.928366762177650573e-01 4.931880108991825717e-01 4.947643979057591568e-01 4.914004914004914126e-01 4.932432432432432567e-01 4.988764044943820308e-01 4.963680387409201145e-01 4.949238578680202894e-01 4.921465968586387629e-01 4.878048780487804770e-01 4.930747922437673236e-01 4.957020057306590344e-01 4.970588235294117752e-01 4.984894259818731244e-01 4.938650306748466057e-01 4.984423676012461057e-01 5.000000000000000000e-01 4.950495049504950451e-01 4.948805460750853036e-01 4.945454545454545658e-01 4.941634241245136394e-01 4.917355371900826722e-01 4.976958525345622220e-01 4.944444444444444642e-01 
4.748603351955307250e-01 4.834123222748815119e-01 4.913043478260869512e-01 4.958677685950413361e-01 5.019607843137254832e-01 4.942965779467680676e-01 4.909090909090909061e-01 4.893617021276595591e-01 4.880546075085324120e-01 4.915824915824915653e-01 4.834437086092715496e-01 4.837662337662337886e-01 4.890965732087227402e-01 4.894259818731117595e-01 4.899135446685878859e-01 4.903581267217630990e-01 4.908136482939632339e-01 4.876237623762376128e-01 4.886877828054298489e-01 4.988764044943820308e-01 4.963680387409201145e-01 4.923857868020304340e-01 4.895287958115183136e-01 4.850948509485094595e-01 4.903047091412742198e-01 4.928366762177650573e-01 4.941520467836257313e-01 4.954682779456193176e-01 4.923547400611620883e-01 5.000000000000000000e-01 5.000000000000000000e-01 4.950495049504950451e-01 4.948805460750853036e-01 4.945848375451263323e-01 4.942528735632183978e-01 4.938271604938271331e-01 5.000000000000000000e-01 5.000000000000000000e-01 
4.748603351955307250e-01 4.834123222748815119e-01 4.868421052631579093e-01 4.979253112033195094e-01 5.019607843137254832e-01 4.942965779467680676e-01 4.909090909090909061e-01 4.911032028469750621e-01 4.880546075085324120e-01 4.915824915824915653e-01 4.850498338870432025e-01 4.837662337662337886e-01 4.874999999999999889e-01 4.832826747720364580e-01 4.898550724637681375e-01 4.889502762430938954e-01 4.934036939313984349e-01 4.863523573200992378e-01 4.886363636363636465e-01 4.988764044943820308e-01 4.963680387409201145e-01 4.949494949494949725e-01 4.882506527415143571e-01 4.850948509485094595e-01 4.903047091412742198e-01 4.928366762177650573e-01 4.927113702623906466e-01 4.954682779456193176e-01 4.923547400611620883e-01 4.984520123839009109e-01 5.000000000000000000e-01 4.967105263157894912e-01 5.016949152542372614e-01 4.946236559139784994e-01 4.961832061068702227e-01 4.897959183673469274e-01 5.022624434389140191e-01 5.000000000000000000e-01 
4.777777777777778012e-01 4.858490566037735880e-01 4.868421052631579093e-01 5.000000000000000000e-01 5.019607843137254832e-01 4.942965779467680676e-01 4.909090909090909061e-01 4.911032028469750621e-01 4.880546075085324120e-01 4.915824915824915653e-01 4.883720930232557933e-01 4.837662337662337886e-01 4.874213836477987449e-01 4.847560975609755962e-01 4.927536231884058204e-01 4.903581267217630990e-01 4.934036939313984349e-01 4.863523573200992378e-01 4.863013698630136994e-01 4.977477477477477708e-01 4.951456310679611672e-01 4.949494949494949725e-01 4.868421052631579093e-01 4.850948509485094595e-01 4.903047091412742198e-01 4.928366762177650573e-01 4.927113702623906466e-01 4.954682779456193176e-01 4.923547400611620883e-01 4.953560371517027883e-01 5.000000000000000000e-01 4.967320261437908613e-01 5.000000000000000000e-01 4.910394265232975175e-01 4.942528735632183978e-01 4.897959183673469274e-01 5.022624434389140191e-01 5.053763440860215006e-01 
4.777777777777778012e-01 4.859813084112149517e-01 4.847161572052401945e-01 4.979591836734693633e-01 5.019607843137254832e-01 4.924812030075187974e-01 4.909090909090909061e-01 4.876325088339222846e-01 4.880546075085324120e-01 4.915824915824915653e-01 4.867549668874172064e-01 4.887459807073954998e-01 4.890282131661441989e-01 4.847560975609755962e-01 4.942196531791907543e-01 4.903581267217630990e-01 4.934036939313984349e-01 4.863523573200992378e-01 4.863013698630136994e-01 4.977477477477477708e-01 4.951219512195121908e-01 4.962025316455696000e-01 4.881266490765171495e-01 4.850948509485094595e-01 4.916201117318435565e-01 4.928366762177650573e-01 4.956011730205278631e-01 4.954682779456193176e-01 4.923547400611620883e-01 4.968944099378881929e-01 4.952076677316293862e-01 4.950819672131147597e-01 5.000000000000000000e-01 4.892086330935251914e-01 4.942528735632183978e-01 4.897959183673469274e-01 5.022624434389140191e-01 5.053763440860215006e-01 
4.751381215469613339e-01 4.811320754716981174e-01 4.847161572052401945e-01 5.000000000000000000e-01 5.019607843137254832e-01 4.924242424242424310e-01 4.909090909090909061e-01 4.911032028469750621e-01 4.897260273972602884e-01 4.898648648648648574e-01 4.850498338870432025e-01 4.870967741935484097e-01 4.842767295597484312e-01 4.817073170731707155e-01 4.883720930232557933e-01 4.889502762430938954e-01 4.907651715039577645e-01 4.825870646766169392e-01 4.862385321100917701e-01 4.966139954853273086e-01 4.951456310679611672e-01 4.936708860759493889e-01 4.842105263157894801e-01 4.823848238482384976e-01 4.888888888888888729e-01 4.899713467048710802e-01 4.897959183673469274e-01 4.909638554216867457e-01 4.908536585365853577e-01 4.953560371517027883e-01 4.936305732484076447e-01 4.967320261437908613e-01 5.000000000000000000e-01 4.928571428571428825e-01 4.923664122137404453e-01 4.897959183673469274e-01 5.045045045045044585e-01 5.000000000000000000e-01 
4.751381215469613339e-01 4.834123222748815119e-01 4.847161572052401945e-01 5.000000000000000000e-01 5.000000000000000000e-01 4.905660377358490587e-01 4.890510948905109623e-01 4.874551971326164801e-01 4.914089347079037551e-01 4.882154882154882136e-01 4.817275747508305561e-01 4.838709677419354982e-01 4.811320754716981174e-01 4.786585365853658347e-01 4.854651162790697416e-01 4.861878453038673831e-01 4.841269841269841279e-01 4.800995024875621686e-01 4.827586206896551935e-01 4.943566591422121625e-01 4.915254237288135819e-01 4.911392405063291222e-01 4.815789473684210509e-01 4.810810810810811078e-01 4.874651810584958445e-01 4.885714285714285454e-01 4.898550724637681375e-01 4.864864864864865135e-01 4.892966360856269015e-01 4.953560371517027883e-01 4.936305732484076447e-01 4.967320261437908613e-01 5.000000000000000000e-01 4.928571428571428825e-01 4.923664122137404453e-01 4.959349593495934738e-01 5.045045045045044585e-01 5.026455026455026731e-01 
4.725274725274725141e-01 4.834123222748815119e-01 4.848484848484848619e-01 4.959349593495934738e-01 5.000000000000000000e-01 4.887218045112781684e-01 4.890510948905109623e-01 4.875444839857651091e-01 4.914675767918088578e-01 4.882154882154882136e-01 4.835526315789473450e-01 4.855305466237941903e-01 4.811320754716981174e-01 4.818181818181818121e-01 4.899135446685878859e-01 4.861878453038673831e-01 4.828496042216358641e-01 4.777227722772277030e-01 4.839449541284403522e-01 4.954751131221719618e-01 4.915254237288135819e-01 4.910941475826972047e-01 4.841269841269841279e-01 4.810810810810811078e-01 4.888268156424581123e-01 4.885714285714285454e-01 4.897959183673469274e-01 4.864048338368580082e-01 4.892966360856269015e-01 4.937500000000000222e-01 4.920127795527156622e-01 4.967320261437908613e-01 4.965986394557823091e-01 4.873646209386281458e-01 4.923664122137404453e-01 4.979591836734693633e-01 5.090909090909090384e-01 5.000000000000000000e-01 
4.754098360655737432e-01 4.835680751173708769e-01 4.892703862660944258e-01 4.959349593495934738e-01 4.980392156862745168e-01 4.905660377358490587e-01 4.872727272727272463e-01 4.859154929577464976e-01 4.931972789115646183e-01 4.882154882154882136e-01 4.819672131147541005e-01 4.839743589743589758e-01 4.811320754716981174e-01 4.833836858006042569e-01 4.899135446685878859e-01 4.861878453038673831e-01 4.829396325459317518e-01 4.764267990074441683e-01 4.816513761467889898e-01 4.943310657596372004e-01 4.914841849148418595e-01 4.884910485933504076e-01 4.841269841269841279e-01 4.823848238482384976e-01 4.874651810584958445e-01 4.899713467048710802e-01 4.911764705882352700e-01 4.848484848484848619e-01 4.892966360856269015e-01 4.952978056426332043e-01 4.935897435897436125e-01 4.967320261437908613e-01 4.948805460750853036e-01 4.873646209386281458e-01 4.923664122137404453e-01 4.979423868312757295e-01 5.113122171945700956e-01 5.053191489361702482e-01 
4.754098360655737432e-01 4.837209302325581328e-01 4.892703862660944258e-01 4.959349593495934738e-01 4.980544747081712131e-01 4.905660377358490587e-01 4.890510948905109623e-01 4.858156028368794122e-01 4.915254237288135819e-01 4.849498327759197425e-01 4.754098360655737432e-01 4.775641025641025883e-01 4.748427672955974899e-01 4.773413897280966989e-01 4.855491329479768581e-01 4.833333333333333370e-01 4.749340369393139638e-01 4.701492537313433084e-01 4.781609195402298784e-01 4.897959183673469274e-01 4.865525672371638355e-01 4.833759590792838789e-01 4.788359788359788372e-01 4.768392370572206995e-01 4.818941504178272939e-01 4.828571428571428736e-01 4.853801169590643005e-01 4.802431610942249351e-01 4.861538461538461586e-01 4.952978056426332043e-01 4.935897435897436125e-01 4.967320261437908613e-01 4.948805460750853036e-01 4.856115107913668849e-01 4.886363636363636465e-01 5.020408163265306367e-01 5.135135135135134865e-01 5.026455026455026731e-01 
4.782608695652174058e-01 4.790697674418604723e-01 4.871794871794871695e-01 4.959349593495934738e-01 4.980544747081712131e-01 4.924242424242424310e-01 4.890510948905109623e-01 4.859154929577464976e-01 4.915254237288135819e-01 4.849498327759197425e-01 4.785478547854785658e-01 4.775641025641025883e-01 4.733542319749216576e-01 4.759036144578313032e-01 4.855491329479768581e-01 4.861878453038673831e-01 4.749340369393139638e-01 4.688279301745635896e-01 4.781609195402298784e-01 4.886363636363636465e-01 4.889975550122249159e-01 4.846153846153846145e-01 4.788359788359788372e-01 4.768392370572206995e-01 4.805555555555555691e-01 4.828571428571428736e-01 4.852941176470588203e-01 4.802431610942249351e-01 4.861538461538461586e-01 4.922118380062305287e-01 4.935897435897436125e-01 4.983606557377049384e-01 4.965753424657534110e-01 4.856115107913668849e-01 4.847328244274808906e-01 5.020408163265306367e-01 5.156950672645740363e-01 5.026455026455026731e-01 
4.782608695652174058e-01 4.790697674418604723e-01 4.871794871794871695e-01 4.938775510204081454e-01 5.019607843137254832e-01 4.924242424242424310e-01 4.890510948905109623e-01 4.893617021276595591e-01 4.897959183673469274e-01 4.849498327759197425e-01 4.817275747508305561e-01 4.790996784565916267e-01 4.733542319749216576e-01 4.773413897280966989e-01 4.839650145772594891e-01 4.861878453038673831e-01 4.748010610079575478e-01 4.688279301745635896e-01 4.815668202764977202e-01 4.886363636363636465e-01 4.889975550122249159e-01 4.846153846153846145e-01 4.802110817941952492e-01 4.742547425474255007e-01 4.805555555555555691e-01 4.828571428571428736e-01 4.824561403508771940e-01 4.818181818181818121e-01 4.861538461538461586e-01 4.891640866873064875e-01 4.920127795527156622e-01 4.983606557377049384e-01 4.948805460750853036e-01 4.875444839857651091e-01 4.847328244274808906e-01 5.020242914979756721e-01 5.156950672645740363e-01 4.947368421052631415e-01 
4.756756756756757021e-01 4.744186046511628119e-01 4.829059829059829112e-01 4.938775510204081454e-01 5.019607843137254832e-01 4.924242424242424310e-01 4.872727272727272463e-01 4.876325088339222846e-01 4.864864864864865135e-01 4.865771812080537106e-01 4.834437086092715496e-01 4.823151125401929362e-01 4.764890282131661325e-01 4.803625377643504502e-01 4.853801169590643005e-01 4.889502762430938954e-01 4.774535809018567445e-01 4.726368159203980235e-01 4.826789838337182670e-01 4.920273348519362266e-01 4.938875305623471879e-01 4.897435897435897245e-01 4.828496042216358641e-01 4.769647696476964627e-01 4.833333333333333370e-01 4.871060171919771031e-01 4.868035190615835894e-01 4.878048780487804770e-01 4.877300613496932669e-01 4.906832298136645787e-01 4.920127795527156622e-01 4.983606557377049384e-01 4.948805460750853036e-01 4.893617021276595591e-01 4.847328244274808906e-01 5.020242914979756721e-01 5.135135135135134865e-01 4.973821989528796061e-01 
4.731182795698924970e-01 4.768518518518518601e-01 4.829059829059829112e-01 4.938775510204081454e-01 5.019607843137254832e-01 4.943396226415094352e-01 4.891304347826087029e-01 4.894366197183098732e-01 4.864864864864865135e-01 4.865771812080537106e-01 4.835526315789473450e-01 4.823151125401929362e-01 4.764890282131661325e-01 4.803625377643504502e-01 4.869565217391304546e-01 4.916666666666666408e-01 4.761904761904761640e-01 4.713216957605985136e-01 4.826789838337182670e-01 4.931506849315068219e-01 4.926470588235294379e-01 4.897435897435897245e-01 4.828496042216358641e-01 4.769647696476964627e-01 4.818941504178272939e-01 4.856321839080459668e-01 4.852941176470588203e-01 4.878048780487804770e-01 4.877300613496932669e-01 4.906249999999999778e-01 4.920127795527156622e-01 4.983606557377049384e-01 4.948805460750853036e-01 4.874551971326164801e-01 4.810606060606060774e-01 5.040650406504064707e-01 5.156950672645740363e-01 4.973821989528796061e-01 
4.731182795698924970e-01 4.790697674418604723e-01 4.829059829059829112e-01 4.938775510204081454e-01 5.019607843137254832e-01 4.924242424242424310e-01 4.872727272727272463e-01 4.876325088339222846e-01 4.829931972789115457e-01 4.865771812080537106e-01 4.818481848184818506e-01 4.838709677419354982e-01 4.748427672955974899e-01 4.803625377643504502e-01 4.869565217391304546e-01 4.916666666666666408e-01 4.774535809018567445e-01 4.713216957605985136e-01 4.814814814814814548e-01 4.931506849315068219e-01 4.914425427872860519e-01 4.897435897435897245e-01 4.828496042216358641e-01 4.769647696476964627e-01 4.833333333333333370e-01 4.871060171919771031e-01 4.868035190615835894e-01 4.909090909090909061e-01 4.877300613496932669e-01 4.922118380062305287e-01 4.904458598726114671e-01 5.000000000000000000e-01 4.948805460750853036e-01 4.874551971326164801e-01 4.810606060606060774e-01 5.020242914979756721e-01 5.156950672645740363e-01 5.000000000000000000e-01 
4.705882352941176405e-01 4.792626728110598866e-01 4.829059829059829112e-01 4.938775510204081454e-01 5.019607843137254832e-01 4.942965779467680676e-01 4.872727272727272463e-01 4.859154929577464976e-01 4.829931972789115457e-01 4.865771812080537106e-01 4.818481848184818506e-01 4.838709677419354982e-01 4.764890282131661325e-01 4.819277108433734913e-01 4.869565217391304546e-01 4.916666666666666408e-01 4.761904761904761640e-01 4.736842105263157632e-01 4.802784222737819242e-01 4.942791762013730161e-01 4.914004914004914126e-01 4.897435897435897245e-01 4.828496042216358641e-01 4.769647696476964627e-01 4.819944598337950192e-01 4.871060171919771031e-01 4.882352941176470451e-01 4.909090909090909061e-01 4.877300613496932669e-01 4.922118380062305287e-01 4.904458598726114671e-01 4.983606557377049384e-01 4.931506849315068219e-01 4.874551971326164801e-01 4.810606060606060774e-01 5.040650406504064707e-01 5.111111111111110716e-01 5.025906735751295429e-01 
4.705882352941176405e-01 4.792626728110598866e-01 4.829059829059829112e-01 4.918032786885245811e-01 4.980392156862745168e-01 4.980842911877394474e-01 4.836363636363636420e-01 4.840989399293286199e-01 4.829931972789115457e-01 4.865771812080537106e-01 4.834437086092715496e-01 4.870967741935484097e-01 4.748427672955974899e-01 4.803625377643504502e-01 4.869565217391304546e-01 4.916666666666666408e-01 4.787234042553191737e-01 4.723618090452261220e-01 4.813953488372093026e-01 4.942791762013730161e-01 4.914004914004914126e-01 4.897435897435897245e-01 4.842105263157894801e-01 4.796747967479674801e-01 4.793388429752066249e-01 4.899713467048710802e-01 4.897360703812316807e-01 4.909090909090909061e-01 4.877300613496932669e-01 4.906832298136645787e-01 4.872611464968152895e-01 5.000000000000000000e-01 4.948805460750853036e-01 4.874551971326164801e-01 4.810606060606060774e-01 5.000000000000000000e-01 5.132743362831858613e-01 5.000000000000000000e-01 
4.705882352941176405e-01 4.794520547945205213e-01 4.806866952789699554e-01 4.918032786885245811e-01 4.980392156862745168e-01 4.980842911877394474e-01 4.836363636363636420e-01 4.859154929577464976e-01 4.829931972789115457e-01 4.882943143812709108e-01 4.867549668874172064e-01 4.903225806451612656e-01 4.794952681388012783e-01 4.833836858006042569e-01 4.912790697674418450e-01 4.944444444444444642e-01 4.813829787234042423e-01 4.748743718592964846e-01 4.837209302325581328e-01 4.965675057208238097e-01 4.938271604938271331e-01 4.936061381074168808e-01 4.868421052631579093e-01 4.823848238482384976e-01 4.820936639118457157e-01 4.928366762177650573e-01 4.911764705882352700e-01 4.939393939393939559e-01 4.892307692307692468e-01 4.906832298136645787e-01 4.872611464968152895e-01 4.983713355048859928e-01 4.948805460750853036e-01 4.857142857142857095e-01 4.810606060606060774e-01 5.000000000000000000e-01 5.132743362831858613e-01 5.000000000000000000e-01 
4.705882352941176405e-01 4.794520547945205213e-01 4.829059829059829112e-01 4.938775510204081454e-01 4.980392156862745168e-01 4.980988593155893374e-01 4.784172661870503829e-01 4.859154929577464976e-01 4.829931972789115457e-01 4.882943143812709108e-01 4.851485148514851353e-01 4.903225806451612656e-01 4.827586206896551935e-01 4.864864864864865135e-01 4.927536231884058204e-01 4.930747922437673236e-01 4.802110817941952492e-01 4.748743718592964846e-01 4.837209302325581328e-01 4.965675057208238097e-01 4.938271604938271331e-01 4.923076923076923350e-01 4.854881266490765346e-01 4.823848238482384976e-01 4.819944598337950192e-01 4.971098265895953494e-01 4.911764705882352700e-01 4.939393939393939559e-01 4.892307692307692468e-01 4.922118380062305287e-01 4.872611464968152895e-01 4.950819672131147597e-01 4.914089347079037551e-01 4.838709677419354982e-01 4.828897338403042028e-01 5.020408163265306367e-01 5.132743362831858613e-01 5.000000000000000000e-01 
4.677419354838709409e-01 4.794520547945205213e-01 4.806866952789699554e-01 4.897119341563785921e-01 4.980392156862745168e-01 4.980842911877394474e-01 4.801444043321299593e-01 4.859154929577464976e-01 4.863013698630136994e-01 4.865771812080537106e-01 4.834437086092715496e-01 4.837662337662337886e-01 4.811320754716981174e-01 4.803625377643504502e-01 4.883720930232557933e-01 4.903047091412742198e-01 4.787234042553191737e-01 4.723618090452261220e-01 4.813953488372093026e-01 4.954337899543378998e-01 4.913580246913580307e-01 4.910485933503836442e-01 4.855643044619422644e-01 4.796747967479674801e-01 4.793388429752066249e-01 4.927953890489913391e-01 4.882352941176470451e-01 4.879518072289156794e-01 4.877300613496932669e-01 4.906832298136645787e-01 4.905063291139240556e-01 4.934640522875817226e-01 4.948805460750853036e-01 4.857142857142857095e-01 4.828897338403042028e-01 5.000000000000000000e-01 5.132743362831858613e-01 5.000000000000000000e-01 
4.652406417112299741e-01 4.794520547945205213e-01 4.806866952789699554e-01 4.877049180327868716e-01 4.980392156862745168e-01 4.980988593155893374e-01 4.784172661870503829e-01 4.859154929577464976e-01 4.880546075085324120e-01 4.865771812080537106e-01 4.818481848184818506e-01 4.837662337662337886e-01 4.811320754716981174e-01 4.819277108433734913e-01 4.898550724637681375e-01 4.889502762430938954e-01 4.787234042553191737e-01 4.723618090452261220e-01 4.801864801864801913e-01 4.965675057208238097e-01 4.913580246913580307e-01 4.910485933503836442e-01 4.868421052631579093e-01 4.796747967479674801e-01 4.792243767313019154e-01 4.942196531791907543e-01 4.882352941176470451e-01 4.864048338368580082e-01 4.877300613496932669e-01 4.922118380062305287e-01 4.905063291139240556e-01 4.934640522875817226e-01 4.931506849315068219e-01 4.838709677419354982e-01 4.847328244274808906e-01 5.000000000000000000e-01 5.132743362831858613e-01 5.025641025641025550e-01 
4.677419354838709409e-01 4.772727272727272929e-01 4.806866952789699554e-01 4.897119341563785921e-01 5.000000000000000000e-01 4.980988593155893374e-01 4.801444043321299593e-01 4.840989399293286199e-01 4.880546075085324120e-01 4.882154882154882136e-01 4.883720930232557933e-01 4.870129870129870087e-01 4.826498422712933722e-01 4.849397590361445576e-01 4.912790697674418450e-01 4.917127071823204632e-01 4.813829787234042423e-01 4.735516372795969819e-01 4.813084112149532690e-01 4.977168949771689221e-01 4.950495049504950451e-01 4.936061381074168808e-01 4.881889763779527769e-01 4.809782608695652439e-01 4.819944598337950192e-01 4.956772334293947924e-01 4.926686217008797719e-01 4.894259818731117595e-01 4.892966360856269015e-01 4.891640866873064875e-01 4.905063291139240556e-01 4.951140065146579783e-01 4.931506849315068219e-01 4.857142857142857095e-01 4.847328244274808906e-01 5.000000000000000000e-01 5.154185022026431806e-01 5.051020408163264808e-01 
4.680851063829787329e-01 4.772727272727272929e-01 4.829059829059829112e-01 4.877049180327868716e-01 5.000000000000000000e-01 4.943396226415094352e-01 4.801444043321299593e-01 4.840989399293286199e-01 4.897260273972602884e-01 4.864864864864865135e-01 4.850498338870432025e-01 4.822006472491909279e-01 4.779874213836478036e-01 4.787878787878787623e-01 4.868804664723032083e-01 4.889502762430938954e-01 4.812834224598930288e-01 4.696969696969697239e-01 4.801864801864801913e-01 4.954128440366972752e-01 4.925742574257425677e-01 4.897435897435897245e-01 4.868421052631579093e-01 4.782608695652174058e-01 4.818941504178272939e-01 4.927953890489913391e-01 4.897360703812316807e-01 4.849397590361445576e-01 4.878048780487804770e-01 4.891640866873064875e-01 4.920634920634920362e-01 4.967320261437908613e-01 4.965986394557823091e-01 4.875444839857651091e-01 4.847328244274808906e-01 4.959999999999999964e-01 5.175438596491228616e-01 5.025641025641025550e-01 
4.652406417112299741e-01 4.794520547945205213e-01 4.829059829059829112e-01 4.897119341563785921e-01 5.000000000000000000e-01 4.924242424242424310e-01 4.818840579710144678e-01 4.840989399293286199e-01 4.897260273972602884e-01 4.864864864864865135e-01 4.849498327759197425e-01 4.837662337662337886e-01 4.763406940063091288e-01 4.802431610942249351e-01 4.868804664723032083e-01 4.889502762430938954e-01 4.812834224598930288e-01 4.734177215189873666e-01 4.789719626168224553e-01 4.965675057208238097e-01 4.913580246913580307e-01 4.897435897435897245e-01 4.855643044619422644e-01 4.783783783783783772e-01 4.833333333333333370e-01 4.913793103448275690e-01 4.897360703812316807e-01 4.849397590361445576e-01 4.878048780487804770e-01 4.892307692307692468e-01 4.905063291139240556e-01 4.983713355048859928e-01 4.949152542372881602e-01 4.875444839857651091e-01 4.847328244274808906e-01 4.959999999999999964e-01 5.109170305676855595e-01 5.051020408163264808e-01 
4.766839378238341696e-01 4.794520547945205213e-01 4.829059829059829112e-01 4.897119341563785921e-01 5.000000000000000000e-01 4.905660377358490587e-01 4.818840579710144678e-01 4.840989399293286199e-01 4.897260273972602884e-01 4.882154882154882136e-01 4.882943143812709108e-01 4.870129870129870087e-01 4.794952681388012783e-01 4.818181818181818121e-01 4.898550724637681375e-01 4.917127071823204632e-01 4.826666666666666883e-01 4.747474747474747514e-01 4.813084112149532690e-01 4.941995359628770235e-01 4.938271604938271331e-01 4.923076923076923350e-01 4.881889763779527769e-01 4.809782608695652439e-01 4.874651810584958445e-01 4.942528735632183978e-01 4.926686217008797719e-01 4.879518072289156794e-01 4.892966360856269015e-01 4.892307692307692468e-01 4.905063291139240556e-01 4.983713355048859928e-01 4.965986394557823091e-01 4.874551971326164801e-01 4.847328244274808906e-01 4.979919678714859188e-01 5.131578947368421462e-01 5.051020408163264808e-01 
4.766839378238341696e-01 4.794520547945205213e-01 4.829059829059829112e-01 4.878048780487804770e-01 5.000000000000000000e-01 4.924812030075187974e-01 4.837545126353790526e-01 4.842105263157894801e-01 4.897260273972602884e-01 4.882154882154882136e-01 4.899999999999999911e-01 4.855305466237941903e-01 4.810126582278481111e-01 4.833836858006042569e-01 4.927536231884058204e-01 4.917127071823204632e-01 4.826666666666666883e-01 4.748743718592964846e-01 4.813084112149532690e-01 4.941995359628770235e-01 4.938271604938271331e-01 4.923076923076923350e-01 4.894179894179894186e-01 4.808743169398906891e-01 4.860335195530726127e-01 4.927953890489913391e-01 4.926253687315634289e-01 4.879518072289156794e-01 4.892966360856269015e-01 4.876543209876543217e-01 4.920127795527156622e-01 4.967532467532467799e-01 4.948805460750853036e-01 4.838709677419354982e-01 4.847328244274808906e-01 4.979919678714859188e-01 5.132743362831858613e-01 5.051020408163264808e-01 
4.739583333333333148e-01 4.794520547945205213e-01 4.829059829059829112e-01 4.897959183673469274e-01 4.961240310077519311e-01 4.924812030075187974e-01 4.837545126353790526e-01 4.823943661971831220e-01 4.897260273972602884e-01 4.864864864864865135e-01 4.866666666666666918e-01 4.806451612903225867e-01 4.763406940063091288e-01 4.786585365853658347e-01 4.884393063583815087e-01 4.875346260387811714e-01 4.812834224598930288e-01 4.708860759493671000e-01 4.801864801864801913e-01 4.930555555555555802e-01 4.913580246913580307e-01 4.897435897435897245e-01 4.854881266490765346e-01 4.808743169398906891e-01 4.832402234636871685e-01 4.899135446685878859e-01 4.911764705882352700e-01 4.849397590361445576e-01 4.878048780487804770e-01 4.876543209876543217e-01 4.936305732484076447e-01 4.983713355048859928e-01 4.966216216216216006e-01 4.856115107913668849e-01 4.866920152091254725e-01 4.959999999999999964e-01 5.152838427947598055e-01 5.025641025641025550e-01 
4.684210526315789602e-01 4.770642201834862650e-01 4.827586206896551935e-01 4.918032786885245811e-01 4.941176470588235503e-01 4.905660377358490587e-01 4.836363636363636420e-01 4.858156028368794122e-01 4.862068965517241104e-01 4.881355932203390036e-01 4.916387959866220791e-01 4.837662337662337886e-01 4.810126582278481111e-01 4.801223241590213964e-01 4.898550724637681375e-01 4.888888888888888729e-01 4.852546916890080331e-01 4.732824427480916141e-01 4.847775175644027934e-01 4.976958525345622220e-01 4.950738916256157696e-01 4.923469387755102233e-01 4.868421052631579093e-01 4.850948509485094595e-01 4.874651810584958445e-01 4.928366762177650573e-01 4.912280701754385692e-01 4.910179640718562721e-01 4.893617021276595591e-01 4.861538461538461586e-01 4.936708860759493889e-01 4.967532467532467799e-01 4.983164983164983242e-01 4.874551971326164801e-01 4.886363636363636465e-01 4.940239043824701248e-01 5.151515151515151381e-01 4.974619289340101447e-01 
4.715025906735751393e-01 4.770642201834862650e-01 4.827586206896551935e-01 4.897119341563785921e-01 4.960937500000000000e-01 4.905660377358490587e-01 4.855072463768115854e-01 4.825174825174824988e-01 4.879725085910652793e-01 4.881355932203390036e-01 4.899999999999999911e-01 4.822006472491909279e-01 4.778481012658227778e-01 4.801223241590213964e-01 4.883720930232557933e-01 4.888888888888888729e-01 4.852546916890080331e-01 4.746192893401015023e-01 4.859813084112149517e-01 4.965197215777262252e-01 4.950738916256157696e-01 4.923469387755102233e-01 4.881889763779527769e-01 4.836956521739130266e-01 4.874651810584958445e-01 4.913793103448275690e-01 4.940828402366864158e-01 4.894894894894895043e-01 4.893617021276595591e-01 4.876543209876543217e-01 4.952380952380952550e-01 5.000000000000000000e-01 4.983164983164983242e-01 4.892857142857142683e-01 4.886363636363636465e-01 4.940239043824701248e-01 5.130434782608696009e-01 4.948979591836734637e-01 
4.742268041237113207e-01 4.748858447488584211e-01 4.829059829059829112e-01 4.798387096774193727e-01 4.941634241245136394e-01 4.906367041198501644e-01 4.837545126353790526e-01 4.825174825174824988e-01 4.879725085910652793e-01 4.881355932203390036e-01 4.899999999999999911e-01 4.838709677419354982e-01 4.778481012658227778e-01 4.832826747720364580e-01 4.883720930232557933e-01 4.888888888888888729e-01 4.852546916890080331e-01 4.734177215189873666e-01 4.859813084112149517e-01 4.953488372093023395e-01 4.962962962962962910e-01 4.923076923076923350e-01 4.946808510638298073e-01 4.850136239782016356e-01 4.873949579831932666e-01 4.927953890489913391e-01 4.940828402366864158e-01 4.894894894894895043e-01 4.893617021276595591e-01 4.876543209876543217e-01 4.936305732484076447e-01 5.000000000000000000e-01 4.949152542372881602e-01 4.892857142857142683e-01 4.886363636363636465e-01 4.940239043824701248e-01 5.152838427947598055e-01 4.948979591836734637e-01 
4.744897959183673741e-01 4.751131221719456788e-01 4.872881355932203173e-01 4.819277108433734913e-01 4.923076923076923350e-01 4.888059701492537545e-01 4.857142857142857095e-01 4.843205574912892164e-01 4.879725085910652793e-01 4.882154882154882136e-01 4.867549668874172064e-01 4.838709677419354982e-01 4.763406940063091288e-01 4.819277108433734913e-01 4.884393063583815087e-01 4.903047091412742198e-01 4.839572192513368898e-01 4.748743718592964846e-01 4.848484848484848619e-01 4.953271028037383172e-01 4.962779156327543628e-01 4.896907216494845172e-01 4.933333333333333459e-01 4.862637362637362570e-01 4.887640449438201973e-01 4.912790697674418450e-01 4.925816023738872618e-01 4.894894894894895043e-01 4.892966360856269015e-01 4.906832298136645787e-01 4.936305732484076447e-01 5.016286644951140072e-01 4.965753424657534110e-01 4.892086330935251914e-01 4.866920152091254725e-01 4.959999999999999964e-01 5.132743362831858613e-01 4.974358974358974450e-01 
4.769230769230769496e-01 4.705882352941176405e-01 4.853556485355648431e-01 4.819277108433734913e-01 4.923664122137404453e-01 4.869888475836431363e-01 4.839857651245551562e-01 4.843205574912892164e-01 4.879725085910652793e-01 4.882154882154882136e-01 4.884488448844884756e-01 4.838709677419354982e-01 4.763406940063091288e-01 4.820359281437125998e-01 4.884393063583815087e-01 4.903047091412742198e-01 4.826666666666666883e-01 4.735516372795969819e-01 4.859813084112149517e-01 4.941724941724941478e-01 4.987593052109181024e-01 4.909090909090909061e-01 4.933333333333333459e-01 4.861878453038673831e-01 4.901408450704225483e-01 4.927113702623906466e-01 4.925816023738872618e-01 4.894894894894895043e-01 4.892966360856269015e-01 4.890965732087227402e-01 4.936305732484076447e-01 5.016286644951140072e-01 4.965517241379310276e-01 4.892086330935251914e-01 4.866920152091254725e-01 4.979919678714859188e-01 5.154185022026431806e-01 4.948979591836734637e-01 
4.744897959183673741e-01 4.727272727272727182e-01 4.853556485355648431e-01 4.819277108433734913e-01 4.923076923076923350e-01 4.888888888888888729e-01 4.857142857142857095e-01 4.843205574912892164e-01 4.897260273972602884e-01 4.882154882154882136e-01 4.901315789473684181e-01 4.806451612903225867e-01 4.763406940063091288e-01 4.804804804804804763e-01 4.854651162790697416e-01 4.903047091412742198e-01 4.840425531914893664e-01 4.735516372795969819e-01 4.872389791183294738e-01 4.953271028037383172e-01 4.975247524752475226e-01 4.909090909090909061e-01 4.933333333333333459e-01 4.862637362637362570e-01 4.887005649717514055e-01 4.912790697674418450e-01 4.925816023738872618e-01 4.879518072289156794e-01 4.892966360856269015e-01 4.874999999999999889e-01 4.968152866242038224e-01 5.016286644951140072e-01 4.982817869415807621e-01 4.928571428571428825e-01 4.866920152091254725e-01 4.959677419354838745e-01 5.154185022026431806e-01 4.922279792746113714e-01 
4.747474747474747514e-01 4.776785714285714524e-01 4.833333333333333370e-01 4.861660079051383643e-01 4.962406015037593709e-01 4.852941176470588203e-01 4.840989399293286199e-01 4.861111111111111049e-01 4.882154882154882136e-01 4.866666666666666918e-01 4.868421052631579093e-01 4.792332268370607107e-01 4.764890282131661325e-01 4.805970149253731560e-01 4.856321839080459668e-01 4.889502762430938954e-01 4.776902887139107823e-01 4.723618090452261220e-01 4.861111111111111049e-01 4.929577464788732488e-01 4.924999999999999933e-01 4.895833333333333148e-01 4.878706199460916548e-01 4.804469273743016688e-01 4.886363636363636465e-01 4.897360703812316807e-01 4.880952380952380820e-01 4.862385321100917701e-01 4.876543209876543217e-01 4.874999999999999889e-01 4.951768488745980634e-01 4.983606557377049384e-01 4.948096885813148549e-01 4.891304347826087029e-01 4.847328244274808906e-01 5.020576131687243260e-01 5.132743362831858613e-01 4.895833333333333148e-01 
4.795918367346938549e-01 4.794520547945205213e-01 4.833333333333333370e-01 4.820717131474103745e-01 4.924242424242424310e-01 4.888888888888888729e-01 4.858156028368794122e-01 4.861111111111111049e-01 4.863945578231292366e-01 4.866666666666666918e-01 4.868421052631579093e-01 4.775641025641025883e-01 4.764890282131661325e-01 4.774774774774774855e-01 4.826589595375722630e-01 4.875346260387811714e-01 4.776902887139107823e-01 4.710327455919395279e-01 4.861111111111111049e-01 4.906542056074766345e-01 4.913580246913580307e-01 4.895833333333333148e-01 4.906166219839142029e-01 4.833333333333333370e-01 4.858757062146892847e-01 4.883040935672514626e-01 4.880952380952380820e-01 4.878787878787878562e-01 4.876543209876543217e-01 4.874999999999999889e-01 4.967948717948718063e-01 4.983606557377049384e-01 4.982817869415807621e-01 4.928057553956834425e-01 4.866920152091254725e-01 5.020576131687243260e-01 5.154185022026431806e-01 4.895833333333333148e-01 
4.771573604060913576e-01 4.755555555555555647e-01 4.834710743801652888e-01 4.861660079051383643e-01 4.924242424242424310e-01 4.852941176470588203e-01 4.823943661971831220e-01 4.861111111111111049e-01 4.847457627118644252e-01 4.850498338870432025e-01 4.803921568627451122e-01 4.760383386581469867e-01 4.751552795031055987e-01 4.760479041916167442e-01 4.827586206896551935e-01 4.834254143646408708e-01 4.701298701298701199e-01 4.698492462311557594e-01 4.826789838337182670e-01 4.894613583138173185e-01 4.912280701754385692e-01 4.869109947643979197e-01 4.851752021563342510e-01 4.805555555555555691e-01 4.857954545454545303e-01 4.882352941176470451e-01 4.851190476190476164e-01 4.863221884498480363e-01 4.860681114551083648e-01 4.905660377358490587e-01 4.951768488745980634e-01 4.966887417218542877e-01 4.965517241379310276e-01 4.891304347826087029e-01 4.885496183206106680e-01 5.104602510460251041e-01 5.132743362831858613e-01 4.921465968586387629e-01 
4.773869346733668473e-01 4.755555555555555647e-01 4.834710743801652888e-01 4.881889763779527769e-01 4.924812030075187974e-01 4.852941176470588203e-01 4.823943661971831220e-01 4.861111111111111049e-01 4.864864864864865135e-01 4.850498338870432025e-01 4.788273615635179059e-01 4.745222929936305789e-01 4.751552795031055987e-01 4.761904761904761640e-01 4.827586206896551935e-01 4.862637362637362570e-01 4.713541666666666852e-01 4.686716791979949615e-01 4.838709677419354982e-01 4.894117647058823795e-01 4.912280701754385692e-01 4.869109947643979197e-01 4.837837837837837829e-01 4.804469273743016688e-01 4.857954545454545303e-01 4.882352941176470451e-01 4.851190476190476164e-01 4.847560975609755962e-01 4.860681114551083648e-01 4.921135646687697096e-01 4.967741935483870885e-01 4.966887417218542877e-01 4.965277777777777901e-01 4.891304347826087029e-01 4.846153846153846145e-01 5.083333333333333037e-01 5.155555555555555447e-01 4.894736842105263386e-01 
4.799999999999999822e-01 4.778761061946902866e-01 4.857142857142857095e-01 4.881889763779527769e-01 4.924812030075187974e-01 4.890510948905109623e-01 4.823943661971831220e-01 4.878892733564013651e-01 4.865771812080537106e-01 4.850498338870432025e-01 4.757281553398058360e-01 4.730158730158730007e-01 4.738461538461538614e-01 4.761904761904761640e-01 4.828571428571428736e-01 4.836065573770491621e-01 4.701298701298701199e-01 4.739454094292803732e-01 4.827586206896551935e-01 4.882075471698112956e-01 4.899497487437186050e-01 4.854881266490765346e-01 4.837837837837837829e-01 4.804469273743016688e-01 4.828571428571428736e-01 4.882352941176470451e-01 4.835820895522388030e-01 4.846625766871165419e-01 4.860681114551083648e-01 4.952380952380952550e-01 4.983818770226537409e-01 4.983277591973244158e-01 4.965277777777777901e-01 4.890510948905109623e-01 4.883720930232557933e-01 5.104602510460251041e-01 5.067873303167420573e-01 4.920634920634920362e-01 
4.776119402985074536e-01 4.801762114537445059e-01 4.857142857142857095e-01 4.881889763779527769e-01 4.906367041198501644e-01 4.855072463768115854e-01 4.823943661971831220e-01 4.896551724137930828e-01 4.865771812080537106e-01 4.850498338870432025e-01 4.741935483870967638e-01 4.763406940063091288e-01 4.723926380368098088e-01 4.761904761904761640e-01 4.828571428571428736e-01 4.836065573770491621e-01 4.715025906735751393e-01 4.739454094292803732e-01 4.827586206896551935e-01 4.893617021276595591e-01 4.886649874055415399e-01 4.854881266490765346e-01 4.837837837837837829e-01 4.817927170868347431e-01 4.856321839080459668e-01 4.882352941176470451e-01 4.820359281437125998e-01 4.846625766871165419e-01 4.860681114551083648e-01 4.968152866242038224e-01 4.951140065146579783e-01 5.000000000000000000e-01 4.965277777777777901e-01 4.890510948905109623e-01 4.883720930232557933e-01 5.084033613445377853e-01 5.067873303167420573e-01 4.920634920634920362e-01 
4.776119402985074536e-01 4.824561403508771940e-01 4.857142857142857095e-01 4.863813229571984365e-01 4.906367041198501644e-01 4.874551971326164801e-01 4.823943661971831220e-01 4.879725085910652793e-01 4.866666666666666918e-01 4.867549668874172064e-01 4.775641025641025883e-01 4.763406940063091288e-01 4.770642201834862650e-01 4.822485207100591920e-01 4.830508474576271083e-01 4.877384196185285958e-01 4.728682170542635732e-01 4.765432098765431945e-01 4.839449541284403522e-01 4.917257683215129904e-01 4.898989898989898895e-01 4.881266490765171495e-01 4.877384196185285958e-01 4.845938375350140048e-01 4.869565217391304546e-01 4.911764705882352700e-01 4.864864864864865135e-01 4.876543209876543217e-01 4.875776397515527716e-01 4.967948717948718063e-01 4.983713355048859928e-01 4.983164983164983242e-01 4.930069930069930217e-01 4.925925925925925819e-01 4.863813229571984365e-01 5.105485232067510371e-01 5.068493150684931781e-01 4.946808510638298073e-01 
4.803921568627451122e-01 4.848484848484848619e-01 4.857142857142857095e-01 4.863813229571984365e-01 4.888059701492537545e-01 4.839857651245551562e-01 4.842105263157894801e-01 4.880546075085324120e-01 4.850498338870432025e-01 4.851485148514851353e-01 4.760383386581469867e-01 4.748427672955974899e-01 4.757575757575757680e-01 4.794117647058823706e-01 4.816901408450704469e-01 4.837837837837837829e-01 4.730077120822622216e-01 4.753694581280787923e-01 4.805491990846681993e-01 4.880952380952380820e-01 4.860050890585241867e-01 4.854881266490765346e-01 4.850136239782016356e-01 4.831460674157303514e-01 4.868804664723032083e-01 4.867256637168141387e-01 4.833836858006042569e-01 4.860681114551083648e-01 4.859813084112149517e-01 4.951768488745980634e-01 4.967320261437908613e-01 4.965986394557823091e-01 4.929577464788732488e-01 4.907063197026022561e-01 4.881889763779527769e-01 5.063829787234042090e-01 5.045871559633027248e-01 4.973262032085561390e-01 
4.780487804878048586e-01 4.870689655172413812e-01 4.857142857142857095e-01 4.883720930232557933e-01 4.907063197026022561e-01 4.839857651245551562e-01 4.860139860139859880e-01 4.863945578231292366e-01 4.850498338870432025e-01 4.835526315789473450e-01 4.730158730158730007e-01 4.704049844236760092e-01 4.759036144578313032e-01 4.752186588921282762e-01 4.804469273743016688e-01 4.810810810810811078e-01 4.704370179948585973e-01 4.705882352941176405e-01 4.782608695652174058e-01 4.868735083532219621e-01 4.821428571428571508e-01 4.828496042216358641e-01 4.808743169398906891e-01 4.788732394366196909e-01 4.839650145772594891e-01 4.822485207100591920e-01 4.818181818181818121e-01 4.829721362229102422e-01 4.843750000000000000e-01 4.951456310679611672e-01 4.983498349834983299e-01 4.931506849315068219e-01 4.946619217081850706e-01 4.887218045112781684e-01 4.881889763779527769e-01 5.063829787234042090e-01 5.092592592592593004e-01 4.973262032085561390e-01 
4.782608695652174058e-01 4.851063829787233828e-01 4.878048780487804770e-01 4.846153846153846145e-01 4.907063197026022561e-01 4.842105263157894801e-01 4.843205574912892164e-01 4.833333333333333370e-01 4.834437086092715496e-01 4.903225806451612656e-01 4.889589905362776157e-01 4.829721362229102422e-01 4.850299401197604721e-01 4.855491329479768581e-01 4.889502762430938954e-01 4.867021276595744905e-01 4.794871794871795045e-01 4.803921568627451122e-01 4.885844748858447217e-01 4.964028776978417490e-01 4.935732647814909946e-01 4.920634920634920362e-01 4.945054945054945250e-01 4.901408450704225483e-01 4.955752212389380462e-01 4.955489614243323571e-01 4.969135802469135665e-01 4.968944099378881929e-01 4.904458598726114671e-01 4.918566775244299638e-01 4.983388704318936768e-01 4.965517241379310276e-01 4.964028776978417490e-01 4.923664122137404453e-01 4.959677419354838745e-01 5.085470085470085166e-01 5.092592592592593004e-01 4.946236559139784994e-01 
4.861111111111111049e-01 4.838709677419354982e-01 4.865900383141762431e-01 4.909090909090909061e-01 4.862068965517241104e-01 4.798657718120805105e-01 4.836601307189542509e-01 4.838709677419354982e-01 4.921630094043887294e-01 4.937500000000000222e-01 4.924012158054711374e-01 4.926686217008797719e-01 4.929577464788732488e-01 4.891891891891891886e-01 4.869109947643979197e-01 4.848484848484848619e-01 4.877450980392156743e-01 4.916864608076009224e-01 4.844444444444444553e-01 4.975490196078431460e-01 5.000000000000000000e-01 4.986225895316804269e-01 4.957020057306590344e-01 5.000000000000000000e-01 5.061349693251533388e-01 5.031446540880503138e-01 5.031847133757961776e-01 4.950819672131147597e-01 4.934210526315789269e-01 4.949152542372881602e-01 4.946996466431095585e-01 4.944237918215613203e-01 5.000000000000000000e-01 5.041322314049586639e-01 5.087719298245614308e-01 5.046296296296296502e-01 4.975369458128078848e-01 5.172413793103448620e-01 
4.910714285714285476e-01 4.861660079051383643e-01 4.868913857677902857e-01 4.929078014184397061e-01 4.797297297297297147e-01 4.834437086092715496e-01 4.836601307189542509e-01 4.873417721518987222e-01 4.906832298136645787e-01 4.939759036144578119e-01 4.912280701754385692e-01 4.900849858356940425e-01 4.903581267217630990e-01 4.907651715039577645e-01 4.896373056994818840e-01 4.849999999999999867e-01 4.853658536585365724e-01 4.906976744186046235e-01 4.813186813186813295e-01 4.949999999999999956e-01 4.986522911051212703e-01 4.985994397759103691e-01 4.941520467836257313e-01 5.060975609756097615e-01 5.031055900621117516e-01 5.031446540880503138e-01 5.000000000000000000e-01 4.966887417218542877e-01 4.931506849315068219e-01 4.964539007092198530e-01 4.981549815498155231e-01 4.980842911877394474e-01 4.979591836734693633e-01 5.000000000000000000e-01 5.089285714285713969e-01 5.093457943925233655e-01 5.000000000000000000e-01 5.266272189349112676e-01 
4.935064935064935043e-01 4.823529411764705954e-01 4.852941176470588203e-01 4.913494809688581100e-01 4.798657718120805105e-01 4.802631578947368363e-01 4.840764331210191118e-01 4.890965732087227402e-01 4.939393939393939559e-01 4.985250737463126636e-01 5.028901734104046506e-01 4.985994397759103691e-01 4.986449864498644913e-01 4.947643979057591568e-01 4.948979591836734637e-01 4.925373134328357994e-01 4.914841849148418595e-01 4.988452655889145659e-01 4.890350877192982670e-01 5.012722646310432406e-01 5.094850948509485056e-01 5.085227272727272929e-01 5.044776119402984982e-01 5.153374233128834581e-01 5.156250000000000000e-01 5.129032258064516459e-01 5.082508250825082952e-01 5.034013605442176909e-01 4.982456140350877138e-01 4.928057553956834425e-01 4.981273408239700329e-01 4.980392156862745168e-01 5.041322314049586639e-01 5.043103448275861878e-01 5.090090090090090280e-01 5.117370892018778816e-01 4.973821989528796061e-01 5.238095238095238360e-01 
4.935064935064935043e-01 4.843750000000000000e-01 4.817518248175182705e-01 4.896551724137930828e-01 4.782608695652174058e-01 4.819672131147541005e-01 4.857142857142857095e-01 4.938650306748466057e-01 4.954954954954954860e-01 5.000000000000000000e-01 5.057471264367816577e-01 5.013927576601671099e-01 5.026881720430107503e-01 5.012987012987012436e-01 4.936708860759493889e-01 4.975247524752475226e-01 4.951690821256038433e-01 4.977064220183486376e-01 4.912663755458515080e-01 5.038167938931297218e-01 5.108695652173913526e-01 5.142857142857142350e-01 5.089820359281437279e-01 5.200000000000000178e-01 5.172413793103448620e-01 5.145631067961164984e-01 5.067114093959731447e-01 5.051546391752577136e-01 5.000000000000000000e-01 4.927536231884058204e-01 4.981132075471698117e-01 4.960317460317460458e-01 4.979079497907950014e-01 5.109170305676855595e-01 5.045454545454545192e-01 5.095238095238094900e-01 5.053191489361702482e-01 5.240963855421686413e-01 
4.935622317596566333e-01 4.806201550387597110e-01 4.799999999999999822e-01 4.863013698630136994e-01 4.817275747508305561e-01 4.853420195439739349e-01 4.890282131661441989e-01 4.969696969696969502e-01 4.970059880239520722e-01 4.956268221574344213e-01 4.985754985754985991e-01 4.917127071823204632e-01 4.932975871313672878e-01 4.935064935064935043e-01 4.873737373737373479e-01 4.900990099009900902e-01 4.916067146282973588e-01 4.897025171624713735e-01 4.857768052516411306e-01 4.961636828644501174e-01 5.054644808743169460e-01 5.071633237822349427e-01 5.030120481927711218e-01 5.077399380804953344e-01 5.047318611987381409e-01 5.016393442622950616e-01 4.931972789115646183e-01 4.931034482758620552e-01 4.946619217081850706e-01 4.908424908424908195e-01 5.000000000000000000e-01 4.980079681274900416e-01 4.979079497907950014e-01 5.087719298245614308e-01 5.045454545454545192e-01 5.024154589371980784e-01 5.080213903743315829e-01 5.209580838323353280e-01 
4.957264957264957417e-01 4.787644787644787514e-01 4.799999999999999822e-01 4.863013698630136994e-01 4.817275747508305561e-01 4.853420195439739349e-01 4.890282131661441989e-01 4.954682779456193176e-01 4.955223880597015018e-01 4.970930232558139483e-01 5.014245014245014564e-01 4.944751381215469754e-01 4.946808510638298073e-01 4.961038961038961026e-01 4.886649874055415399e-01 4.938271604938271331e-01 4.927884615384615641e-01 4.919908466819222226e-01 4.868995633187773175e-01 4.974358974358974450e-01 5.095890410958904271e-01 5.100286532951289198e-01 5.060240963855421326e-01 5.108359133126935125e-01 5.078864353312302349e-01 5.049180327868852958e-01 4.982935153583617494e-01 4.982698961937715998e-01 4.964285714285714413e-01 4.908424908424908195e-01 5.000000000000000000e-01 5.000000000000000000e-01 4.979079497907950014e-01 5.110132158590308116e-01 5.022831050228310223e-01 5.048076923076922906e-01 5.080213903743315829e-01 5.240963855421686413e-01 
4.936170212765957355e-01 4.807692307692307820e-01 4.820143884892086339e-01 4.880546075085324120e-01 4.818481848184818506e-01 4.853420195439739349e-01 4.874999999999999889e-01 4.954682779456193176e-01 4.955489614243323571e-01 4.956521739130435034e-01 4.985754985754985991e-01 4.931506849315068219e-01 4.907161803713527837e-01 4.935400516795865888e-01 4.862155388471177675e-01 4.901477832512315391e-01 4.892086330935251914e-01 4.874141876430205800e-01 4.835886214442013387e-01 4.961439588688946190e-01 5.054945054945054750e-01 5.057803468208093012e-01 5.015105740181269312e-01 5.077881619937694158e-01 5.047318611987381409e-01 5.032894736842105088e-01 4.948805460750853036e-01 4.947735191637630536e-01 4.946236559139784994e-01 4.908424908424908195e-01 4.980694980694980734e-01 5.020242914979756721e-01 4.978902953586498148e-01 5.111111111111110716e-01 5.045871559633027248e-01 5.072463768115942351e-01 5.133689839572193048e-01 5.269461077844311836e-01 
4.914529914529914278e-01 4.827586206896551935e-01 4.838709677419354982e-01 4.880546075085324120e-01 4.802631578947368363e-01 4.838709677419354982e-01 4.906832298136645787e-01 4.939759036144578119e-01 4.955489614243323571e-01 4.956521739130435034e-01 4.971590909090908839e-01 4.931506849315068219e-01 4.920634920634920362e-01 4.935400516795865888e-01 4.874999999999999889e-01 4.901477832512315391e-01 4.904306220095693836e-01 4.874141876430205800e-01 4.859002169197396692e-01 4.974358974358974450e-01 5.041322314049586639e-01 5.043478260869564966e-01 5.015105740181269312e-01 5.093750000000000222e-01 5.063694267515923553e-01 5.000000000000000000e-01 4.965753424657534110e-01 4.947735191637630536e-01 4.946236559139784994e-01 4.926470588235294379e-01 4.980694980694980734e-01 5.000000000000000000e-01 4.978902953586498148e-01 5.089285714285713969e-01 5.045871559633027248e-01 5.048543689320388328e-01 5.133689839572193048e-01 5.214723926380367969e-01 
4.872881355932203173e-01 4.827586206896551935e-01 4.857142857142857095e-01 4.863945578231292366e-01 4.785478547854785658e-01 4.904458598726114671e-01 4.953846153846153677e-01 4.939759036144578119e-01 4.955752212389380462e-01 4.956521739130435034e-01 4.985835694050991251e-01 4.945355191256830540e-01 4.907651715039577645e-01 4.923076923076923350e-01 4.874999999999999889e-01 4.901477832512315391e-01 4.880382775119617156e-01 4.885844748858447217e-01 4.858387799564269915e-01 5.000000000000000000e-01 5.041322314049586639e-01 5.029069767441860517e-01 5.030303030303030498e-01 5.109034267912772043e-01 5.000000000000000000e-01 4.949832775919732475e-01 4.965753424657534110e-01 4.947368421052631415e-01 4.946236559139784994e-01 4.907749077490775047e-01 4.961240310077519311e-01 5.020408163265306367e-01 5.000000000000000000e-01 5.089285714285713969e-01 5.045871559633027248e-01 5.097087378640776656e-01 5.107526881720430012e-01 5.212121212121212377e-01 
4.872881355932203173e-01 4.790874524714828775e-01 4.875444839857651091e-01 4.863945578231292366e-01 4.785478547854785658e-01 4.904458598726114671e-01 4.954128440366972752e-01 4.939759036144578119e-01 4.926686217008797719e-01 4.927953890489913391e-01 4.929577464788732488e-01 4.891304347826087029e-01 4.894736842105263386e-01 4.871794871794871695e-01 4.824999999999999845e-01 4.852216748768473087e-01 4.832535885167464351e-01 4.840182648401826215e-01 4.814814814814814548e-01 4.948453608247422864e-01 5.013850415512465242e-01 4.956268221574344213e-01 4.969696969696969502e-01 5.046728971962616273e-01 4.935483870967741771e-01 4.882154882154882136e-01 4.897260273972602884e-01 4.911660777385158938e-01 4.909747292418772391e-01 4.907063197026022561e-01 4.960937500000000000e-01 4.959016393442622905e-01 5.000000000000000000e-01 5.089285714285713969e-01 5.045871559633027248e-01 5.097087378640776656e-01 5.107526881720430012e-01 5.212121212121212377e-01 
4.851063829787233828e-01 4.809160305343511688e-01 4.875444839857651091e-01 4.863945578231292366e-01 4.785478547854785658e-01 4.904458598726114671e-01 4.954128440366972752e-01 4.925373134328357994e-01 4.941520467836257313e-01 4.927953890489913391e-01 4.957983193277311074e-01 4.877384196185285958e-01 4.881889763779527769e-01 4.884910485933504076e-01 4.837905236907730777e-01 4.864864864864865135e-01 4.821002386634845038e-01 4.851936218678815638e-01 4.815618221258134435e-01 4.961439588688946190e-01 5.000000000000000000e-01 4.956268221574344213e-01 4.969696969696969502e-01 5.046728971962616273e-01 4.935483870967741771e-01 4.882154882154882136e-01 4.913494809688581100e-01 4.893617021276595591e-01 4.909747292418772391e-01 4.868913857677902857e-01 4.980544747081712131e-01 4.979423868312757295e-01 4.978540772532188963e-01 5.067264573991031584e-01 5.023041474654378336e-01 5.121951219512195230e-01 5.081081081081081363e-01 5.214723926380367969e-01 
4.851063829787233828e-01 4.828897338403042028e-01 4.875444839857651091e-01 4.847457627118644252e-01 4.769736842105263275e-01 4.904458598726114671e-01 4.969512195121951192e-01 4.940119760479041999e-01 4.927113702623906466e-01 4.927953890489913391e-01 4.929577464788732488e-01 4.891891891891891886e-01 4.881889763779527769e-01 4.860050890585241867e-01 4.850746268656716542e-01 4.864864864864865135e-01 4.833333333333333370e-01 4.851936218678815638e-01 4.815618221258134435e-01 4.961439588688946190e-01 4.986149584487534758e-01 4.956268221574344213e-01 4.984802431610942386e-01 5.062499999999999778e-01 4.935483870967741771e-01 4.864864864864865135e-01 4.896551724137930828e-01 4.911032028469750621e-01 4.909747292418772391e-01 4.907063197026022561e-01 4.960629921259842590e-01 4.979423868312757295e-01 5.021645021645021467e-01 5.045045045045044585e-01 5.023041474654378336e-01 5.098039215686274161e-01 5.081081081081081363e-01 5.214723926380367969e-01 
4.810126582278481111e-01 4.828897338403042028e-01 4.840989399293286199e-01 4.831081081081081141e-01 4.803921568627451122e-01 4.888888888888888729e-01 4.939759036144578119e-01 4.925816023738872618e-01 4.927113702623906466e-01 4.942528735632183978e-01 4.957983193277311074e-01 4.906666666666666399e-01 4.921465968586387629e-01 4.860759493670885889e-01 4.875621890547263693e-01 4.889434889434889353e-01 4.857819905213270339e-01 4.863636363636363869e-01 4.837310195227765841e-01 5.012919896640827266e-01 5.013850415512465242e-01 5.014662756598240456e-01 5.030487804878048808e-01 5.062893081761006275e-01 4.983818770226537409e-01 4.931506849315068219e-01 4.947735191637630536e-01 4.946619217081850706e-01 4.927536231884058204e-01 4.906367041198501644e-01 4.979919678714859188e-01 4.958677685950413361e-01 5.065502183406113135e-01 5.045045045045044585e-01 5.023041474654378336e-01 5.099009900990099098e-01 5.108695652173913526e-01 5.214723926380367969e-01 
4.833333333333333370e-01 4.790874524714828775e-01 4.877192982456140524e-01 4.831081081081081141e-01 4.803921568627451122e-01 4.921135646687697096e-01 4.939759036144578119e-01 4.940828402366864158e-01 4.927113702623906466e-01 4.942857142857142727e-01 4.958217270194986148e-01 4.906666666666666399e-01 4.935064935064935043e-01 4.873737373737373479e-01 4.875621890547263693e-01 4.901960784313725283e-01 4.869976359338061278e-01 4.852607709750567100e-01 4.848484848484848619e-01 5.000000000000000000e-01 5.041551246537395725e-01 4.985250737463126636e-01 5.030487804878048808e-01 5.062893081761006275e-01 4.951140065146579783e-01 4.931506849315068219e-01 4.930069930069930217e-01 4.946619217081850706e-01 4.927007299270073082e-01 4.905660377358490587e-01 4.979919678714859188e-01 4.937238493723849486e-01 5.043859649122807154e-01 5.045045045045044585e-01 5.000000000000000000e-01 5.074626865671642006e-01 5.136612021857923649e-01 5.185185185185184897e-01 
4.836065573770491621e-01 4.774436090225563922e-01 4.895104895104895326e-01 4.850498338870432025e-01 4.887459807073954998e-01 4.938271604938271331e-01 4.940119760479041999e-01 4.940828402366864158e-01 4.898550724637681375e-01 4.943181818181818232e-01 4.972375690607734877e-01 4.907161803713527837e-01 4.909560723514211911e-01 4.873737373737373479e-01 4.876237623762376128e-01 4.889975550122249159e-01 4.869976359338061278e-01 4.864864864864865135e-01 4.848484848484848619e-01 5.000000000000000000e-01 5.055865921787709993e-01 4.970414201183431802e-01 5.015479876160990891e-01 4.984025559105431102e-01 4.933333333333333459e-01 4.931034482758620552e-01 4.930069930069930217e-01 4.982078853046594813e-01 4.926470588235294379e-01 4.885496183206106680e-01 4.979757085020242724e-01 4.978902953586498148e-01 5.043859649122807154e-01 5.045454545454545192e-01 5.023255813953488857e-01 5.074626865671642006e-01 5.111111111111110716e-01 5.185185185185184897e-01 
4.836065573770491621e-01 4.756554307116104829e-01 4.895833333333333148e-01 4.834437086092715496e-01 4.904458598726114671e-01 4.954128440366972752e-01 4.925816023738872618e-01 4.926253687315634289e-01 4.898550724637681375e-01 4.929178470254957367e-01 4.931506849315068219e-01 4.868421052631579093e-01 4.871134020618556604e-01 4.848484848484848619e-01 4.864197530864197705e-01 4.853658536585365724e-01 4.847058823529411531e-01 4.843049327354260192e-01 4.838012958963283094e-01 4.973684210526315708e-01 5.042016806722688926e-01 4.940476190476190688e-01 5.000000000000000000e-01 4.935483870967741771e-01 4.882154882154882136e-01 4.912891986062717931e-01 4.912280701754385692e-01 4.946236559139784994e-01 4.907749077490775047e-01 4.903474903474903668e-01 5.000000000000000000e-01 5.000000000000000000e-01 5.043859649122807154e-01 5.022831050228310223e-01 5.046728971962616273e-01 5.075376884422110324e-01 5.112359550561798027e-01 5.155279503105589800e-01 
4.796747967479674801e-01 4.774436090225563922e-01 4.862068965517241104e-01 4.819672131147541005e-01 4.905063291139240556e-01 4.939024390243902385e-01 4.925816023738872618e-01 4.926253687315634289e-01 4.913294797687861037e-01 4.915254237288135819e-01 4.891304347826087029e-01 4.856396866840730908e-01 4.859335038363171155e-01 4.811083123425692887e-01 4.839506172839506126e-01 4.841075794621026995e-01 4.813084112149532690e-01 4.809843400447427197e-01 4.806034482758620441e-01 4.973544973544973269e-01 5.000000000000000000e-01 4.940119760479041999e-01 4.984326018808777348e-01 4.902597402597402843e-01 4.864864864864865135e-01 4.878048780487804770e-01 4.877192982456140524e-01 4.892086330935251914e-01 4.888888888888888729e-01 4.921875000000000000e-01 4.979253112033195094e-01 4.978540772532188963e-01 5.066079295154185536e-01 5.022831050228310223e-01 5.023255813953488857e-01 5.102040816326530726e-01 5.141242937853107708e-01 5.187500000000000444e-01 
4.777327935222672184e-01 4.795539033457248967e-01 4.914675767918088578e-01 4.836601307189542509e-01 4.890965732087227402e-01 4.924924924924924952e-01 4.925816023738872618e-01 4.912280701754385692e-01 4.899713467048710802e-01 4.887640449438201973e-01 4.824797843665768471e-01 4.804177545691906137e-01 4.795918367346938549e-01 4.788029925187032299e-01 4.778325123152709630e-01 4.768856447688564204e-01 4.826789838337182670e-01 4.765100671140939381e-01 4.762931034482758563e-01 4.933687002652519804e-01 4.929577464788732488e-01 4.833836858006042569e-01 4.905660377358490587e-01 4.851485148514851353e-01 4.810996563573883278e-01 4.808362369337979003e-01 4.822695035460992652e-01 4.836363636363636420e-01 4.850746268656716542e-01 4.940711462450592673e-01 4.979253112033195094e-01 5.000000000000000000e-01 5.022421524663677195e-01 5.045871559633027248e-01 5.070422535211267512e-01 4.973821989528796061e-01 5.141242937853107708e-01 5.187500000000000444e-01 
4.798387096774193727e-01 4.777777777777778012e-01 4.931972789115646183e-01 4.823151125401929362e-01 4.922600619195046656e-01 4.925373134328357994e-01 4.940828402366864158e-01 4.912790697674418450e-01 4.914772727272727071e-01 4.903047091412742198e-01 4.840425531914893664e-01 4.831168831168831113e-01 4.796954314720812129e-01 4.813895781637717031e-01 4.803921568627451122e-01 4.806763285024154841e-01 4.816513761467889898e-01 4.777777777777778012e-01 4.775160599571734443e-01 4.946808510638298073e-01 4.971751412429378791e-01 4.848484848484848619e-01 4.952076677316293862e-01 4.850498338870432025e-01 4.844290657439446202e-01 4.825174825174824988e-01 4.857142857142857095e-01 4.852941176470588203e-01 4.866920152091254725e-01 4.959677419354838745e-01 4.979079497907950014e-01 5.043478260869564966e-01 5.022624434389140191e-01 5.046296296296296502e-01 5.047619047619047450e-01 5.053191489361702482e-01 5.172413793103448620e-01 5.222929936305732435e-01 
4.759999999999999787e-01 4.855072463768115854e-01 4.898648648648648574e-01 4.855305466237941903e-01 4.938650306748466057e-01 4.940476190476190688e-01 4.926253687315634289e-01 4.912790697674418450e-01 4.901408450704225483e-01 4.931129476584021898e-01 4.867724867724867455e-01 4.870466321243523411e-01 4.860759493670885889e-01 4.851485148514851353e-01 4.841075794621026995e-01 4.880382775119617156e-01 4.863013698630136994e-01 4.811529933481152876e-01 4.817987152034260978e-01 5.026737967914438610e-01 4.971264367816091712e-01 4.939024390243902385e-01 4.984025559105431102e-01 4.899328859060402830e-01 4.895833333333333148e-01 4.912280701754385692e-01 4.928571428571428825e-01 4.944237918215613203e-01 4.904214559386972927e-01 5.000000000000000000e-01 5.000000000000000000e-01 5.021834061135370675e-01 5.045454545454545192e-01 5.069767441860465462e-01 5.000000000000000000e-01 5.053763440860215006e-01 5.202312138728323321e-01 5.222929936305732435e-01 
4.782608695652174058e-01 4.857142857142857095e-01 4.916943521594684396e-01 4.874213836477987449e-01 4.924471299093655663e-01 4.940476190476190688e-01 4.911764705882352700e-01 4.899713467048710802e-01 4.915730337078651480e-01 4.945945945945945943e-01 4.908136482939632339e-01 4.910025706940874257e-01 4.886649874055415399e-01 4.889434889434889353e-01 4.878048780487804770e-01 4.917257683215129904e-01 4.886877828054298489e-01 4.845132743362831618e-01 4.850427350427350404e-01 5.040431266846361336e-01 5.000000000000000000e-01 4.953560371517027883e-01 5.000000000000000000e-01 4.948805460750853036e-01 4.930555555555555802e-01 4.964788732394366244e-01 4.981818181818181701e-01 4.962686567164178997e-01 4.921259842519685179e-01 4.979423868312757295e-01 4.978723404255319118e-01 5.022026431718061845e-01 5.023041474654378336e-01 5.046728971962616273e-01 4.975124378109452850e-01 5.054945054945054750e-01 5.174418604651163101e-01 5.192307692307692735e-01 
4.763779527559054983e-01 4.930069930069930217e-01 4.900662251655629187e-01 4.922600619195046656e-01 4.939759036144578119e-01 4.940476190476190688e-01 4.883720930232557933e-01 4.886363636363636465e-01 4.930747922437673236e-01 4.973262032085561390e-01 4.934725848563968897e-01 4.923469387755102233e-01 4.962593516209476419e-01 4.926829268292682862e-01 4.915254237288135819e-01 4.953051643192488140e-01 4.943566591422121625e-01 4.867256637168141387e-01 4.882226980728051613e-01 5.108108108108108114e-01 5.000000000000000000e-01 5.031055900621117516e-01 5.016611295681062677e-01 5.000000000000000000e-01 5.000000000000000000e-01 5.071428571428571175e-01 5.073529411764705621e-01 5.019011406844106071e-01 4.959999999999999964e-01 5.020746887966804906e-01 5.043103448275861878e-01 4.977578475336322805e-01 5.046728971962616273e-01 5.071090047393365108e-01 5.000000000000000000e-01 5.027624309392265678e-01 5.232558139534884134e-01 5.222929936305732435e-01 
4.745098039215686070e-01 4.965517241379310276e-01 4.901315789473684181e-01 4.891640866873064875e-01 4.925373134328357994e-01 4.940828402366864158e-01 4.883720930232557933e-01 4.901408450704225483e-01 4.903581267217630990e-01 4.960212201591511771e-01 4.908616187989556234e-01 4.911838790931989940e-01 4.925373134328357994e-01 4.902439024390243816e-01 4.879227053140096637e-01 4.918793503480278217e-01 4.909909909909909720e-01 4.857142857142857095e-01 4.893617021276595591e-01 5.094850948509485056e-01 4.940119760479041999e-01 5.000000000000000000e-01 5.016611295681062677e-01 4.982698961937715998e-01 4.965034965034965109e-01 5.035714285714285587e-01 5.018587360594795044e-01 5.019157088122605526e-01 4.939271255060728727e-01 5.020746887966804906e-01 5.022026431718061845e-01 5.000000000000000000e-01 5.046728971962616273e-01 5.095238095238094900e-01 5.025906735751295429e-01 5.055555555555555358e-01 5.207100591715976279e-01 5.129870129870129913e-01 
4.750957854406130387e-01 4.932432432432432567e-01 4.886731391585760753e-01 4.892966360856269015e-01 4.940476190476190688e-01 4.912280701754385692e-01 4.885714285714285454e-01 4.902506963788300642e-01 4.959349593495934738e-01 5.000000000000000000e-01 4.987146529562981878e-01 5.000000000000000000e-01 5.000000000000000000e-01 4.975728155339805836e-01 5.000000000000000000e-01 4.976958525345622220e-01 4.955357142857143016e-01 4.934210526315789269e-01 4.978813559322033955e-01 5.179063360881542843e-01 5.060975609756097615e-01 5.111111111111110716e-01 5.117845117845117864e-01 5.069444444444444198e-01 5.106382978723403854e-01 5.145985401459853836e-01 5.132075471698113178e-01 5.058823529411764497e-01 5.000000000000000000e-01 5.021276595744680327e-01 5.000000000000000000e-01 5.000000000000000000e-01 5.047169811320755262e-01 5.000000000000000000e-01 5.052631578947368585e-01 5.113636363636363535e-01 5.178571428571429047e-01 5.065789473684210176e-01 
4.792452830188679291e-01 4.915254237288135819e-01 4.872611464968152895e-01 4.878048780487804770e-01 4.925816023738872618e-01 4.897959183673469274e-01 4.872521246458923483e-01 4.903047091412742198e-01 4.959999999999999964e-01 5.012987012987012436e-01 5.012722646310432406e-01 5.024875621890547706e-01 5.012165450121655041e-01 5.000000000000000000e-01 5.023923444976076125e-01 5.000000000000000000e-01 4.988913525498891444e-01 4.967177242888402566e-01 4.978902953586498148e-01 5.181058495821726506e-01 5.106382978723403854e-01 5.161290322580645018e-01 5.168918918918918859e-01 5.121951219512195230e-01 5.160142348754448438e-01 5.202952029520294674e-01 5.171102661596957972e-01 5.100401606425702949e-01 5.020920502092049986e-01 5.021645021645021467e-01 5.000000000000000000e-01 5.023474178403756207e-01 5.047619047619047450e-01 5.000000000000000000e-01 5.052631578947368585e-01 5.086705202312138407e-01 5.149700598802394724e-01 5.133333333333333082e-01 
4.813432835820895539e-01 4.932432432432432567e-01 4.874213836477987449e-01 4.878787878787878562e-01 4.925816023738872618e-01 4.884393063583815087e-01 4.873239436619718479e-01 4.931129476584021898e-01 4.960212201591511771e-01 5.000000000000000000e-01 4.962025316455696000e-01 5.000000000000000000e-01 4.987834549878345514e-01 4.975845410628019216e-01 4.988179669030732843e-01 4.988505747126436574e-01 4.955752212389380462e-01 4.934497816593886310e-01 4.978991596638655537e-01 5.140449438202246979e-01 5.060975609756097615e-01 5.130718954248365549e-01 5.136054421768707634e-01 5.087108013937282625e-01 5.143884892086331151e-01 5.167286245353159835e-01 5.095785440613026518e-01 5.060728744939271273e-01 5.000000000000000000e-01 5.065502183406113135e-01 5.000000000000000000e-01 5.023474178403756207e-01 5.047619047619047450e-01 5.024875621890547706e-01 5.026455026455026731e-01 5.116279069767442067e-01 5.180722891566265087e-01 5.067567567567567988e-01 
4.908424908424908195e-01 4.916387959866220791e-01 4.922600619195046656e-01 4.925373134328357994e-01 4.941176470588235503e-01 4.871794871794871695e-01 4.903047091412742198e-01 4.946236559139784994e-01 4.973684210526315708e-01 5.025641025641025550e-01 5.024875621890547706e-01 5.073891625615764012e-01 5.024271844660194164e-01 5.024038461538461453e-01 5.058548009367681564e-01 5.045871559633027248e-01 5.011037527593819041e-01 4.967320261437908613e-01 5.010482180293500676e-01 5.128205128205127750e-01 5.138461538461538414e-01 5.149501661129568530e-01 5.155709342560553798e-01 5.140845070422535024e-01 5.238095238095238360e-01 5.209125475285171225e-01 5.158730158730159276e-01 5.122950819672130729e-01 5.042735042735042583e-01 5.045045045045044585e-01 4.954128440366972752e-01 5.047169811320755262e-01 5.048076923076922906e-01 4.974619289340101447e-01 5.000000000000000000e-01 5.087719298245614308e-01 5.212121212121212377e-01 5.102040816326530726e-01 
4.892857142857142683e-01 4.917491749174917604e-01 4.877300613496932669e-01 4.925816023738872618e-01 4.897959183673469274e-01 4.845070422535211474e-01 4.890109890109889945e-01 4.973404255319148759e-01 5.000000000000000000e-01 5.025380710659897998e-01 5.037220843672456372e-01 5.073529411764705621e-01 5.024154589371980784e-01 5.047846889952153360e-01 5.069767441860465462e-01 5.045454545454545192e-01 5.000000000000000000e-01 4.967320261437908613e-01 5.031185031185031464e-01 5.145348837209302584e-01 5.140186915887849928e-01 5.201342281879194340e-01 5.156794425087107836e-01 5.195729537366547968e-01 5.278810408921933428e-01 5.230769230769231060e-01 5.120967741935483764e-01 5.084033613445377853e-01 5.043478260869564966e-01 5.022624434389140191e-01 4.953703703703703498e-01 5.047619047619047450e-01 5.000000000000000000e-01 4.948453608247422864e-01 5.000000000000000000e-01 5.117647058823528994e-01 5.212121212121212377e-01 5.034965034965035446e-01 
4.858156028368794122e-01 4.901315789473684181e-01 4.893617021276595591e-01 4.925816023738872618e-01 4.841498559077809793e-01 4.817927170868347431e-01 4.931880108991825717e-01 4.973684210526315708e-01 4.987212276214833540e-01 5.012468827930174342e-01 5.012406947890818421e-01 5.036496350364964014e-01 5.000000000000000000e-01 5.011876484560570111e-01 5.011494252873562871e-01 5.011286681715575453e-01 4.977973568281938155e-01 4.945533769063180651e-01 5.010395010395010118e-01 5.146198830409356439e-01 5.124999999999999556e-01 5.152542372881355748e-01 5.121951219512195230e-01 5.234657039711191340e-01 5.280898876404493958e-01 5.136186770428015080e-01 5.081967213114754189e-01 5.064377682403433667e-01 5.022421524663677195e-01 5.022624434389140191e-01 4.976525821596244348e-01 5.047619047619047450e-01 5.024630541871921707e-01 5.026455026455026731e-01 5.027624309392265678e-01 5.117647058823528994e-01 5.212121212121212377e-01 5.034965034965035446e-01 
4.893617021276595591e-01 4.885993485342019493e-01 4.893617021276595591e-01 4.925816023738872618e-01 4.843304843304843121e-01 4.875346260387811714e-01 4.972972972972973249e-01 4.960629921259842590e-01 5.000000000000000000e-01 5.000000000000000000e-01 5.000000000000000000e-01 5.012165450121655041e-01 4.963855421686746983e-01 4.988179669030732843e-01 5.000000000000000000e-01 4.966592427616926542e-01 4.945054945054945250e-01 4.913043478260869512e-01 4.989648033126293791e-01 5.087719298245614308e-01 5.110410094637224399e-01 5.118644067796610519e-01 5.087108013937282625e-01 5.201465201465201860e-01 5.171102661596957972e-01 5.039370078740157410e-01 5.061728395061728669e-01 5.000000000000000000e-01 5.000000000000000000e-01 5.000000000000000000e-01 4.976525821596244348e-01 5.071770334928229484e-01 5.024875621890547706e-01 5.000000000000000000e-01 5.085714285714285632e-01 5.147928994082839882e-01 5.243902439024390461e-01 5.035460992907800915e-01 
4.877192982456140524e-01 4.887459807073954998e-01 4.893617021276595591e-01 4.883040935672514626e-01 4.844192634560906541e-01 4.904109589041095729e-01 4.973404255319148759e-01 4.974093264248704571e-01 4.974747474747474585e-01 5.000000000000000000e-01 5.000000000000000000e-01 5.000000000000000000e-01 4.964028776978417490e-01 5.023474178403756207e-01 5.000000000000000000e-01 4.955555555555555824e-01 4.945054945054945250e-01 4.913419913419913576e-01 5.010309278350515427e-01 5.103244837758111885e-01 5.111821086261980618e-01 5.118644067796610519e-01 5.141843971631205878e-01 5.202952029520294674e-01 5.135135135135134865e-01 5.040322580645161255e-01 5.042016806722688926e-01 5.043859649122807154e-01 5.000000000000000000e-01 5.000000000000000000e-01 5.000000000000000000e-01 5.072463768115942351e-01 4.949494949494949725e-01 5.000000000000000000e-01 5.114942528735632044e-01 5.147928994082839882e-01 5.246913580246913567e-01 4.964028776978417490e-01 
4.912891986062717931e-01 4.858044164037854662e-01 4.878787878787878562e-01 4.840579710144927716e-01 4.874651810584958445e-01 4.932249322493225119e-01 4.934725848563968897e-01 4.987146529562981878e-01 4.987531172069825658e-01 5.000000000000000000e-01 5.012345679012345512e-01 4.987893462469733530e-01 4.964200477326968786e-01 5.011655011655011815e-01 5.000000000000000000e-01 4.955555555555555824e-01 4.956140350877192846e-01 4.913793103448275690e-01 5.010309278350515427e-01 5.074183976261127382e-01 5.146579804560260651e-01 5.136054421768707634e-01 5.197132616487455392e-01 5.169811320754716943e-01 5.098039215686274161e-01 5.103734439834024528e-01 5.021276595744680327e-01 5.022421524663677195e-01 5.000000000000000000e-01 4.977168949771689221e-01 5.023696682464454666e-01 5.073170731707317138e-01 4.974358974358974450e-01 5.000000000000000000e-01 5.114942528735632044e-01 5.119047619047618625e-01 5.250000000000000222e-01 4.964028776978417490e-01 
4.913494809688581100e-01 4.890282131661441989e-01 4.924924924924924952e-01 4.842406876790830705e-01 4.861111111111111049e-01 4.932975871313672878e-01 4.921465968586387629e-01 4.987212276214833540e-01 4.987531172069825658e-01 5.000000000000000000e-01 4.987714987714987891e-01 4.963855421686746983e-01 4.988123515439429889e-01 5.000000000000000000e-01 5.000000000000000000e-01 4.955555555555555824e-01 4.956140350877192846e-01 4.935622317596566333e-01 5.010309278350515427e-01 5.074626865671642006e-01 5.114754098360655421e-01 5.085910652920961894e-01 5.200000000000000178e-01 5.189393939393939226e-01 5.099601593625497920e-01 5.123966942148759918e-01 5.021459227467811592e-01 5.022421524663677195e-01 5.000000000000000000e-01 5.023041474654378336e-01 5.071770334928229484e-01 5.024630541871921707e-01 5.000000000000000000e-01 5.000000000000000000e-01 5.114942528735632044e-01 5.119047619047618625e-01 5.189873417721518889e-01 4.964028776978417490e-01 
4.914089347079037551e-01 4.844720496894410200e-01 4.852071005917159563e-01 4.802259887005649874e-01 4.889502762430938954e-01 4.946808510638298073e-01 4.935064935064935043e-01 5.012658227848101333e-01 4.987531172069825658e-01 5.000000000000000000e-01 4.975490196078431460e-01 4.976076555023923320e-01 5.011764705882353343e-01 5.000000000000000000e-01 5.000000000000000000e-01 4.955555555555555824e-01 4.967177242888402566e-01 4.935622317596566333e-01 5.010309278350515427e-01 5.075075075075075048e-01 5.165562913907284504e-01 5.174825174825175012e-01 5.259259259259259078e-01 5.152671755725191094e-01 5.080645161290322509e-01 5.104602510460251041e-01 4.978165938864628770e-01 5.022421524663677195e-01 5.000000000000000000e-01 5.046296296296296502e-01 5.048543689320388328e-01 4.974874371859296374e-01 5.000000000000000000e-01 5.000000000000000000e-01 5.114942528735632044e-01 5.089820359281437279e-01 5.189873417721518889e-01 4.964028776978417490e-01 
4.897260273972602884e-01 4.814814814814814548e-01 4.868035190615835894e-01 4.817927170868347431e-01 4.864130434782608647e-01 4.921465968586387629e-01 4.948453608247422864e-01 5.000000000000000000e-01 4.987593052109181024e-01 5.000000000000000000e-01 4.951456310679611672e-01 4.988066825775656077e-01 5.023474178403756207e-01 5.000000000000000000e-01 5.000000000000000000e-01 4.955555555555555824e-01 4.956331877729257540e-01 4.935897435897436125e-01 5.000000000000000000e-01 5.090361445783132543e-01 5.200000000000000178e-01 5.159010600706713801e-01 5.243445692883894615e-01 5.195312500000000000e-01 5.123966942148759918e-01 5.084745762711864181e-01 5.000000000000000000e-01 5.022624434389140191e-01 5.000000000000000000e-01 5.094339622641509413e-01 5.024390243902439046e-01 4.949494949494949725e-01 5.000000000000000000e-01 5.000000000000000000e-01 5.114942528735632044e-01 5.120481927710843761e-01 5.192307692307692735e-01 5.000000000000000000e-01 
4.914675767918088578e-01 4.892966360856269015e-01 4.840579710144927716e-01 4.777777777777778012e-01 4.864130434782608647e-01 4.921465968586387629e-01 4.948717948717948900e-01 5.000000000000000000e-01 4.987593052109181024e-01 5.012345679012345512e-01 5.012048192771084709e-01 5.011820330969266601e-01 5.023364485981308691e-01 5.022831050228310223e-01 5.000000000000000000e-01 4.988913525498891444e-01 4.978165938864628770e-01 4.957446808510638236e-01 5.030800821355235763e-01 5.105740181268881850e-01 5.151515151515151381e-01 5.232974910394265766e-01 5.340909090909090606e-01 5.234375000000000000e-01 5.165289256198346557e-01 5.128205128205127750e-01 5.044247787610619538e-01 5.067873303167420573e-01 5.022831050228310223e-01 5.023923444976076125e-01 5.024875621890547706e-01 5.000000000000000000e-01 5.000000000000000000e-01 5.057471264367816577e-01 5.086705202312138407e-01 5.120481927710843761e-01 5.194805194805194315e-01 4.963503649635036541e-01 
4.900662251655629187e-01 4.908536585365853577e-01 4.828571428571428736e-01 4.779005524861878462e-01 4.933333333333333459e-01 4.909090909090909061e-01 4.961832061068702227e-01 5.012531328320801727e-01 4.987593052109181024e-01 5.024509803921568540e-01 5.048076923076922906e-01 5.046948356807511304e-01 5.046511627906976605e-01 5.022727272727273151e-01 5.022222222222222365e-01 5.011086474501108556e-01 5.000000000000000000e-01 4.989429175475686984e-01 5.051334702258727383e-01 5.155279503105589800e-01 5.168918918918918859e-01 5.291970802919707673e-01 5.381679389312976625e-01 5.180722891566265087e-01 5.230125523012552069e-01 5.151515151515151381e-01 5.066666666666667096e-01 5.113122171945700956e-01 5.046296296296296502e-01 5.000000000000000000e-01 5.000000000000000000e-01 5.000000000000000000e-01 5.054347826086956763e-01 5.057471264367816577e-01 5.086705202312138407e-01 5.121951219512195230e-01 5.165562913907284504e-01 4.963503649635036541e-01 
4.934640522875817226e-01 4.864864864864865135e-01 4.804469273743016688e-01 4.836065573770491621e-01 4.933687002652519804e-01 4.896373056994818840e-01 4.987341772151898667e-01 5.012531328320801727e-01 5.000000000000000000e-01 5.000000000000000000e-01 5.000000000000000000e-01 5.023364485981308691e-01 4.988399071925754269e-01 4.988662131519274179e-01 4.977777777777777635e-01 4.977876106194690231e-01 4.978354978354978533e-01 4.936708860759493889e-01 5.000000000000000000e-01 5.062893081761006275e-01 5.154639175257731409e-01 5.263157894736841813e-01 5.232558139534884134e-01 5.101214574898785825e-01 5.168067226890756816e-01 5.021834061135370675e-01 4.977777777777777635e-01 5.000000000000000000e-01 5.000000000000000000e-01 5.000000000000000000e-01 4.948979591836734637e-01 5.025906735751295429e-01 5.027322404371584730e-01 5.057471264367816577e-01 5.058139534883721034e-01 5.061728395061728669e-01 5.200000000000000178e-01 5.000000000000000000e-01 
4.903225806451612656e-01 4.781341107871719953e-01 4.792243767313019154e-01 4.836065573770491621e-01 4.921465968586387629e-01 4.936061381074168808e-01 5.012594458438287548e-01 5.012406947890818421e-01 4.987714987714987891e-01 5.011990407673860837e-01 5.035128805620608938e-01 5.034965034965035446e-01 5.034482758620689724e-01 5.011235955056180247e-01 5.000000000000000000e-01 4.977973568281938155e-01 5.000000000000000000e-01 4.968421052631579182e-01 5.020491803278688270e-01 5.127388535031847105e-01 5.302491103202846556e-01 5.323193916349809873e-01 5.271317829457364823e-01 5.165289256198346557e-01 5.150214592274677816e-01 5.022026431718061845e-01 5.022624434389140191e-01 5.069124423963133896e-01 5.024154589371980784e-01 4.974619289340101447e-01 4.974358974358974450e-01 4.973544973544973269e-01 5.027932960893854997e-01 5.057471264367816577e-01 5.117647058823528994e-01 5.062499999999999778e-01 5.167785234899329172e-01 5.000000000000000000e-01 
4.874213836477987449e-01 4.801136363636363535e-01 4.792243767313019154e-01 4.919786096256684726e-01 4.896373056994818840e-01 4.961832061068702227e-01 5.025125628140703071e-01 4.975369458128078848e-01 4.963680387409201145e-01 4.988123515439429889e-01 5.000000000000000000e-01 4.976744186046511698e-01 4.965675057208238097e-01 4.966292134831460925e-01 4.966740576496674331e-01 4.989059080962801040e-01 4.956896551724138122e-01 4.926315789473684204e-01 4.989733059548254746e-01 5.098039215686274161e-01 5.220588235294117974e-01 5.247148288973384478e-01 5.080000000000000071e-01 5.126050420168066779e-01 5.021645021645021467e-01 4.911504424778760924e-01 5.000000000000000000e-01 5.023696682464454666e-01 4.975369458128078848e-01 4.948979591836734637e-01 5.000000000000000000e-01 5.026737967914438610e-01 5.027932960893854997e-01 5.028901734104046506e-01 4.970059880239520722e-01 5.062499999999999778e-01 5.167785234899329172e-01 4.963503649635036541e-01 
4.860681114551083648e-01 4.802259887005649874e-01 4.779005524861878462e-01 4.893617021276595591e-01 4.909560723514211911e-01 4.962025316455696000e-01 5.012531328320801727e-01 4.975490196078431460e-01 4.975961538461538547e-01 4.988179669030732843e-01 4.988344988344988185e-01 4.965197215777262252e-01 4.965675057208238097e-01 4.944071588366890646e-01 4.966740576496674331e-01 4.978165938864628770e-01 4.956896551724138122e-01 4.936974789915966610e-01 4.989733059548254746e-01 5.116279069767442067e-01 5.222222222222222543e-01 5.267175572519083859e-01 5.120967741935483764e-01 5.105485232067510371e-01 5.021834061135370675e-01 4.933333333333333459e-01 5.000000000000000000e-01 5.000000000000000000e-01 4.975124378109452850e-01 4.974358974358974450e-01 5.025906735751295429e-01 5.026737967914438610e-01 5.084745762711864181e-01 5.028901734104046506e-01 5.000000000000000000e-01 5.062499999999999778e-01 5.135135135135134865e-01 4.963503649635036541e-01 
4.847560975609755962e-01 4.803370786516854007e-01 4.793388429752066249e-01 4.881266490765171495e-01 4.910485933503836442e-01 5.000000000000000000e-01 5.000000000000000000e-01 4.963503649635036541e-01 5.000000000000000000e-01 4.976415094339622369e-01 4.953488372093023395e-01 4.965357967667436423e-01 4.965986394557823091e-01 4.933035714285714524e-01 4.945054945054945250e-01 4.978260869565217517e-01 4.935344827586206629e-01 4.926624737945492494e-01 4.979508196721311730e-01 5.101351351351350871e-01 5.186567164179104461e-01 5.210727969348658561e-01 5.102040816326530726e-01 5.064377682403433667e-01 4.911504424778760924e-01 4.909909909909909720e-01 4.976525821596244348e-01 4.901960784313725283e-01 4.949999999999999956e-01 5.000000000000000000e-01 4.973821989528796061e-01 4.972677595628415270e-01 5.056818181818182323e-01 5.029585798816568198e-01 4.939024390243902385e-01 5.062499999999999778e-01 5.102040816326530726e-01 4.926470588235294379e-01 
4.834834834834834671e-01 4.776536312849162247e-01 4.824797843665768471e-01 4.909560723514211911e-01 4.936386768447837414e-01 5.000000000000000000e-01 5.012345679012345512e-01 4.963680387409201145e-01 5.000000000000000000e-01 4.988290398126463687e-01 4.965197215777262252e-01 5.000000000000000000e-01 4.988713318284424547e-01 4.955752212389380462e-01 4.967032967032967150e-01 4.989154013015184574e-01 4.957081545064377925e-01 4.968684759916492943e-01 5.000000000000000000e-01 5.154639175257731409e-01 5.263157894736841813e-01 5.217391304347825942e-01 5.105485232067510371e-01 5.064935064935064402e-01 4.955752212389380462e-01 4.931506849315068219e-01 5.023696682464454666e-01 4.950495049504950451e-01 4.974619289340101447e-01 5.025906735751295429e-01 4.947368421052631415e-01 4.972375690607734877e-01 5.058139534883721034e-01 5.029585798816568198e-01 4.969325153374233306e-01 5.063291139240506666e-01 5.034482758620689724e-01 4.926470588235294379e-01 
4.836795252225519204e-01 4.776536312849162247e-01 4.839572192513368898e-01 4.909560723514211911e-01 4.936386768447837414e-01 4.987531172069825658e-01 4.975490196078431460e-01 4.951923076923077094e-01 4.988179669030732843e-01 4.988344988344988185e-01 4.988399071925754269e-01 5.000000000000000000e-01 4.977578475336322805e-01 4.944812362030905351e-01 4.978070175438596423e-01 5.000000000000000000e-01 4.957264957264957417e-01 4.979079497907950014e-01 5.000000000000000000e-01 5.156794425087107836e-01 5.263157894736841813e-01 5.200000000000000178e-01 5.105485232067510371e-01 5.064935064935064402e-01 4.977578475336322805e-01 5.000000000000000000e-01 5.048076923076922906e-01 4.975124378109452850e-01 4.974358974358974450e-01 4.974093264248704571e-01 4.946808510638298073e-01 5.000000000000000000e-01 5.087719298245614308e-01 5.000000000000000000e-01 4.938271604938271331e-01 5.064102564102563875e-01 5.000000000000000000e-01 4.925373134328357994e-01 
4.796511627906976938e-01 4.792243767313019154e-01 4.827586206896551935e-01 4.935732647814909946e-01 4.962025316455696000e-01 4.962962962962962910e-01 4.975728155339805836e-01 4.976076555023923320e-01 4.976525821596244348e-01 4.976744186046511698e-01 4.988452655889145659e-01 5.011389521640091660e-01 4.944320712694877384e-01 4.933920704845815020e-01 4.978260869565217517e-01 4.967602591792656397e-01 4.936170212765957355e-01 4.958158995815899472e-01 4.969450101832993960e-01 5.178571428571429047e-01 5.209125475285171225e-01 5.182186234817813819e-01 5.021276595744680327e-01 4.978165938864628770e-01 4.977168949771689221e-01 4.952830188679245293e-01 4.951456310679611672e-01 4.949494949494949725e-01 4.948453608247422864e-01 4.921465968586387629e-01 4.864864864864865135e-01 5.028571428571428914e-01 5.058823529411764497e-01 4.939024390243902385e-01 4.968944099378881929e-01 5.064935064935064402e-01 5.000000000000000000e-01 4.962406015037593709e-01 
4.796511627906976938e-01 4.793388429752066249e-01 4.841269841269841279e-01 4.948717948717948900e-01 4.949748743718592747e-01 4.938574938574938344e-01 4.987893462469733530e-01 4.952606635071090113e-01 4.941176470588235503e-01 4.976744186046511698e-01 4.988505747126436574e-01 5.022624434389140191e-01 4.955752212389380462e-01 4.933920704845815020e-01 4.978354978354978533e-01 4.956896551724138122e-01 4.968287526427061507e-01 4.979079497907950014e-01 4.959349593495934738e-01 5.178571428571429047e-01 5.210727969348658561e-01 5.162601626016259937e-01 5.000000000000000000e-01 5.000000000000000000e-01 5.023041474654378336e-01 4.928909952606634892e-01 5.000000000000000000e-01 5.025125628140703071e-01 4.948453608247422864e-01 4.920634920634920362e-01 4.835164835164835195e-01 5.000000000000000000e-01 5.058823529411764497e-01 4.938271604938271331e-01 5.000000000000000000e-01 4.966887417218542877e-01 4.931506849315068219e-01 5.000000000000000000e-01 
4.799999999999999822e-01 4.864130434782608647e-01 4.882506527415143571e-01 4.948979591836734637e-01 4.937965260545905677e-01 4.963503649635036541e-01 4.964028776978417490e-01 4.952830188679245293e-01 4.976635514018691864e-01 4.965357967667436423e-01 5.011389521640091660e-01 4.977678571428571508e-01 4.922737306843267269e-01 4.912663755458515080e-01 4.956709956709956511e-01 4.925053533190578148e-01 4.957805907172995741e-01 4.948024948024948300e-01 4.939516129032258118e-01 5.145985401459853836e-01 5.078125000000000000e-01 5.062240663900414717e-01 4.956896551724138122e-01 4.977375565610859809e-01 4.929577464788732488e-01 4.927536231884058204e-01 4.949999999999999956e-01 4.897959183673469274e-01 4.921465968586387629e-01 4.810810810810811078e-01 4.886363636363636465e-01 5.029239766081871066e-01 5.060240963855421326e-01 4.938271604938271331e-01 5.031847133757961776e-01 4.933333333333333459e-01 4.965034965034965109e-01 5.000000000000000000e-01 
4.787535410764872656e-01 4.837837837837837829e-01 4.909090909090909061e-01 4.924623115577889676e-01 4.901477832512315391e-01 4.975728155339805836e-01 4.940334128878281494e-01 4.952830188679245293e-01 4.965197215777262252e-01 4.942528735632183978e-01 4.965986394557823091e-01 4.955156950672645610e-01 4.868421052631579093e-01 4.879649890590809780e-01 4.913419913419913576e-01 4.903640256959314603e-01 4.947589098532494956e-01 4.916666666666666408e-01 4.908722109533468769e-01 5.092250922509224953e-01 5.039370078740157410e-01 4.937238493723849486e-01 4.911504424778760924e-01 4.954128440366972752e-01 4.811320754716981174e-01 4.878048780487804770e-01 4.849999999999999867e-01 4.818652849740932553e-01 4.867724867724867455e-01 4.808743169398906891e-01 4.831460674157303514e-01 5.059523809523809312e-01 5.029940119760478723e-01 4.938271604938271331e-01 4.968152866242038224e-01 4.829931972789115457e-01 4.930555555555555802e-01 4.961832061068702227e-01 
4.818941504178272939e-01 4.828496042216358641e-01 4.885496183206106680e-01 4.912718204488777940e-01 4.951219512195121908e-01 4.951923076923077094e-01 4.952830188679245293e-01 4.953488372093023395e-01 4.953917050691244439e-01 4.931506849315068219e-01 4.943820224719100986e-01 4.900221729490022438e-01 4.857768052516411306e-01 4.891304347826087029e-01 4.892703862660944258e-01 4.893162393162392987e-01 4.926624737945492494e-01 4.886597938144329745e-01 4.879032258064516236e-01 5.018867924528301883e-01 5.020408163265306367e-01 4.935064935064935043e-01 4.887892376681614581e-01 4.813084112149532690e-01 4.807692307692307820e-01 4.799999999999999822e-01 4.793814432989690899e-01 4.789473684210526216e-01 4.838709677419354982e-01 4.804469273743016688e-01 4.913294797687861037e-01 5.029940119760478723e-01 4.939024390243902385e-01 4.936708860759493889e-01 4.935897435897436125e-01 4.829931972789115457e-01 4.964028776978417490e-01 5.000000000000000000e-01 
4.805555555555555691e-01 4.828496042216358641e-01 4.872448979591836871e-01 4.913151364764267726e-01 4.938875305623471879e-01 4.951923076923077094e-01 4.964370546318289668e-01 4.918793503480278217e-01 4.942528735632183978e-01 4.931506849315068219e-01 4.944071588366890646e-01 4.933333333333333459e-01 4.912280701754385692e-01 4.890829694323143850e-01 4.881209503239740677e-01 4.882226980728051613e-01 4.905660377358490587e-01 4.896265560165974917e-01 4.868686868686868952e-01 5.037878787878787845e-01 5.020408163265306367e-01 4.956896551724138122e-01 4.886877828054298489e-01 4.837209302325581328e-01 4.807692307692307820e-01 4.778325123152709630e-01 4.870466321243523411e-01 4.814814814814814548e-01 4.838709677419354982e-01 4.802259887005649874e-01 4.827586206896551935e-01 4.880952380952380820e-01 4.939759036144578119e-01 4.968944099378881929e-01 4.968152866242038224e-01 4.897959183673469274e-01 4.929577464788732488e-01 5.038759689922480689e-01 
4.791086350974930186e-01 4.829396325459317518e-01 4.910485933503836442e-01 4.900497512437810843e-01 4.939172749391727568e-01 4.940334128878281494e-01 4.952830188679245293e-01 4.895591647331786755e-01 4.920273348519362266e-01 4.943820224719100986e-01 4.955156950672645610e-01 4.955752212389380462e-01 4.923413566739606173e-01 4.923413566739606173e-01 4.902386117136659505e-01 4.882729211087419863e-01 4.905660377358490587e-01 4.927536231884058204e-01 4.888888888888888729e-01 5.094339622641509413e-01 5.061728395061728669e-01 4.935622317596566333e-01 4.954954954954954860e-01 4.882629107981220629e-01 4.878048780487804770e-01 4.849999999999999867e-01 4.974093264248704571e-01 4.918918918918919192e-01 4.860335195530726127e-01 4.831460674157303514e-01 4.825581395348837455e-01 4.910179640718562721e-01 4.910179640718562721e-01 4.969325153374233306e-01 5.032258064516128560e-01 4.965986394557823091e-01 4.893617021276595591e-01 5.038759689922480689e-01 
4.793388429752066249e-01 4.804177545691906137e-01 4.886075949367088556e-01 4.888337468982630329e-01 4.915662650602409811e-01 4.905213270142180226e-01 4.918414918414918402e-01 4.907834101382488323e-01 4.908675799086757996e-01 4.943820224719100986e-01 4.955156950672645610e-01 4.944812362030905351e-01 4.934210526315789269e-01 4.912663755458515080e-01 4.913043478260869512e-01 4.871794871794871695e-01 4.926315789473684204e-01 4.938016528925620041e-01 4.858299595141700178e-01 5.095785440613026518e-01 5.103734439834024528e-01 4.978165938864628770e-01 4.977375565610859809e-01 4.928229665071770516e-01 4.950495049504950451e-01 4.923076923076923350e-01 4.947368421052631415e-01 4.946236559139784994e-01 4.860335195530726127e-01 4.831460674157303514e-01 4.853801169590643005e-01 4.880952380952380820e-01 4.939759036144578119e-01 4.939024390243902385e-01 5.064102564102563875e-01 4.899328859060402830e-01 4.857142857142857095e-01 5.153846153846153300e-01 
4.756756756756757021e-01 4.845360824742268036e-01 4.874371859296482423e-01 4.889434889434889353e-01 4.903846153846153633e-01 4.894117647058823795e-01 4.953488372093023395e-01 4.920273348519362266e-01 4.920634920634920362e-01 4.943820224719100986e-01 4.966592427616926542e-01 4.933920704845815020e-01 4.923413566739606173e-01 4.912663755458515080e-01 4.902807775377969746e-01 4.893617021276595591e-01 4.936974789915966610e-01 4.927536231884058204e-01 4.879032258064516236e-01 5.157480314960629642e-01 5.042372881355932090e-01 5.000000000000000000e-01 4.976958525345622220e-01 4.951923076923077094e-01 4.974874371859296374e-01 4.845360824742268036e-01 4.918918918918919192e-01 4.918032786885245811e-01 4.860335195530726127e-01 4.799999999999999822e-01 4.882352941176470451e-01 4.910179640718562721e-01 4.939759036144578119e-01 4.968944099378881929e-01 5.000000000000000000e-01 4.864864864864865135e-01 4.893617021276595591e-01 5.078125000000000000e-01 
4.759358288770053624e-01 4.860050890585241867e-01 4.863523573200992378e-01 4.878640776699029180e-01 4.916864608076009224e-01 4.965197215777262252e-01 4.977064220183486376e-01 4.965986394557823091e-01 4.943566591422121625e-01 4.932735426008968416e-01 4.933333333333333459e-01 4.912280701754385692e-01 4.890829694323143850e-01 4.859002169197396692e-01 4.881720430107526765e-01 4.882729211087419863e-01 4.926931106471816313e-01 4.917355371900826722e-01 4.838056680161943457e-01 5.120000000000000107e-01 4.978354978354978533e-01 4.977375565610859809e-01 4.952830188679245293e-01 4.876847290640394239e-01 4.766839378238341696e-01 4.734042553191489255e-01 4.754098360655737432e-01 4.806629834254143585e-01 4.831460674157303514e-01 4.827586206896551935e-01 4.880952380952380820e-01 4.939759036144578119e-01 5.030674846625766694e-01 4.968553459119496862e-01 4.967741935483870885e-01 4.827586206896551935e-01 4.857142857142857095e-01 5.153846153846153300e-01 
4.743935309973045800e-01 4.847715736040609236e-01 4.887780548628428701e-01 4.879227053140096637e-01 4.928909952606634892e-01 4.953703703703703498e-01 4.954337899543378998e-01 4.965986394557823091e-01 4.954954954954954860e-01 4.944071588366890646e-01 4.966592427616926542e-01 4.977973568281938155e-01 4.945295404814004647e-01 4.924078091106290911e-01 4.913793103448275690e-01 4.914529914529914278e-01 4.957805907172995741e-01 4.917012448132779823e-01 4.887983706720977484e-01 5.177865612648221427e-01 5.043478260869564966e-01 4.977578475336322805e-01 5.000000000000000000e-01 4.900990099009900902e-01 4.843750000000000000e-01 4.838709677419354982e-01 4.808743169398906891e-01 4.833333333333333370e-01 4.858757062146892847e-01 4.799999999999999822e-01 4.764705882352940902e-01 4.850299401197604721e-01 4.907975460122699363e-01 4.937500000000000222e-01 4.935897435897436125e-01 4.799999999999999822e-01 4.929577464788732488e-01 5.037593984962406291e-01 
4.748010610079575478e-01 4.848484848484848619e-01 4.901477832512315391e-01 4.940047961630695261e-01 4.952830188679245293e-01 4.954128440366972752e-01 4.965986394557823091e-01 4.966139954853273086e-01 4.977477477477477708e-01 4.944071588366890646e-01 4.966592427616926542e-01 4.955947136563876865e-01 4.945533769063180651e-01 4.924406047516198814e-01 4.913793103448275690e-01 4.914529914529914278e-01 4.926004228329809997e-01 4.948024948024948300e-01 4.888438133874239422e-01 5.182186234817813819e-01 5.043859649122807154e-01 4.954128440366972752e-01 4.879227053140096637e-01 4.849999999999999867e-01 4.840425531914893664e-01 4.808743169398906891e-01 4.806629834254143585e-01 4.777777777777778012e-01 4.858757062146892847e-01 4.799999999999999822e-01 4.823529411764705954e-01 4.848484848484848619e-01 4.906832298136645787e-01 4.937500000000000222e-01 4.935897435897436125e-01 4.900662251655629187e-01 4.825174825174824988e-01 5.038167938931297218e-01 
4.789473684210526216e-01 4.861460957178841413e-01 4.914425427872860519e-01 4.976076555023923320e-01 4.918032786885245811e-01 4.965517241379310276e-01 4.965986394557823091e-01 4.988713318284424547e-01 4.977477477477477708e-01 4.955156950672645610e-01 4.966592427616926542e-01 4.945054945054945250e-01 4.967177242888402566e-01 4.935344827586206629e-01 4.924731182795699103e-01 4.935897435897436125e-01 4.947145877378435475e-01 4.958333333333333481e-01 4.938524590163934636e-01 5.163934426229508379e-01 5.066079295154185536e-01 4.976744186046511698e-01 4.854368932038835016e-01 4.974619289340101447e-01 4.867724867724867455e-01 4.863387978142076351e-01 4.806629834254143585e-01 4.833333333333333370e-01 4.887640449438201973e-01 4.857142857142857095e-01 4.911242603550295960e-01 4.850299401197604721e-01 4.937500000000000222e-01 4.968553459119496862e-01 4.935897435897436125e-01 4.900662251655629187e-01 4.861111111111111049e-01 4.926470588235294379e-01 
4.818652849740932553e-01 4.887780548628428701e-01 4.951690821256038433e-01 4.952380952380952550e-01 4.929906542056075036e-01 4.977064220183486376e-01 4.954545454545454808e-01 4.977375565610859809e-01 4.966139954853273086e-01 4.944320712694877384e-01 4.944567627494456663e-01 4.933628318584070693e-01 4.923747276688453245e-01 4.935064935064935043e-01 4.924731182795699103e-01 4.903640256959314603e-01 4.925690021231422522e-01 4.937500000000000222e-01 4.928131416837782108e-01 5.084033613445377853e-01 4.977578475336322805e-01 4.857142857142857095e-01 4.852941176470588203e-01 4.897959183673469274e-01 4.787234042553191737e-01 4.836956521739130266e-01 4.780219780219780445e-01 4.806629834254143585e-01 4.857142857142857095e-01 4.855491329479768581e-01 4.883720930232557933e-01 4.909090909090909061e-01 4.876543209876543217e-01 4.905660377358490587e-01 4.968152866242038224e-01 4.901960784313725283e-01 4.861111111111111049e-01 4.890510948905109623e-01 
4.818652849740932553e-01 4.926108374384236543e-01 4.940047961630695261e-01 4.940898345153664217e-01 4.965197215777262252e-01 4.954337899543378998e-01 4.943052391799544476e-01 4.977375565610859809e-01 4.977477477477477708e-01 4.955357142857143016e-01 4.966740576496674331e-01 4.967177242888402566e-01 4.956521739130435034e-01 4.956709956709956511e-01 4.967741935483870885e-01 4.935897435897436125e-01 4.926004228329809997e-01 4.927234927234927508e-01 4.948875255623721992e-01 5.126050420168066779e-01 4.954128440366972752e-01 4.927536231884058204e-01 4.925373134328357994e-01 4.870466321243523411e-01 4.892473118279569988e-01 4.918918918918919192e-01 4.835164835164835195e-01 4.833333333333333370e-01 4.886363636363636465e-01 4.855491329479768581e-01 4.850299401197604721e-01 4.878048780487804770e-01 4.876543209876543217e-01 4.842767295597484312e-01 4.935897435897436125e-01 4.966887417218542877e-01 4.965034965034965109e-01 4.888888888888888729e-01 
4.859335038363171155e-01 4.914004914004914126e-01 4.976303317535544779e-01 4.941451990632318436e-01 4.976958525345622220e-01 4.943052391799544476e-01 4.954545454545454808e-01 4.977477477477477708e-01 4.955357142857143016e-01 4.966740576496674331e-01 4.978070175438596423e-01 4.945533769063180651e-01 4.967602591792656397e-01 4.978448275862069061e-01 4.989247311827956777e-01 4.978723404255319118e-01 4.947589098532494956e-01 4.937238493723849486e-01 4.938524590163934636e-01 5.107296137339055742e-01 5.023041474654378336e-01 4.900990099009900902e-01 4.974619289340101447e-01 4.894736842105263386e-01 4.972972972972973249e-01 4.945652173913043237e-01 4.888888888888888729e-01 4.943181818181818232e-01 4.913294797687861037e-01 4.880952380952380820e-01 4.969696969696969502e-01 4.906832298136645787e-01 4.874999999999999889e-01 4.842767295597484312e-01 4.870129870129870087e-01 4.965986394557823091e-01 5.000000000000000000e-01 5.000000000000000000e-01 
4.885496183206106680e-01 4.864864864864865135e-01 4.964370546318289668e-01 4.941724941724941478e-01 4.977064220183486376e-01 4.943052391799544476e-01 4.966139954853273086e-01 4.966442953020134277e-01 4.966592427616926542e-01 4.977777777777777635e-01 5.000000000000000000e-01 4.978165938864628770e-01 4.989106753812636019e-01 4.989200863930885466e-01 4.967741935483870885e-01 4.978723404255319118e-01 4.989429175475686984e-01 4.968553459119496862e-01 4.969072164948453718e-01 5.108225108225108446e-01 5.161290322580645018e-01 4.975369458128078848e-01 5.025641025641025550e-01 4.946808510638298073e-01 5.027027027027026751e-01 4.972375690607734877e-01 4.971751412429378791e-01 4.971428571428571641e-01 4.942528735632183978e-01 4.882352941176470451e-01 4.939759036144578119e-01 4.909090909090909061e-01 4.906832298136645787e-01 4.968553459119496862e-01 4.935064935064935043e-01 4.900662251655629187e-01 4.965986394557823091e-01 4.964028776978417490e-01 
4.874999999999999889e-01 4.927184466019417508e-01 4.964871194379391062e-01 4.953703703703703498e-01 4.977168949771689221e-01 4.977375565610859809e-01 4.988814317673377907e-01 4.988864142538975699e-01 4.988864142538975699e-01 4.966740576496674331e-01 4.955947136563876865e-01 4.967177242888402566e-01 4.945770065075921762e-01 4.946004319654427883e-01 4.935344827586206629e-01 4.946466809421841693e-01 4.946921443736730373e-01 4.926315789473684204e-01 4.948453608247422864e-01 5.089285714285713969e-01 5.000000000000000000e-01 4.923857868020304340e-01 4.947916666666666852e-01 4.892473118279569988e-01 4.890109890109889945e-01 4.858757062146892847e-01 4.857142857142857095e-01 4.857142857142857095e-01 4.913294797687861037e-01 4.941176470588235503e-01 4.910179640718562721e-01 4.969325153374233306e-01 4.968944099378881929e-01 5.000000000000000000e-01 4.968152866242038224e-01 4.967320261437908613e-01 5.033557046979866278e-01 4.964028776978417490e-01 
4.887218045112781684e-01 4.891041162227602879e-01 4.976635514018691864e-01 4.953917050691244439e-01 4.965831435079726686e-01 5.000000000000000000e-01 5.000000000000000000e-01 5.011185682326622093e-01 5.000000000000000000e-01 4.977876106194690231e-01 4.977973568281938155e-01 4.978070175438596423e-01 4.945533769063180651e-01 4.956709956709956511e-01 4.989247311827956777e-01 4.967880085653104683e-01 4.989339019189765190e-01 4.968421052631579182e-01 4.948024948024948300e-01 5.111111111111110716e-01 5.118483412322274440e-01 4.948979591836734637e-01 5.000000000000000000e-01 4.972972972972973249e-01 4.890109890109889945e-01 4.887640449438201973e-01 4.858757062146892847e-01 4.886363636363636465e-01 4.941860465116278966e-01 4.941176470588235503e-01 4.940476190476190688e-01 5.030303030303030498e-01 5.000000000000000000e-01 4.905660377358490587e-01 4.968152866242038224e-01 4.903225806451612656e-01 4.966442953020134277e-01 5.034965034965035446e-01 
4.875621890547263693e-01 4.891566265060240948e-01 4.895104895104895326e-01 4.954128440366972752e-01 4.965831435079726686e-01 4.965986394557823091e-01 4.965986394557823091e-01 5.022321428571429047e-01 5.011135857461024301e-01 5.022123893805309214e-01 5.022026431718061845e-01 5.054704595185995908e-01 5.032679738562091387e-01 5.043290043290042934e-01 5.053763440860215006e-01 5.053533190578158862e-01 5.053304904051172386e-01 5.042372881355932090e-01 5.020920502092049986e-01 5.315315315315315425e-01 5.311004784688995173e-01 5.333333333333333259e-01 5.212765957446808818e-01 5.189189189189189477e-01 5.191256830601093109e-01 5.191256830601093109e-01 5.056818181818182323e-01 5.085714285714285632e-01 5.058139534883721034e-01 5.058823529411764497e-01 4.970059880239520722e-01 5.030303030303030498e-01 5.000000000000000000e-01 4.968553459119496862e-01 4.968152866242038224e-01 4.967741935483870885e-01 5.000000000000000000e-01 5.068493150684931781e-01 
4.888888888888888729e-01 4.868735083532219621e-01 4.871794871794871695e-01 4.930875576036866104e-01 4.954337899543378998e-01 4.988713318284424547e-01 5.011185682326622093e-01 5.011135857461024301e-01 5.022222222222222365e-01 5.033259423503325669e-01 5.044247787610619538e-01 5.076923076923076650e-01 5.087336244541484920e-01 5.086956521739129933e-01 5.086206896551723755e-01 5.075268817204301453e-01 5.053533190578158862e-01 5.053078556263269627e-01 5.021008403361344463e-01 5.342465753424657793e-01 5.414634146341463783e-01 5.435897435897435459e-01 5.315789473684210398e-01 5.268817204301075030e-01 5.193370165745856415e-01 5.141242937853107708e-01 5.142857142857142350e-01 5.114942528735632044e-01 5.086705202312138407e-01 5.058139534883721034e-01 4.970414201183431802e-01 4.939759036144578119e-01 4.939024390243902385e-01 4.937500000000000222e-01 4.968553459119496862e-01 5.031847133757961776e-01 5.032679738562091387e-01 5.135135135135134865e-01 
4.914841849148418595e-01 4.869976359338061278e-01 4.931192660550458573e-01 4.943052391799544476e-01 4.965986394557823091e-01 5.000000000000000000e-01 5.000000000000000000e-01 5.011185682326622093e-01 5.033407572383074013e-01 5.011037527593819041e-01 5.011037527593819041e-01 5.010989010989010950e-01 5.032822757111596879e-01 5.043478260869564966e-01 5.054229934924078238e-01 5.021551724137931494e-01 5.032258064516128560e-01 5.031982942430703876e-01 5.010526315789474161e-01 5.211267605633802535e-01 5.323383084577114621e-01 5.212765957446808818e-01 5.189189189189189477e-01 5.136612021857923649e-01 5.055555555555555358e-01 5.056179775280899014e-01 5.028248587570621764e-01 4.971428571428571641e-01 5.029239766081871066e-01 5.029239766081871066e-01 5.029585798816568198e-01 4.970059880239520722e-01 4.939024390243902385e-01 4.907975460122699363e-01 5.000000000000000000e-01 4.968553459119496862e-01 4.967741935483870885e-01 5.033557046979866278e-01 
4.893111638954869558e-01 4.896073903002309269e-01 4.919908466819222226e-01 4.943052391799544476e-01 4.954545454545454808e-01 4.966139954853273086e-01 4.977578475336322805e-01 4.988814317673377907e-01 5.011086474501108556e-01 5.022123893805309214e-01 5.044052863436123690e-01 5.032822757111596879e-01 5.054466230936819349e-01 5.054229934924078238e-01 5.064655172413793371e-01 5.064655172413793371e-01 5.053533190578158862e-01 5.074626865671642006e-01 5.041841004184099972e-01 5.320197044334975534e-01 5.340314136125654532e-01 5.294117647058823595e-01 5.243243243243242979e-01 5.217391304347825942e-01 5.193370165745856415e-01 5.168539325842697041e-01 5.141242937853107708e-01 5.086705202312138407e-01 5.058139534883721034e-01 5.000000000000000000e-01 5.029940119760478723e-01 4.969696969696969502e-01 4.969325153374233306e-01 4.937500000000000222e-01 4.937500000000000222e-01 4.968152866242038224e-01 4.903225806451612656e-01 5.000000000000000000e-01 
4.882075471698112956e-01 4.861111111111111049e-01 4.873563218390804530e-01 4.908675799086757996e-01 4.909090909090909061e-01 4.920634920634920362e-01 4.920993227990970720e-01 4.955156950672645610e-01 4.944071588366890646e-01 4.955357142857143016e-01 4.922394678492239550e-01 4.922394678492239550e-01 4.922737306843267269e-01 4.912663755458515080e-01 4.913043478260869512e-01 4.913419913419913576e-01 4.925053533190578148e-01 4.925690021231422522e-01 4.926624737945492494e-01 5.050000000000000044e-01 5.104166666666666297e-01 5.079365079365079083e-01 5.000000000000000000e-01 5.000000000000000000e-01 4.972677595628415270e-01 4.972375690607734877e-01 4.887640449438201973e-01 4.915254237288135819e-01 4.886363636363636465e-01 4.971098265895953494e-01 4.971098265895953494e-01 4.970760233918128379e-01 5.000000000000000000e-01 5.000000000000000000e-01 5.000000000000000000e-01 4.968152866242038224e-01 4.967320261437908613e-01 4.965986394557823091e-01 
4.825986078886310704e-01 4.839449541284403522e-01 4.920993227990970720e-01 4.932432432432432567e-01 4.932432432432432567e-01 4.932432432432432567e-01 4.921700223713646460e-01 4.933035714285714524e-01 4.955555555555555824e-01 4.944567627494456663e-01 4.944812362030905351e-01 4.944812362030905351e-01 4.923076923076923350e-01 4.923747276688453245e-01 4.902386117136659505e-01 4.913793103448275690e-01 4.892703862660944258e-01 4.926004228329809997e-01 4.895397489539748959e-01 5.129533678756477144e-01 5.106382978723403854e-01 4.917127071823204632e-01 4.888888888888888729e-01 4.888888888888888729e-01 4.888888888888888729e-01 4.915254237288135819e-01 4.886363636363636465e-01 4.827586206896551935e-01 4.855491329479768581e-01 4.853801169590643005e-01 4.853801169590643005e-01 4.911242603550295960e-01 4.909090909090909061e-01 4.969325153374233306e-01 4.937500000000000222e-01 5.000000000000000000e-01 4.900662251655629187e-01 5.000000000000000000e-01 
4.799054373522458894e-01 4.837209302325581328e-01 4.862385321100917701e-01 4.863013698630136994e-01 4.874715261958997847e-01 4.897959183673469274e-01 4.898419864559819259e-01 4.898419864559819259e-01 4.898419864559819259e-01 4.898419864559819259e-01 4.876404494382022281e-01 4.887892376681614581e-01 4.887892376681614581e-01 4.876957494407158644e-01 4.845814977973568194e-01 4.846491228070175517e-01 4.825327510917030716e-01 4.826086956521739024e-01 4.777070063694267565e-01 4.975124378109452850e-01 4.896907216494845172e-01 4.840425531914893664e-01 4.838709677419354982e-01 4.810810810810811078e-01 4.754098360655737432e-01 4.751381215469613339e-01 4.751381215469613339e-01 4.751381215469613339e-01 4.751381215469613339e-01 4.804469273743016688e-01 4.775280898876404501e-01 4.775280898876404501e-01 4.802259887005649874e-01 4.882352941176470451e-01 4.880952380952380820e-01 4.939759036144578119e-01 4.939024390243902385e-01 5.098039215686274161e-01 
4.812206572769953117e-01 4.849187935034802721e-01 4.849884526558891351e-01 4.885321100917431325e-01 4.863013698630136994e-01 4.863636363636363869e-01 4.875283446712018187e-01 4.875283446712018187e-01 4.886877828054298489e-01 4.898419864559819259e-01 4.887387387387387427e-01 4.887387387387387427e-01 4.887892376681614581e-01 4.876957494407158644e-01 4.877505567928730468e-01 4.867256637168141387e-01 4.867841409691630039e-01 4.848484848484848619e-01 4.817987152034260978e-01 4.949494949494949725e-01 4.870466321243523411e-01 4.869109947643979197e-01 4.787234042553191737e-01 4.838709677419354982e-01 4.836956521739130266e-01 4.808743169398906891e-01 4.808743169398906891e-01 4.780219780219780445e-01 4.751381215469613339e-01 4.777777777777778012e-01 4.777777777777778012e-01 4.775280898876404501e-01 4.802259887005649874e-01 4.799999999999999822e-01 4.825581395348837455e-01 4.823529411764705954e-01 4.876543209876543217e-01 4.968152866242038224e-01 
4.834123222748815119e-01 4.859813084112149517e-01 4.848484848484848619e-01 4.872389791183294738e-01 4.884792626728110543e-01 4.873563218390804530e-01 4.873563218390804530e-01 4.885844748858447217e-01 4.874715261958997847e-01 4.897959183673469274e-01 4.875846501128668353e-01 4.853932584269662898e-01 4.865470852017937387e-01 4.866071428571428492e-01 4.845132743362831618e-01 4.856512141280353023e-01 4.845814977973568194e-01 4.815618221258134435e-01 4.817204301075269091e-01 4.900990099009900902e-01 4.846938775510203912e-01 4.871794871794871695e-01 4.818652849740932553e-01 4.789473684210526216e-01 4.814814814814814548e-01 4.814814814814814548e-01 4.784946236559139976e-01 4.810810810810811078e-01 4.754098360655737432e-01 4.806629834254143585e-01 4.860335195530726127e-01 4.831460674157303514e-01 4.829545454545454697e-01 4.883720930232557933e-01 4.853801169590643005e-01 4.882352941176470451e-01 4.969325153374233306e-01 4.968553459119496862e-01 
4.879807692307692180e-01 4.929577464788732488e-01 4.965034965034965109e-01 4.942263279445727742e-01 4.942528735632183978e-01 4.942528735632183978e-01 4.954128440366972752e-01 4.988662131519274179e-01 4.988662131519274179e-01 4.977375565610859809e-01 4.977375565610859809e-01 4.966139954853273086e-01 4.966292134831460925e-01 4.977578475336322805e-01 4.955357142857143016e-01 4.933628318584070693e-01 4.967032967032967150e-01 4.956140350877192846e-01 4.945533769063180651e-01 5.144230769230768718e-01 5.050505050505050830e-01 4.974358974358974450e-01 5.026178010471203939e-01 5.026455026455026731e-01 5.026455026455026731e-01 5.000000000000000000e-01 4.918032786885245811e-01 4.918032786885245811e-01 4.945054945054945250e-01 4.945054945054945250e-01 4.972375690607734877e-01 4.972067039106145003e-01 4.943820224719100986e-01 5.000000000000000000e-01 5.058139534883721034e-01 4.970414201183431802e-01 5.000000000000000000e-01 5.030303030303030498e-01 
4.819277108433734913e-01 4.906103286384976281e-01 4.883177570093458209e-01 4.907834101382488323e-01 4.931192660550458573e-01 4.931506849315068219e-01 4.954545454545454808e-01 4.943310657596372004e-01 4.954751131221719618e-01 4.966139954853273086e-01 4.966139954853273086e-01 4.966292134831460925e-01 4.977578475336322805e-01 4.988864142538975699e-01 5.000000000000000000e-01 4.966887417218542877e-01 4.945054945054945250e-01 4.923413566739606173e-01 4.912663755458515080e-01 5.215311004784688453e-01 5.050505050505050830e-01 5.102040816326530726e-01 5.052631578947368585e-01 5.000000000000000000e-01 5.000000000000000000e-01 4.945652173913043237e-01 4.972677595628415270e-01 4.945054945054945250e-01 4.917127071823204632e-01 4.917127071823204632e-01 4.916201117318435565e-01 4.887640449438201973e-01 4.857142857142857095e-01 4.827586206896551935e-01 4.912280701754385692e-01 4.970414201183431802e-01 5.029940119760478723e-01 5.060240963855421326e-01 
4.868735083532219621e-01 4.882629107981220629e-01 4.883177570093458209e-01 4.895591647331786755e-01 4.907834101382488323e-01 4.942791762013730161e-01 4.943052391799544476e-01 4.943052391799544476e-01 4.931818181818181657e-01 4.931818181818181657e-01 4.920634920634920362e-01 4.898876404494382220e-01 4.898876404494382220e-01 4.887892376681614581e-01 4.888888888888888729e-01 4.867256637168141387e-01 4.867841409691630039e-01 4.846491228070175517e-01 4.814814814814814548e-01 4.975609756097560954e-01 4.949494949494949725e-01 4.948979591836734637e-01 4.922279792746113714e-01 4.894736842105263386e-01 4.812834224598930288e-01 4.810810810810811078e-01 4.810810810810811078e-01 4.836956521739130266e-01 4.836956521739130266e-01 4.863387978142076351e-01 4.916201117318435565e-01 4.916201117318435565e-01 4.943820224719100986e-01 4.942528735632183978e-01 5.000000000000000000e-01 5.000000000000000000e-01 5.059523809523809312e-01 5.151515151515151381e-01 
4.941724941724941478e-01 4.965357967667436423e-01 4.953917050691244439e-01 4.977168949771689221e-01 4.965831435079726686e-01 4.965986394557823091e-01 4.965986394557823091e-01 4.965986394557823091e-01 4.988713318284424547e-01 5.000000000000000000e-01 4.988764044943820308e-01 4.988764044943820308e-01 5.000000000000000000e-01 5.000000000000000000e-01 5.022222222222222365e-01 5.000000000000000000e-01 5.000000000000000000e-01 5.043290043290042934e-01 5.032397408207343048e-01 5.128205128205127750e-01 5.078534031413612926e-01 5.105263157894737169e-01 5.053763440860215006e-01 5.081081081081081363e-01 5.081967213114754189e-01 5.081967213114754189e-01 5.081967213114754189e-01 5.027624309392265678e-01 5.000000000000000000e-01 5.027932960893854997e-01 5.027932960893854997e-01 5.000000000000000000e-01 5.000000000000000000e-01 4.942528735632183978e-01 5.000000000000000000e-01 5.000000000000000000e-01 4.876543209876543217e-01 4.906832298136645787e-01 
4.858490566037735880e-01 4.860465116279069631e-01 4.919540229885057681e-01 4.919540229885057681e-01 4.919540229885057681e-01 4.931192660550458573e-01 4.943052391799544476e-01 4.943052391799544476e-01 4.943052391799544476e-01 4.943052391799544476e-01 4.943052391799544476e-01 4.931818181818181657e-01 4.932126696832579427e-01 4.920993227990970720e-01 4.932735426008968416e-01 4.921700223713646460e-01 4.899777282850779625e-01 4.867841409691630039e-01 4.868995633187773175e-01 5.050000000000000044e-01 5.051546391752577136e-01 4.920634920634920362e-01 4.920634920634920362e-01 4.920634920634920362e-01 4.893617021276595591e-01 4.864864864864865135e-01 4.864864864864865135e-01 4.864864864864865135e-01 4.864864864864865135e-01 4.864864864864865135e-01 4.891304347826087029e-01 4.890109890109889945e-01 4.917127071823204632e-01 4.887640449438201973e-01 4.915254237288135819e-01 4.971428571428571641e-01 5.058823529411764497e-01 5.060240963855421326e-01 
4.884259259259259300e-01 4.862385321100917701e-01 4.851258581235697864e-01 4.851258581235697864e-01 4.863013698630136994e-01 4.898419864559819259e-01 4.898419864559819259e-01 4.898419864559819259e-01 4.909909909909909720e-01 4.921348314606741603e-01 4.921348314606741603e-01 4.932735426008968416e-01 4.932735426008968416e-01 4.932735426008968416e-01 4.910714285714285476e-01 4.922048997772828782e-01 4.922394678492239550e-01 4.933628318584070693e-01 4.880174291938997877e-01 4.895833333333333148e-01 4.946808510638298073e-01 4.973262032085561390e-01 4.973262032085561390e-01 4.946236559139784994e-01 4.861878453038673831e-01 4.861878453038673831e-01 4.861878453038673831e-01 4.833333333333333370e-01 4.804469273743016688e-01 4.804469273743016688e-01 4.775280898876404501e-01 4.775280898876404501e-01 4.775280898876404501e-01 4.829545454545454697e-01 4.799999999999999822e-01 4.797687861271676124e-01 4.767441860465116421e-01 4.909090909090909061e-01 
4.859813084112149517e-01 4.884259259259259300e-01 4.896551724137930828e-01 4.908256880733944949e-01 4.908256880733944949e-01 4.908256880733944949e-01 4.931818181818181657e-01 4.943310657596372004e-01 4.943310657596372004e-01 4.932126696832579427e-01 4.932126696832579427e-01 4.932126696832579427e-01 4.943566591422121625e-01 4.943566591422121625e-01 4.943566591422121625e-01 4.943566591422121625e-01 4.943566591422121625e-01 4.955156950672645610e-01 4.933628318584070693e-01 5.000000000000000000e-01 4.947916666666666852e-01 4.920634920634920362e-01 4.893617021276595591e-01 4.893617021276595591e-01 4.893617021276595591e-01 4.836956521739130266e-01 4.808743169398906891e-01 4.808743169398906891e-01 4.835164835164835195e-01 4.835164835164835195e-01 4.835164835164835195e-01 4.806629834254143585e-01 4.806629834254143585e-01 4.806629834254143585e-01 4.806629834254143585e-01 4.806629834254143585e-01 4.775280898876404501e-01 4.825581395348837455e-01 
4.882629107981220629e-01 4.871194379391100560e-01 4.871794871794871695e-01 4.871794871794871695e-01 4.883720930232557933e-01 4.895591647331786755e-01 4.884792626728110543e-01 4.884792626728110543e-01 4.884792626728110543e-01 4.885321100917431325e-01 4.885321100917431325e-01 4.885321100917431325e-01 4.885321100917431325e-01 4.874141876430205800e-01 4.874141876430205800e-01 4.863013698630136994e-01 4.851936218678815638e-01 4.851936218678815638e-01 4.851936218678815638e-01 4.747474747474747514e-01 4.771573604060913576e-01 4.769230769230769496e-01 4.769230769230769496e-01 4.742268041237113207e-01 4.715025906735751393e-01 4.736842105263157632e-01 4.736842105263157632e-01 4.736842105263157632e-01 4.734042553191489255e-01 4.734042553191489255e-01 4.734042553191489255e-01 4.734042553191489255e-01 4.759358288770053624e-01 4.759358288770053624e-01 4.784946236559139976e-01 4.810810810810811078e-01 4.810810810810811078e-01 4.810810810810811078e-01 
4.894117647058823795e-01 4.882629107981220629e-01 4.883177570093458209e-01 4.895104895104895326e-01 4.883720930232557933e-01 4.883720930232557933e-01 4.861111111111111049e-01 4.861111111111111049e-01 4.861111111111111049e-01 4.884792626728110543e-01 4.884792626728110543e-01 4.884792626728110543e-01 4.873563218390804530e-01 4.873563218390804530e-01 4.873563218390804530e-01 4.885321100917431325e-01 4.885321100917431325e-01 4.863013698630136994e-01 4.863013698630136994e-01 4.723618090452261220e-01 4.747474747474747514e-01 4.744897959183673741e-01 4.717948717948717841e-01 4.742268041237113207e-01 4.742268041237113207e-01 4.791666666666666852e-01 4.791666666666666852e-01 4.791666666666666852e-01 4.736842105263157632e-01 4.736842105263157632e-01 4.736842105263157632e-01 4.761904761904761640e-01 4.761904761904761640e-01 4.761904761904761640e-01 4.734042553191489255e-01 4.734042553191489255e-01 4.784946236559139976e-01 4.784946236559139976e-01 
4.879227053140096637e-01 4.879807692307692180e-01 4.868105515587530241e-01 4.868105515587530241e-01 4.868105515587530241e-01 4.880382775119617156e-01 4.880382775119617156e-01 4.868735083532219621e-01 4.868735083532219621e-01 4.868735083532219621e-01 4.868735083532219621e-01 4.868735083532219621e-01 4.880952380952380820e-01 4.880952380952380820e-01 4.880952380952380820e-01 4.880952380952380820e-01 4.869358669833729336e-01 4.869358669833729336e-01 4.869358669833729336e-01 4.714285714285714191e-01 4.711538461538461453e-01 4.734299516908212491e-01 4.734299516908212491e-01 4.734299516908212491e-01 4.708737864077670032e-01 4.708737864077670032e-01 4.731707317073170493e-01 4.731707317073170493e-01 4.731707317073170493e-01 4.731707317073170493e-01 4.731707317073170493e-01 4.705882352941176405e-01 4.705882352941176405e-01 4.705882352941176405e-01 4.705882352941176405e-01 4.729064039408866771e-01 4.729064039408866771e-01 4.729064039408866771e-01 
