0.000000000000000000e+00 0.000000000000000000e+00 0.000000000000000000e+00 0.000000000000000000e+00 0.000000000000000000e+00 0.000000000000000000e+00 0.000000000000000000e+00 0.000000000000000000e+00 0.000000000000000000e+00 5.004136029411764275e-01 5.004136029411764275e-01 5.004136029411764275e-01 5.004136029411764275e-01 5.004136029411764275e-01 5.004136029411764275e-01 5.004136029411764275e-01 5.004136029411764275e-01 5.004136029411764275e-01 5.004136029411764275e-01 5.004136029411764275e-01 5.004136029411764275e-01 5.004136029411764275e-01 5.004136029411764275e-01 5.004136029411764275e-01 5.004136029411764275e-01 5.004136029411764275e-01 5.004136029411764275e-01 5.004136029411764275e-01 0.000000000000000000e+00 0.000000000000000000e+00 0.000000000000000000e+00 0.000000000000000000e+00 0.000000000000000000e+00 0.000000000000000000e+00 0.000000000000000000e+00 0.000000000000000000e+00 0.000000000000000000e+00 0.000000000000000000e+00 
0.000000000000000000e+00 0.000000000000000000e+00 0.000000000000000000e+00 0.000000000000000000e+00 0.000000000000000000e+00 0.000000000000000000e+00 0.000000000000000000e+00 0.000000000000000000e+00 0.000000000000000000e+00 5.007412866961012954e-01 5.010569852941177960e-01 5.010569852941177960e-01 5.010569852941177960e-01 5.010569852941177960e-01 5.010569852941177960e-01 5.010569852941177960e-01 5.010569852941177960e-01 5.010569852941177960e-01 5.010569852941177960e-01 5.010569852941177960e-01 5.010569852941177960e-01 5.010569852941177960e-01 5.010569852941177960e-01 5.010569852941177960e-01 5.010569852941177960e-01 5.010569852941177960e-01 5.010569852941177960e-01 5.010569852941177960e-01 5.044800794320918325e-01 0.000000000000000000e+00 0.000000000000000000e+00 0.000000000000000000e+00 0.000000000000000000e+00 0.000000000000000000e+00 0.000000000000000000e+00 0.000000000000000000e+00 0.000000000000000000e+00 0.000000000000000000e+00 
0.000000000000000000e+00 0.000000000000000000e+00 0.000000000000000000e+00 0.000000000000000000e+00 0.000000000000000000e+00 0.000000000000000000e+00 0.000000000000000000e+00 0.000000000000000000e+00 0.000000000000000000e+00 5.099212854880356138e-01 5.107904411764705443e-01 5.107904411764705443e-01 5.107904411764705443e-01 5.107904411764705443e-01 5.107904411764705443e-01 5.107904411764705443e-01 5.107904411764705443e-01 5.107904411764705443e-01 5.107904411764705443e-01 5.107904411764705443e-01 5.107904411764705443e-01 5.107904411764705443e-01 5.107904411764705443e-01 5.107904411764705443e-01 5.107904411764705443e-01 5.107904411764705443e-01 5.107904411764705443e-01 5.107904411764705443e-01 5.113919045857449053e-01 0.000000000000000000e+00 0.000000000000000000e+00 0.000000000000000000e+00 0.000000000000000000e+00 0.000000000000000000e+00 0.000000000000000000e+00 0.000000000000000000e+00 0.000000000000000000e+00 0.000000000000000000e+00 
0.000000000000000000e+00 0.000000000000000000e+00 0.000000000000000000e+00 0.000000000000000000e+00 0.000000000000000000e+00 0.000000000000000000e+00 0.000000000000000000e+00 0.000000000000000000e+00 0.000000000000000000e+00 3.416666666666666741e-01 4.985569852941176272e-01 4.985569852941176272e-01 4.985569852941176272e-01 4.985569852941176272e-01 4.985569852941176272e-01 4.985569852941176272e-01 4.985569852941176272e-01 4.985569852941176272e-01 4.985569852941176272e-01 4.985569852941176272e-01 4.985569852941176272e-01 4.985569852941176272e-01 4.985569852941176272e-01 4.985569852941176272e-01 4.985569852941176272e-01 4.985569852941176272e-01 4.985569852941176272e-01 4.985569852941176272e-01 4.982656598369420431e-01 0.000000000000000000e+00 0.000000000000000000e+00 0.000000000000000000e+00 0.000000000000000000e+00 0.000000000000000000e+00 0.000000000000000000e+00 0.000000000000000000e+00 0.000000000000000000e+00 0.000000000000000000e+00 
0.000000000000000000e+00 0.000000000000000000e+00 0.000000000000000000e+00 0.000000000000000000e+00 0.000000000000000000e+00 0.000000000000000000e+00 0.000000000000000000e+00 0.000000000000000000e+00 0.000000000000000000e+00 5.066314962595763749e-01 5.040165441176471806e-01 5.040165441176471806e-01 5.040165441176471806e-01 5.040165441176471806e-01 5.040165441176471806e-01 5.040165441176471806e-01 5.040165441176471806e-01 5.040165441176471806e-01 5.040165441176471806e-01 5.040165441176471806e-01 5.040165441176471806e-01 5.040165441176471806e-01 5.040165441176471806e-01 5.040165441176471806e-01 5.040165441176471806e-01 5.040165441176471806e-01 5.040165441176471806e-01 5.040165441176471806e-01 5.027204544430496913e-01 0.000000000000000000e+00 0.000000000000000000e+00 0.000000000000000000e+00 0.000000000000000000e+00 0.000000000000000000e+00 0.000000000000000000e+00 0.000000000000000000e+00 0.000000000000000000e+00 0.000000000000000000e+00 
0.000000000000000000e+00 0.000000000000000000e+00 0.000000000000000000e+00 0.000000000000000000e+00 0.000000000000000000e+00 0.000000000000000000e+00 0.000000000000000000e+00 0.000000000000000000e+00 0.000000000000000000e+00 5.040530693763833892e-01 5.042738970588235281e-01 5.042738970588235281e-01 5.042738970588235281e-01 5.042738970588235281e-01 5.042738970588235281e-01 5.042738970588235281e-01 5.042738970588235281e-01 5.042738970588235281e-01 5.042738970588235281e-01 5.042738970588235281e-01 5.042738970588235281e-01 5.042738970588235281e-01 5.042738970588235281e-01 5.042738970588235281e-01 5.042738970588235281e-01 5.042738970588235281e-01 5.042738970588235281e-01 5.042738970588235281e-01 5.059050817440513548e-01 0.000000000000000000e+00 0.000000000000000000e+00 0.000000000000000000e+00 0.000000000000000000e+00 0.000000000000000000e+00 0.000000000000000000e+00 0.000000000000000000e+00 0.000000000000000000e+00 0.000000000000000000e+00 
0.000000000000000000e+00 0.000000000000000000e+00 0.000000000000000000e+00 0.000000000000000000e+00 0.000000000000000000e+00 0.000000000000000000e+00 0.000000000000000000e+00 0.000000000000000000e+00 0.000000000000000000e+00 5.000000000000000278e-02 5.000371968928637445e-01 5.001194852941177604e-01 5.001194852941177604e-01 5.001194852941177604e-01 5.001194852941177604e-01 5.001194852941177604e-01 5.001194852941177604e-01 5.001194852941177604e-01 5.001194852941177604e-01 5.001194852941177604e-01 5.001194852941177604e-01 5.001194852941177604e-01 5.001194852941177604e-01 5.001194852941177604e-01 5.001194852941177604e-01 5.001194852941177604e-01 5.001194852941177604e-01 5.001194852941177604e-01 5.001978552000738709e-01 1.000000000000000056e-01 0.000000000000000000e+00 0.000000000000000000e+00 0.000000000000000000e+00 0.000000000000000000e+00 0.000000000000000000e+00 0.000000000000000000e+00 0.000000000000000000e+00 0.000000000000000000e+00 
0.000000000000000000e+00 0.000000000000000000e+00 0.000000000000000000e+00 0.000000000000000000e+00 0.000000000000000000e+00 0.000000000000000000e+00 0.000000000000000000e+00 0.000000000000000000e+00 0.000000000000000000e+00 6.187500000000001332e-01 5.044523902821317352e-01 5.043750000000000178e-01 5.043750000000000178e-01 5.043750000000000178e-01 5.043750000000000178e-01 5.043750000000000178e-01 5.043750000000000178e-01 5.043750000000000178e-01 5.043750000000000178e-01 5.043750000000000178e-01 5.043750000000000178e-01 5.043750000000000178e-01 5.043750000000000178e-01 5.043750000000000178e-01 5.043750000000000178e-01 5.043750000000000178e-01 5.043750000000000178e-01 5.043750000000000178e-01 5.034014782722228132e-01 1.000000000000000056e-01 0.000000000000000000e+00 0.000000000000000000e+00 0.000000000000000000e+00 0.000000000000000000e+00 0.000000000000000000e+00 0.000000000000000000e+00 0.000000000000000000e+00 0.000000000000000000e+00 
0.000000000000000000e+00 0.000000000000000000e+00 0.000000000000000000e+00 0.000000000000000000e+00 0.000000000000000000e+00 0.000000000000000000e+00 0.000000000000000000e+00 0.000000000000000000e+00 0.000000000000000000e+00 4.954169520280330974e-01 4.972631039092753058e-01 4.974080882352940880e-01 4.974080882352940880e-01 4.974080882352940880e-01 4.974080882352940880e-01 4.974080882352940880e-01 4.974080882352940880e-01 4.974080882352940880e-01 4.974080882352940880e-01 4.974080882352940880e-01 4.974080882352940880e-01 4.974080882352940880e-01 4.974080882352940880e-01 4.974080882352940880e-01 4.974080882352940880e-01 4.974080882352940880e-01 4.974080882352940880e-01 4.974080882352940880e-01 4.978402621823841967e-01 1.000000000000000056e-01 0.000000000000000000e+00 0.000000000000000000e+00 0.000000000000000000e+00 0.000000000000000000e+00 0.000000000000000000e+00 0.000000000000000000e+00 0.000000000000000000e+00 0.000000000000000000e+00 
0.000000000000000000e+00 0.000000000000000000e+00 0.000000000000000000e+00 0.000000000000000000e+00 0.000000000000000000e+00 0.000000000000000000e+00 0.000000000000000000e+00 0.000000000000000000e+00 2.333333333333333370e-01 5.003248939745578161e-01 5.014797794117645813e-01 5.014797794117645813e-01 5.014797794117645813e-01 5.014797794117645813e-01 5.014797794117645813e-01 5.014797794117645813e-01 5.014797794117645813e-01 5.014797794117645813e-01 5.014797794117645813e-01 5.014797794117645813e-01 5.014797794117645813e-01 5.014797794117645813e-01 5.014797794117645813e-01 5.014797794117645813e-01 5.014797794117645813e-01 5.014797794117645813e-01 5.014797794117645813e-01 5.017045614187881641e-01 5.122986864124402517e-01 0.000000000000000000e+00 0.000000000000000000e+00 0.000000000000000000e+00 0.000000000000000000e+00 0.000000000000000000e+00 0.000000000000000000e+00 0.000000000000000000e+00 0.000000000000000000e+00 0.000000000000000000e+00 
0.000000000000000000e+00 0.000000000000000000e+00 0.000000000000000000e+00 0.000000000000000000e+00 0.000000000000000000e+00 0.000000000000000000e+00 0.000000000000000000e+00 0.000000000000000000e+00 0.000000000000000000e+00 5.078535876756822276e-01 5.034868103694692953e-01 5.029963235294117041e-01 5.029963235294117041e-01 5.029963235294117041e-01 5.029963235294117041e-01 5.029963235294117041e-01 5.029963235294117041e-01 5.029963235294117041e-01 5.029963235294117041e-01 5.029963235294117041e-01 5.029963235294117041e-01 5.029963235294117041e-01 5.029963235294117041e-01 5.029963235294117041e-01 5.029963235294117041e-01 5.029963235294117041e-01 5.029963235294117041e-01 5.030746934353678146e-01 5.022764696736514711e-01 4.995612462050743607e-01 0.000000000000000000e+00 0.000000000000000000e+00 0.000000000000000000e+00 0.000000000000000000e+00 0.000000000000000000e+00 0.000000000000000000e+00 0.000000000000000000e+00 0.000000000000000000e+00 
0.000000000000000000e+00 0.000000000000000000e+00 0.000000000000000000e+00 0.000000000000000000e+00 0.000000000000000000e+00 0.000000000000000000e+00 0.000000000000000000e+00 0.000000000000000000e+00 3.116666666666666474e-01 4.930465118900760335e-01 5.000968594849650728e-01 4.989390385856536381e-01 4.990257352941176450e-01 4.990257352941176450e-01 4.990257352941176450e-01 4.990257352941176450e-01 4.990257352941176450e-01 4.990257352941176450e-01 4.990257352941176450e-01 4.990257352941176450e-01 4.990257352941176450e-01 4.990257352941176450e-01 4.990257352941176450e-01 4.990257352941176450e-01 4.990257352941176450e-01 4.990257352941176450e-01 4.991036153881615034e-01 4.995551462782305552e-01 4.999362054973633951e-01 4.806091812792481766e-01 5.000000000000000278e-02 0.000000000000000000e+00 0.000000000000000000e+00 0.000000000000000000e+00 0.000000000000000000e+00 0.000000000000000000e+00 0.000000000000000000e+00 0.000000000000000000e+00 
0.000000000000000000e+00 0.000000000000000000e+00 0.000000000000000000e+00 0.000000000000000000e+00 0.000000000000000000e+00 0.000000000000000000e+00 0.000000000000000000e+00 2.625000000000000111e-01 5.200051842275511538e-01 5.078754713712163582e-01 5.077566100615553690e-01 5.087998167527199023e-01 5.087224264705882959e-01 5.087224264705882959e-01 5.087224264705882959e-01 5.087224264705882959e-01 5.087224264705882959e-01 5.087224264705882959e-01 5.087224264705882959e-01 5.087224264705882959e-01 5.087224264705882959e-01 5.087224264705882959e-01 5.087224264705882959e-01 5.087224264705882959e-01 5.087224264705882959e-01 5.088056944956667049e-01 5.090276072580239841e-01 5.079200784935903323e-01 5.113045942581591063e-01 5.415746753246752920e-01 0.000000000000000000e+00 0.000000000000000000e+00 0.000000000000000000e+00 0.000000000000000000e+00 0.000000000000000000e+00 0.000000000000000000e+00 0.000000000000000000e+00 0.000000000000000000e+00 
0.000000000000000000e+00 0.000000000000000000e+00 0.000000000000000000e+00 0.000000000000000000e+00 0.000000000000000000e+00 0.000000000000000000e+00 1.000000000000000056e-01 5.244047619047619291e-01 5.226730502870600148e-01 5.039830612982112434e-01 5.031259845086931692e-01 5.031299066985857049e-01 5.035018382352940414e-01 5.035018382352940414e-01 5.035018382352940414e-01 5.035018382352940414e-01 5.035018382352940414e-01 5.035018382352940414e-01 5.035018382352940414e-01 5.035018382352940414e-01 5.035018382352940414e-01 5.035018382352940414e-01 5.035018382352940414e-01 5.035018382352940414e-01 5.036551493638206090e-01 5.037384235500551588e-01 5.033887011838008574e-01 5.008300531327579685e-01 5.020700055062709000e-01 5.068526571467746322e-01 5.057142857142855608e-01 0.000000000000000000e+00 0.000000000000000000e+00 0.000000000000000000e+00 0.000000000000000000e+00 0.000000000000000000e+00 0.000000000000000000e+00 0.000000000000000000e+00 
0.000000000000000000e+00 0.000000000000000000e+00 0.000000000000000000e+00 0.000000000000000000e+00 0.000000000000000000e+00 0.000000000000000000e+00 2.500000000000000000e-01 5.749007936507937178e-01 5.230921898460032526e-01 5.038118744648157898e-01 5.020384747211230625e-01 4.998447765944645238e-01 5.016487497477187807e-01 5.015349264705882826e-01 5.015349264705882826e-01 5.015349264705882826e-01 5.015349264705882826e-01 5.015349264705882826e-01 5.015349264705882826e-01 5.015349264705882826e-01 5.015349264705882826e-01 5.015349264705882826e-01 5.015349264705882826e-01 5.016083982574220945e-01 5.017719954361054002e-01 5.016300085125432462e-01 5.010109977579497720e-01 4.996366919408951057e-01 5.003876913410507665e-01 5.001537964735951469e-01 5.155557836868693844e-01 4.033333333333333215e-01 0.000000000000000000e+00 0.000000000000000000e+00 0.000000000000000000e+00 0.000000000000000000e+00 0.000000000000000000e+00 0.000000000000000000e+00 
0.000000000000000000e+00 0.000000000000000000e+00 0.000000000000000000e+00 0.000000000000000000e+00 0.000000000000000000e+00 7.499999999999999722e-02 4.700000000000000289e-01 5.458156467715290505e-01 4.998060115675284076e-01 4.988083088039628743e-01 4.973457601786055449e-01 4.994425635771286842e-01 5.007337815675267922e-01 5.001576618108056760e-01 5.002389705882351878e-01 5.002389705882351878e-01 5.002389705882351878e-01 5.002389705882351878e-01 5.002389705882351878e-01 5.002389705882351878e-01 5.002389705882351878e-01 5.002389705882351878e-01 5.002389705882351878e-01 5.003134219988935039e-01 5.005401771890515272e-01 5.001943087624340922e-01 4.986706534604047891e-01 5.001935293646218028e-01 5.013534349388507616e-01 5.082487381530047532e-01 5.119767994154182933e-01 4.239285714285713769e-01 5.000000000000000278e-02 0.000000000000000000e+00 0.000000000000000000e+00 0.000000000000000000e+00 0.000000000000000000e+00 0.000000000000000000e+00 
0.000000000000000000e+00 0.000000000000000000e+00 0.000000000000000000e+00 0.000000000000000000e+00 0.000000000000000000e+00 1.916666666666666519e-01 4.227380952380951906e-01 5.068318336253119227e-01 5.143977121569800470e-01 4.904668251887651098e-01 4.909094156570232848e-01 4.909525863770973220e-01 4.918036550101166360e-01 4.940488699729183031e-01 4.943750000000000644e-01 4.943750000000000644e-01 4.943750000000000644e-01 4.943750000000000644e-01 4.943750000000000644e-01 4.943750000000000644e-01 4.943750000000000644e-01 4.943750000000000644e-01 4.944533699059561194e-01 4.946159874608150875e-01 4.948339585429680776e-01 4.940414883511566879e-01 4.930545478649465130e-01 4.919223096400444639e-01 4.957806510484415452e-01 4.978469123702294330e-01 5.029709913788765752e-01 5.373962769686453367e-01 5.041666666666666519e-01 0.000000000000000000e+00 0.000000000000000000e+00 0.000000000000000000e+00 0.000000000000000000e+00 0.000000000000000000e+00 
0.000000000000000000e+00 0.000000000000000000e+00 0.000000000000000000e+00 0.000000000000000000e+00 1.499999999999999944e-01 5.124999999999999556e-01 5.244738227458815016e-01 4.980479223509293729e-01 4.857022999331473412e-01 5.029103161047604464e-01 5.008459796609086023e-01 5.022514567030814669e-01 5.016599028626462786e-01 5.013330623397209695e-01 5.017830882352941613e-01 5.017830882352941613e-01 5.017830882352941613e-01 5.017830882352941613e-01 5.017830882352941613e-01 5.017830882352941613e-01 5.017830882352941613e-01 5.017830882352941613e-01 5.018565600221280842e-01 5.019211659052926766e-01 5.020465043409089168e-01 5.013332199572138048e-01 5.019219089475572826e-01 5.068979484762505816e-01 5.012761333654178753e-01 5.055720925949126476e-01 5.028653143247161506e-01 5.191093302122713471e-01 4.249999999999999889e-01 0.000000000000000000e+00 0.000000000000000000e+00 0.000000000000000000e+00 0.000000000000000000e+00 0.000000000000000000e+00 
0.000000000000000000e+00 0.000000000000000000e+00 0.000000000000000000e+00 0.000000000000000000e+00 1.250000000000000000e-01 3.416666666666666741e-01 4.519003219003218663e-01 5.196055541531127142e-01 5.052027910767465935e-01 4.871155751506869303e-01 4.847693384934186334e-01 4.822667884608700106e-01 4.871150509282379248e-01 4.905251432843099613e-01 4.917489911470035446e-01 4.922058823529412708e-01 4.922058823529412708e-01 4.922058823529412708e-01 4.922058823529412708e-01 4.922058823529412708e-01 4.922058823529412708e-01 4.922058823529412708e-01 4.922871911303706716e-01 4.923773350056885323e-01 4.924780338122191070e-01 4.929280100462248848e-01 4.901714447745500469e-01 4.902600781815510400e-01 4.939074216787692206e-01 4.989187051980982224e-01 5.120757629447159065e-01 5.158500772635479237e-01 5.171772520116846295e-01 4.749999999999999778e-01 0.000000000000000000e+00 0.000000000000000000e+00 0.000000000000000000e+00 0.000000000000000000e+00 
0.000000000000000000e+00 0.000000000000000000e+00 0.000000000000000000e+00 0.000000000000000000e+00 2.000000000000000111e-01 4.877380952380951373e-01 5.138460998203224772e-01 5.006785186704197921e-01 4.888334963425324808e-01 4.975551584404325212e-01 4.953130737221447255e-01 4.958495327920111606e-01 4.985826205050676307e-01 4.990995222387758501e-01 4.997671283349512938e-01 5.000367647058824305e-01 5.000367647058824305e-01 5.000367647058824305e-01 5.000367647058824305e-01 5.000367647058824305e-01 5.000367647058824305e-01 5.000367647058824305e-01 5.001925248939701474e-01 5.004760643860208802e-01 5.006358091155083123e-01 4.989672274266504504e-01 4.998266108211421033e-01 5.032356543541436356e-01 5.011995915842422100e-01 5.058436508977678381e-01 5.107262172108036902e-01 5.080252391243063048e-01 5.204792406910098146e-01 4.866666666666666363e-01 0.000000000000000000e+00 0.000000000000000000e+00 0.000000000000000000e+00 0.000000000000000000e+00 
0.000000000000000000e+00 0.000000000000000000e+00 0.000000000000000000e+00 0.000000000000000000e+00 4.474999999999999534e-01 5.298884563830650318e-01 5.033257461603770633e-01 4.924970957113343206e-01 4.971166007315999669e-01 5.050583430457049605e-01 5.077859714702604998e-01 5.078759516650446226e-01 5.081088780381750603e-01 5.082377688047859943e-01 5.082962612944864622e-01 5.082169117647058476e-01 5.082169117647058476e-01 5.082169117647058476e-01 5.082169117647058476e-01 5.082169117647058476e-01 5.082169117647058476e-01 5.082169117647058476e-01 5.085367404599209218e-01 5.084749743030606561e-01 5.078673392441980239e-01 5.089537203228131634e-01 5.154552222470754064e-01 5.194979633551966014e-01 5.140456230764680612e-01 5.126293457905479745e-01 5.120197619795683330e-01 5.114081970660917520e-01 4.641666666666666718e-01 5.000000000000000278e-02 0.000000000000000000e+00 0.000000000000000000e+00 0.000000000000000000e+00 0.000000000000000000e+00 
0.000000000000000000e+00 0.000000000000000000e+00 0.000000000000000000e+00 0.000000000000000000e+00 2.583333333333333592e-01 4.238257575757576889e-01 5.059057775156846626e-01 4.997491312443626543e-01 4.963612783959663877e-01 4.971603028315998429e-01 4.947442507612823670e-01 4.907214567137633265e-01 4.960938072594098247e-01 4.971636263985573234e-01 4.976171727439259729e-01 4.975311919933266824e-01 4.978584558823529460e-01 4.978584558823529460e-01 4.978584558823529460e-01 4.978584558823529460e-01 4.978584558823529460e-01 4.978584558823529460e-01 4.981483892433827276e-01 4.980666090500481258e-01 4.986832188919254061e-01 4.976457208310939850e-01 4.974953418594925125e-01 4.981838886599284644e-01 4.981401529011548202e-01 5.006296012264536133e-01 5.090224058443031385e-01 5.016649271122779474e-01 5.004437564413755091e-01 4.942686480186481712e-01 1.833333333333333204e-01 0.000000000000000000e+00 0.000000000000000000e+00 0.000000000000000000e+00 
0.000000000000000000e+00 0.000000000000000000e+00 0.000000000000000000e+00 0.000000000000000000e+00 3.816666666666666541e-01 5.137708818958819368e-01 5.079973927547470902e-01 4.891956161788937330e-01 4.954343286352986264e-01 5.013466941920511344e-01 4.988617568381913392e-01 4.987139091674072655e-01 4.999037348341751619e-01 5.025031082463794485e-01 5.014849870323689895e-01 5.020200995758805629e-01 5.020220588235293491e-01 5.020220588235293491e-01 5.020220588235293491e-01 5.020220588235293491e-01 5.020220588235293491e-01 5.020220588235293491e-01 5.024300501940588415e-01 5.024200540086646294e-01 5.020883065341316120e-01 5.018872477886182626e-01 5.049383381450026631e-01 5.050345446850864617e-01 5.021330942955147814e-01 5.074307855507149689e-01 5.128129756196264655e-01 5.142315954346463602e-01 4.954638986920713029e-01 5.406150793650793540e-01 1.000000000000000056e-01 0.000000000000000000e+00 0.000000000000000000e+00 0.000000000000000000e+00 
0.000000000000000000e+00 0.000000000000000000e+00 0.000000000000000000e+00 7.499999999999999722e-02 4.061904761904761574e-01 5.117026774871453743e-01 5.212005054169689400e-01 4.945556006159823603e-01 5.001066562459242082e-01 4.994661847263427989e-01 4.965978732951404351e-01 4.980826531087148012e-01 4.995610640377395884e-01 4.997002036541997039e-01 5.001504910337680743e-01 4.998631119767656950e-01 4.998621323529411908e-01 4.998621323529411908e-01 4.998621323529411908e-01 4.998621323529411908e-01 4.998621323529411908e-01 4.998621323529411908e-01 5.000134115166442461e-01 5.004655403464646213e-01 4.991201261106875675e-01 4.969021879483246917e-01 5.026514029389910210e-01 5.003548187254321933e-01 5.001854142224185784e-01 5.044980030524394143e-01 5.046296823073005422e-01 5.027885123197285422e-01 5.045710517017221175e-01 4.444444444444444753e-01 5.000000000000000278e-02 0.000000000000000000e+00 0.000000000000000000e+00 0.000000000000000000e+00 
0.000000000000000000e+00 0.000000000000000000e+00 0.000000000000000000e+00 1.499999999999999944e-01 3.989285714285714102e-01 5.169669429426448914e-01 4.984501776317504240e-01 4.910301476259035236e-01 4.981625927509428786e-01 5.010632883537045057e-01 5.005755098421300620e-01 5.018671225166252414e-01 5.020724835439405176e-01 5.015457628147451663e-01 5.016544615704703336e-01 5.009723054582333468e-01 5.012867647058822929e-01 5.012867647058822929e-01 5.012867647058822929e-01 5.012867647058822929e-01 5.012867647058822929e-01 5.012867647058822929e-01 5.013631753641896172e-01 5.023255686295823308e-01 4.998590711196939651e-01 5.021584090525420541e-01 5.045334318864526102e-01 5.031109679089806885e-01 5.020033080918607782e-01 5.029236214457210030e-01 5.004158239946489006e-01 4.993722267811933624e-01 4.917006061912683745e-01 4.996825396825396171e-01 2.500000000000000000e-01 0.000000000000000000e+00 0.000000000000000000e+00 0.000000000000000000e+00 
0.000000000000000000e+00 0.000000000000000000e+00 0.000000000000000000e+00 7.499999999999999722e-02 3.788888888888888862e-01 5.094189028109659123e-01 4.923160853271610904e-01 4.966902323755740811e-01 5.018981733501474141e-01 5.012761976275026399e-01 5.003794659204469086e-01 5.008895476134025415e-01 5.021206853498065836e-01 5.021198397929477197e-01 5.014946065686729515e-01 5.019508307733563379e-01 5.022702205882352278e-01 5.022702205882352278e-01 5.022702205882352278e-01 5.022702205882352278e-01 5.022702205882352278e-01 5.022702205882352278e-01 5.025073018760647381e-01 5.035597486705987169e-01 5.013011541912522073e-01 5.043361089295091970e-01 5.043418163204155258e-01 5.026976021807356698e-01 5.027901385554581770e-01 5.052871303645144474e-01 5.052607079460387229e-01 5.021837462894355175e-01 4.991581173456173803e-01 5.349278499278499188e-01 2.333333333333333093e-01 0.000000000000000000e+00 0.000000000000000000e+00 0.000000000000000000e+00 
0.000000000000000000e+00 0.000000000000000000e+00 0.000000000000000000e+00 2.250000000000000056e-01 5.422936785436783813e-01 5.018086292712030660e-01 4.888383771726493299e-01 4.946125436180230928e-01 4.948205477391177665e-01 5.016159824020330893e-01 5.015069271301795251e-01 5.025202174146123912e-01 5.023749161334430946e-01 5.011651772524815529e-01 5.008632046783990655e-01 5.010922805642633593e-01 5.012499999999999734e-01 5.012499999999999734e-01 5.012499999999999734e-01 5.012499999999999734e-01 5.012499999999999734e-01 5.012499999999999734e-01 5.016085040856572697e-01 4.998611376637520642e-01 5.011351508223634843e-01 5.037355162795503771e-01 5.039428414981182991e-01 5.062249506574547642e-01 5.006407960116352474e-01 5.013319187942324451e-01 4.971276489423321898e-01 4.953588269220310925e-01 5.117728039186848488e-01 5.736904761904760841e-01 1.000000000000000056e-01 0.000000000000000000e+00 0.000000000000000000e+00 0.000000000000000000e+00 
0.000000000000000000e+00 0.000000000000000000e+00 0.000000000000000000e+00 2.416666666666666408e-01 4.748330999066293634e-01 4.931518574657031140e-01 4.923099176889024764e-01 4.929801594574840240e-01 4.949564817653197002e-01 4.996816325951155546e-01 4.990041659638999039e-01 4.963302152337211171e-01 4.997034617619665609e-01 5.003610942658202054e-01 4.987540875928441197e-01 4.990363665195083342e-01 4.992738970588234682e-01 4.992738970588234682e-01 4.992738970588234682e-01 4.992738970588234682e-01 4.992738970588234682e-01 4.993596141434630264e-01 4.995138445075675837e-01 5.001377604442566183e-01 4.998492473550270598e-01 5.001322537964900672e-01 5.013577454666564570e-01 5.009112090235231518e-01 4.989539392991565459e-01 4.989836746751923902e-01 5.073656506014709855e-01 5.023379379730700256e-01 4.940936313281429904e-01 5.241224747474746426e-01 2.999999999999999889e-01 0.000000000000000000e+00 0.000000000000000000e+00 0.000000000000000000e+00 
0.000000000000000000e+00 0.000000000000000000e+00 0.000000000000000000e+00 2.999999999999999334e-01 5.087373737373737104e-01 4.986447835448536980e-01 4.999607921298124258e-01 5.012684132755498290e-01 4.941843681315388759e-01 4.977001806531495265e-01 4.901034833099963128e-01 4.960800116085998246e-01 4.938930211756606958e-01 4.975290426919294906e-01 4.966964036298460172e-01 4.966875358011508257e-01 4.971507352941176849e-01 4.971507352941176849e-01 4.971507352941176849e-01 4.971507352941176849e-01 4.971507352941176849e-01 4.973158019085377468e-01 4.977530692525753975e-01 4.964940369797291586e-01 4.971154250134752206e-01 4.966320249922433483e-01 4.961600768886673118e-01 4.987329626611004540e-01 4.970496637534450035e-01 5.036416284789441145e-01 4.982078084120109551e-01 5.054345709282922483e-01 4.930066107985367485e-01 5.058912386464884392e-01 4.227380952380951906e-01 0.000000000000000000e+00 0.000000000000000000e+00 0.000000000000000000e+00 
0.000000000000000000e+00 0.000000000000000000e+00 0.000000000000000000e+00 3.225000000000000089e-01 5.171565240315241230e-01 5.263234300721435499e-01 5.049341807099413382e-01 4.948473688044660035e-01 4.898252377678552483e-01 4.977093081734659807e-01 4.958610263507141624e-01 4.941458438880932391e-01 4.986454720820737707e-01 4.995029083320244867e-01 4.978042469258195935e-01 4.971386667910066004e-01 4.975827205882352722e-01 4.975827205882352722e-01 4.975827205882352722e-01 4.975827205882352722e-01 4.975827205882352722e-01 4.976610904941913271e-01 4.984330426387938440e-01 4.970833283080453024e-01 4.955888242828576651e-01 4.970843790108036009e-01 4.986308932237538682e-01 5.025223370892314412e-01 4.982298797468017737e-01 5.004017283872295163e-01 5.043573979189780454e-01 4.929503859350740091e-01 4.858858311985246869e-01 5.009876965140123151e-01 6.214285714285714413e-01 0.000000000000000000e+00 0.000000000000000000e+00 0.000000000000000000e+00 
0.000000000000000000e+00 0.000000000000000000e+00 0.000000000000000000e+00 3.758333333333333526e-01 5.127618669743283508e-01 4.836591777731557573e-01 4.925398650959644797e-01 4.897146795466513214e-01 4.968287141208870272e-01 5.024175299124845617e-01 5.070142559109707125e-01 5.025216345683716224e-01 5.048045479755358667e-01 5.044815872211113605e-01 5.041786360883340201e-01 5.029356441728682903e-01 5.035753676470587914e-01 5.035753676470587914e-01 5.035753676470587914e-01 5.035753676470587914e-01 5.035753676470587914e-01 5.037468018163377970e-01 5.046045693801961551e-01 5.025476905618233570e-01 5.063112035377059783e-01 5.066666537173702967e-01 5.105358414289474789e-01 5.088558290008277085e-01 5.056728751516035292e-01 4.987298273709505070e-01 5.080801529177090270e-01 4.955491620536179864e-01 4.940553263745759982e-01 4.830586733527910681e-01 5.333333333333334370e-01 0.000000000000000000e+00 0.000000000000000000e+00 0.000000000000000000e+00 
0.000000000000000000e+00 0.000000000000000000e+00 5.000000000000000278e-02 3.872222222222221344e-01 5.266847052586215439e-01 5.045401217135088157e-01 4.912183236968393207e-01 4.938136711520396682e-01 4.969901071383319158e-01 5.029456756843011522e-01 5.036197958736879920e-01 5.033821309115269482e-01 5.064054080247970546e-01 5.044571953811236575e-01 5.036883157762321872e-01 5.018868198366238653e-01 5.027389705882352455e-01 5.027389705882352455e-01 5.027389705882352455e-01 5.027389705882352455e-01 5.027389705882352455e-01 5.029040495249677001e-01 5.032834804550240237e-01 5.012651759802080331e-01 5.026228669267566174e-01 5.060016448782599374e-01 5.070812261730686110e-01 5.071645619256883730e-01 5.029508722545691368e-01 5.014033772885396756e-01 5.016917726986476200e-01 4.866747508086319840e-01 4.869850248813518689e-01 4.853166971916971772e-01 5.934523809523809534e-01 0.000000000000000000e+00 0.000000000000000000e+00 0.000000000000000000e+00 
0.000000000000000000e+00 0.000000000000000000e+00 0.000000000000000000e+00 4.691666666666667318e-01 5.331063340254516003e-01 5.019838549992777788e-01 5.036487280288214352e-01 4.911398252454401425e-01 4.957935460056036026e-01 4.992158755050127295e-01 4.911146889719947284e-01 4.980558558852107298e-01 4.970262675802192831e-01 4.991560730690111081e-01 4.986412208000589597e-01 4.998415967034393614e-01 4.991176470588234437e-01 4.991176470588234437e-01 4.991176470588234437e-01 4.991176470588234437e-01 4.991176470588234437e-01 4.993410012907983919e-01 4.993990626305829794e-01 4.974103841611047794e-01 4.986737410740107457e-01 4.983492830387680206e-01 5.018644937915377469e-01 5.014991347312039993e-01 5.006695195619068617e-01 5.074788571926148739e-01 5.002441683808726003e-01 5.051737976298957822e-01 4.991642980015164044e-01 5.057045804002118228e-01 4.874603174603174272e-01 0.000000000000000000e+00 0.000000000000000000e+00 0.000000000000000000e+00 
0.000000000000000000e+00 0.000000000000000000e+00 7.499999999999999722e-02 4.171626984126984294e-01 5.100749403669435633e-01 4.964247722423989484e-01 4.926600112724727754e-01 4.915029574471367901e-01 4.941426875606761415e-01 5.012603204321725014e-01 4.990166217654899983e-01 5.001885955069000911e-01 5.011208982751311769e-01 5.019385923621576540e-01 5.007245016501883361e-01 5.000645418309249690e-01 5.000827205882353299e-01 5.000827205882353299e-01 5.000827205882353299e-01 5.000827205882353299e-01 5.000827205882353299e-01 5.003148945152083860e-01 5.003700857659296730e-01 4.980077619357844432e-01 5.003327044729711792e-01 5.020998811736241407e-01 5.035400197492593266e-01 5.041245311049837863e-01 4.987763531088220681e-01 5.013018778549618304e-01 5.004120537064008500e-01 4.936118038698501520e-01 4.848533089840828536e-01 4.872296248213429659e-01 4.783333333333333326e-01 0.000000000000000000e+00 0.000000000000000000e+00 0.000000000000000000e+00 
0.000000000000000000e+00 0.000000000000000000e+00 0.000000000000000000e+00 4.370833333333332682e-01 5.606229047869913940e-01 5.135440659213823533e-01 4.928563114956755475e-01 4.902316570981539168e-01 4.901564220472827138e-01 4.969985585583064358e-01 4.944398846859151542e-01 4.981947108505359045e-01 4.969660833924821608e-01 4.985383187191271270e-01 4.995102610462412995e-01 4.994019876010307724e-01 4.983240662296738455e-01 4.987775735294116553e-01 4.987775735294116553e-01 4.987775735294116553e-01 4.987775735294116553e-01 4.989935436157663662e-01 4.993921725384090071e-01 4.960055960722563606e-01 4.971337296635450764e-01 4.999388775571166899e-01 5.011882785397109297e-01 5.029961256459534180e-01 4.999555784801959502e-01 5.022846127818870743e-01 4.982353098219609033e-01 5.028881953210284639e-01 4.994000391267613415e-01 4.893047791977620520e-01 4.809745034377387318e-01 2.750000000000000222e-01 0.000000000000000000e+00 0.000000000000000000e+00 
0.000000000000000000e+00 0.000000000000000000e+00 1.083333333333333232e-01 5.144203712953712149e-01 5.147259810153165249e-01 4.954444735480388329e-01 4.944504161150213295e-01 5.000588331347541882e-01 4.965252604538558101e-01 5.002020422940887112e-01 4.989933503958955963e-01 4.985771149627358234e-01 4.998722958094914404e-01 4.994269607319807847e-01 4.995379141623875752e-01 4.983887545527430629e-01 4.990939343997787825e-01 4.991727941176470895e-01 4.991727941176470895e-01 4.991727941176470895e-01 4.991727941176470895e-01 4.995364706922114095e-01 4.979289606256654954e-01 4.973169361261642329e-01 5.002215603834592184e-01 5.011028701537825203e-01 4.981566141332431918e-01 5.024088489809577229e-01 4.982062633171429056e-01 4.997563766144893505e-01 5.009308612024535590e-01 4.971853053007873058e-01 5.003841610484159874e-01 4.943281024531024914e-01 5.574999999999999956e-01 5.000000000000000278e-02 0.000000000000000000e+00 0.000000000000000000e+00 
0.000000000000000000e+00 0.000000000000000000e+00 1.666666666666666574e-01 5.179383116883117255e-01 5.175604335966177416e-01 4.978065790120460576e-01 4.893330535514222035e-01 4.929269547301852183e-01 4.998059710165874137e-01 5.039550610038612266e-01 5.033056110036853159e-01 5.048423382282444249e-01 5.016715599519037116e-01 5.038004439004553081e-01 5.034303010530076783e-01 5.027810784609337835e-01 5.018758643739628100e-01 5.021966911764705888e-01 5.021966911764705888e-01 5.021966911764705888e-01 5.021966911764705888e-01 5.025007763005274741e-01 5.016651186115705929e-01 5.005207314307595912e-01 5.024433901426090809e-01 5.053418896421464357e-01 5.058077216420973077e-01 5.032997792896151124e-01 5.006161525429415615e-01 5.010485858895205036e-01 4.964124208704626118e-01 5.025486470411710815e-01 4.945270014514029921e-01 4.898816340526885860e-01 4.592075285825286679e-01 2.999999999999999889e-01 0.000000000000000000e+00 0.000000000000000000e+00 
0.000000000000000000e+00 0.000000000000000000e+00 2.750000000000000222e-01 4.865592740592740162e-01 4.907561612132856910e-01 4.784832501295696039e-01 4.896974811062224653e-01 4.923730520536905853e-01 4.997602339462353660e-01 4.982259965593555107e-01 4.968034832585613292e-01 4.973641557926328227e-01 4.989119053782092861e-01 4.980373674685517615e-01 4.978119720234720491e-01 4.973843016865182598e-01 4.982958291075049173e-01 4.982904411764704777e-01 4.982904411764704777e-01 4.982904411764704777e-01 4.982904411764704777e-01 4.985137056926830512e-01 4.974147972378027416e-01 4.983068050380706215e-01 5.017894796564725812e-01 5.009512019935915550e-01 5.017003030111190087e-01 4.980452711927044196e-01 4.991404170495016279e-01 5.005021971099827827e-01 4.995622116484584874e-01 4.946218019824543122e-01 4.962217815577351088e-01 5.000688798760327680e-01 5.758495670995670279e-01 1.000000000000000056e-01 0.000000000000000000e+00 0.000000000000000000e+00 
0.000000000000000000e+00 0.000000000000000000e+00 3.166666666666665964e-01 5.277094474153297687e-01 5.183433639283976380e-01 5.037632080314116134e-01 4.916119047085443228e-01 4.879789488877357972e-01 4.975498866276101273e-01 5.001656666026905729e-01 4.975163555195966647e-01 4.972824604190043130e-01 4.973708327823654907e-01 4.982828998941187248e-01 4.982799383896990841e-01 4.990034607074437245e-01 4.987775581265213587e-01 4.992463235294117285e-01 4.992463235294117285e-01 4.992463235294117285e-01 4.992463235294117285e-01 4.998130347126542583e-01 4.979683310256140527e-01 4.973860770989707580e-01 4.984733724081847339e-01 5.014836813318458431e-01 5.037606322811608583e-01 5.002271571869330025e-01 4.991924027489055282e-01 5.026586380923419028e-01 5.036271995297354476e-01 5.055994919810562482e-01 5.053165729315909349e-01 5.101705765259882952e-01 5.051335470085469570e-01 3.499999999999999778e-01 0.000000000000000000e+00 0.000000000000000000e+00 
0.000000000000000000e+00 0.000000000000000000e+00 2.750000000000000222e-01 5.249735133287763977e-01 5.054002480474391046e-01 5.006325463077029303e-01 4.889642740005539778e-01 4.889007699702301868e-01 4.956126829119316679e-01 4.955722258691824256e-01 4.883163857018950615e-01 4.907376487533604559e-01 4.918004076349082321e-01 4.933075273642912317e-01 4.952958903934522317e-01 4.945590165332042210e-01 4.949582194350616859e-01 4.956709558823529926e-01 4.956709558823529926e-01 4.956709558823529926e-01 4.956709558823529926e-01 4.963816755383965718e-01 4.941288607213151773e-01 4.945797254272788490e-01 4.945468662585009167e-01 4.973358819218973714e-01 4.978854557729979757e-01 4.956295665867004319e-01 4.958493799773913691e-01 5.030593940691571175e-01 5.034022628026320056e-01 5.045439765121605413e-01 5.029107586506532668e-01 4.915271352469228749e-01 5.128624299676929343e-01 3.833333333333333037e-01 0.000000000000000000e+00 0.000000000000000000e+00 
0.000000000000000000e+00 0.000000000000000000e+00 3.758333333333332971e-01 5.294437842964732077e-01 5.058319479899878734e-01 4.930425007102737789e-01 4.917989430660973937e-01 4.959371206576070890e-01 4.944690848933540051e-01 5.003742583017565249e-01 4.980363462578535350e-01 5.001021831266434514e-01 4.996298933826132105e-01 5.003383787633230995e-01 4.991654459650162745e-01 4.994821385201470010e-01 4.998261133260163414e-01 5.001378676470588092e-01 5.001378676470588092e-01 5.001378676470588092e-01 5.001378676470588092e-01 5.005365062101656548e-01 4.985198098939750411e-01 4.999939340985083969e-01 5.023796680757005584e-01 5.040185021362535434e-01 5.028963262406814794e-01 5.052360651395673141e-01 5.004371465803270080e-01 5.038621243382912507e-01 4.993942965437930814e-01 5.006890250108652074e-01 4.986812485155291408e-01 5.137933740977219665e-01 5.364700577200576248e-01 2.250000000000000056e-01 0.000000000000000000e+00 0.000000000000000000e+00 
0.000000000000000000e+00 0.000000000000000000e+00 3.583333333333333370e-01 5.494045578604401792e-01 5.134992104810324198e-01 4.922198100205218418e-01 4.879728585538819496e-01 4.914882642722012696e-01 4.928277196528011439e-01 4.901479146783357943e-01 4.859163097288297095e-01 4.867497967760835986e-01 4.851201724088753942e-01 4.872119309267766707e-01 4.899963960725532419e-01 4.899690688341107325e-01 4.915716688185082783e-01 4.920588235294117152e-01 4.920588235294117152e-01 4.920588235294117152e-01 4.920588235294117152e-01 4.928294138485680986e-01 4.902835884888305240e-01 4.902907351955246296e-01 4.920532601721478438e-01 4.933894677326052802e-01 4.924398749365983541e-01 4.916093312764104328e-01 4.934333064438473082e-01 4.980905036052635237e-01 4.997672286521219753e-01 5.068631636400249274e-01 5.082008336411104610e-01 5.038158891436049780e-01 5.183324947469685196e-01 4.891666666666666385e-01 0.000000000000000000e+00 0.000000000000000000e+00 
0.000000000000000000e+00 0.000000000000000000e+00 2.708333333333333148e-01 5.031980519480518943e-01 5.009731770207777046e-01 4.960310117776172700e-01 4.950983841043251621e-01 4.919441486290218601e-01 4.944430676319448992e-01 4.931726581938664644e-01 4.901934931775032145e-01 4.902601373214059421e-01 4.917845013841078416e-01 4.936549066445605760e-01 4.936732973527829249e-01 4.946466557364601613e-01 4.951652143444824072e-01 4.949540441176469296e-01 4.949540441176469296e-01 4.949540441176469296e-01 4.949540441176469296e-01 4.956559134303958336e-01 4.949998756407721912e-01 4.944954108375417823e-01 4.940357296404534471e-01 4.938276475143345001e-01 4.949290974445029745e-01 4.945920351097881640e-01 4.949736849305163555e-01 4.984384124175590403e-01 5.009834912628317038e-01 5.008639829647412167e-01 4.966028730677592984e-01 4.967622504186836041e-01 4.952171846502510522e-01 4.229761904761904501e-01 0.000000000000000000e+00 0.000000000000000000e+00 
0.000000000000000000e+00 0.000000000000000000e+00 4.000000000000000222e-01 4.524621212121212044e-01 5.122464880320917180e-01 4.995390449668811184e-01 5.005494577208472462e-01 4.913830961020018151e-01 4.925820041258027748e-01 4.971848257288367101e-01 5.020136842383425835e-01 4.934262086614553122e-01 4.942260668457214012e-01 4.951881995468537245e-01 4.945642853306070341e-01 4.964650778944444953e-01 4.975445617875852156e-01 4.980238970588235503e-01 4.980238970588235503e-01 4.980238970588235503e-01 4.980238970588235503e-01 4.984853602150410845e-01 4.983297068179492473e-01 4.970675983980239465e-01 4.978641135032851328e-01 4.974595989729947432e-01 4.989337768651276872e-01 4.994069940942680863e-01 4.985286084130734485e-01 4.949282182345970393e-01 5.013117047664403803e-01 5.039653464733542254e-01 5.056904650003004598e-01 5.135562045865603720e-01 5.192314269729739751e-01 5.294444444444443842e-01 0.000000000000000000e+00 0.000000000000000000e+00 
0.000000000000000000e+00 0.000000000000000000e+00 3.666666666666666408e-01 5.120833333333333348e-01 5.006094403460352726e-01 5.009618923933902845e-01 4.916584211683385774e-01 4.944566283162065146e-01 4.953298913489269095e-01 4.964426672713930233e-01 4.960808778288255394e-01 4.967485208721992285e-01 4.963075603124671997e-01 4.954645378164078129e-01 4.951742437913367323e-01 4.968538996777329686e-01 4.967313078457351594e-01 4.968566176470588514e-01 4.968566176470588514e-01 4.968566176470588514e-01 4.968566176470588514e-01 4.973711114926540056e-01 4.960519465650263804e-01 4.961780861432979473e-01 4.963893348086296231e-01 4.988460729265594695e-01 4.985525298523027504e-01 4.977745951018426318e-01 4.975220859412249896e-01 4.974406627711830398e-01 4.967968271500345923e-01 4.978146809443960707e-01 5.014535891132683165e-01 5.029613872115362705e-01 4.953611666111665812e-01 4.083333333333333259e-01 0.000000000000000000e+00 0.000000000000000000e+00 
0.000000000000000000e+00 0.000000000000000000e+00 3.558333333333333348e-01 5.078056543130073930e-01 4.828754213646840876e-01 4.952172743118558040e-01 4.920725717249140874e-01 4.951355374661744468e-01 4.974587358520135005e-01 4.941566910435459259e-01 4.892576594565240522e-01 4.927115223895438545e-01 4.942216784219212178e-01 4.914873544492567303e-01 4.917349942430528920e-01 4.947084621799775483e-01 4.941344796638709735e-01 4.946415441176470473e-01 4.946415441176470473e-01 4.946415441176470473e-01 4.946415441176470473e-01 4.954160411993840940e-01 4.943718117416477931e-01 4.959432941237798542e-01 4.942792202547606206e-01 4.953666368294125100e-01 4.945472927074326397e-01 4.937432048544588836e-01 4.956915494022824942e-01 5.009839258640743642e-01 4.999722111502268307e-01 4.958960990275505520e-01 5.047436349431458913e-01 5.173602528351979313e-01 5.150441349642116418e-01 5.250000000000000222e-01 0.000000000000000000e+00 0.000000000000000000e+00 
0.000000000000000000e+00 0.000000000000000000e+00 4.539285714285714590e-01 4.972029429691969260e-01 4.956291613748627922e-01 4.928253567225929221e-01 4.921950669773210163e-01 4.925024405854451781e-01 4.968069798571684292e-01 4.992775547805865521e-01 5.001172120245551689e-01 4.987507749276082203e-01 4.969584074468003654e-01 4.965179444218618121e-01 4.994682595015434989e-01 4.984217465035000738e-01 4.991832471095702384e-01 4.994117647058822773e-01 4.994117647058822773e-01 4.994117647058822773e-01 4.994117647058822773e-01 5.000111111299284650e-01 4.998072684732698390e-01 5.001763755269337253e-01 5.011479398519191886e-01 5.026531594681455939e-01 5.035436157421340209e-01 5.026702030970968682e-01 5.005718976299898815e-01 4.990546898809085086e-01 5.028110533678062932e-01 5.100201830929990132e-01 5.146903508944206118e-01 4.955151061331246609e-01 5.267085198083649722e-01 4.783333333333333881e-01 0.000000000000000000e+00 0.000000000000000000e+00 
0.000000000000000000e+00 0.000000000000000000e+00 3.941666666666666652e-01 4.722493682787799463e-01 4.948538832029323875e-01 5.121078499759672553e-01 4.987454648265238211e-01 4.885830905623357867e-01 4.955746737672523383e-01 4.948794607263805601e-01 4.969056799801022106e-01 4.982701283711928886e-01 5.003387446018601192e-01 4.968240456964716500e-01 4.943199707673102128e-01 4.951413339969975569e-01 4.968273692184110857e-01 4.967371323529411464e-01 4.967371323529411464e-01 4.967371323529411464e-01 4.967371323529411464e-01 4.978070796421051325e-01 4.971644156575353302e-01 4.958525168439996689e-01 4.944613137307142803e-01 4.961391368693522930e-01 4.994272077808051269e-01 4.970603853983414089e-01 4.973922343431330662e-01 4.956456009655619832e-01 4.942391216127172138e-01 4.905845593389747128e-01 4.971761348554670223e-01 5.062571868054737134e-01 5.069013201534131596e-01 4.833730158730158988e-01 0.000000000000000000e+00 0.000000000000000000e+00 
0.000000000000000000e+00 0.000000000000000000e+00 4.414935064935064379e-01 5.269368331896935320e-01 5.004391058616810550e-01 4.872415153539862986e-01 4.966095953528578688e-01 4.868926003414409398e-01 4.876914408899052367e-01 4.970088982314954107e-01 4.942844958403148636e-01 4.943598925955088319e-01 4.943785405194093263e-01 4.939539465274002117e-01 4.961843985689527448e-01 4.956628322355617899e-01 4.969117433276336593e-01 4.969485294117647056e-01 4.969485294117647056e-01 4.969485294117647056e-01 4.969485294117647056e-01 4.976066236665028231e-01 4.956199262462901989e-01 4.970137653038748660e-01 4.990909781455526439e-01 4.970167025690855889e-01 5.019993692677729991e-01 5.036389799481707508e-01 4.971304884222398357e-01 5.000634496950047136e-01 5.020837375908214772e-01 5.051019538485860272e-01 5.095303968672387773e-01 4.977951991275711419e-01 5.178457898310839802e-01 4.374999999999998890e-01 0.000000000000000000e+00 0.000000000000000000e+00 
0.000000000000000000e+00 5.000000000000000278e-02 4.550685425685426222e-01 5.352808063253110538e-01 4.928476785844192465e-01 4.958474262814306366e-01 4.933679550311039219e-01 4.904126431341800929e-01 4.904477163199601475e-01 4.955166429995876420e-01 4.958255275080863944e-01 4.969879523577273583e-01 4.956373901834239537e-01 4.930177231961402340e-01 4.932979233125047713e-01 4.950117942257962200e-01 4.964303937519232157e-01 4.970496323529410843e-01 4.970496323529410843e-01 4.970496323529410843e-01 4.969751809422827682e-01 4.977375672045701305e-01 4.949996820615331639e-01 4.976879921383360328e-01 4.977915088200354776e-01 4.986805391834806533e-01 4.999746064752313979e-01 5.014232690201916309e-01 4.985202409501884313e-01 4.984627641491184424e-01 4.979619953166088964e-01 5.000191160547090563e-01 5.107644643297014619e-01 5.169973398427452072e-01 5.214678121586016069e-01 5.208333333333333703e-01 0.000000000000000000e+00 0.000000000000000000e+00 
0.000000000000000000e+00 0.000000000000000000e+00 4.596428571428571308e-01 5.106137000254649116e-01 5.062726356905004055e-01 4.991179306851938335e-01 4.923925982444251614e-01 4.969118151517590287e-01 4.916266238853203019e-01 4.978130211901440338e-01 4.946516288534590911e-01 4.968333286572346741e-01 4.957604808618246151e-01 4.945297797170171705e-01 4.933714058956686910e-01 4.965312027228138692e-01 4.975402433569660055e-01 4.978216911764704600e-01 4.978216911764704600e-01 4.978216911764704600e-01 4.978216911764704600e-01 4.982690753998366695e-01 4.973429744823349985e-01 4.971087950485627571e-01 4.973637294069240267e-01 4.985388278748031365e-01 4.976981304832996389e-01 4.999989328580076164e-01 4.970235793286753578e-01 4.997804773550860169e-01 4.976597253856723801e-01 5.005032096075063830e-01 5.081057060814503368e-01 5.183011852589483048e-01 5.067760816206258179e-01 5.064682539682539009e-01 0.000000000000000000e+00 0.000000000000000000e+00 
0.000000000000000000e+00 5.000000000000000278e-02 5.083606671106670749e-01 4.883521854306442367e-01 4.908089819115990515e-01 4.917994873442619874e-01 4.901369712817214008e-01 4.928589103785466774e-01 4.967773714036831656e-01 4.992951728701944814e-01 4.982343241152586977e-01 5.013591078315280392e-01 4.986338306105190799e-01 4.963287897328635401e-01 4.963891468438344501e-01 4.979583155972290842e-01 4.991496285115418208e-01 4.993198529411764786e-01 4.993198529411764786e-01 4.993198529411764786e-01 4.995441867969758754e-01 4.995150717534709850e-01 4.996712977131561040e-01 5.009674615877546255e-01 5.016914127465439410e-01 5.031633707384746135e-01 5.030568642326203044e-01 5.012025814470637552e-01 4.989617431305701234e-01 5.007241699627434928e-01 4.947365208222918587e-01 5.008564179632062352e-01 5.135566965359221747e-01 5.249405270947311575e-01 5.171840006346234420e-01 5.655952380952381509e-01 0.000000000000000000e+00 0.000000000000000000e+00 
0.000000000000000000e+00 5.000000000000000278e-02 4.608685758685758249e-01 5.080982184137633473e-01 5.012408299369208731e-01 4.890611970163712963e-01 4.850064040752821160e-01 4.842139621191082210e-01 4.937143983242249234e-01 4.953532775115689901e-01 4.917776378257949221e-01 4.935979140703037338e-01 4.922942559445740440e-01 4.933222132063887488e-01 4.938602256390158263e-01 4.936151900248429425e-01 4.957441219568800017e-01 4.963051470588234482e-01 4.963051470588234482e-01 4.963051470588234482e-01 4.965144694496483879e-01 4.971426409895596810e-01 4.952740373682348318e-01 4.961904450474050599e-01 4.987001300421042282e-01 5.004273811235619984e-01 5.026168902466047195e-01 4.985905269618283731e-01 4.976977554561136108e-01 5.022802166738629115e-01 5.009738658017476309e-01 5.056076768864941062e-01 5.066830206097845402e-01 5.133220023481875893e-01 5.302033984770557762e-01 5.288095238095238404e-01 0.000000000000000000e+00 0.000000000000000000e+00 
0.000000000000000000e+00 5.000000000000000278e-02 4.324246586746586796e-01 4.940905736927521663e-01 4.908839771172833766e-01 4.943461721778791285e-01 4.920966940695271075e-01 4.924213645968666953e-01 4.983016962319387066e-01 4.943234954460232200e-01 4.933879729300958417e-01 4.914768162646298566e-01 4.893330992019147563e-01 4.914640057750251922e-01 4.916451864579365894e-01 4.931500001831163327e-01 4.933691844001904525e-01 4.936856617647059631e-01 4.936856617647059631e-01 4.936856617647059631e-01 4.937659909183109153e-01 4.951035221541994491e-01 4.935750252403382499e-01 4.945879132355603391e-01 4.935700770474412136e-01 4.947128062839773466e-01 4.950881350364116917e-01 4.894249977104215832e-01 4.929791505857556433e-01 4.934418030509675757e-01 4.981671482894277081e-01 5.094137008479304729e-01 5.073845854215718321e-01 5.141909985964245866e-01 5.139136491303674115e-01 5.449999999999999289e-01 0.000000000000000000e+00 0.000000000000000000e+00 
0.000000000000000000e+00 5.000000000000000278e-02 4.255952380952379710e-01 4.932468556580146268e-01 4.903658809467942303e-01 4.861772275456508474e-01 4.881438981159719748e-01 4.821778514133233662e-01 4.879022739716146195e-01 4.905753447211494422e-01 4.882119353831713693e-01 4.930886826554222724e-01 4.906131385781612453e-01 4.898089451688803497e-01 4.873538291446148918e-01 4.911235192241787395e-01 4.930870889323896167e-01 4.926286764705881671e-01 4.926286764705881671e-01 4.926286764705881671e-01 4.927756200442559020e-01 4.938826211860013471e-01 4.922798119216144630e-01 4.931199606725832352e-01 4.934475715916570304e-01 4.932511882155090066e-01 4.960499195764632718e-01 4.951048645180559649e-01 4.932481304648658194e-01 4.967102418704149036e-01 4.916864296897570097e-01 4.951461581849809224e-01 4.985355567778787522e-01 5.134400260186472442e-01 5.060126936739083314e-01 4.960984848484847332e-01 0.000000000000000000e+00 0.000000000000000000e+00 
0.000000000000000000e+00 5.000000000000000278e-02 5.373884489693312450e-01 5.017549224261206309e-01 4.929010271520523068e-01 5.009055803586960343e-01 4.912788920286262906e-01 4.877505848595676818e-01 4.987040021808789025e-01 4.965033752279310875e-01 4.966295324628237640e-01 4.919121420473765438e-01 4.905277005500203735e-01 4.919113730876540913e-01 4.942365497150552622e-01 4.940293336545022451e-01 4.962060121214813546e-01 4.964705882352941080e-01 4.964705882352941080e-01 4.964705882352941080e-01 4.965460192697769837e-01 4.961200048939602425e-01 4.962980340671206969e-01 4.971771982426339553e-01 4.952280307374650192e-01 4.992671680077696017e-01 5.023505064715244606e-01 4.954227814368740157e-01 4.965301803519396873e-01 4.962558591526401441e-01 5.050908280204455814e-01 5.139729492044821102e-01 5.129778714152617436e-01 5.117584932378479445e-01 5.257713936763944718e-01 5.066666666666665986e-01 0.000000000000000000e+00 0.000000000000000000e+00 
0.000000000000000000e+00 2.500000000000000139e-02 4.977816627816628037e-01 4.902267908453540324e-01 4.986689209608915485e-01 4.912756203537967936e-01 4.889528405036134839e-01 4.886170225109336407e-01 4.982552578157495304e-01 4.950619056616581415e-01 4.972790372944339010e-01 4.955575495188653257e-01 4.884015284163203963e-01 4.905030769124844592e-01 4.918973747905468485e-01 4.940912050140991996e-01 4.955392829976849045e-01 4.954963235294117530e-01 4.954963235294117530e-01 4.954963235294117530e-01 4.955663389076574998e-01 4.952512597617701462e-01 4.964253156814645851e-01 4.953774205184477419e-01 4.977898107099116842e-01 4.993096041699728316e-01 5.000314735347692885e-01 4.935648914593420145e-01 4.960199734721398857e-01 4.925995013661768063e-01 4.948585390186713839e-01 5.144440136186322343e-01 5.147321419405714860e-01 5.203161150353520226e-01 5.167237643440698580e-01 4.768055555555555935e-01 0.000000000000000000e+00 0.000000000000000000e+00 
0.000000000000000000e+00 5.000000000000000278e-02 4.578736541236539948e-01 4.970517436608813955e-01 4.843378866857883658e-01 4.931576111881668112e-01 4.957260692560145898e-01 4.933933587133801923e-01 5.020380502025559855e-01 5.000973521301024238e-01 5.006021984867814467e-01 5.000088399754127888e-01 4.945599956148750698e-01 4.939235410711278473e-01 4.968221485698101070e-01 4.972577446476468266e-01 4.990404099144535865e-01 4.988027556241932392e-01 4.988786764705882004e-01 4.988786764705882004e-01 4.988152551195488837e-01 4.992232283858838437e-01 4.989233559154959141e-01 5.016026400308921662e-01 5.015381026642747875e-01 5.014834630576676666e-01 5.034156120830075576e-01 4.979926592511398908e-01 4.985311650279100060e-01 4.973979885703873616e-01 4.980344466276512283e-01 5.132326167612001333e-01 5.213573486381413158e-01 5.128327426137422318e-01 5.179026347613098213e-01 4.918055555555556069e-01 5.000000000000000278e-02 0.000000000000000000e+00 
0.000000000000000000e+00 2.500000000000000139e-02 4.830086580086579984e-01 4.997749379512396173e-01 4.868578074535483968e-01 4.914564449427215598e-01 4.863026670392598949e-01 4.890922846719411021e-01 4.910153395067020088e-01 4.947108060721695511e-01 5.011087119937401857e-01 4.968287511273089541e-01 4.972323813355233879e-01 4.909924259144902159e-01 4.927930701934062907e-01 4.960849113645680042e-01 4.969754791029808993e-01 4.974913562603725525e-01 4.975643382352942234e-01 4.975643382352942234e-01 4.976481053140188737e-01 4.978807993775526408e-01 4.971858664359407598e-01 4.989428617816442646e-01 4.989218815465642498e-01 5.011378697212391931e-01 5.010650766904278797e-01 5.009120578337007412e-01 4.986058270185197427e-01 4.920097346619002887e-01 4.962519202543616004e-01 4.958553481365918780e-01 5.159717934587890742e-01 5.207676917042501907e-01 5.179304939342309622e-01 5.252623765123765054e-01 1.000000000000000056e-01 0.000000000000000000e+00 
0.000000000000000000e+00 5.000000000000000278e-02 5.272619047619049315e-01 4.843823863276031649e-01 4.967001919730438253e-01 4.870984820188219433e-01 4.870568072301099116e-01 4.929616212301043410e-01 4.926212088632821451e-01 4.979923575429621718e-01 5.009783101035780728e-01 5.038754987818135911e-01 4.982002616552362317e-01 4.942972281143235280e-01 4.940681818498252609e-01 4.966673691980408867e-01 4.975514183214005959e-01 4.978443667572480247e-01 4.977757352941175606e-01 4.977757352941175606e-01 4.978555746358104273e-01 4.976302566852728870e-01 4.993722387175779653e-01 4.977009490338802356e-01 4.999225204653697796e-01 5.007149473402356943e-01 4.995064603327625252e-01 5.009757073984069109e-01 4.981649738034492070e-01 4.946309015882369708e-01 4.890128013153702824e-01 4.965892812316982097e-01 5.106285540878405804e-01 5.203270971221722885e-01 5.144663532050406385e-01 5.115079365079366891e-01 5.000000000000000278e-02 0.000000000000000000e+00 
0.000000000000000000e+00 5.000000000000000278e-02 5.007771395271394255e-01 4.984698342844894325e-01 4.964946886212169841e-01 4.829303573548076045e-01 4.841516897450886536e-01 4.892233367034145575e-01 4.951695305203645536e-01 4.946523525305001057e-01 4.940215455338850536e-01 4.949341906883135134e-01 4.935666886493668137e-01 4.905931963476627966e-01 4.917124517614602230e-01 4.949965615852647827e-01 4.949494351502260470e-01 4.960969780833904830e-01 4.961856617647059098e-01 4.961856617647059098e-01 4.963404269260788260e-01 4.964720038748982600e-01 4.959551657424469684e-01 4.954988992304291129e-01 5.000379322404492344e-01 5.012812586023444039e-01 4.999991789858764801e-01 4.967410782908219247e-01 4.976021878200033721e-01 4.996962011267721548e-01 4.998554605412666163e-01 5.039292936804885548e-01 5.147105849690774004e-01 5.182493157338565748e-01 5.004036232608510826e-01 5.021048396048395368e-01 7.499999999999999722e-02 0.000000000000000000e+00 
0.000000000000000000e+00 7.499999999999999722e-02 5.030388974541584179e-01 4.904541630412206921e-01 4.857093684617834195e-01 4.891344122434072572e-01 4.943385411954037134e-01 4.969730104061071962e-01 4.957896259366022518e-01 4.956107129404264677e-01 4.949688323674649726e-01 4.918713984472322664e-01 4.899017225655374896e-01 4.912374268819046930e-01 4.939780201767400847e-01 4.935889278893076382e-01 4.953849296105881095e-01 4.955871980453623316e-01 4.956709558823528816e-01 4.956709558823528816e-01 4.959129383698826499e-01 4.950914768664307353e-01 4.958452735125530308e-01 4.979244225601744955e-01 4.980850670498987443e-01 4.962907253930129992e-01 4.945921375318800273e-01 4.957207686946761283e-01 4.948471771907050898e-01 4.952901168201182536e-01 5.043205217081438985e-01 5.162682719379939611e-01 5.185991830013525483e-01 5.071855593827532260e-01 5.192587113029804025e-01 4.916666666666665297e-01 5.000000000000000278e-02 0.000000000000000000e+00 
0.000000000000000000e+00 5.000000000000000278e-02 4.947829131652661805e-01 4.983011105411172537e-01 5.022505958763445744e-01 4.950718094405641700e-01 4.991816383686621950e-01 5.028437159570006143e-01 4.974388259734526807e-01 5.019334871659233421e-01 5.054920795973092407e-01 5.038606248475110405e-01 4.983507610128438681e-01 4.972963326205489532e-01 4.995313799590967996e-01 4.967118169894210733e-01 5.002665463796824863e-01 4.996052115987461018e-01 4.996875000000000067e-01 4.996875000000000067e-01 4.998422990477316974e-01 4.997676210965254495e-01 5.000122039440080268e-01 4.993806599227162413e-01 5.006270122280740420e-01 5.000132741869680597e-01 4.980065491301240432e-01 5.026951335586201663e-01 4.976153409639222369e-01 4.905411571184344344e-01 4.900909177011666951e-01 5.033740129241178751e-01 5.104501138408459315e-01 4.999579726037690075e-01 5.523896576276607906e-01 4.435027472527472980e-01 5.000000000000000278e-02 0.000000000000000000e+00 
0.000000000000000000e+00 1.000000000000000056e-01 5.331167407154249194e-01 5.034620855217710744e-01 4.928137269939991683e-01 4.887945362149853645e-01 4.886729944498857670e-01 4.995192853870725758e-01 5.020088762295376039e-01 5.015863246199644410e-01 5.045215580546734691e-01 5.034506199641981539e-01 4.991828301012594116e-01 4.981409156047470477e-01 5.005164017568365376e-01 5.006059074331784542e-01 5.008076368637720543e-01 5.014028789415452270e-01 5.014797794117645813e-01 5.014797794117645813e-01 5.019765318663693687e-01 5.002551085847255496e-01 5.026258050358969331e-01 5.045588654838236708e-01 5.075244104111005239e-01 5.094242004267366397e-01 5.034948445318906396e-01 5.011182333053689764e-01 5.010282447130796069e-01 4.957847008699464153e-01 4.961442851155294376e-01 5.101275283494238755e-01 5.195126284235567216e-01 5.078940534898953585e-01 5.160722980150225236e-01 5.192857142857143504e-01 5.000000000000000278e-02 0.000000000000000000e+00 
0.000000000000000000e+00 5.000000000000000278e-02 4.985390263331440086e-01 5.050536351765622101e-01 5.031999554665048668e-01 4.989733921612258816e-01 4.871606217570961794e-01 4.925980420420859041e-01 4.963638486132868621e-01 5.000763308933107165e-01 4.960958435503020070e-01 4.976675273853198855e-01 4.988962761451009587e-01 4.938096884177697321e-01 4.933815973348719131e-01 4.941497856671286937e-01 4.972483610044782232e-01 4.978468274099904778e-01 4.980514705882354010e-01 4.980514705882354010e-01 4.984467642042917923e-01 4.980663261887700033e-01 4.972725846537856542e-01 4.975305577438794979e-01 4.980954801068763205e-01 5.026424492319512272e-01 5.009258827611458020e-01 4.993001409510376964e-01 4.967558862339084835e-01 5.006577807641010569e-01 4.990768547286185131e-01 4.964139254838801918e-01 5.099162198595440509e-01 5.207059943671712432e-01 5.411084067730013158e-01 5.423811559957070205e-01 2.000000000000000111e-01 0.000000000000000000e+00 
0.000000000000000000e+00 1.166666666666666546e-01 5.008057465410407083e-01 5.014826657672913912e-01 5.066585179695226593e-01 4.933294195672591198e-01 4.964367856613121077e-01 4.912316128606263876e-01 4.981476485022451328e-01 4.977175231509908815e-01 4.945767416105037451e-01 4.972809920414691942e-01 4.954253039835056494e-01 4.934051507837991513e-01 4.928295484942187277e-01 4.943774351080266749e-01 4.971887301299032780e-01 4.975342578509024394e-01 4.976930147058823417e-01 4.976930147058823417e-01 4.980075527560785531e-01 4.978695466597752306e-01 4.979592498833195213e-01 4.964139688590300525e-01 4.984638611962838306e-01 4.983539821521000834e-01 5.010921265073381425e-01 4.977071670054623587e-01 4.981754058809867436e-01 5.022617097710956324e-01 4.981765542360419019e-01 5.018144312366140669e-01 5.111772515783676862e-01 5.215233592805400553e-01 5.321247573092936500e-01 5.094995282495281552e-01 2.000000000000000111e-01 0.000000000000000000e+00 
0.000000000000000000e+00 7.499999999999999722e-02 5.068982127263861326e-01 5.140031815059765696e-01 4.950605389168988291e-01 4.894573114512151824e-01 4.881578092190662632e-01 4.916731176644980050e-01 4.970715200186288096e-01 4.999350414290809619e-01 4.984790532539546959e-01 4.951364580894382361e-01 4.977481675836701314e-01 4.935231090846758373e-01 4.937586770136436765e-01 4.958418071533919891e-01 4.981857460054955888e-01 4.988887289404434489e-01 4.988970588235293602e-01 4.988970588235293602e-01 4.995132360479531686e-01 4.985152253932690347e-01 4.973109652073076647e-01 4.993235624642511361e-01 5.006270813954495358e-01 5.023684301106486894e-01 5.026743993585512937e-01 5.005632910082769005e-01 4.983292454051019282e-01 5.000786870349237523e-01 5.054351350738641724e-01 5.008107140247833877e-01 5.165527553636221070e-01 5.241533379608718235e-01 5.289798430409853314e-01 5.093822843822843893e-01 1.000000000000000056e-01 0.000000000000000000e+00 
0.000000000000000000e+00 5.000000000000000278e-02 4.756231146304674695e-01 5.096227132514437042e-01 5.112319730539008900e-01 4.932486940727657254e-01 4.895721598268470975e-01 4.928549622274285835e-01 4.940935671419591779e-01 4.991038046734059819e-01 4.953368089752890890e-01 4.973553997963596207e-01 4.960272953764645609e-01 4.944740937769823708e-01 4.937680219599812625e-01 4.961344421819628425e-01 4.979041616961177863e-01 4.986929092776284378e-01 4.986488970588235370e-01 4.986488970588235370e-01 4.989402766156145752e-01 4.996433328079053493e-01 4.969161287615368461e-01 4.958876029858430567e-01 5.000045217094749583e-01 5.017985234116699722e-01 5.017274072200847979e-01 5.019873253671691682e-01 4.988243608374280380e-01 5.027028589208266673e-01 5.009700657753735076e-01 5.049337605977355370e-01 5.138132899917315921e-01 5.257806363438761732e-01 5.279092629663429959e-01 5.184081196581196149e-01 1.499999999999999944e-01 0.000000000000000000e+00 
0.000000000000000000e+00 2.000000000000000111e-01 5.313888445127507021e-01 5.136287310788827387e-01 5.026663827810884388e-01 4.948370856285729813e-01 4.944747410102549590e-01 4.947405796372096320e-01 4.989892853560500829e-01 5.006504595897951493e-01 5.010909485375572014e-01 5.023866067829778626e-01 4.979794705862357063e-01 4.964144735253449570e-01 4.976292957301277076e-01 4.971284899649018874e-01 4.992167204627221411e-01 4.992710158122809494e-01 4.993474264705882182e-01 4.993474264705882182e-01 5.001814164180747868e-01 4.982893269977936579e-01 4.972880151566789197e-01 4.985946673122023109e-01 5.005749228628724179e-01 5.014299022687571661e-01 5.022888041009549998e-01 4.986260230614013578e-01 4.964077440686073817e-01 4.948252424299294239e-01 4.910727468123982087e-01 5.009872571688430698e-01 5.090483344031853097e-01 5.030914730781924638e-01 5.227840814690074556e-01 4.841833860583859561e-01 1.000000000000000056e-01 0.000000000000000000e+00 
0.000000000000000000e+00 2.100000000000000200e-01 4.802276889776889712e-01 5.048211249159525460e-01 5.026958271568805481e-01 4.982801990740682863e-01 4.937012338208698337e-01 4.933649384317234099e-01 4.891163290639554684e-01 4.919949577354594261e-01 4.842645211076057055e-01 4.897395966640752940e-01 4.942011509045730611e-01 4.885685961430578095e-01 4.883886754763013260e-01 4.906021645180470570e-01 4.926501741194847517e-01 4.931360927991886856e-01 4.932169117647059453e-01 4.932169117647059453e-01 4.940375880014474252e-01 4.937509504014303552e-01 4.919780143070724421e-01 4.918787804062740854e-01 4.921907714273010548e-01 4.933443734834973560e-01 4.927951748716531410e-01 4.953841144004259012e-01 4.934131575990848839e-01 5.014780213628433625e-01 4.970697829800051482e-01 4.911341489855146625e-01 5.067586917955223536e-01 5.156136505283427374e-01 5.196013552828068205e-01 5.077236652236652992e-01 5.000000000000000278e-02 0.000000000000000000e+00 
0.000000000000000000e+00 1.750000000000000167e-01 4.983543943586513092e-01 5.163955419957932946e-01 5.054091024411205835e-01 5.026468839943489808e-01 4.884523922959282949e-01 4.927417038501915592e-01 4.944164757129382859e-01 5.001221159157909213e-01 4.995350537768466492e-01 4.982583456335339389e-01 4.982501959100414934e-01 4.944873627971440588e-01 4.939124118831902943e-01 4.981299462102978803e-01 4.973919414241999570e-01 4.989033111285266497e-01 4.990624999999999645e-01 4.990624999999999645e-01 4.999222934642831295e-01 4.996223269707306680e-01 4.976690660183932247e-01 4.988044056637167545e-01 4.980165722502742365e-01 5.029414252869958135e-01 5.020168620606095811e-01 5.023221933694306252e-01 4.985419736534429935e-01 4.983222832896682108e-01 5.006986352374533933e-01 5.000298747069649163e-01 5.125619307370309352e-01 5.218867449826383176e-01 5.025368150368150211e-01 5.472471242208084563e-01 1.749999999999999889e-01 0.000000000000000000e+00 
0.000000000000000000e+00 2.833333333333333259e-01 4.923898000042165601e-01 5.205983870226836840e-01 5.025503672154367774e-01 4.930137122599365651e-01 4.877245859439801601e-01 4.904433509483226983e-01 4.963586276783071294e-01 5.020798148546605777e-01 5.000392106264192060e-01 5.070451984013522040e-01 5.034715168042168676e-01 4.983950453007305326e-01 4.992964668186984367e-01 4.998097163828255640e-01 5.013043322203072361e-01 5.021560656002213019e-01 5.022334558823529083e-01 5.022334558823529083e-01 5.030024330877064243e-01 5.032015979266118988e-01 5.004121257644935650e-01 5.021833534802115917e-01 5.050429161444125459e-01 5.076945775237622360e-01 5.089016056812064592e-01 5.064829947325117931e-01 5.021746026594932077e-01 5.044482205625568927e-01 4.939131130171746653e-01 4.997927599023734291e-01 5.155957647467361848e-01 5.167495435230178291e-01 5.286714739730167256e-01 5.331242368742368232e-01 5.000000000000000278e-02 0.000000000000000000e+00 
0.000000000000000000e+00 1.083333333333333232e-01 4.762277211952133937e-01 5.124958655448790257e-01 5.086014242610985558e-01 5.027200400405010816e-01 4.910689777813475598e-01 4.916631812554251302e-01 4.934630505710555504e-01 4.955967804646939645e-01 4.875956388215840209e-01 4.884320872720084306e-01 4.946249667549179607e-01 4.931561420786619854e-01 4.902896654570826906e-01 4.931554801680745337e-01 4.939018362391151551e-01 4.958282384857806702e-01 4.963051470588234482e-01 4.963051470588234482e-01 4.973734419864818679e-01 4.965006826157704611e-01 4.947631712318275587e-01 4.941808063186149402e-01 4.951316157373839566e-01 4.985478674972048663e-01 4.985731067886159940e-01 4.978585043432502966e-01 4.967284175850606998e-01 5.043605867409970411e-01 5.060529180626547330e-01 4.994471407745328939e-01 5.035607928422576318e-01 5.180909961233075567e-01 5.162127810363871250e-01 5.303252845477909316e-01 4.833333333333332815e-01 0.000000000000000000e+00 
0.000000000000000000e+00 1.916666666666666796e-01 5.169796998666966736e-01 5.092731933457739224e-01 5.024151428533661923e-01 4.872169343094772676e-01 4.819844481813773673e-01 4.911659983995294576e-01 4.951375589412411182e-01 4.981882248694446957e-01 4.972476261310189716e-01 4.953841280679701642e-01 4.955964442455932928e-01 4.944007886980472111e-01 4.909783213835572369e-01 4.939061509617272416e-01 4.949412766043024270e-01 4.969574565011218859e-01 4.970496323529411953e-01 4.970496323529411953e-01 4.979954978230204388e-01 4.968308481906302809e-01 4.963204173398031438e-01 4.962024091545749194e-01 4.988082329544670235e-01 5.020156419689113525e-01 5.001004279997596225e-01 4.986317194726972990e-01 4.970178474965745719e-01 4.977421955481889926e-01 4.997097346276228036e-01 4.996349870324518494e-01 5.040612540826575616e-01 5.202323069174125125e-01 5.218613165898232653e-01 5.367788420729596721e-01 1.416666666666666630e-01 0.000000000000000000e+00 
0.000000000000000000e+00 5.000000000000000278e-02 4.675123487623488172e-01 5.020977090013131194e-01 5.026907715437430868e-01 5.009820197322513158e-01 4.965849084236145794e-01 4.873417918977855368e-01 4.874358057087834761e-01 4.912605103993503697e-01 4.901204532804639413e-01 4.838552486754056359e-01 4.877128667850668675e-01 4.876502278479316610e-01 4.880018306778352022e-01 4.871818746837210945e-01 4.911752506585287392e-01 4.936030015669755633e-01 4.936121323529411020e-01 4.936121323529411020e-01 4.944071911461525026e-01 4.942326739812029635e-01 4.929337963705132664e-01 4.930433849714794259e-01 4.929681027092942536e-01 4.935576398369860840e-01 4.958037008364029607e-01 4.963721811170255793e-01 4.951990170575807371e-01 4.962636118159364784e-01 5.024902119106651188e-01 5.007895733707761199e-01 5.053158111089179894e-01 5.112054847886071673e-01 5.250528160446711334e-01 5.337188658291600607e-01 2.500000000000000000e-01 0.000000000000000000e+00 
0.000000000000000000e+00 2.416666666666666408e-01 4.544196337288443077e-01 5.113007084177380035e-01 5.014652322665866802e-01 4.980200663318002374e-01 4.895671465765338293e-01 4.913203798271393308e-01 4.926547402764621664e-01 4.992205333399611367e-01 4.939871220952012365e-01 4.968710162769297556e-01 4.971573833094443673e-01 4.929817461488867347e-01 4.942510781476522896e-01 4.970468449893893359e-01 4.978540937357909257e-01 4.984238428913884134e-01 4.986672794117645857e-01 4.986672794117645857e-01 4.995303747072360467e-01 5.000877112108209621e-01 4.981669942142250562e-01 4.985597185494116124e-01 4.995030129970941535e-01 5.023115408982965491e-01 5.018705705451056431e-01 5.025733998805563818e-01 4.984098725226358551e-01 5.041128073640116503e-01 5.004389591134940085e-01 5.005211430054667954e-01 5.141511112578720510e-01 5.170145462697383065e-01 5.121066112878912557e-01 5.146692196692196353e-01 2.000000000000000111e-01 0.000000000000000000e+00 
0.000000000000000000e+00 5.124999999999999556e-01 5.040533567530162129e-01 5.071612161728960011e-01 5.000146199606561037e-01 4.935264108343485612e-01 4.894436952118669248e-01 4.955322664010098910e-01 4.987811796074498316e-01 5.017535630646147160e-01 5.005809111616696949e-01 5.042478346324995586e-01 4.988154789338311579e-01 5.002894463954812299e-01 5.011950855990884302e-01 4.996826189339729218e-01 5.010304764311170889e-01 5.019740335175590928e-01 5.019485294117647101e-01 5.019485294117647101e-01 5.019373739362166242e-01 5.022908870324991337e-01 5.016117353793472233e-01 5.027205104178382733e-01 5.054510773842217919e-01 5.091567693483710633e-01 5.069857537948064818e-01 5.052088029845164252e-01 5.025786240651346493e-01 5.051755987458040886e-01 4.990221885726286999e-01 5.139487867982601710e-01 5.126173145370400697e-01 5.096540887906064743e-01 5.340214368752699281e-01 5.398683261183261362e-01 2.000000000000000111e-01 0.000000000000000000e+00 
0.000000000000000000e+00 3.499999999999999778e-01 4.827076699100693036e-01 4.907581987254250322e-01 4.975528990374010196e-01 4.939358945517661192e-01 4.944608347377522084e-01 4.890247360118915587e-01 4.908539201169919153e-01 4.962434355188887203e-01 4.921843227344207539e-01 4.924008031046785416e-01 4.914473728711931666e-01 4.882436966099351072e-01 4.926777727329872958e-01 4.936276806144606621e-01 4.950843656823370464e-01 4.955333576202557988e-01 4.956158088235294024e-01 4.956158088235294024e-01 4.958426350483583489e-01 4.960679564398918773e-01 4.961874336006388830e-01 4.953591898748295752e-01 4.958670596730453406e-01 4.955172260726419253e-01 4.990919119977945684e-01 4.989785361743869219e-01 4.946747873379377936e-01 4.990628461916708503e-01 4.998617762488842819e-01 5.039678092346483451e-01 5.214290137294439464e-01 5.104515560615637826e-01 5.080511549781900893e-01 5.123108835608836120e-01 1.666666666666666852e-01 0.000000000000000000e+00 
0.000000000000000000e+00 4.841666666666666896e-01 5.004001841238683301e-01 4.997999026064657291e-01 4.949046707232088727e-01 4.865205144514489488e-01 4.889764702976718280e-01 4.904528340138220588e-01 4.952178050524452813e-01 4.968763829447088165e-01 4.940746161851886642e-01 4.917172616722675360e-01 4.943141937454790802e-01 4.917695004721888696e-01 4.933665349340482509e-01 4.937542289596201783e-01 4.949857120161760271e-01 4.968401094093001236e-01 4.968658088235294312e-01 4.968658088235294312e-01 4.970477738100077536e-01 4.957313285758509491e-01 4.962969479097020797e-01 4.973593757211422495e-01 5.003582749639599037e-01 5.003003987108991524e-01 5.000671705652411925e-01 4.965676322419566024e-01 4.951478492849059054e-01 4.984915487772594855e-01 5.046163559562504286e-01 4.998159442261956298e-01 5.108566837497254820e-01 5.119590377846087170e-01 5.239483326962496301e-01 5.303177745457157144e-01 2.500000000000000000e-01 0.000000000000000000e+00 
0.000000000000000000e+00 2.100000000000000200e-01 4.664276573100102352e-01 4.973067681889360436e-01 5.005566679922585083e-01 4.928055767504913587e-01 4.974726637938357565e-01 4.949470899563512272e-01 4.920168318796322993e-01 4.914227314011768710e-01 4.905464148736869978e-01 4.882919974390965701e-01 4.876300699632070135e-01 4.855205504652653770e-01 4.876520693398790351e-01 4.859787401671301632e-01 4.895396661103923464e-01 4.918349643781146918e-01 4.910477941176470407e-01 4.910477941176470407e-01 4.917029076689219957e-01 4.918610456705737599e-01 4.907266416014789412e-01 4.899017119482919069e-01 4.902871791950046965e-01 4.891857478161328321e-01 4.902816444345018954e-01 4.912579738980233368e-01 4.920412132043262554e-01 4.927113078787371814e-01 4.947535944417614795e-01 4.970511441555718335e-01 5.018488767221405134e-01 5.010795109802159697e-01 5.135803101826001971e-01 5.073930220514790701e-01 3.574999999999999845e-01 0.000000000000000000e+00 
0.000000000000000000e+00 4.491071428571428159e-01 4.774720950763174376e-01 4.855769928190558637e-01 4.888591681460476290e-01 4.826650580488490716e-01 4.815542724299753385e-01 4.857934610221009142e-01 4.937279140676865685e-01 4.976189229069866715e-01 5.000320624601195529e-01 4.963106556898552735e-01 4.976370463464375726e-01 4.974031295315863299e-01 4.974798976796738215e-01 4.991116096159524673e-01 4.990907488075678744e-01 5.007397244399289793e-01 5.009191176470588758e-01 5.009191176470588758e-01 5.012268634452854421e-01 5.021730096036538527e-01 5.024626245917287459e-01 5.027665067488652495e-01 5.069963504608060445e-01 5.091752464001236822e-01 5.091232895553797766e-01 5.060340934854495876e-01 5.027045349177250433e-01 5.015691979602872053e-01 5.086954365890030694e-01 5.081577673496343595e-01 5.131137486292864924e-01 5.214633398949733989e-01 5.134538227436193925e-01 5.447817460317460059e-01 2.166666666666667018e-01 0.000000000000000000e+00 
0.000000000000000000e+00 3.875000000000000111e-01 4.685078953613436292e-01 4.942888376594686828e-01 4.864661610306308392e-01 4.903418020762407292e-01 4.851230765078014540e-01 4.895926160735406540e-01 4.915145863887523392e-01 4.978337887060901856e-01 4.950484291073542487e-01 4.957342620512762421e-01 4.942424988089195170e-01 4.975682438845174249e-01 4.949915166266443123e-01 4.956601961280876489e-01 4.963011450565187888e-01 4.982895973693195479e-01 4.982077205882353144e-01 4.982077205882353144e-01 4.987175115145544568e-01 4.998540934079014342e-01 4.985466614245420702e-01 5.003671352714559317e-01 5.004632803093558291e-01 5.035951901379865925e-01 5.032506833701626547e-01 5.034496426936082569e-01 4.989846194145122205e-01 5.028800037977672055e-01 5.020409172246854679e-01 5.055120220410058707e-01 5.011879750694785418e-01 5.142482063348872146e-01 5.218062560007494799e-01 5.282900582781959731e-01 2.833333333333333259e-01 0.000000000000000000e+00 
0.000000000000000000e+00 3.995833333333332904e-01 4.929439782842686135e-01 4.972139643740718928e-01 4.984698866224813729e-01 4.952380621898985202e-01 4.906216130500468675e-01 4.907590385094356411e-01 4.956655369885509255e-01 4.973302745251940715e-01 4.947261372428291004e-01 4.945691077334752883e-01 4.948250152880789843e-01 4.947488293077078048e-01 4.930265774840852377e-01 4.943867700540305887e-01 4.957288148719412035e-01 4.975835875847276490e-01 4.973069852941175983e-01 4.973069852941175983e-01 4.974856339723420229e-01 4.977340878039887007e-01 4.973572696752328604e-01 4.977865614279558537e-01 4.987989307892187751e-01 5.009392870955479138e-01 5.017131093353969229e-01 4.985115529310258919e-01 4.979314705681707198e-01 5.002115672855542705e-01 5.018878085170643821e-01 5.026301195172580005e-01 5.054774866857298932e-01 5.155745192548606415e-01 5.216236045914524055e-01 5.257131343626835207e-01 3.833333333333333592e-01 0.000000000000000000e+00 
0.000000000000000000e+00 4.497619047619046961e-01 4.779464978979381939e-01 4.962337959262746456e-01 4.957938705673092805e-01 4.899100235602694697e-01 4.887474626137883194e-01 4.893419347092688443e-01 4.893080370059569306e-01 4.954882513394391341e-01 4.933013039148334000e-01 4.938430091766875529e-01 4.927960348237948596e-01 4.944712817895691725e-01 4.914558809360696223e-01 4.918778474253501232e-01 4.935391327127149341e-01 4.969819241027899070e-01 4.964430147058823684e-01 4.964430147058823684e-01 4.965481441051718403e-01 4.977038502976195988e-01 4.969141876280726566e-01 4.970238778085598885e-01 4.978625911792593506e-01 4.991980714868203828e-01 4.997409456927007776e-01 5.003793637094109403e-01 4.966243046118892224e-01 4.990026771346340873e-01 4.991729716455592936e-01 5.017969177553941451e-01 5.006402282054084329e-01 5.123664544939880994e-01 5.259179093539361194e-01 5.448008761581898396e-01 3.867857142857142327e-01 0.000000000000000000e+00 
0.000000000000000000e+00 5.944642857142858894e-01 5.001065243132815086e-01 4.998356004460656754e-01 4.963735388184580266e-01 4.932145351899195340e-01 4.948167931677328046e-01 4.970860600367522086e-01 4.997966453662393005e-01 4.995270100422393722e-01 4.981870499855844403e-01 4.963308950290072907e-01 4.974567110950299242e-01 4.960754557580051016e-01 4.978583034303333266e-01 4.970746360249793661e-01 4.981830429197920407e-01 5.002185240301451064e-01 5.001470588235293890e-01 5.001470588235293890e-01 4.996634031618618077e-01 5.007324000905913897e-01 5.004783340909466638e-01 5.017237114833863476e-01 5.033540549005862674e-01 5.030996224023362995e-01 5.020688902344090376e-01 5.009807495428983959e-01 5.018185767776801587e-01 5.031250931442088348e-01 5.068351483810691338e-01 5.057736147552356343e-01 5.098608638832096140e-01 5.085658034855807808e-01 5.200522950356577523e-01 5.389645003689121916e-01 3.375000000000000222e-01 0.000000000000000000e+00 
0.000000000000000000e+00 4.974679487179486936e-01 4.825888621866789019e-01 4.992653602982136118e-01 4.897230295051288040e-01 4.924375723969148244e-01 4.942297734108188623e-01 4.948357250959152798e-01 4.973758704460518598e-01 5.002961110825128177e-01 4.997757962631982909e-01 4.999580312682656569e-01 4.982952053614568833e-01 4.987895113510776857e-01 4.980605920049205326e-01 4.977632217293582739e-01 4.985990890195125536e-01 5.007372009954689229e-01 5.005790441176470873e-01 5.005790441176470873e-01 5.006405300338203634e-01 5.026171153110798873e-01 5.013990295643264705e-01 5.040430823854091802e-01 5.042852706911926663e-01 5.043562005709991691e-01 5.048864006958331263e-01 5.035472048980400572e-01 5.014474996096449644e-01 5.027333271529110803e-01 5.023736647615291151e-01 5.062070399452924807e-01 5.081213579014658421e-01 5.154747197103242140e-01 5.349618049828162025e-01 5.551399606585365465e-01 3.250000000000000111e-01 0.000000000000000000e+00 
0.000000000000000000e+00 4.847619047619048382e-01 4.950492903342082474e-01 4.983421849145694971e-01 4.951831245577761331e-01 4.918658697751251974e-01 4.926161552555131107e-01 4.978838641819082200e-01 4.964993953551461447e-01 4.972426460542085924e-01 4.947829434751679356e-01 4.942540365711002859e-01 4.963182469759269688e-01 4.944642520561806087e-01 4.941657945626297677e-01 4.954920287213647190e-01 4.956443775851272493e-01 4.970339120984834658e-01 4.969393382352941257e-01 4.969393382352941257e-01 4.972133106648003453e-01 4.972225951769865260e-01 4.965954048127626530e-01 4.976808640409789430e-01 4.987282911242331140e-01 4.990855058844160252e-01 4.961594997736143986e-01 4.970821039644940376e-01 4.964257696061449288e-01 4.995207705753060279e-01 5.030356264062497695e-01 5.000012674309911587e-01 5.068803115690763139e-01 5.115159387233553234e-01 5.094417462422140552e-01 5.241708985458984893e-01 3.833333333333333037e-01 0.000000000000000000e+00 
0.000000000000000000e+00 4.491468253968254887e-01 5.122365257572309982e-01 5.002215676402376188e-01 4.960522689048807443e-01 4.952954798854204421e-01 4.937836238571998715e-01 4.890585704726289618e-01 4.916509814420270130e-01 4.975139620019176090e-01 4.988535334848513969e-01 4.982057694019034200e-01 4.925275782896087473e-01 4.946769586123977436e-01 4.949642756279158395e-01 4.933234760984172018e-01 4.943442168883304122e-01 4.976527417938526598e-01 4.975275735294117929e-01 4.975275735294117929e-01 4.982138005379515566e-01 4.971131737603927125e-01 4.979800806895025578e-01 4.985809441513079365e-01 4.987483444860391080e-01 4.993167784213752292e-01 5.026395811639832178e-01 5.018418781150428831e-01 4.977486330748929211e-01 4.958921614246367682e-01 4.952069830216839774e-01 5.054563623542777107e-01 5.028696052819503493e-01 5.052238356385143625e-01 5.255127367791440074e-01 5.563670126170126018e-01 3.200000000000000067e-01 0.000000000000000000e+00 
0.000000000000000000e+00 5.177976190476190066e-01 4.836382892967560632e-01 4.924008106140833618e-01 4.952102466687481330e-01 4.937368813769696940e-01 4.923786257742160943e-01 4.882821977913939238e-01 4.919665409156218638e-01 4.970990695646183566e-01 4.929407652951539598e-01 4.925829661308104290e-01 4.919194457184917768e-01 4.938251963662899091e-01 4.928061672341480515e-01 4.947978062766874574e-01 4.955433258517746298e-01 4.973110880580461912e-01 4.974999999999999423e-01 4.974999999999999423e-01 4.971532493119107943e-01 4.991528355977024600e-01 4.987464083332710518e-01 4.979290735322785544e-01 4.989955924686391708e-01 5.006339100615033733e-01 5.032691560015666310e-01 5.019601952871622919e-01 4.976909781061588656e-01 5.025460621204536071e-01 5.050194953214597327e-01 5.085060571125067375e-01 5.092243669002761708e-01 5.183782117765406428e-01 5.184194732428420993e-01 5.310940071137439933e-01 4.000000000000000222e-01 0.000000000000000000e+00 
0.000000000000000000e+00 3.894047619047619202e-01 5.012234847084086065e-01 5.073411331310910821e-01 5.107876864897324953e-01 5.008308158889093198e-01 5.011573180581130327e-01 4.963378279087170553e-01 4.946405622728328177e-01 4.987510610227442465e-01 4.926818776462390526e-01 4.933986304407604884e-01 4.927647790569367747e-01 4.942024075560071950e-01 4.935828274113719383e-01 4.931049401575475777e-01 4.940960227744257693e-01 4.972554925223729438e-01 4.971966911764704733e-01 4.971966911764704733e-01 4.975819546146248440e-01 4.974953625428174542e-01 4.962954402235696394e-01 4.951646428934233235e-01 4.975473981334741502e-01 4.966787701589326920e-01 4.990587730767553909e-01 5.000364428596342226e-01 4.977563967305930204e-01 5.024132591473015053e-01 5.019572892752297566e-01 5.047919352590264364e-01 5.051594062978699284e-01 5.113388279637198774e-01 5.197065284776690719e-01 5.426189324995519536e-01 5.058333333333333570e-01 0.000000000000000000e+00 
0.000000000000000000e+00 4.527849927849926237e-01 4.921526874539672858e-01 5.052246572837779670e-01 5.014004169079003814e-01 4.976245596851436304e-01 4.939582698751142642e-01 4.904327855422905280e-01 4.969112421558293247e-01 5.015601691577672439e-01 4.968416842765680519e-01 4.979824278565080364e-01 4.991143374408945621e-01 4.993160442856394710e-01 4.977939145574533097e-01 4.990385528889945133e-01 4.998433613361323857e-01 5.001081187733634748e-01 5.002481617647058787e-01 5.002481617647058787e-01 5.013600545169207834e-01 5.010346297565100304e-01 4.991532108403003987e-01 4.997859017342576315e-01 5.010975241969829463e-01 5.036484744970197713e-01 5.075843164389567397e-01 5.039817869521618920e-01 4.991001027342497620e-01 5.050033720594774289e-01 5.028413819897055159e-01 5.028348446975809960e-01 5.032557552255794153e-01 5.121352752749296355e-01 5.029188813080381903e-01 4.975910364145658127e-01 2.500000000000000000e-01 0.000000000000000000e+00 
0.000000000000000000e+00 4.650700688200687938e-01 4.969102261711881852e-01 5.028193147035608934e-01 5.001099240926719647e-01 5.002576624501762215e-01 4.967652261608185293e-01 4.958065953962645378e-01 5.003889449581855331e-01 5.019541304125034742e-01 5.024927489088022448e-01 5.009247820855675659e-01 4.992565030441517560e-01 4.977810867341882495e-01 4.979516883660990989e-01 4.992938390337419707e-01 5.005691461667682862e-01 5.011402471580399531e-01 5.012132352941176539e-01 5.012132352941176539e-01 5.021887585570927737e-01 5.020837308292475099e-01 5.009720633997523098e-01 5.020088953881981508e-01 5.018974705592701424e-01 5.041244786200904660e-01 5.052195529751996039e-01 5.021113299324633239e-01 5.010133592612071585e-01 4.999769807811647593e-01 5.031017053339057465e-01 5.065983415573106496e-01 5.152140379745386856e-01 5.193696730808159412e-01 5.207481373487390375e-01 5.121312455174684697e-01 2.999999999999999889e-01 0.000000000000000000e+00 
0.000000000000000000e+00 4.658333333333333215e-01 4.670104869330874986e-01 4.926250039247915824e-01 4.899297830183099722e-01 5.084980388753397307e-01 4.994162369498509335e-01 4.943025306998065638e-01 4.973462892790855849e-01 4.977271266259921667e-01 4.998266083201271526e-01 4.951312550552452452e-01 4.992280746734289454e-01 4.941747351622030604e-01 4.940029396155998787e-01 4.918862509260409910e-01 4.939166908145800616e-01 4.970456500939178790e-01 4.967003676470588269e-01 4.967003676470588269e-01 4.967372406879601021e-01 4.977829692184651544e-01 4.968713792270348373e-01 4.976152202670244273e-01 4.942876737477664983e-01 4.959622397061839161e-01 4.974542090023105767e-01 4.964328258953849549e-01 4.961384433567748720e-01 4.945771871763594563e-01 4.984346721693843074e-01 4.934712406724012790e-01 5.004153904628193539e-01 5.033805124983274926e-01 5.184294687546140423e-01 5.228961996823839886e-01 4.383333333333333526e-01 0.000000000000000000e+00 
0.000000000000000000e+00 4.972939560439560980e-01 5.001198054184778918e-01 4.932590062224759819e-01 4.968034949715537385e-01 4.949592363199036282e-01 4.980842298032346349e-01 5.010618394637063044e-01 5.000767729265275241e-01 5.014866284352236248e-01 5.033496598925994991e-01 5.018806339247723347e-01 5.017872808132053386e-01 4.985420856935967038e-01 4.998676088842270993e-01 4.987292828414758850e-01 5.018964876942041409e-01 5.013925526562296175e-01 5.015257352941174807e-01 5.015257352941174807e-01 5.022262738139827709e-01 5.018258406498855573e-01 5.036299125438041813e-01 5.027900860116145676e-01 5.043880778993252711e-01 5.034533278212701690e-01 5.017501542266509240e-01 5.035467929700787604e-01 5.016898876004852736e-01 4.973210922334250772e-01 5.004761914887261298e-01 4.979503091308555840e-01 5.131014131147427770e-01 5.081691244926539452e-01 5.309850661034871688e-01 4.977236652236651793e-01 2.000000000000000111e-01 0.000000000000000000e+00 
0.000000000000000000e+00 5.119913419913419972e-01 4.866091680248014195e-01 4.896099305074498309e-01 4.905563127571347382e-01 4.977414330305103829e-01 4.942371177351634337e-01 4.927527589287580279e-01 4.992445356882683205e-01 5.026578575335183263e-01 5.011967987947510972e-01 5.007840225642056220e-01 5.049061770316456421e-01 5.021724251138236506e-01 5.014724714860182564e-01 5.017923408088031945e-01 5.017821613328276031e-01 5.032466730481746087e-01 5.031066176470587736e-01 5.031066176470587736e-01 5.033876472179730222e-01 5.045137652575842901e-01 5.049018386377435164e-01 5.056365864619952744e-01 5.038964329701784983e-01 5.061617149026249596e-01 5.087893268258100177e-01 5.047665159626121278e-01 5.014111275344392826e-01 5.046269105352358952e-01 5.068101587638935701e-01 4.992839888467776599e-01 5.064473111185725518e-01 5.117821139348424087e-01 5.175698158486019551e-01 5.396692196692196575e-01 2.625000000000000111e-01 0.000000000000000000e+00 
0.000000000000000000e+00 3.934920634920635041e-01 5.028755792468102559e-01 5.113100442745658336e-01 5.077939721486035562e-01 4.942672334995203975e-01 4.961875606958533469e-01 4.967256290252198836e-01 4.971385208486053253e-01 4.960940011580887155e-01 4.935199408202373128e-01 4.909120564575674694e-01 4.920679279648797477e-01 4.924849686224985201e-01 4.920961763413695955e-01 4.926703217208457386e-01 4.950249535628094000e-01 4.973523130603798026e-01 4.973161764705881782e-01 4.973161764705881782e-01 4.980001778210090824e-01 4.969238177897287723e-01 4.965941482897164860e-01 4.961958275011135733e-01 4.986804285261153824e-01 4.982691689416923753e-01 4.976283461131313368e-01 4.973822387493774255e-01 4.980379535040260208e-01 5.010344369070418580e-01 5.050562306217176722e-01 5.045778215371481412e-01 5.074787369112219171e-01 5.153752017121109308e-01 5.291414435111568837e-01 5.282822620761777888e-01 3.583333333333333370e-01 0.000000000000000000e+00 
0.000000000000000000e+00 4.503174603174602275e-01 4.950577025119868857e-01 5.033721642353905512e-01 4.989823837703332154e-01 4.943823246898231827e-01 4.972647503909852773e-01 4.963306532374058833e-01 4.986915935519407594e-01 4.982293049008964525e-01 4.915602650529288797e-01 4.910194868347493857e-01 4.933789200203774206e-01 4.942768366871105878e-01 4.938568158415322928e-01 4.939085721966792741e-01 4.954985892952952220e-01 4.975128485486181584e-01 4.974448529411764630e-01 4.974448529411764630e-01 4.977140418062363514e-01 4.976639747128417390e-01 4.966087923803798043e-01 4.975567712807323906e-01 4.988142655931285252e-01 4.981974431362582445e-01 4.996385808208694823e-01 4.982720213202467829e-01 4.981464904608839395e-01 5.048441488939029442e-01 5.074621172796465185e-01 5.053522682314680603e-01 5.054745934253068729e-01 5.107848018645462229e-01 5.178452219520521815e-01 5.287008150088645664e-01 3.833333333333333037e-01 0.000000000000000000e+00 
0.000000000000000000e+00 4.753449328449328992e-01 5.094238991722748189e-01 5.054615523207123262e-01 5.107057310794272942e-01 4.980681434319736978e-01 4.970401759106992112e-01 4.940969535482159780e-01 4.942730901925937448e-01 4.986220833871586322e-01 4.964320346856616051e-01 4.936658180921172923e-01 4.935851882547133695e-01 4.915985696397554006e-01 4.934656406289338326e-01 4.953031600414208313e-01 4.970831437317762003e-01 4.985422202891647281e-01 4.984558823529412486e-01 4.984558823529412486e-01 4.989255619950719867e-01 4.985911442436008478e-01 4.984526746211490611e-01 4.968657503374768192e-01 4.997191179133086969e-01 4.998461107291583549e-01 5.017076690399158156e-01 5.013999527105663656e-01 4.986228165631533260e-01 5.010511591584444480e-01 5.053266845690812525e-01 5.077552108039348200e-01 5.158736976553247588e-01 5.173134261594242167e-01 5.230779138271023365e-01 5.108510640259866786e-01 3.250000000000000111e-01 0.000000000000000000e+00 
0.000000000000000000e+00 4.904058441558442061e-01 5.072946744088385751e-01 5.027292701958472332e-01 5.043703583622296538e-01 4.913006796034873891e-01 4.919398020159165830e-01 4.900793047163459759e-01 4.876904657361255668e-01 4.992520821811833320e-01 4.975014446142870805e-01 4.964113743020431846e-01 4.974126245408749258e-01 4.948717184578458328e-01 4.944027757960922642e-01 4.944859357410494316e-01 4.980599684379620196e-01 4.992502359218609631e-01 4.992463235294117285e-01 4.992463235294117285e-01 4.997652040266345463e-01 4.995921984237768898e-01 4.996847634813003092e-01 4.985676088010778662e-01 5.019186256602611307e-01 5.025110726703119202e-01 5.042224872234994937e-01 5.070580674869623605e-01 5.001133974884549582e-01 5.020067418011640026e-01 5.048731421166874345e-01 5.043146138750518315e-01 5.100498633310183161e-01 5.162763481540626476e-01 5.302528984162566683e-01 5.116672077922078676e-01 3.458333333333333259e-01 0.000000000000000000e+00 
0.000000000000000000e+00 4.535119047619047272e-01 4.876583716097445675e-01 5.036819552989779680e-01 5.052767455914446426e-01 4.979640854550847484e-01 4.963961412518019256e-01 4.925687631627015395e-01 4.929892873020486621e-01 5.010144400613847360e-01 4.987128469103373485e-01 4.957488291723285423e-01 4.967169914853658552e-01 4.969038690513026824e-01 4.967831035654423077e-01 4.958147549904506901e-01 4.979032544848690511e-01 4.995716514661754926e-01 4.996599264705882115e-01 4.996599264705882115e-01 5.004392721196461169e-01 5.003393530963646807e-01 4.993588890910876654e-01 4.978897465581080262e-01 5.000986419337776212e-01 5.010157600963075497e-01 5.035066142745086015e-01 5.042002269476608678e-01 4.985305762870447799e-01 5.001674554203179301e-01 5.037420228794967647e-01 5.038502469579567711e-01 5.053119285436570296e-01 5.110698488079715718e-01 5.262914748543047194e-01 5.230841088735825872e-01 4.666666666666666186e-01 0.000000000000000000e+00 
0.000000000000000000e+00 4.577976190476190643e-01 4.942357617682343052e-01 5.001712056684788354e-01 5.006812743320694370e-01 4.972190048886607205e-01 4.925040238854210273e-01 4.951916868744334899e-01 4.978121381588386241e-01 5.005637496790298346e-01 4.982322237368267959e-01 4.996347653070026817e-01 4.953176737308931932e-01 4.978820235932202576e-01 4.964383866753280250e-01 4.968143467559132942e-01 4.978637718718939564e-01 4.997577295695105337e-01 4.998253676470588713e-01 4.998253676470588713e-01 5.008333948354459775e-01 4.999174454831730730e-01 5.002948994922518100e-01 5.001935650425569646e-01 5.010394158495871109e-01 5.032550342422348333e-01 5.021157510273301927e-01 5.008541670652479905e-01 4.986709854223728700e-01 5.013716178688348846e-01 5.000101546359843052e-01 5.104105537248589952e-01 5.069527338289467888e-01 5.150481370665358494e-01 5.231648494413111417e-01 5.242242707599754636e-01 3.916666666666666630e-01 0.000000000000000000e+00 
0.000000000000000000e+00 4.744963369963370314e-01 5.068449525558536006e-01 5.010231321504294844e-01 5.091335822396876321e-01 4.925784100106661012e-01 4.923934222169409902e-01 4.877122776125394910e-01 4.889308406572770993e-01 4.980165973675461655e-01 4.927558433187191334e-01 4.896820817996759279e-01 4.894607622839092231e-01 4.910909700139728384e-01 4.902574264244130009e-01 4.916188331867447081e-01 4.954600194284272119e-01 4.964036491664690631e-01 4.964981617647057921e-01 4.964981617647057921e-01 4.968968711411603789e-01 4.958343826185143688e-01 4.961233648671345975e-01 4.942833029154550806e-01 4.982495639462025672e-01 4.984289302101835295e-01 5.013915061566909248e-01 5.019038436960120420e-01 4.959308441109597787e-01 5.012453846200106700e-01 5.070611140963360297e-01 5.104714072973507433e-01 5.112414864846319684e-01 5.224672331084562193e-01 5.259183370136008007e-01 5.092883982499121220e-01 4.452380952380952661e-01 0.000000000000000000e+00 
0.000000000000000000e+00 4.224206349206348632e-01 4.939540078396250644e-01 5.057840018114678760e-01 5.114468222148255139e-01 5.061313626869493598e-01 4.863659206358783571e-01 4.873307930470408555e-01 4.881734113009141285e-01 4.949913081755611399e-01 4.932471051439817344e-01 4.938587772113591789e-01 4.889763517503586954e-01 4.923851466764454510e-01 4.929913107299480624e-01 4.917313333001411269e-01 4.949013835240550496e-01 4.965452195192279206e-01 4.963970588235294690e-01 4.963970588235294690e-01 4.974461755176295408e-01 4.971927022596490109e-01 4.951117955001104187e-01 4.931253780208982862e-01 4.935331574149618428e-01 4.999378365222191256e-01 5.003751950464958576e-01 5.007274847699062503e-01 4.971862694226387158e-01 4.988888049971446081e-01 4.987000677689145123e-01 5.076143341436047951e-01 5.047410725546576105e-01 5.079801463469776346e-01 5.283588991166123794e-01 5.285543089518196513e-01 3.875000000000000111e-01 0.000000000000000000e+00 
0.000000000000000000e+00 4.159722222222221322e-01 5.117901108076058359e-01 5.004217704531550570e-01 5.002810679589326792e-01 4.969884295017464315e-01 4.930129876395522581e-01 4.898024283558345959e-01 4.898750128726931941e-01 4.988147389344527727e-01 4.952608153666432367e-01 4.946064157754491708e-01 4.929288920165865173e-01 4.936936175017957451e-01 4.957666862160073906e-01 4.940600964122942029e-01 4.959441044921535924e-01 4.984457539663577630e-01 4.988694852941176205e-01 4.988694852941176205e-01 5.001120988335197026e-01 4.984880286312881603e-01 4.988759892208116109e-01 4.988191315838387818e-01 4.996981538019434899e-01 5.014197704690768198e-01 5.031634186245167450e-01 5.047708792615542839e-01 4.993347518644656313e-01 5.025626856004431486e-01 5.038933091141009069e-01 5.076889201440301091e-01 5.096501514151676737e-01 5.058683852303784700e-01 5.205121636843170752e-01 5.267707681015187937e-01 4.752976190476190799e-01 0.000000000000000000e+00 
0.000000000000000000e+00 4.836291486291486308e-01 4.978252542661215085e-01 4.901043910248755187e-01 4.889483411491800657e-01 4.896410708777315657e-01 4.892644200520470110e-01 4.868251809951133491e-01 4.949957233706123172e-01 5.005433258086047221e-01 4.970352794290756604e-01 4.977438333492738565e-01 4.980933650873625718e-01 5.000816145144432179e-01 4.977097533137492813e-01 4.971479014348749170e-01 4.980975946409672561e-01 5.016185272894865266e-01 5.010753676470589557e-01 5.010753676470589557e-01 5.012997097663325352e-01 5.012904098051920165e-01 5.027638741378649412e-01 5.040887889677376776e-01 5.050504976597574025e-01 5.068667145866484480e-01 5.102223598765232015e-01 5.055881703287817830e-01 5.012706744641733936e-01 5.056145307259912736e-01 5.056137104395533877e-01 5.057717117818045782e-01 5.014084046456507293e-01 5.095389369669260926e-01 5.244242657282771614e-01 5.319001608217588384e-01 4.020833333333334036e-01 0.000000000000000000e+00 
0.000000000000000000e+00 4.716225441225440629e-01 4.939133299952880307e-01 5.048823307246000924e-01 5.035773264417352513e-01 4.971240471956172025e-01 4.897815194005013528e-01 4.905884399911951688e-01 4.908629479647553806e-01 4.919563460224051221e-01 4.937464593226030263e-01 4.901238979649081284e-01 4.891502065564773405e-01 4.882147777847068437e-01 4.886512677090989465e-01 4.900052390792731249e-01 4.902808164073370056e-01 4.948151154206901770e-01 4.952481617647059298e-01 4.952481617647059298e-01 4.961821740458269292e-01 4.952142773450239899e-01 4.935862321073464787e-01 4.927653785555851651e-01 4.943365828425083097e-01 4.970259286521712672e-01 4.972639987248460014e-01 4.978089795913846483e-01 4.976317219769814670e-01 4.974273590453237581e-01 5.019859505505290809e-01 5.041693410975545131e-01 5.079920001535489504e-01 5.124061595466745667e-01 5.209821369750392561e-01 5.427191584387816015e-01 5.155555555555555447e-01 0.000000000000000000e+00 
0.000000000000000000e+00 4.999289512348975006e-01 5.183606929104596084e-01 5.100368989736306924e-01 4.925646378227977462e-01 4.905462318324158022e-01 4.946539790641647505e-01 4.943798865402401210e-01 4.986322982149508087e-01 5.006837503004303302e-01 5.030895279433638123e-01 5.000644013499166984e-01 5.025359409040599523e-01 5.012658030437064927e-01 4.982885699142848290e-01 4.964996026263719386e-01 4.985796465508903208e-01 5.001162134850658525e-01 4.998805147058822951e-01 4.998805147058822951e-01 5.000955726356137721e-01 4.976939898749447311e-01 4.975879255160663983e-01 5.026618072890264299e-01 5.045314212195510795e-01 5.032573990336538516e-01 5.046266264194660955e-01 5.016030921716453372e-01 4.999163156348802595e-01 4.961140826860829245e-01 4.997926801283888443e-01 4.949260671878912277e-01 4.965485495583256137e-01 5.074940594258965376e-01 5.235888894027804774e-01 5.245020364258317080e-01 4.416666666666667074e-01 0.000000000000000000e+00 
0.000000000000000000e+00 4.822949272949274002e-01 5.064685960140961063e-01 5.050594048122432067e-01 4.921666894688354610e-01 4.880767876311982723e-01 4.903475016169825951e-01 4.930763246050409165e-01 4.985963169962217556e-01 4.989344515913227696e-01 4.999457064426653941e-01 4.988145106904423587e-01 4.950317934255822894e-01 4.966541161778278979e-01 4.983998277956091516e-01 4.940050172676569984e-01 4.970174026920447519e-01 5.000307960850441935e-01 4.994209558823528572e-01 4.994209558823528572e-01 5.003925388078280800e-01 4.988535576520374271e-01 4.988514498813002573e-01 5.014016165836995276e-01 5.029519330233438446e-01 5.029794829815177337e-01 5.018278656881383082e-01 4.990906166892236651e-01 4.991445303213447038e-01 4.982850182031293151e-01 4.991904107312151728e-01 5.064444906918856848e-01 5.047705687793049290e-01 5.029592942574828696e-01 5.277359969751761470e-01 5.287541496912575578e-01 4.565476190476189799e-01 0.000000000000000000e+00 
0.000000000000000000e+00 5.304596792096791802e-01 4.854674979604867713e-01 4.996747648420232224e-01 5.006853614760762294e-01 4.960033266452398282e-01 4.954795966115008166e-01 4.869066837995079666e-01 4.915506812719437346e-01 4.989627579237668753e-01 4.980218785614384247e-01 4.978155863594554975e-01 4.961032369708737733e-01 4.980485196968076345e-01 4.993602095859204226e-01 4.964896332809276558e-01 4.981390625520213389e-01 5.005516496778837920e-01 4.999908088235295311e-01 4.999908088235295311e-01 4.998772273509393682e-01 5.011860742773481814e-01 5.005437657475541036e-01 4.997461435186046907e-01 5.013531461726323801e-01 5.019435582929103745e-01 5.071403192043884012e-01 5.064029100497329239e-01 5.016187058436860635e-01 5.026316593474895456e-01 5.027450892065961074e-01 5.074135339537972911e-01 5.040021045880577200e-01 5.021177330529158489e-01 5.217309805525331967e-01 5.262667939191023603e-01 4.625000000000000222e-01 0.000000000000000000e+00 
0.000000000000000000e+00 4.389177489177488733e-01 4.962712211299168397e-01 5.057935541528767454e-01 4.955967883027876941e-01 4.873100891662183187e-01 4.921329909235579447e-01 4.896971962078701113e-01 4.912777460469566759e-01 4.975275167404298315e-01 4.985516383171645916e-01 4.971864204587952973e-01 4.940815730746671575e-01 4.954380739482289187e-01 4.968112405587629121e-01 4.940086130461837644e-01 4.956093135652898662e-01 4.984387603054988847e-01 4.980055147058822795e-01 4.980055147058822795e-01 4.990667217493967023e-01 4.982820407840715116e-01 4.973589055278524462e-01 4.987707912900868346e-01 5.007850701278271366e-01 5.003268167496717211e-01 5.019289861327156377e-01 5.017823249662207719e-01 4.985256038155315150e-01 4.977423568201181925e-01 4.991671030328602154e-01 5.046416323168194662e-01 5.035512770324486187e-01 5.028257495786975229e-01 5.204386038049619856e-01 5.316381578275002351e-01 3.416666666666666741e-01 0.000000000000000000e+00 
0.000000000000000000e+00 4.903445859695860776e-01 4.978847582656213966e-01 4.998640765035517464e-01 4.937528487804165311e-01 4.924796569797854073e-01 4.880041777485649712e-01 4.892531424262140938e-01 4.991211778889584894e-01 4.972828855261305359e-01 4.972350014260283335e-01 4.959270961601834893e-01 4.963384172153168516e-01 4.960151140921934543e-01 4.936313885035558124e-01 4.920662067988533783e-01 4.961549670366648956e-01 4.979544867932309549e-01 4.973621323529412441e-01 4.973621323529412441e-01 4.973346312391195845e-01 4.979174056991994557e-01 4.971346571282517779e-01 4.983784675107070794e-01 4.990468240024720781e-01 5.016026009724006141e-01 5.020799982432605502e-01 4.953725515047757710e-01 4.967103747907513633e-01 4.967137447521511318e-01 4.994449939762709012e-01 4.984766200792482560e-01 4.998165607180774517e-01 5.102158969290384594e-01 5.327824737659001553e-01 5.159015469824292932e-01 3.224999999999999534e-01 0.000000000000000000e+00 
0.000000000000000000e+00 4.715811965811965711e-01 5.128276812142792407e-01 5.095116986017590444e-01 5.030628649445609835e-01 4.917240466926275921e-01 4.907536424803045638e-01 4.984303773260226333e-01 4.968604158289529060e-01 4.994259762045323292e-01 5.002181213614060873e-01 4.999438560090473938e-01 4.997180339610449162e-01 4.979388649677752854e-01 4.972362378616019818e-01 4.936114250525508451e-01 4.973348178859677837e-01 4.992772236440535250e-01 4.992003676470589402e-01 4.992003676470589402e-01 5.004045724292441877e-01 4.980551762328084275e-01 4.969932457493030920e-01 4.979203220788906981e-01 5.020077315881084079e-01 5.036162753360049482e-01 4.992939804122653591e-01 5.008844203828443087e-01 4.988494055541536909e-01 4.983596284131802667e-01 4.989264126648234599e-01 4.981979032504522675e-01 5.025500022512636722e-01 5.050546494032033262e-01 5.319081330758204107e-01 5.174875079897548469e-01 3.322619047619047583e-01 0.000000000000000000e+00 
0.000000000000000000e+00 4.800847196319331656e-01 4.977808174326402435e-01 5.020778515949342324e-01 4.908181407626813764e-01 4.913077413189162468e-01 4.886058263173757021e-01 4.957788448114628932e-01 5.004179566861745032e-01 4.993745691780273610e-01 5.011305952529612195e-01 5.004466240528113730e-01 4.998316360743331188e-01 5.006133287520310171e-01 4.964868211857177971e-01 4.968838222323078702e-01 4.990646957662941974e-01 5.006511848676769016e-01 5.000551470588235903e-01 5.000551470588235903e-01 5.013691144074207129e-01 5.001152213436114158e-01 4.990917759923220731e-01 5.019891023644298400e-01 5.034717491407508794e-01 5.065264171193832876e-01 5.028931923133751480e-01 4.992607462700925924e-01 4.998265928035012240e-01 4.979274408525385942e-01 4.985461675492305345e-01 4.987721558324655358e-01 4.960476461425568084e-01 5.123772740946358484e-01 5.179447421606998558e-01 5.195266130722451248e-01 3.491666666666666807e-01 0.000000000000000000e+00 
0.000000000000000000e+00 4.840414259802804930e-01 5.057323028476036209e-01 5.030147493352643551e-01 4.989051864361324640e-01 4.915790837522707735e-01 4.929409421414073789e-01 4.991328712177410809e-01 4.982657321163695974e-01 5.025173948430928794e-01 5.014659462795961753e-01 5.033813075890091193e-01 5.018418719385751015e-01 5.007138913584959772e-01 4.976758218431581726e-01 4.983682382881117756e-01 4.988585260891320594e-01 5.018649761932101327e-01 5.013235294117646124e-01 5.013235294117646124e-01 5.024383976934699847e-01 5.015630602773148983e-01 5.022187212148320201e-01 5.039914739487335593e-01 5.074741626856320575e-01 5.080382789527113641e-01 5.047190935025862579e-01 5.058771619086471771e-01 5.017249769833591611e-01 5.027205646074592860e-01 4.992761590022777862e-01 5.021647093020051855e-01 5.055070895450646251e-01 5.190238309682866369e-01 5.266927136196234427e-01 5.408582899585221426e-01 3.999999999999999667e-01 0.000000000000000000e+00 
0.000000000000000000e+00 4.978062274363089235e-01 4.971696873576736952e-01 4.965461018638901436e-01 4.874126249955488821e-01 4.828796801957084273e-01 4.905971388541147116e-01 4.960003491882977178e-01 4.988373849659151205e-01 5.000990059710492819e-01 4.998490403109713820e-01 5.007269535487361978e-01 5.025668547255375262e-01 4.997083343794301302e-01 4.964545547029882155e-01 4.961027946671352495e-01 4.989297672024096686e-01 5.008974585254029055e-01 5.006617647058824172e-01 5.006617647058824172e-01 5.011372981214725630e-01 5.009806937361637180e-01 5.019770059816083263e-01 5.057821978222488690e-01 5.093343110574374277e-01 5.073991275166134240e-01 5.043598346734110560e-01 5.026858330788260831e-01 5.022069510685771565e-01 5.030393139331373886e-01 5.020243596744596859e-01 4.980963724897552458e-01 5.048650001212864336e-01 5.206568630359549310e-01 5.323929762561171453e-01 5.279895583793017266e-01 5.039285714285715034e-01 0.000000000000000000e+00 
0.000000000000000000e+00 5.222096668381499551e-01 4.929197868419491479e-01 4.903817539084821542e-01 4.952185951062451075e-01 4.900097100270172090e-01 4.955292615977535675e-01 4.954469186378688828e-01 5.037772490907890255e-01 5.021799264607929025e-01 5.013772463484744701e-01 5.028112737059149406e-01 4.992375334942876774e-01 5.005296832901674486e-01 4.970396646800296914e-01 4.984023702183491555e-01 4.986973366051617451e-01 5.018074979006656999e-01 5.017371323529411509e-01 5.017371323529411509e-01 5.014517253207003700e-01 5.028246563835765404e-01 5.043757748093338211e-01 5.045372498650694260e-01 5.076298893273969437e-01 5.067853745729250514e-01 5.062168952691187274e-01 4.997981456864968308e-01 5.017976620128012932e-01 5.022798345870546077e-01 4.990079100040477056e-01 5.071139388906321654e-01 5.063443221090424551e-01 5.235301678019304017e-01 5.291941358984729726e-01 5.502858630690438124e-01 4.116666666666667362e-01 0.000000000000000000e+00 
0.000000000000000000e+00 4.603875729533624117e-01 5.065141600368077146e-01 5.026132640292069187e-01 4.982134532238337021e-01 4.893579266542875672e-01 4.895348798465619100e-01 4.915583795503924991e-01 4.972836165607011916e-01 5.011832763649588518e-01 5.026881329069531334e-01 5.019563386228490520e-01 5.030262201220481177e-01 5.005540547629878656e-01 4.987037308112071687e-01 4.964380265455258789e-01 4.985598429845860546e-01 5.024300575334955665e-01 5.019577205882354010e-01 5.019577205882354010e-01 5.035909684370915018e-01 5.016394172613960478e-01 5.020927334756788429e-01 5.039411788814429638e-01 5.078226952506010861e-01 5.090631928620511504e-01 5.095443088079766314e-01 5.064506514836175644e-01 5.031610024337839215e-01 5.009974303430436704e-01 5.020757113394016535e-01 4.992243068204683110e-01 5.056392753222833658e-01 5.164788155752015886e-01 5.393714366871916743e-01 5.482950823686116859e-01 4.366666666666666474e-01 0.000000000000000000e+00 
0.000000000000000000e+00 5.000339244089243573e-01 4.929335474335473921e-01 4.955978629964244986e-01 4.916123770877595112e-01 4.900429022332867257e-01 4.869356368740730967e-01 4.923769663554102283e-01 4.922193042193246937e-01 4.968797535449104297e-01 4.937516441102667852e-01 4.972157981745150002e-01 4.973044451894872431e-01 4.969306168375282051e-01 4.961679878532503918e-01 4.954263590577376308e-01 4.960411329374418976e-01 4.990520751180897996e-01 4.989430147058823151e-01 4.989430147058823151e-01 4.993481841447579006e-01 4.991977117133473141e-01 4.994652030522602759e-01 5.007677394486707012e-01 5.019151335591679475e-01 5.046791154251573097e-01 5.027208817805557395e-01 5.034352900805401099e-01 4.999786230134127263e-01 5.049731126840726336e-01 5.017732813977306972e-01 5.025981597142874513e-01 5.047187115098299426e-01 5.119028090544787135e-01 5.230875762142145335e-01 5.446009941596523518e-01 4.809523809523809090e-01 0.000000000000000000e+00 
0.000000000000000000e+00 4.476388888888889750e-01 5.014333565723171349e-01 5.038074086658838047e-01 5.083507121194681400e-01 5.043708678006695312e-01 4.933796459143924840e-01 4.927484906883916049e-01 4.958287273681992180e-01 4.978202350154560252e-01 4.973811341081205706e-01 4.960078469941482382e-01 4.948133852923807252e-01 4.947160320193858540e-01 4.965966054014744335e-01 4.926801306675812064e-01 4.940650195948201318e-01 4.977296293797398019e-01 4.974448529411765740e-01 4.974448529411765740e-01 4.979602516025700143e-01 4.973892809309948260e-01 4.971400963110409466e-01 4.959732409146041521e-01 4.956980981112456552e-01 4.993948112482673451e-01 4.998149249338372790e-01 4.985576576265557946e-01 4.970106911146471296e-01 4.974741170452784411e-01 4.993789018382822631e-01 5.019570387836955749e-01 5.026555968126509288e-01 4.994547356751893874e-01 5.176194009117495165e-01 5.252965611181291683e-01 5.153968253968254087e-01 0.000000000000000000e+00 
0.000000000000000000e+00 4.882583097848443576e-01 4.957893640760647758e-01 5.004317184326942947e-01 4.932722958065759999e-01 4.891023133986885929e-01 4.856930599382155433e-01 4.880286990832909955e-01 4.884586378808675744e-01 4.945075706097468715e-01 4.932976215743457571e-01 4.893366788121699673e-01 4.921893668424261459e-01 4.945834931124007960e-01 4.933469856244006024e-01 4.919636066162397237e-01 4.922804048766892260e-01 4.973368440553551650e-01 4.964613970588235281e-01 4.964613970588235281e-01 4.964869334588961070e-01 4.957124453604421777e-01 4.952481121991009760e-01 4.968125144084378775e-01 4.991887427117926990e-01 5.012681813158713640e-01 5.009328882940359273e-01 5.012913436567875136e-01 4.974188040211005024e-01 4.990596999109279119e-01 5.048315757331389708e-01 5.041517718125482217e-01 4.997055359909309824e-01 5.047866543419882168e-01 5.165147460047359029e-01 5.439132836087999801e-01 3.984325396825396659e-01 0.000000000000000000e+00 
0.000000000000000000e+00 4.909296785515825934e-01 5.034847632302208442e-01 4.996354562011596778e-01 4.938072344382807843e-01 4.837214301813553829e-01 4.917720870399901467e-01 4.938400289982577962e-01 5.004861800009414718e-01 4.999347102859180714e-01 4.975675912141603874e-01 4.973959157915926466e-01 5.000899691730527064e-01 4.990743361750897833e-01 4.960941641666779534e-01 4.966188777544601196e-01 4.973398432863683216e-01 4.991913945242038020e-01 4.991268382352941346e-01 4.991268382352941346e-01 5.000773217074512278e-01 4.985598913813924504e-01 4.988921769660872307e-01 5.004543457789982774e-01 5.059440210378752800e-01 5.029755217696052494e-01 5.030403500115429027e-01 4.965931356161020216e-01 4.978120914584073242e-01 5.016363289253207292e-01 5.032684333823420619e-01 4.982146643257824303e-01 5.014145359163820759e-01 5.163828035863163857e-01 5.194359418059686373e-01 5.266535677963023465e-01 4.118452380952380976e-01 0.000000000000000000e+00 
0.000000000000000000e+00 4.940746753246753609e-01 4.867141695864521944e-01 5.077475563899758182e-01 4.961333196876132057e-01 4.928660030623309152e-01 4.894605832758492925e-01 4.894423094457678869e-01 4.884707131040105788e-01 4.972889991554475531e-01 4.973333335503268282e-01 4.938337592787436781e-01 4.937057378988380374e-01 4.969544093907137805e-01 4.962000227980010725e-01 4.940249492606142434e-01 4.958217643715016609e-01 4.985585189525005845e-01 4.980974264705883003e-01 4.980974264705883003e-01 4.987483863952406615e-01 4.989733118977365267e-01 4.964587416918633811e-01 4.985616380947766046e-01 5.001201390784574263e-01 5.021424464366567308e-01 5.028914114264003699e-01 5.043765729730704805e-01 4.980742805620049785e-01 4.993220432715124169e-01 5.047835576548074243e-01 5.065213302280408003e-01 5.022220875858456335e-01 5.062373149175961595e-01 5.214973725278484462e-01 5.330162666784716841e-01 5.217063492063491736e-01 0.000000000000000000e+00 
0.000000000000000000e+00 5.207475466569893019e-01 4.982224624499604348e-01 5.053356162663459328e-01 4.971086756590155642e-01 4.958154930920490311e-01 4.941151898546870536e-01 4.975794680020070859e-01 5.026089639813441368e-01 5.030066852597868676e-01 4.998639535230483544e-01 4.986832927969017115e-01 5.005498909932907248e-01 5.005145987953097952e-01 4.973724113158991544e-01 4.989376556033067733e-01 4.997531522924935632e-01 5.013418267760731961e-01 5.012132352941176539e-01 5.012132352941176539e-01 5.006746083128162939e-01 5.016289925784318537e-01 5.002032932520770192e-01 5.027882435527504246e-01 5.039065144187878653e-01 5.058970942601276333e-01 5.043644297644749308e-01 5.002523723558656155e-01 4.987730799368638168e-01 5.032726358353393215e-01 5.066555622198172237e-01 5.031180531045853499e-01 5.038738716519075567e-01 5.185097048118565422e-01 5.224137932399981477e-01 5.259108709035859031e-01 4.474999999999999534e-01 0.000000000000000000e+00 
0.000000000000000000e+00 5.316880341880342309e-01 4.874503271119600134e-01 4.953627893783028036e-01 4.986021593672030905e-01 4.904209252207604175e-01 4.910288772741263630e-01 4.924903538213196152e-01 4.964988784778506803e-01 4.940996875945331546e-01 4.871671236739333333e-01 4.874864406883084866e-01 4.873900013698052591e-01 4.901924233627414362e-01 4.914232106253906274e-01 4.916483081177851489e-01 4.904629465198283578e-01 4.945554941104112201e-01 4.949080882352941413e-01 4.949080882352941413e-01 4.941309377374444312e-01 4.957596747379963698e-01 4.945472664179788036e-01 4.936770309949154445e-01 4.964470353115005286e-01 4.964301643994117330e-01 4.957335505117402841e-01 4.931882313775658444e-01 4.950879605954994211e-01 5.018603219910199309e-01 5.032708854871802417e-01 5.061359351511371951e-01 5.044430093708357488e-01 5.064710860840351270e-01 5.125713978508100732e-01 5.351730375793672945e-01 5.272582972582974259e-01 0.000000000000000000e+00 
0.000000000000000000e+00 5.026257729198906343e-01 4.928604413107883220e-01 4.939459442733838412e-01 4.945291137290485639e-01 4.980680268415778045e-01 4.939806242618723919e-01 4.919012383454129944e-01 4.965837084743551233e-01 4.964727687992697147e-01 4.942625882757593070e-01 4.933394206013773098e-01 4.941641166877907554e-01 4.958145980199576419e-01 4.955292113416271960e-01 4.927380948401902105e-01 4.926250361477850781e-01 4.969298201613779886e-01 4.971507352941176849e-01 4.971507352941176849e-01 4.962760675094284868e-01 4.972750009258756210e-01 4.972587133086067146e-01 4.976720163790890328e-01 4.964309613977889168e-01 4.987429610569944494e-01 5.002646703027971986e-01 4.975451373035588709e-01 4.976843014812536437e-01 4.996722509519672117e-01 5.014219806361764897e-01 5.015297904658282402e-01 4.990239191362733640e-01 5.015163363483511327e-01 5.164546488202632624e-01 5.370424971353446875e-01 5.096540959040959384e-01 0.000000000000000000e+00 
0.000000000000000000e+00 5.180036630036629619e-01 4.899973421377950555e-01 5.014977071795656549e-01 4.959690080757780395e-01 4.903774893323836759e-01 4.911136194087470375e-01 4.989670758394120220e-01 4.976894525030164940e-01 4.985266688541605262e-01 4.956542469164280651e-01 4.954550832863251486e-01 4.960033004550042368e-01 4.973201196800350887e-01 4.986864875485405579e-01 4.939505751551253598e-01 4.942511841459937827e-01 4.980185599410856812e-01 4.983363970588235436e-01 4.983363970588235436e-01 4.972153715709318189e-01 4.993265134514464632e-01 4.981773343949723598e-01 4.996805652172354728e-01 5.022124850122031692e-01 5.029614225496602531e-01 4.988716672399008401e-01 4.995281432827641810e-01 4.981588938195199989e-01 5.011165726923774155e-01 5.018546888651503890e-01 5.018008536637978967e-01 5.006043142084278808e-01 4.972335909089474759e-01 5.207851725820541455e-01 5.405991740738027573e-01 5.216865079365079483e-01 0.000000000000000000e+00 
0.000000000000000000e+00 5.400807457076806095e-01 4.929719317078999907e-01 4.884026445390147186e-01 4.977746642323513382e-01 4.911963125462448509e-01 4.946570102219312592e-01 4.943668606296151014e-01 5.001496177409737731e-01 5.031078169791897148e-01 5.014468472809145982e-01 5.012449798752403041e-01 5.016067623832834999e-01 5.012596925277077453e-01 5.014637387351564835e-01 5.008188981442373011e-01 4.997251698105902307e-01 5.012321168023201601e-01 5.026286764705882870e-01 5.026286764705882870e-01 5.013029347615944875e-01 5.041016352943278322e-01 5.058319228756388286e-01 5.050354651700517117e-01 5.079863699016321510e-01 5.071481170325702337e-01 5.080576095250622926e-01 5.045607400663592035e-01 5.025162098884682349e-01 5.039541827291034171e-01 5.047663432451424681e-01 5.032584240978172918e-01 5.037518951275943291e-01 5.044357746203129711e-01 5.092089602094114209e-01 5.276316758482443303e-01 5.663171550671550758e-01 0.000000000000000000e+00 
0.000000000000000000e+00 5.142657342657341868e-01 4.803937137346829256e-01 4.954255951734981567e-01 4.979706449071912289e-01 4.977184009752903537e-01 4.921887136569130239e-01 4.894467059202217141e-01 4.976172985758838263e-01 5.021177244707589749e-01 5.015462729348929560e-01 5.011018794973076673e-01 5.013942310246197742e-01 4.998021661878929711e-01 4.988302326539764131e-01 4.979035888744052230e-01 4.988724072527286890e-01 5.018457046077828831e-01 5.020404411764705088e-01 5.020404411764705088e-01 5.015343820687803156e-01 5.041774860059897723e-01 5.033561110397428706e-01 5.035805326253062209e-01 5.041693285280255399e-01 5.071893382021521735e-01 5.094556381742851858e-01 5.054096241335742645e-01 5.022217098291860138e-01 5.030969567157049793e-01 5.038019380540159631e-01 5.036757758796953643e-01 5.055844804813671711e-01 5.101332910206486382e-01 5.192581464501893063e-01 5.296856506156384370e-01 5.146352258852260331e-01 0.000000000000000000e+00 
0.000000000000000000e+00 5.070863372953156034e-01 5.038446737029573796e-01 5.060388807038679326e-01 4.972399947512604612e-01 4.952476290283306382e-01 4.957192473005038735e-01 4.982644689833518603e-01 4.989824615304646604e-01 5.003431116870880047e-01 4.959801251262238031e-01 4.972499584032742392e-01 4.953860000437068090e-01 4.966794515362260576e-01 4.966897874841165184e-01 4.949535737470259766e-01 4.965929884186963683e-01 4.994663250289283485e-01 4.989154411764705754e-01 4.989154411764705754e-01 4.982845714825160366e-01 4.987853131538463880e-01 4.971986990927017014e-01 4.997005135753782024e-01 5.006412588493019955e-01 5.008491698548865889e-01 4.988875506557463591e-01 4.979917635861803582e-01 4.963890620429118883e-01 5.023860153062584821e-01 5.012613281717717140e-01 5.060322570566047062e-01 5.050609666796623820e-01 5.074986095372427952e-01 5.249210053413223553e-01 5.344264994301142213e-01 4.347023809523808957e-01 0.000000000000000000e+00 
0.000000000000000000e+00 5.172582972582973060e-01 5.024348610099573786e-01 5.116319551872938742e-01 4.957507718172436961e-01 4.937411143911252798e-01 4.927884497187841051e-01 5.002037203154549028e-01 5.004519728519520871e-01 5.021517699765001286e-01 5.024654962410057824e-01 5.002438101257984382e-01 5.003323592278439147e-01 4.995617685083865167e-01 4.994322297808878597e-01 4.996860678966378866e-01 4.998040656339123311e-01 5.024185825692866203e-01 5.021966911764705888e-01 5.021966911764705888e-01 5.014975514951820479e-01 5.021480669399457364e-01 5.002643738280310171e-01 5.045812172200908607e-01 5.065987889024385904e-01 5.079722407856016586e-01 5.040659338045293536e-01 5.039035081210208045e-01 5.022458722797600306e-01 5.017626756224401463e-01 5.063661172634128516e-01 5.076934152005738721e-01 5.118671998618296026e-01 5.151305791049354266e-01 5.223615482793808606e-01 5.347366644442119732e-01 4.768849206349206615e-01 0.000000000000000000e+00 
0.000000000000000000e+00 4.906548219974489200e-01 4.817231465146329938e-01 5.023397997815054472e-01 4.928575040867994583e-01 4.902955718688805087e-01 4.920211309937997379e-01 4.999266807110226973e-01 5.010503880636700824e-01 5.006414903200799849e-01 4.983782541269089483e-01 4.994478910209870226e-01 5.005402650175211354e-01 4.992574182107573644e-01 4.969251483631021427e-01 4.989166665010368318e-01 4.974570050146177036e-01 5.012947759530648195e-01 5.010569852941176849e-01 5.010569852941176849e-01 5.013161018897300814e-01 5.029970369326924873e-01 5.010315300502873326e-01 5.042138651379896030e-01 5.072452106291147622e-01 5.078314887777337638e-01 5.028989043658999014e-01 5.022872105813279697e-01 5.030625408534066256e-01 5.064491051996344861e-01 5.057034738923557038e-01 5.035324668993368391e-01 5.062973166235711364e-01 5.187950569400253675e-01 5.178444820464792597e-01 5.555976442821617400e-01 4.846103896103896025e-01 0.000000000000000000e+00 
0.000000000000000000e+00 4.930729231638674714e-01 4.934684453765739720e-01 5.051457693216229172e-01 4.928792421971140980e-01 4.917219496359610531e-01 4.943057345895965904e-01 4.969962066025967462e-01 4.986464217957298217e-01 5.006354059381038502e-01 4.977134327159407623e-01 4.979808613912948267e-01 5.015987573106082120e-01 5.004217691329433393e-01 4.972452481101317656e-01 4.978898505761793492e-01 4.976745060609757410e-01 5.004384082935505740e-01 5.003124999999999378e-01 5.003124999999999378e-01 5.004422279541669294e-01 5.015349457824418433e-01 4.988308583546926522e-01 5.024869020245549267e-01 5.043064925261465659e-01 5.042269307379770860e-01 5.033627488911748271e-01 5.030742346813543708e-01 5.021341691821855635e-01 5.046190989302863361e-01 5.054188658167386716e-01 4.990054807616163268e-01 4.997395178955580386e-01 5.122386398151765885e-01 5.140880468472744935e-01 5.334407439380266513e-01 4.911399711399710988e-01 0.000000000000000000e+00 
0.000000000000000000e+00 4.624490842834496074e-01 4.892172744792143146e-01 5.053142908185381810e-01 5.017626462455202496e-01 4.918961630738021285e-01 4.877605193167059427e-01 4.903930084428121949e-01 4.911340468491533495e-01 4.995931171259314074e-01 4.954627100798121297e-01 4.986023992879481948e-01 4.980442131069195422e-01 4.985061405201084428e-01 4.954263766529413138e-01 4.975471755817061359e-01 4.970618932188635708e-01 4.998865398000672533e-01 4.994669117647059231e-01 4.994669117647059231e-01 5.002668567371790775e-01 5.007544470943432469e-01 4.985886621140441788e-01 4.993579218471598802e-01 5.018676338507811474e-01 5.054714178188403073e-01 5.053281553914177326e-01 5.058534022180249945e-01 4.994558751840305066e-01 5.033403906231435077e-01 4.998381432602970742e-01 5.001283095718869198e-01 5.008884526388539538e-01 5.109925197790078366e-01 5.072365786770681728e-01 5.170260923896846661e-01 4.320346320346321045e-01 0.000000000000000000e+00 
0.000000000000000000e+00 4.980554734223464064e-01 4.951575095079751021e-01 4.999436393441100135e-01 4.938624687524441059e-01 4.887666383928084279e-01 4.928743171934036882e-01 4.961822432057273469e-01 4.984403063039090642e-01 5.000549767970057236e-01 5.014936300975681993e-01 5.028794197294665924e-01 5.037707969881555226e-01 5.006478764345373422e-01 5.016945299318131823e-01 4.996447408491905273e-01 4.990505668530825778e-01 5.021772605490297803e-01 5.016176470588236125e-01 5.016176470588236125e-01 5.016052582050318787e-01 5.025732974878641679e-01 5.020034419790210256e-01 5.040777085420509174e-01 5.080155472468124156e-01 5.072499441793482111e-01 5.054425483828463017e-01 5.034662434704263445e-01 5.019707938166140249e-01 5.010876283499217099e-01 4.990954743408468341e-01 4.966382394379509901e-01 5.027980082497589542e-01 5.009515731036955355e-01 5.130552481547958621e-01 5.247542988616101800e-01 4.695183982683981405e-01 0.000000000000000000e+00 
0.000000000000000000e+00 5.180654068154068037e-01 5.002848200215866958e-01 5.100811038936796660e-01 4.989508342767894900e-01 4.941194353565651620e-01 4.923505341547942393e-01 4.943376610805665372e-01 4.916464308641061431e-01 4.928926259260640874e-01 4.888071891487246745e-01 4.864483272345885290e-01 4.835685502637033784e-01 4.893080547001452674e-01 4.903813465923011483e-01 4.908464784014412996e-01 4.908010004819461924e-01 4.935989367921755355e-01 4.947334558823528461e-01 4.947334558823528461e-01 4.941567555693969771e-01 4.947724653170061382e-01 4.932535722434278069e-01 4.941242081158052635e-01 4.948459635408029023e-01 4.954320409063820985e-01 4.946006003352515501e-01 4.963261497529709021e-01 4.958317301720338577e-01 4.995803623501317570e-01 5.028039503855602499e-01 5.082998416160379174e-01 5.031849346046149973e-01 5.031228228556019477e-01 5.067627117346871213e-01 5.188273557836224903e-01 5.026394194041252650e-01 0.000000000000000000e+00 
0.000000000000000000e+00 4.864289483736077280e-01 4.934478482414608180e-01 4.951173750188347933e-01 4.903029318572104667e-01 4.929333247885939739e-01 4.911618417847796181e-01 4.919227527824099333e-01 5.031921153170775263e-01 5.064692049558252585e-01 5.068087079438561293e-01 5.077577320198131128e-01 5.082473326728891294e-01 5.076723516851994189e-01 5.043772626369622536e-01 5.043117496096665153e-01 5.024365817183727989e-01 5.053390732019409359e-01 5.053033088235293624e-01 5.053033088235293624e-01 5.060508359441612258e-01 5.068205399645214770e-01 5.073862179229327030e-01 5.099748386054151483e-01 5.109289571982129630e-01 5.135057007922463335e-01 5.146535219704373443e-01 5.072953735494438732e-01 5.046539355103191182e-01 5.033934403075053243e-01 5.015441058122637186e-01 5.011847078437684511e-01 4.999695538475809053e-01 5.084196227263164669e-01 5.110634670302276472e-01 5.355188874244802832e-01 5.116612554112555111e-01 0.000000000000000000e+00 
0.000000000000000000e+00 5.022971533297619917e-01 5.025735738307119949e-01 4.885998903477443700e-01 4.892440979331497131e-01 4.904909463440679795e-01 4.910177702979297010e-01 4.977087780923768467e-01 5.011778367804269330e-01 5.009434176237266279e-01 5.014811553090067209e-01 5.030563403376933085e-01 5.020722180845835769e-01 5.012639986584036533e-01 4.986967597596210777e-01 4.991261225128806878e-01 4.991838117947458575e-01 5.014962212158299293e-01 5.012040441176470740e-01 5.012040441176470740e-01 5.012759809794429255e-01 5.011044805086470877e-01 5.051294030808810565e-01 5.057495397552180805e-01 5.067899633050125807e-01 5.081686634484267051e-01 5.050739098032179797e-01 5.024399148301592621e-01 5.025070011420175176e-01 5.013271473987183091e-01 4.977408885437873964e-01 5.003313742016536336e-01 5.022131658610292648e-01 5.117778555414196351e-01 5.120754669704294937e-01 5.273756855746020156e-01 5.044444444444444731e-01 0.000000000000000000e+00 
0.000000000000000000e+00 5.042994813064473059e-01 4.958992869222919597e-01 5.057806927185235502e-01 4.988343073078492784e-01 4.941620985378433195e-01 4.923308246767937879e-01 5.004257341921365398e-01 5.037468594525527088e-01 5.005230368788535777e-01 5.025632691994220691e-01 5.009252690010482789e-01 5.018509102808236255e-01 5.010040714620286328e-01 4.979059628890995515e-01 4.982174662248081698e-01 4.957471150072271793e-01 4.998781395822697315e-01 4.994301470588234926e-01 4.994301470588234926e-01 4.988351304067386027e-01 4.999056853214939311e-01 4.981339888316435038e-01 4.996571151614393469e-01 5.022840482310210186e-01 5.038089021628943120e-01 4.990694337912126022e-01 4.960955002487095200e-01 4.989792431424652230e-01 4.963236369349086630e-01 4.974965941682155668e-01 4.962928130816693373e-01 4.979182458347771734e-01 5.067177969227333323e-01 5.099773493645523015e-01 5.362772918222805663e-01 4.802759740259739951e-01 0.000000000000000000e+00 
0.000000000000000000e+00 5.026776695526695704e-01 4.816883349837308148e-01 4.994672275499977832e-01 4.955755747063289585e-01 4.906452422883902931e-01 4.929655933435414528e-01 4.948497533823541517e-01 4.913701347757596372e-01 4.999852473940210595e-01 5.011976420963708545e-01 5.039975133804853735e-01 5.033962158302754952e-01 5.014959588042329219e-01 5.001259488677767262e-01 4.979860377553800843e-01 4.971297591537749416e-01 5.003340761541203996e-01 5.007444852941176361e-01 5.007444852941176361e-01 5.008221285350924479e-01 5.028453126435505904e-01 5.006816005922896107e-01 5.015242721457020547e-01 5.041345305651930842e-01 5.042992636477972024e-01 5.043575315687874872e-01 5.074517366797424156e-01 5.009121336924006185e-01 4.991745684221712831e-01 4.963091236282579644e-01 4.970416284549508679e-01 4.992897399684891324e-01 5.011177294768024426e-01 5.111785000839660364e-01 5.333985669469540891e-01 4.929383116883115923e-01 0.000000000000000000e+00 
0.000000000000000000e+00 5.197484091359949598e-01 5.032418149784534389e-01 5.055351829205706471e-01 4.981455027766688026e-01 4.944753030895687185e-01 4.945725353885406794e-01 4.909993350715080029e-01 4.971512168965133149e-01 4.995897624320378982e-01 5.001359238628261261e-01 4.980237114319560066e-01 4.994706749906752674e-01 4.996626297560998187e-01 4.994942818860214073e-01 4.956141427616105877e-01 4.954561051425336871e-01 4.982044753289719408e-01 4.985018382352941479e-01 4.985018382352941479e-01 4.980473742584494157e-01 4.983074738103828172e-01 4.969741867823450621e-01 4.991973454986530778e-01 5.009134868936612195e-01 5.008603487875094018e-01 5.035844388682082506e-01 5.006138878260836256e-01 4.984623742802899993e-01 4.977387589461212403e-01 5.004786357042629863e-01 4.973668620729698731e-01 4.974421404755301479e-01 4.987649372627502298e-01 5.140870731281729222e-01 5.291731733457227804e-01 5.117954716851775832e-01 0.000000000000000000e+00 
0.000000000000000000e+00 5.076526025060508207e-01 5.013028929831618852e-01 4.936694912842914951e-01 4.931963213574437899e-01 4.930514180535207625e-01 4.930022676758255007e-01 4.972511956903938324e-01 4.985907905940882290e-01 5.028301248844694316e-01 5.027456338243018186e-01 5.038420699467323072e-01 5.057527006780122569e-01 5.030721809506321085e-01 5.010990378665343137e-01 5.004439129313609236e-01 5.005819034035933202e-01 5.025493401935569038e-01 5.027849264705882559e-01 5.028569288216855337e-01 5.023232723610854267e-01 5.027929240331245886e-01 5.054660570155860011e-01 5.073216769372017598e-01 5.089152574815580810e-01 5.102999331354252099e-01 5.077238731324206222e-01 5.072102200721408938e-01 5.026854448194723046e-01 5.021615028627964827e-01 5.003098845079954060e-01 4.959211157758741662e-01 5.024056581631093366e-01 5.105037773159482040e-01 5.184368139122004226e-01 5.331385143745510646e-01 4.887499999999999067e-01 0.000000000000000000e+00 
0.000000000000000000e+00 5.126431779005307110e-01 4.934008210922511961e-01 5.041603876541553841e-01 5.004769484750355435e-01 4.928470731575566033e-01 4.868718315836867427e-01 4.924706570031958108e-01 4.927816425644498399e-01 4.941687066274533247e-01 4.921082625067944027e-01 4.901583731047202686e-01 4.884126571673854111e-01 4.924536837245377940e-01 4.925196365338396776e-01 4.913632548143431755e-01 4.900067484842515197e-01 4.946925778759654335e-01 4.948253676470588114e-01 4.948253676470588114e-01 4.939308493953727397e-01 4.946014324251489791e-01 4.930474508474521622e-01 4.930650338849588143e-01 4.953443550927366101e-01 4.976952854616336630e-01 4.954566514298746616e-01 4.961424505771755977e-01 4.953822727461056341e-01 4.970477671836796563e-01 4.997897168979484883e-01 5.031813211609783565e-01 4.995957736164037266e-01 5.013434506390062051e-01 5.056853521024420317e-01 5.237142902640150588e-01 4.834340659340658486e-01 0.000000000000000000e+00 
2.500000000000000139e-02 4.998392452640164629e-01 5.009910219458156844e-01 4.959428197745191502e-01 4.876597939646906132e-01 4.854300139675357117e-01 4.906234772180246284e-01 4.958642073627783087e-01 4.931378909120847642e-01 4.974744311732536839e-01 4.928966181418754644e-01 4.931007026054785025e-01 4.970933563620075768e-01 4.964983236736136840e-01 4.944683359285503843e-01 4.938390336168874128e-01 4.936914170527213486e-01 4.973852874014439429e-01 4.981801470588235192e-01 4.982580333140235740e-01 4.986542469448982939e-01 4.981925228903474334e-01 4.992765505800269565e-01 5.022562946121206240e-01 5.046809104413685354e-01 5.030536913022979340e-01 4.998739151509751233e-01 5.024460155218287705e-01 4.985715286289196801e-01 5.037158529755481062e-01 5.048399996963068848e-01 4.989334711830656355e-01 5.020058990105915608e-01 5.111857261762594584e-01 5.198153841427048949e-01 5.334438787115155511e-01 4.933561577311577073e-01 0.000000000000000000e+00 
5.000000000000000278e-02 5.168054190475589449e-01 4.933932640061395314e-01 4.901475358744215027e-01 4.907343963505165219e-01 4.917014395940034754e-01 4.924860043391682818e-01 4.954178085441330870e-01 4.974382385114148875e-01 4.992773627577240525e-01 4.947928291024211167e-01 4.946254086601871158e-01 4.982388089149757393e-01 4.977538133451120395e-01 4.976222774693327966e-01 4.963929752806625073e-01 4.951634085585761014e-01 4.987522036520716240e-01 4.991636029411765096e-01 4.992502996496404610e-01 4.974784254656905991e-01 4.990336447055863656e-01 5.007938226185310038e-01 5.015696425857586460e-01 5.020951023326858387e-01 5.025910278978236168e-01 5.014614045249220498e-01 5.006059339456627733e-01 4.987952085724617346e-01 5.045320866710458763e-01 5.061202371721524873e-01 5.006758825119860257e-01 5.024788906806276767e-01 5.054104809436512635e-01 5.145425465046697955e-01 5.385400643794288067e-01 5.280357142857143860e-01 0.000000000000000000e+00 
5.000000000000000278e-02 5.007685322933000949e-01 5.100574136609211662e-01 4.953364644165042519e-01 5.022276113490148353e-01 4.865852650584151506e-01 4.941471927405853282e-01 4.879175709742281097e-01 4.938075801806018350e-01 4.956223697383900229e-01 4.930997722122286153e-01 4.932526475413815392e-01 4.924416925639706344e-01 4.946009529011341499e-01 4.965882782248572380e-01 4.945760235966302210e-01 4.947023365442905773e-01 4.958784811249831170e-01 4.972426470588235392e-01 4.973829059700246025e-01 4.970631721378235279e-01 4.958246579400717446e-01 4.976181018147124990e-01 4.964380032174410262e-01 5.005503481730235738e-01 4.981759554067573537e-01 5.021220303978826127e-01 4.996079494329416226e-01 4.985415635284136116e-01 5.013357625072377699e-01 5.015329978237612618e-01 5.033783251476361409e-01 5.028509253303231619e-01 4.998536743352395284e-01 5.064780476537119602e-01 5.127887202954892754e-01 5.092348334500036433e-01 0.000000000000000000e+00 
5.000000000000000278e-02 5.048383333119670358e-01 4.937038867051394275e-01 4.910012224482733778e-01 4.900927234116005948e-01 4.906099181604021697e-01 4.921703555970836641e-01 4.966413462274802404e-01 5.004353854721981243e-01 5.047750468287240944e-01 5.064874725074429707e-01 5.024531500341602452e-01 5.048768726336286816e-01 5.060926498305541310e-01 5.012181276730879320e-01 5.023593699243799060e-01 5.031737569780559971e-01 5.040289224639997734e-01 5.049448529411765252e-01 5.049574153465897774e-01 5.049270199067429354e-01 5.066087299242374442e-01 5.082028579304360694e-01 5.100671068539668340e-01 5.112463223545304913e-01 5.117659916699170974e-01 5.105894252548702772e-01 5.083114921815938825e-01 5.040006635472045193e-01 5.017483877896128375e-01 5.082556397534231385e-01 5.049628662718405048e-01 5.013640895668325381e-01 5.199719615034423814e-01 5.171097620076910983e-01 5.268948739474350607e-01 5.511373593726534015e-01 0.000000000000000000e+00 
5.000000000000000278e-02 4.847132482108128526e-01 4.916963053026077723e-01 4.881213587556343936e-01 4.883132989984904637e-01 4.936832475180374935e-01 4.997543662523168395e-01 4.999118126441762788e-01 5.037452965723769882e-01 5.037319384592717775e-01 5.037164508054586820e-01 5.064285076812871100e-01 5.055913130615066198e-01 5.027275033538813886e-01 5.030090984973597523e-01 5.034637066535723182e-01 5.026502933275092122e-01 5.046697236949789778e-01 5.051194852941176539e-01 5.051929570809515768e-01 5.062000411030734837e-01 5.077341238806739598e-01 5.109421431483121001e-01 5.127678394703861775e-01 5.121814451648086797e-01 5.094331537212954952e-01 5.097809703150917304e-01 5.058191480237389515e-01 5.064914184837366884e-01 5.077545328295459681e-01 5.009274020182343801e-01 5.019468039233934142e-01 5.126118741384017019e-01 5.159007311880117186e-01 5.197031262954564523e-01 5.343872745294369064e-01 5.179274891774890976e-01 0.000000000000000000e+00 
5.000000000000000278e-02 4.870840640695973112e-01 4.994956711911623937e-01 5.003004598159482841e-01 4.897823840952552077e-01 4.956613375284237288e-01 4.987019287349626073e-01 4.990451624606165315e-01 5.015876865512128857e-01 5.008446301190607741e-01 5.005918049307618301e-01 5.030996631429766053e-01 5.009748767996267116e-01 5.000143274493489276e-01 5.006645104320939232e-01 4.994226589903554836e-01 5.012732473651929643e-01 5.031681199949060712e-01 5.029136029411763742e-01 5.031609579568503410e-01 5.037760281473975255e-01 5.038487756536770279e-01 5.040334251942064636e-01 5.101419717959428946e-01 5.080494079485085024e-01 5.061580434791095318e-01 5.065439109878488999e-01 5.039303486796342657e-01 5.049209265693866966e-01 5.067419137929743966e-01 5.011805895658497656e-01 5.076203329018149635e-01 5.136079181282611206e-01 5.178873786036983784e-01 5.357471692548556597e-01 5.271525064875448585e-01 5.013690476190475476e-01 0.000000000000000000e+00 
1.000000000000000056e-01 4.979496379735944278e-01 5.035607285607619499e-01 4.912833440304710253e-01 4.922088704258689162e-01 4.927412239245219649e-01 4.920885975537775958e-01 4.950042015811564333e-01 4.985995489249767099e-01 5.011524352678586869e-01 5.012518466435420539e-01 5.011115911228938291e-01 5.001098339062440834e-01 5.000448442695439866e-01 5.009912213193481456e-01 4.992264558158305832e-01 4.977625794862265418e-01 5.014905095673649615e-01 5.012224264705882337e-01 5.014516338008854213e-01 5.015564763811087845e-01 5.002903998254794038e-01 5.047679007269888496e-01 5.059743537396874657e-01 5.066341181651859982e-01 5.080957811389743561e-01 5.071359154172678796e-01 5.043880808167756635e-01 5.017120597610694732e-01 5.019251315429895666e-01 5.015198060294078219e-01 5.032859478444274837e-01 5.030537723004138151e-01 5.025074354452280234e-01 5.171246313767956515e-01 5.514554900061999776e-01 5.344444444444444997e-01 0.000000000000000000e+00 
5.000000000000000278e-02 5.071580025170683292e-01 5.001791726928471737e-01 4.978978068050897154e-01 4.901596529182228323e-01 4.882539902624728478e-01 4.894567644151986419e-01 4.951291832337119669e-01 4.969341745706004621e-01 5.016065091184097602e-01 5.029344248649791904e-01 5.027992703932380181e-01 5.039544551908635706e-01 5.001951431567628337e-01 5.001789892247138214e-01 5.012105715255890104e-01 4.995120282012688873e-01 5.023330785545322419e-01 5.026930147058823461e-01 5.029237161165405201e-01 5.019392410591729803e-01 5.034760707270862223e-01 5.042205348168667944e-01 5.065967445694207205e-01 5.085062424449272589e-01 5.097800876684576155e-01 5.076973360916716693e-01 5.070077686449467880e-01 5.027420599972804993e-01 5.011138090086068031e-01 5.014732341254755088e-01 4.990571091117499414e-01 5.063770857030984729e-01 5.072322729111642392e-01 5.028899544826546109e-01 5.182471780060644573e-01 4.992721167721168030e-01 0.000000000000000000e+00 
5.000000000000000278e-02 4.965205535523041225e-01 5.047871313003419180e-01 5.026741829890892799e-01 4.996787173113788616e-01 4.937236558572075107e-01 4.998271681358679719e-01 5.021724106592275749e-01 5.020277694673090929e-01 5.057204990682735435e-01 5.042574101922931984e-01 5.044302736434618240e-01 5.045789822559093585e-01 5.043892577843467340e-01 5.017650044705936896e-01 5.015181022039383318e-01 5.004156776268197104e-01 5.039759274443749160e-01 5.038602941176471006e-01 5.040983427069887224e-01 5.046064617845502642e-01 5.041141496589716109e-01 5.045552348901788386e-01 5.052661430362219708e-01 5.087897122250717441e-01 5.065243183691470197e-01 5.049631779566299272e-01 5.048417800553763879e-01 5.014517987179535341e-01 5.023971651290726204e-01 5.010440116263031873e-01 4.999737374672945656e-01 4.997429420759548213e-01 5.072524993440121754e-01 5.117841440290356037e-01 5.366231967559482730e-01 4.812806637806636978e-01 0.000000000000000000e+00 
5.000000000000000278e-02 4.973041847624564693e-01 4.971433385752063172e-01 5.008604484985375027e-01 4.885709926820283044e-01 4.880831646108869104e-01 4.961882069914385629e-01 4.975275226999308353e-01 5.017655854766334134e-01 5.050986619219443030e-01 5.062193011553204336e-01 5.038634599548535986e-01 5.066684886350365513e-01 5.050946449143970396e-01 5.026554507935869776e-01 5.028016856549871738e-01 5.014944495627564613e-01 5.050230963266519879e-01 5.053308823529411020e-01 5.055616053276460464e-01 5.054701508382019037e-01 5.064138239597795188e-01 5.061500407236941834e-01 5.112951186597782804e-01 5.132431340034638856e-01 5.112498411435603130e-01 5.113334068398278642e-01 5.085408332627963102e-01 5.051810174332437287e-01 5.040410106585484495e-01 5.077720641753626918e-01 5.023752353407838767e-01 5.039633744027502971e-01 5.131800832970094817e-01 5.197636300968320189e-01 5.449554855961505906e-01 5.331836219336218985e-01 0.000000000000000000e+00 
5.000000000000000278e-02 5.091776256686980640e-01 5.014776387637683852e-01 5.081824183007223050e-01 4.989927662233297201e-01 4.861029360314241821e-01 4.952560168045561650e-01 4.962311792006779965e-01 4.976972439075709742e-01 4.992072980056009301e-01 4.962421133970336129e-01 4.950338080724944190e-01 4.939126155001868357e-01 4.953386465432921826e-01 4.959886635592165582e-01 4.950547477264993224e-01 4.959789468241422306e-01 4.983955959363185473e-01 4.983547794117645924e-01 4.985090701641157196e-01 4.975908518529426061e-01 4.981440580147881159e-01 4.961832396817373869e-01 4.980112082519713712e-01 5.031597132122618277e-01 4.996130602006894073e-01 4.995130281592120580e-01 4.992301018067425988e-01 4.983638730672221295e-01 5.011411767565916442e-01 5.030907883864889074e-01 5.054129776875112556e-01 5.055400586221076020e-01 5.065343739036086701e-01 5.154559249826096146e-01 5.163201271512940504e-01 5.055744949494950236e-01 0.000000000000000000e+00 
5.000000000000000278e-02 4.997282686640271976e-01 4.987330460451643854e-01 5.015165343646920126e-01 4.930883372134410303e-01 4.940547757512872562e-01 4.962759078048250005e-01 5.030568644237289888e-01 4.997733689136700796e-01 5.078734658888639508e-01 5.107592751028240396e-01 5.115096874629789792e-01 5.093605698664135373e-01 5.109122819744423838e-01 5.062503997392389099e-01 5.071472270543221361e-01 5.049490803791564231e-01 5.080521151032988403e-01 5.080055147058823994e-01 5.083013148986292862e-01 5.084122652114819729e-01 5.098429368258430294e-01 5.103107192323468322e-01 5.141271553945744310e-01 5.156657444439485261e-01 5.156503700480186136e-01 5.124602322955640332e-01 5.159855025442776633e-01 5.084471846922015148e-01 5.044116227831078048e-01 5.026287853978671505e-01 5.054864053179537464e-01 5.014425300677887165e-01 5.142324437691034866e-01 5.106404685109382502e-01 5.326708076265631586e-01 5.093696581196581752e-01 0.000000000000000000e+00 
1.000000000000000056e-01 5.085136144758906074e-01 4.973882682529590649e-01 4.983205013548879236e-01 4.886282521223700437e-01 4.922803761555326618e-01 4.947247309197040366e-01 4.980052463192538026e-01 5.035935255032735203e-01 5.013377936107611399e-01 5.013096731370929593e-01 4.995868665911643025e-01 4.998551307973084223e-01 5.031799507202424637e-01 5.001130513911903330e-01 4.984301623244033475e-01 4.990413449690678793e-01 5.019370278211370273e-01 5.020680147058823595e-01 5.022467752253626516e-01 5.019001940945890805e-01 5.026379263142517484e-01 5.033426373779038565e-01 5.075136758063094611e-01 5.074085260243694773e-01 5.069733229663697660e-01 5.052461883638522666e-01 5.011054956971914276e-01 5.028186507781488013e-01 5.026897720382625945e-01 5.053718400917074360e-01 5.062365083302667879e-01 4.990157903789297356e-01 5.088646553959645935e-01 5.157707968536990872e-01 5.194354492919174282e-01 5.259033149513026029e-01 0.000000000000000000e+00 
5.000000000000000278e-02 5.383296254884794019e-01 5.059292941434857527e-01 5.024650196799680391e-01 5.003368516740296368e-01 4.886711003728003710e-01 4.884733009920745883e-01 4.952948784213442868e-01 4.997074439765499254e-01 5.010665261826253714e-01 4.991278308502690164e-01 5.006465450077927093e-01 4.988920359880806288e-01 5.016058688131932453e-01 5.017912394810482013e-01 4.984948036891667655e-01 4.994844709243334013e-01 5.014626392903682728e-01 5.026194852941177071e-01 5.027703473630831255e-01 5.009578250421524714e-01 5.020415740415278272e-01 5.027407414561121390e-01 5.033432130011399330e-01 5.075557405273620759e-01 5.090747859979170009e-01 5.070669722033768201e-01 5.051402751062592511e-01 5.041251014553358445e-01 5.054611879953450071e-01 5.041790454183151526e-01 5.073786122013033140e-01 5.031554127818611555e-01 5.033214991168926122e-01 5.176517874275581299e-01 5.185452124565015364e-01 5.146859064138475937e-01 0.000000000000000000e+00 
1.000000000000000056e-01 4.983991117052547493e-01 4.949138408661058475e-01 4.947248965547157984e-01 4.855230805837971175e-01 4.876594964144354560e-01 4.933866073486536941e-01 5.013927738039298809e-01 5.032710560699072966e-01 5.007051768799899438e-01 4.991609314018207177e-01 4.996455008892154437e-01 5.021325200264812327e-01 5.004208679465959042e-01 5.002977377751944843e-01 4.971012509268602497e-01 4.962280555220009992e-01 5.005209904536254140e-01 5.000459558823530104e-01 5.003682521205974343e-01 5.002962583506446181e-01 5.012093432245461333e-01 5.011638357081552586e-01 5.055483464530168281e-01 5.064833151604076766e-01 5.045580527188529008e-01 4.994685272610466242e-01 4.970716772601383449e-01 5.000250040367859583e-01 5.019904830170212051e-01 5.015298569157218278e-01 4.963857239968981760e-01 4.997930787333346170e-01 5.019600599248781325e-01 5.209202524346301377e-01 5.491157902216745601e-01 5.114046900811606289e-01 0.000000000000000000e+00 
5.000000000000000278e-02 4.734769018845778055e-01 4.937425473197879500e-01 4.927634721857331312e-01 4.904954664337891623e-01 4.931723192838902148e-01 4.946710765640255358e-01 5.059047876368599761e-01 5.029478095886801281e-01 5.051740257621841756e-01 5.028226810289136983e-01 4.986332098133098856e-01 5.030042684790355656e-01 5.054506125477001843e-01 5.027179520570226323e-01 5.020298173440062017e-01 4.991711611960688022e-01 5.035752961802278937e-01 5.038143382352940902e-01 5.039915417643555662e-01 5.059397461354218084e-01 5.054043745666259024e-01 5.063512124142904858e-01 5.082854931375625496e-01 5.086855626999403635e-01 5.094809042844025138e-01 5.034327873167409040e-01 5.054739750875058002e-01 5.034143272643684108e-01 5.059324650395240486e-01 5.125632801638552172e-01 5.062566283772327314e-01 5.010384585490401665e-01 5.082461562902601537e-01 5.129730576259754482e-01 5.447633428124415422e-01 5.035277222777223560e-01 0.000000000000000000e+00 
5.000000000000000278e-02 5.115774868406447462e-01 5.007647085652089380e-01 5.046055793658889010e-01 4.995235356229009160e-01 4.983075381246194757e-01 4.955071422938468473e-01 5.012136796286692508e-01 5.048532563552987629e-01 5.076800551213001000e-01 5.084114776090348231e-01 5.076672172424857576e-01 5.070048149609637234e-01 5.079276588757115629e-01 5.065198876008140116e-01 5.061197035244970888e-01 5.036404291343158368e-01 5.076549960231730996e-01 5.078492647058823195e-01 5.080795194327213382e-01 5.074776237715992178e-01 5.091259732090680501e-01 5.084628813468159425e-01 5.107661629442061813e-01 5.119160954698892541e-01 5.142884186816405467e-01 5.124706150745332867e-01 5.110193722992726340e-01 5.087019052810742847e-01 5.082548067393075630e-01 5.091509511737262184e-01 5.102828693410040861e-01 5.075870542761503623e-01 5.125297230653849123e-01 5.150649656940335941e-01 5.363316611524893140e-01 5.158558257225641652e-01 0.000000000000000000e+00 
1.000000000000000056e-01 4.954146339556556033e-01 5.007136970624986860e-01 5.013734768383304452e-01 4.956281904077736722e-01 4.961388557609480721e-01 5.024373109365851686e-01 4.973468094694299957e-01 4.976239557875755670e-01 4.992542365783247393e-01 4.990766622174032108e-01 4.956991727421631855e-01 4.953374808346308056e-01 4.958171193128775300e-01 4.942613370555826724e-01 4.961056182908234469e-01 4.945805146737918823e-01 4.976188274922648813e-01 4.986488970588235370e-01 4.989006603817075503e-01 4.984278060640011110e-01 4.978364883442211730e-01 4.970519403085260635e-01 4.986798660642324243e-01 4.984194680421075718e-01 4.958455143598010650e-01 4.986686139436909970e-01 4.990690139364540312e-01 4.979683552777102173e-01 4.975731981275550164e-01 5.016826275108577926e-01 5.030446052160926218e-01 5.035218010264939092e-01 5.085346865878535016e-01 5.078834366322186877e-01 5.233756374466721484e-01 5.201474742521653427e-01 0.000000000000000000e+00 
1.000000000000000056e-01 5.046892043826860519e-01 4.971053671692853837e-01 5.049245140319770231e-01 4.975629293135992448e-01 4.952172398397119979e-01 4.964855275957005820e-01 5.016551019803805467e-01 5.040067190461341440e-01 5.034602538819743511e-01 4.992212552116661040e-01 5.009229915623769624e-01 4.992893303912720460e-01 5.027870428832647010e-01 5.007169410017551225e-01 4.999162778106512883e-01 4.986225238074584176e-01 5.014144501352715277e-01 5.021047794117647900e-01 5.023976284042925844e-01 5.021573902791858224e-01 5.033807795811379160e-01 5.015956342150443836e-01 5.039150028876927534e-01 5.053944980676978727e-01 5.055126902255799859e-01 5.025478512379127904e-01 5.009104757167167632e-01 5.018044725777059956e-01 5.058330439473841533e-01 5.041213869555375426e-01 5.069328056557151907e-01 4.992732849095761205e-01 5.046218593918448958e-01 5.088895746420997179e-01 5.245599389614808983e-01 5.226982520403573584e-01 0.000000000000000000e+00 
1.000000000000000056e-01 5.136533816425121746e-01 4.983048866276255096e-01 4.913424891946182038e-01 4.928597993812869338e-01 4.936483785727897033e-01 4.908722432836526428e-01 4.916745390932025783e-01 5.015094378620011950e-01 5.035743688414455743e-01 5.033245459297744917e-01 5.029490104695020225e-01 5.058143789318847450e-01 5.036658849767527979e-01 5.026058043466544722e-01 5.010170395991845327e-01 4.989844744893479067e-01 5.028351687451302343e-01 5.030790441176470340e-01 5.033680085012356420e-01 5.026256526154583293e-01 5.035975188956931525e-01 5.046868997739724083e-01 5.042708791121196521e-01 5.044852450425312274e-01 5.064917937431151485e-01 5.071893090884563859e-01 5.019767869981548447e-01 5.004405229068217276e-01 5.006519528462404223e-01 5.014825162099987299e-01 4.985641364024633870e-01 5.022296509473330728e-01 5.048596365313153811e-01 5.110386583317649833e-01 5.273717836871191222e-01 5.146832680619362055e-01 0.000000000000000000e+00 
1.250000000000000000e-01 4.881977098987969610e-01 4.883023321676723816e-01 5.070651088638444826e-01 5.021658605566384770e-01 5.015332178870158808e-01 4.999787720698929405e-01 4.978811705029112522e-01 4.996480133274319724e-01 5.014570362331750575e-01 4.997968884652023158e-01 4.966006533199071593e-01 4.958361603756620828e-01 4.982952821122781373e-01 5.002988692438098406e-01 4.986308141622660672e-01 4.993067783948651472e-01 5.003154988997525754e-01 4.999999999999998890e-01 5.002292104108752024e-01 5.011301325370810522e-01 5.017440018308689798e-01 4.989755952467227473e-01 4.995529004770579151e-01 4.991229870423072867e-01 5.001882602086216156e-01 5.010392499209215256e-01 4.995906196102014585e-01 4.983453485793238324e-01 4.995339765836940282e-01 5.037561876301416275e-01 5.063562318154226638e-01 5.014885564556023079e-01 4.974881584857571148e-01 5.041364472118726736e-01 5.034604627281749067e-01 4.984002418663880940e-01 0.000000000000000000e+00 
2.291666666666666574e-01 4.852965372549884471e-01 4.945486473314086306e-01 4.941037318080115925e-01 4.889669445157388550e-01 4.960990241167557713e-01 4.971145447802705064e-01 5.051267437656956627e-01 5.030172626132307645e-01 5.031403988987050990e-01 5.025284873522875007e-01 5.045380764900864179e-01 5.032848896395460958e-01 5.030979946409278591e-01 5.030812356699385646e-01 5.003003591637795733e-01 5.003361525062308690e-01 5.032894030685106657e-01 5.033823529411763920e-01 5.038074978760044287e-01 5.046166336283512965e-01 5.044980048426948027e-01 5.054958962176128168e-01 5.083224139189381763e-01 5.066997006368946233e-01 5.073190868337227322e-01 5.020892284386142546e-01 5.031607516787076628e-01 5.036562163271123271e-01 5.046005102129293984e-01 5.020815583622788569e-01 5.040399993015485247e-01 5.042201416520615265e-01 5.035791215425973189e-01 5.184086039683071245e-01 5.272299719623334546e-01 4.925910364145658638e-01 0.000000000000000000e+00 
2.916666666666666297e-01 4.947284761218216365e-01 4.967152047812006255e-01 4.962295262463587986e-01 4.968353768069768139e-01 4.967707728736983630e-01 4.977767484007998289e-01 5.078261299125857997e-01 5.062945607784092861e-01 5.068213884333048203e-01 5.066498964874329713e-01 5.068067889537263282e-01 5.054071714844233787e-01 5.069325078053387168e-01 5.048182704113105546e-01 5.046413069933142204e-01 5.016741655473166972e-01 5.044531963547387310e-01 5.053124999999999423e-01 5.055775700110245463e-01 5.062650092201330665e-01 5.074091201063886114e-01 5.080711940607475219e-01 5.085626863985928114e-01 5.095007593365921128e-01 5.103547973569444451e-01 5.034507079899029902e-01 5.048951114302901999e-01 5.050206508930067395e-01 5.048044713943815598e-01 5.038128123316061302e-01 5.061425883236756462e-01 5.025017650572147776e-01 5.081656054492562635e-01 5.126878799338094872e-01 5.354445591843245422e-01 5.233233596468891413e-01 0.000000000000000000e+00 
3.624999999999999889e-01 5.043739035219156897e-01 4.929051568297482255e-01 5.013044605535235121e-01 4.963522475674632117e-01 4.957155337753184621e-01 5.056532986153834397e-01 5.089693644623805024e-01 5.055980258383170334e-01 5.025918207126514048e-01 4.992763575583045177e-01 4.987424070106168950e-01 5.028178749930648506e-01 5.005221260090786384e-01 5.009061936268107695e-01 4.981133532798340258e-01 4.983557140571469590e-01 5.023106490474524843e-01 5.030330882352941346e-01 5.030217670241845518e-01 5.025293415551947973e-01 5.047704590208839104e-01 5.033048081125282014e-01 5.054090807958988574e-01 5.066610796859031263e-01 5.017458703686852317e-01 4.979969462237446853e-01 5.001406862083082050e-01 5.032052699321659661e-01 5.076673622699842126e-01 5.098864635495952147e-01 5.035793425760157760e-01 5.099359326699218764e-01 5.103467295663501879e-01 5.281833777516716788e-01 5.428801826003301079e-01 5.048806055056055397e-01 0.000000000000000000e+00 
1.000000000000000056e-01 5.139227146748347463e-01 4.993785001064234841e-01 5.055111382383834506e-01 5.051163235262490225e-01 4.998416873784755632e-01 5.007619713211515222e-01 4.988932669330493619e-01 5.038889961985970611e-01 5.041768548710023889e-01 5.029163489898398343e-01 5.022523440817767693e-01 5.055955029375620580e-01 5.038420570985955305e-01 5.044167786821450727e-01 5.070276830921462974e-01 5.011544127727372011e-01 5.030273364313865292e-01 5.029687499999999645e-01 5.032949616529641679e-01 5.023210531247002120e-01 5.036071908131752872e-01 5.030304502975502245e-01 5.034737215168783031e-01 5.044926713154094244e-01 5.038493166801907286e-01 5.050674755146431494e-01 5.032016081617288750e-01 5.027430733866463664e-01 5.042758701352653139e-01 5.053614331940410320e-01 5.011967211755594676e-01 5.021509034232742863e-01 5.014914839017834414e-01 4.944026705508803299e-01 5.096260694393796031e-01 5.009443584551345197e-01 0.000000000000000000e+00 
1.749999999999999889e-01 4.941568248105973060e-01 4.816593185976835723e-01 4.935436037196316295e-01 4.900411991354462482e-01 4.941944142575612764e-01 4.944732394175129220e-01 4.952116544272019416e-01 5.023199993078290015e-01 5.051637619473918761e-01 4.999332708603044795e-01 5.003458217052572099e-01 5.021035361929064855e-01 5.020938783478717804e-01 5.032033337124557359e-01 5.037931023842682210e-01 5.018077090006743957e-01 5.027932204819797191e-01 5.043566176470586360e-01 5.044841961569492828e-01 5.043030161751327345e-01 5.063678710810196604e-01 5.063430558726274011e-01 5.084192728150404017e-01 5.077227041526279905e-01 5.080037296951773751e-01 5.091715663991481788e-01 5.058750082559066996e-01 5.041024840517969174e-01 5.086874486093675429e-01 5.082766046202795707e-01 5.064705252680707925e-01 5.075208495603596992e-01 5.062433843457013749e-01 5.049517835995820381e-01 5.145346843908031875e-01 5.213789958029088067e-01 0.000000000000000000e+00 
3.749999999999999445e-01 4.999754436092911369e-01 5.030581127845649148e-01 4.968682784094191618e-01 4.933770634991058168e-01 4.939856115270682690e-01 5.028827249315959147e-01 5.066084375081363333e-01 5.069843557901162479e-01 5.054590320568044248e-01 5.025847625400955421e-01 5.036093096286475834e-01 5.046319505852027154e-01 5.021758680842863809e-01 5.056347433519413626e-01 5.039743678697178320e-01 5.036111283159724339e-01 5.064287895893011537e-01 5.060845588235294290e-01 5.062314031645818169e-01 5.063897038989059185e-01 5.066926048208596489e-01 5.090836398395299778e-01 5.107754578338558060e-01 5.117989392420441153e-01 5.078396821592348065e-01 5.053373734403450168e-01 5.051531157934153748e-01 5.072210877503294801e-01 5.102807102028572572e-01 5.092909612535609920e-01 5.082861110918992509e-01 5.143526804849352096e-01 5.086715186651452614e-01 5.170034950015448549e-01 5.259078303006442523e-01 5.006064994087441322e-01 0.000000000000000000e+00 
3.583333333333332815e-01 4.948908970976818589e-01 5.022397340160619228e-01 4.999588920395771074e-01 5.012033661567442122e-01 4.933238666639819248e-01 5.006269000771423894e-01 5.002234244443352074e-01 5.054386524929858071e-01 5.103330986805018066e-01 5.109682749655670708e-01 5.104696352356928868e-01 5.130750601093929664e-01 5.111607263853364946e-01 5.104523429260032774e-01 5.094888811188417188e-01 5.075255959475939438e-01 5.099968125682656783e-01 5.092187499999999423e-01 5.094921971181595177e-01 5.104345391137407040e-01 5.099941574119700727e-01 5.116964459901510720e-01 5.120500526159674770e-01 5.168713656159397152e-01 5.143713219454554286e-01 5.156294140410873084e-01 5.123255207029971947e-01 5.082387679642732525e-01 5.082737606772242955e-01 5.080883134628072506e-01 5.025194634896233969e-01 5.052822910726948447e-01 5.062748454374565998e-01 5.081413538729333546e-01 5.176435714346590000e-01 4.893773761498219632e-01 0.000000000000000000e+00 
3.583333333333332815e-01 5.043197229538500803e-01 4.988429874404169406e-01 5.001573351897052877e-01 4.901243167682063917e-01 4.953130099485886784e-01 5.004086816314851083e-01 5.031181282807225541e-01 5.076177986287906396e-01 5.078940197117185473e-01 5.083220094304473635e-01 5.101597679494689341e-01 5.109355424709457472e-01 5.105760069002617252e-01 5.091012455647772050e-01 5.074061193398198277e-01 5.077146924410164130e-01 5.082989579872501107e-01 5.083547794117648788e-01 5.083540470200575978e-01 5.096023122682953321e-01 5.104765924546394995e-01 5.110096868409415016e-01 5.158597060599168227e-01 5.150895330094701352e-01 5.134008847867451708e-01 5.125157176231197598e-01 5.087602281197892706e-01 5.087178802546331591e-01 5.082838040801203050e-01 5.051887412223837748e-01 5.034394992859978490e-01 5.034773593683109505e-01 5.066087314066115566e-01 5.127263713136367418e-01 5.125026645961839877e-01 5.168109423256481705e-01 0.000000000000000000e+00 
4.041666666666666186e-01 4.920066073150324293e-01 5.016395837773754973e-01 4.945488450070533171e-01 4.935417295812333238e-01 5.033054590634435943e-01 5.031399446362760930e-01 5.017891614245870713e-01 5.055396158039442422e-01 5.031744918563066937e-01 5.011758812997491042e-01 5.057777337441529131e-01 5.046522526813352894e-01 5.031515573474727443e-01 5.049812388383358996e-01 5.017241005374950547e-01 5.009351768887333467e-01 5.034805853385333485e-01 5.039430147058822085e-01 5.041084232197650117e-01 5.052352923662437600e-01 5.038925300897624249e-01 5.072267859697378034e-01 5.083330947538191591e-01 5.034585811185878779e-01 5.034944711449202970e-01 5.045056991195441265e-01 5.008359259895369675e-01 5.035980961343502482e-01 5.064181368846645270e-01 4.986148751182170047e-01 5.007945317898341298e-01 5.038823572859769673e-01 4.964019123893976260e-01 5.122827858908718390e-01 5.264837464022826818e-01 5.160914085914085625e-01 0.000000000000000000e+00 
3.499999999999999778e-01 4.902849317029763787e-01 4.960765143398850330e-01 4.909829389066105998e-01 4.925252689333834977e-01 4.901337544357507459e-01 4.967830710883788248e-01 5.032144664455979743e-01 5.031563194609656176e-01 5.035296382628478007e-01 5.035593147324056718e-01 5.040968087341815007e-01 5.050052754322944537e-01 5.027236221919465509e-01 5.029055836570495153e-01 5.039867316248864970e-01 5.015629235757855797e-01 5.043176353471759965e-01 5.044577205882353477e-01 5.044135846484077979e-01 5.051670420965338471e-01 5.055953192220035142e-01 5.085368158705898534e-01 5.091965959273203612e-01 5.125616976338859265e-01 5.096451056353198394e-01 5.054815305531334957e-01 5.054792921387625260e-01 5.049217169236484004e-01 5.056175552951951424e-01 5.049033856044308211e-01 5.036073327003292022e-01 5.078371443335008006e-01 5.102667264987349460e-01 5.076046483471979842e-01 5.243379860699544093e-01 4.989916808337861442e-01 0.000000000000000000e+00 
3.699999999999999956e-01 4.948387293163881151e-01 5.034686020929345363e-01 4.940556519848653960e-01 4.945348580170720321e-01 4.977145566074433480e-01 5.064253185860968509e-01 5.032129461021487282e-01 5.041982807404775668e-01 5.055011911551907655e-01 5.045979217645896187e-01 5.073470736998413333e-01 5.058597433496941909e-01 5.044361671562624938e-01 5.048048741036912368e-01 5.045509432616187562e-01 5.048076046781678761e-01 5.070452956285084190e-01 5.069209558823527528e-01 5.074356613070263311e-01 5.080644635587909796e-01 5.078519127875299466e-01 5.115162157193581249e-01 5.132453524010460733e-01 5.132372155355591214e-01 5.067966037856468375e-01 5.098478666603043497e-01 5.097378921762024673e-01 5.086360893466517208e-01 5.103846929550754918e-01 5.053464628078870868e-01 5.089790454479343751e-01 5.135016151393746453e-01 5.130017442672929473e-01 5.176152413305384892e-01 5.237654075614308624e-01 4.972710622710623807e-01 0.000000000000000000e+00 
3.000000000000000444e-01 5.030515385503944170e-01 5.029877721198257046e-01 4.973209805076537759e-01 4.949320355920844849e-01 4.937272153641960593e-01 4.964665195778216744e-01 5.015804549431942538e-01 5.032895450826443406e-01 5.034330227528048818e-01 5.022119315985509314e-01 5.056285000164219001e-01 5.058876916196095586e-01 5.036451517398214950e-01 5.048022219169692182e-01 5.030067387939279877e-01 5.011456215785909940e-01 5.032616003628594958e-01 5.033272058823530237e-01 5.036348713714119407e-01 5.042396045775958680e-01 5.038133869249168395e-01 5.052782477015063112e-01 5.065687055486933765e-01 5.080214109009627554e-01 5.074624118541004592e-01 5.054135145113021199e-01 5.037854800083235718e-01 5.035723333623424169e-01 5.058049328920837251e-01 4.991783450878233275e-01 4.983120590142280371e-01 5.023781431339269243e-01 4.981904221052037007e-01 5.053907242671409339e-01 5.195136943867053603e-01 4.951323019086177335e-01 0.000000000000000000e+00 
2.333333333333333093e-01 4.902643418799918495e-01 4.952206688312733585e-01 5.056857015066382743e-01 5.072998139530262574e-01 4.962858743636776038e-01 4.906695330461922078e-01 4.951213122813443168e-01 4.995712232251660057e-01 4.993525571124599050e-01 4.913388108712727353e-01 4.941642990577586048e-01 4.970177478719654540e-01 5.001407865616536164e-01 4.979018497833255230e-01 4.973601482783037153e-01 4.994216910824442190e-01 4.999010866526544805e-01 4.998621323529411908e-01 5.000824843141548071e-01 5.005020927049050883e-01 5.003745420265568455e-01 4.983059992850316644e-01 4.970960537615000119e-01 5.008478805901465103e-01 5.036181130801464789e-01 5.020296690381113036e-01 4.995599248998303099e-01 4.999005709131100761e-01 5.074138019639373720e-01 5.055328710865092390e-01 5.033967546774008595e-01 4.992514505700946792e-01 5.042124571064217076e-01 5.085254205892807411e-01 5.029107040035432075e-01 4.945514357740094513e-01 0.000000000000000000e+00 
5.266666666666666163e-01 5.016264840071766873e-01 5.039478330075652934e-01 4.951306520186048443e-01 4.944988902172098300e-01 4.954269878596923027e-01 5.028801352907273925e-01 5.069216485325702681e-01 5.061612910107274876e-01 5.036799524002277817e-01 5.046954737749551612e-01 5.075786248918373600e-01 5.034798858831037727e-01 5.022200973962396287e-01 5.015503830742880087e-01 5.019932035720987562e-01 5.005628310304375272e-01 5.032722795602744270e-01 5.033180147058823328e-01 5.030798097249623568e-01 5.036088168372672147e-01 5.025957056649470456e-01 5.054450251256310533e-01 5.065674611603567801e-01 5.078604139235363135e-01 5.036622617699886284e-01 5.003166507820432374e-01 5.003302376158490494e-01 5.030137815806944301e-01 5.012633328981161984e-01 4.953419083635737796e-01 5.021503487497916973e-01 5.046591145811178958e-01 5.091352518178349218e-01 5.063440211546310632e-01 5.229460658353011215e-01 5.109650765900766167e-01 0.000000000000000000e+00 
3.833333333333333037e-01 4.862901166122590157e-01 4.892055433410287257e-01 4.983084236644878540e-01 4.994661186594878122e-01 4.917654976737143580e-01 4.943045152370683093e-01 5.028251194375913391e-01 5.058891440239288162e-01 5.040738601625245341e-01 4.985731043357866099e-01 5.013382645766590873e-01 5.039211754819159506e-01 5.026135372254573186e-01 5.017080968013887254e-01 5.009703081463499075e-01 5.007103102864760569e-01 5.038523159471052226e-01 5.037408088235294512e-01 5.042957359947852769e-01 5.052118246571000171e-01 5.065341131208913605e-01 5.052258782420435690e-01 5.052165392119765119e-01 5.090458431034685649e-01 5.087271456471722519e-01 5.043389626778751467e-01 5.018059828439078718e-01 5.035738216346725693e-01 5.098897475537728097e-01 5.080518511976531704e-01 5.040584039930953164e-01 5.066419981717913412e-01 5.113912353643204067e-01 5.168088280828264658e-01 5.257934135292303690e-01 5.046653346653348082e-01 0.000000000000000000e+00 
1.166666666666666546e-01 4.929343981182215950e-01 4.879473714800105499e-01 4.999122668181225082e-01 5.021160858218610690e-01 4.982051865850545269e-01 4.925177833871615674e-01 4.969185513719991398e-01 4.997780520255995507e-01 4.973610406203374801e-01 4.941451527688170975e-01 4.930222976899553688e-01 4.946373427357134700e-01 4.951156961029504755e-01 4.936726054742193170e-01 4.954484202521174940e-01 4.948214673190886037e-01 4.949764241679256993e-01 4.972426470588234837e-01 4.974571522282705827e-01 4.975912545120088071e-01 4.980500301431475263e-01 4.964170222098440166e-01 4.958614055972717094e-01 4.970836099404007946e-01 4.992107721355392158e-01 4.975706436905247831e-01 4.956886771714173467e-01 4.966719828879966880e-01 4.997562378167278441e-01 5.011303377881535237e-01 5.002102024806110991e-01 5.001453869979008982e-01 5.038389794897175644e-01 5.021807974647585215e-01 5.077822696783144130e-01 5.253569069878212261e-01 0.000000000000000000e+00 
2.500000000000000000e-01 5.021455986994729503e-01 5.070834975486692153e-01 5.024916055581370999e-01 4.967217091739680734e-01 5.013055784712590057e-01 5.050691606845030268e-01 5.049554121291123243e-01 5.056679547111875284e-01 5.054107382427375228e-01 5.067002486972110864e-01 5.011665390636940165e-01 5.053523457476295500e-01 5.053522091484747847e-01 5.055992161459289536e-01 5.028204125103020727e-01 5.029164377288714016e-01 5.046240145067194538e-01 5.048345588235293446e-01 5.050814191348527160e-01 5.054752667208634032e-01 5.057770222364358359e-01 5.056291134475496829e-01 5.076293358116905630e-01 5.062287684971235047e-01 5.049060569522174635e-01 5.052235005798726419e-01 5.040859956904749639e-01 5.046284249338454098e-01 5.030237269719737281e-01 5.096158798951481161e-01 5.042247465854828858e-01 5.034644500733597150e-01 5.028142030245911220e-01 5.136368300404275944e-01 5.184376571708064763e-01 5.013119647119007594e-01 0.000000000000000000e+00 
3.416666666666666741e-01 4.947578970567832468e-01 5.070894963944596601e-01 4.966620688488201374e-01 4.933055915301552963e-01 4.969384407243631618e-01 5.090561162674682727e-01 5.059401480029146470e-01 5.044876316837476615e-01 5.057776390450154924e-01 5.047840810693002833e-01 5.047330284425111113e-01 5.058784485237152184e-01 5.053329291259777145e-01 5.036657215119160202e-01 5.064339114037207379e-01 5.043565671219193414e-01 5.064092919021474515e-01 5.061948529411763875e-01 5.062571685023792289e-01 5.074616481384175426e-01 5.062792242144842358e-01 5.090743338615004721e-01 5.115195514127520715e-01 5.114639720755828067e-01 5.046503704665976642e-01 5.064302273360224982e-01 5.077839979155306382e-01 5.066346565574850747e-01 5.074041592029435721e-01 5.085933852758945939e-01 5.062978291246380547e-01 5.082304291171625410e-01 5.135854329393809703e-01 5.043937355086427488e-01 5.225088438712206518e-01 5.025657967763230705e-01 0.000000000000000000e+00 
3.166666666666667074e-01 4.962319809787178460e-01 5.077434443618714655e-01 4.971230372277742893e-01 4.958937800587553957e-01 4.953465003261281474e-01 5.039963832958641587e-01 5.015018980312146990e-01 5.039327265081412488e-01 5.053775061510040745e-01 5.046465097074073203e-01 5.050868451292087613e-01 5.052640198736458865e-01 5.069147667651728861e-01 5.062303633270290870e-01 5.043560366799323402e-01 5.021927440148957755e-01 5.054891766196314418e-01 5.050643382352940636e-01 5.051517028517179542e-01 5.062155084399422300e-01 5.048205392953576398e-01 5.075766416660197899e-01 5.089758796054130174e-01 5.106695782485946022e-01 5.064973065758142656e-01 5.084666418346952543e-01 5.061984174798354053e-01 5.047353313849559653e-01 5.057153965520599925e-01 5.044645947537748087e-01 5.040837871901460154e-01 4.994854705949486329e-01 5.002767353349933943e-01 5.067615955904654079e-01 5.231336265370328809e-01 5.082277444777444364e-01 0.000000000000000000e+00 
3.866666666666666585e-01 4.789642026724605373e-01 4.993639545164988425e-01 4.961762872461843443e-01 4.932221030608096024e-01 4.943213786947535660e-01 5.044280944819925505e-01 5.061287068918156606e-01 5.062228080657845686e-01 5.034012445879831876e-01 4.989697364455986661e-01 5.005943378057592374e-01 5.026060317357278207e-01 5.042117908889133249e-01 5.034640738086613165e-01 5.035700312862955164e-01 5.037868933403799598e-01 5.052553141192961395e-01 5.053124999999999423e-01 5.054045769044157588e-01 5.067496666570387998e-01 5.060719330477931877e-01 5.072523869939675745e-01 5.096533062080830234e-01 5.109205143415936901e-01 5.058239165481743793e-01 5.047131632424165515e-01 5.044292645012806720e-01 5.067531165122809433e-01 5.132821410206046542e-01 5.122862655363399353e-01 5.120221398976771976e-01 5.090657904540172307e-01 5.127065568851387756e-01 5.127899045740654804e-01 5.118932802296277673e-01 5.092423548673548073e-01 0.000000000000000000e+00 
3.166666666666666519e-01 4.717317837242553935e-01 5.072626258923262910e-01 5.051028983835035291e-01 4.994061836975920987e-01 4.988578549139064400e-01 5.004303149781909044e-01 5.095016354494432687e-01 5.066544230323843934e-01 5.075668727824071969e-01 5.081191418820508732e-01 5.075458341508929383e-01 5.065205729165845883e-01 5.084895937863564974e-01 5.069135553321205689e-01 5.079524713538769998e-01 5.063744226475255239e-01 5.048087530704477022e-01 5.072058823529411731e-01 5.077277357657661305e-01 5.096439579454473678e-01 5.068217871319017354e-01 5.077525219754847052e-01 5.093457526719544770e-01 5.106940430267439268e-01 5.106723624457708555e-01 5.052289937661416097e-01 5.077422360091914388e-01 5.068038038319040428e-01 5.061343482916119685e-01 5.067210974276636914e-01 5.079496862023689108e-01 5.038777158852815186e-01 5.069725861048137716e-01 5.037696742384690785e-01 5.094364757507227059e-01 5.290336862038511612e-01 0.000000000000000000e+00 
4.000000000000000222e-01 4.841760712520192245e-01 4.871933974748706708e-01 4.985608980216672537e-01 5.021008385850274092e-01 4.963222506403844880e-01 4.999759768450225406e-01 5.046209586019977378e-01 5.042285925721310402e-01 5.054479474551843987e-01 5.053240024823023591e-01 5.034544449479672057e-01 5.076085423492632254e-01 5.040208929078446864e-01 5.051715676463339744e-01 5.065513532148125941e-01 5.056269613994379686e-01 5.047115968576028067e-01 5.059070452240457261e-01 5.058378714330828974e-01 5.073969146612333780e-01 5.086989047868419878e-01 5.081040081547020248e-01 5.079149123778344821e-01 5.107118859753591034e-01 5.096508348959986057e-01 5.067384549298765695e-01 5.075331936593923121e-01 5.066417927537274490e-01 5.066628479628985104e-01 5.093284871955364723e-01 5.031220525981103808e-01 5.102584715295550577e-01 5.101007677476703250e-01 5.066765157694363975e-01 5.119477041312499033e-01 5.314507541012453151e-01 0.000000000000000000e+00 
4.999999999999998890e-01 4.850637598118827110e-01 5.048953978543264665e-01 4.993604770173272200e-01 5.019473579189904777e-01 5.038905122684572691e-01 5.053704892804991022e-01 5.032235828005091616e-01 5.082026958970632391e-01 5.065118479539678642e-01 5.080844370627415341e-01 5.099732382366274352e-01 5.100703959356650552e-01 5.083587811579797222e-01 5.082738220948128660e-01 5.060758496535273654e-01 5.071972755006229905e-01 5.077394507404202617e-01 5.079465067766919528e-01 5.080976705996491649e-01 5.106408436941299867e-01 5.088799682991846929e-01 5.118912668782960029e-01 5.111019265788487864e-01 5.105633000047680170e-01 5.100238323697843246e-01 5.125270724380595055e-01 5.082653627455748779e-01 5.101385418836216212e-01 5.072480791024986946e-01 5.045001074933888052e-01 5.037520566442800218e-01 5.061850943283212612e-01 5.061612323472346464e-01 5.172751305023538526e-01 5.157290323842127489e-01 5.192796795418279654e-01 0.000000000000000000e+00 
3.041666666666666408e-01 4.818269809070330756e-01 4.974876739493801492e-01 5.019079675035030830e-01 5.038159141351048476e-01 4.944862275456449185e-01 4.985753200889064263e-01 5.080636133396011500e-01 5.094560923916096051e-01 5.094701974637416697e-01 5.096035070232105557e-01 5.114315817507217865e-01 5.110970087095367820e-01 5.063061193288369566e-01 5.065569382492245420e-01 5.056679769701706295e-01 5.054589468120715967e-01 5.057644508593592825e-01 5.070863970588235237e-01 5.074298204284144465e-01 5.085702190699555869e-01 5.090361637774510895e-01 5.082661752240368314e-01 5.082981232915806391e-01 5.125986501228293468e-01 5.113570730728753677e-01 5.063408777202369482e-01 5.058450236721332427e-01 5.052680731373810907e-01 5.049444900289139504e-01 5.019396106003221059e-01 5.011505931165376460e-01 5.086372076756977556e-01 5.085660199704885587e-01 5.118529948897503346e-01 5.151747419819266982e-01 5.295075289721271616e-01 0.000000000000000000e+00 
4.124999999999999778e-01 4.824673827429286632e-01 4.950186350871722540e-01 5.010728192418413274e-01 4.898518657235039764e-01 4.979738908607613257e-01 5.033802687214011806e-01 5.066211908147689735e-01 5.077998030674613084e-01 5.056543684344612100e-01 5.085939242786788883e-01 5.076369979693775569e-01 5.066784480940158542e-01 5.074401916201780605e-01 5.070089503378494289e-01 5.050936194181813166e-01 5.063943195963227506e-01 5.075628545027176530e-01 5.070496323529410931e-01 5.072389214300383475e-01 5.096799972208974072e-01 5.095258080260643974e-01 5.089729658075915486e-01 5.145748643511923737e-01 5.115136606292830512e-01 5.090473273496003426e-01 5.069279771648130817e-01 5.063344524806944191e-01 5.090964969435706200e-01 5.048783113744861328e-01 5.060485611413284568e-01 5.080445656455074843e-01 5.058538981200366713e-01 5.075371031593116644e-01 5.161212751542432198e-01 5.206199778839362136e-01 5.122725904556399978e-01 0.000000000000000000e+00 
5.116666666666666030e-01 4.911353953473261424e-01 5.017719932713680109e-01 5.060153695414979502e-01 5.048223916698402203e-01 5.003827056955465480e-01 5.055273834005002964e-01 5.108171513446925216e-01 5.131914262137604599e-01 5.111137555453757475e-01 5.111829238276137666e-01 5.133704260558091814e-01 5.111257234312860387e-01 5.113858855987457597e-01 5.099238390456972692e-01 5.093978013801363502e-01 5.077433785891781737e-01 5.090160014119435861e-01 5.085753676470587958e-01 5.085478817009013719e-01 5.100969605047327438e-01 5.099874680419079764e-01 5.099453148261203772e-01 5.107291114464073134e-01 5.131862873184702689e-01 5.114228461490687438e-01 5.080970009129905929e-01 5.065980603993276432e-01 5.078199215997728500e-01 5.067570297208254804e-01 5.034612917617915517e-01 5.054553088477794498e-01 5.030898201160091121e-01 5.051342122393162049e-01 5.045688439459046215e-01 5.134151947769179936e-01 4.966933584990859130e-01 0.000000000000000000e+00 
4.075000000000000289e-01 4.847491302992146811e-01 4.929246246795009334e-01 5.089211382006627593e-01 5.075953376706866527e-01 4.981117207666344582e-01 5.030284865299339270e-01 5.069809249746974888e-01 5.099483089907053124e-01 5.104697132305919816e-01 5.120033255160609809e-01 5.084957883423550928e-01 5.067498258506237807e-01 5.068300224983481872e-01 5.094376668820576048e-01 5.066024840691655262e-01 5.087176350120138357e-01 5.089852642771498514e-01 5.091727941176470429e-01 5.095469730095296690e-01 5.109909152765181872e-01 5.116211228020550728e-01 5.094150523322447111e-01 5.099234681863649143e-01 5.141792051201127256e-01 5.125787003045967349e-01 5.104422908639044687e-01 5.085737989281232663e-01 5.080200608214600067e-01 5.063147450502749614e-01 5.093284905171757693e-01 5.127072773199461420e-01 5.138653857847647055e-01 5.078431886636761705e-01 5.180578750626733120e-01 5.109334136235907931e-01 5.159254140252593768e-01 0.000000000000000000e+00 
5.041666666666666519e-01 4.992844283037449205e-01 5.041214018438976430e-01 4.986063654875616535e-01 4.952967872922157122e-01 4.986751788831737531e-01 5.053998936117211072e-01 5.071946297706759754e-01 5.074702316072411401e-01 5.069568388493554956e-01 5.114997316160192486e-01 5.076870793402135096e-01 5.066291126686162105e-01 5.098039651265774408e-01 5.075876959409050260e-01 5.088634758777342837e-01 5.077235431788553743e-01 5.084291296258703907e-01 5.085386029411763653e-01 5.088883602768776715e-01 5.102461884913014334e-01 5.097367530140833880e-01 5.117008844970075687e-01 5.143005061420378166e-01 5.138642138545694849e-01 5.100852627236908132e-01 5.096837146037550559e-01 5.097776383866517991e-01 5.102572461393153347e-01 5.036773917656498512e-01 5.101340825945679391e-01 5.122871946795325426e-01 5.049925222895403909e-01 5.113812926188582297e-01 5.062014099707647929e-01 5.123856817640396466e-01 5.066323855453112035e-01 0.000000000000000000e+00 
4.375000000000000000e-01 5.038917383863037447e-01 4.922320306321359418e-01 4.923207405642441303e-01 4.941778677913865048e-01 4.913944874919963235e-01 4.970444359160055003e-01 5.014729183501843712e-01 5.066549156706152690e-01 5.060312076253841163e-01 5.076282673382437327e-01 5.090656798477288802e-01 5.063217385149207939e-01 5.040386484960646118e-01 5.058734371251768502e-01 5.036798238149949869e-01 5.055339875809001793e-01 5.057345643215971354e-01 5.070158065185321750e-01 5.072027112161608953e-01 5.072242099619649336e-01 5.098000374147514391e-01 5.106285314132409381e-01 5.114146696523660385e-01 5.132771599624575964e-01 5.116802318360951229e-01 5.097756398900759045e-01 5.066149788148962552e-01 5.078117495100171741e-01 5.064501163468407841e-01 5.034100165843300445e-01 5.073447637982571035e-01 5.128566735441129065e-01 5.099648724448432313e-01 5.181582095648489261e-01 5.122350893847256170e-01 5.213788775079409854e-01 0.000000000000000000e+00 
3.958333333333333703e-01 4.985358480687615002e-01 5.057326683078259277e-01 4.988670089146757247e-01 4.985528412697289857e-01 4.976431349662869263e-01 4.982060770765811553e-01 5.035600114781620951e-01 5.060041864160401692e-01 5.060091248901843475e-01 5.032539310975360225e-01 5.057839886998495293e-01 5.057433989838556743e-01 5.040707285349392830e-01 5.049438745950525220e-01 5.061654428495304670e-01 5.061175012521915706e-01 5.054397665892759184e-01 5.063332104001475598e-01 5.069854726687615942e-01 5.068620766146076928e-01 5.064163888042880757e-01 5.086869259507771357e-01 5.098434136913455594e-01 5.111255807946155638e-01 5.118255635225776867e-01 5.096003930682877492e-01 5.073320296801449025e-01 5.068490836651233789e-01 5.098460049395890925e-01 5.061629040151476300e-01 5.070916930551521151e-01 5.109300959656819519e-01 5.087464906432443978e-01 5.046944909227519815e-01 5.041978656431742589e-01 5.221873615720366013e-01 0.000000000000000000e+00 
2.999999999999999889e-01 5.012573395013326660e-01 4.948832074111620405e-01 5.023774674362535553e-01 5.062364941159069875e-01 4.974389711415485027e-01 5.005025197961788797e-01 4.997730317372457987e-01 5.055297969761605170e-01 5.097684788742435913e-01 5.072570748574420918e-01 5.085934428926037754e-01 5.108031227941512986e-01 5.073028121378986288e-01 5.081170288874659047e-01 5.064756627392035249e-01 5.071269146453548649e-01 5.076146238460392812e-01 5.082352941176471184e-01 5.090002714429358033e-01 5.088073026132745591e-01 5.095931926226727748e-01 5.095148756919519739e-01 5.086331463457410829e-01 5.125802760632144350e-01 5.120764570007121375e-01 5.131250332169986494e-01 5.101210259881795439e-01 5.057537407468419843e-01 5.082870674295396629e-01 5.069205254028512631e-01 5.040537446229205187e-01 5.108059429820503983e-01 5.096270503309444644e-01 5.163761617756417177e-01 5.171413629773129461e-01 5.236693358353405880e-01 0.000000000000000000e+00 
3.483333333333332726e-01 4.956142674449496854e-01 4.917164346673328912e-01 4.956299646866786368e-01 4.950835329575390409e-01 4.973743439232887198e-01 5.017825088020942959e-01 5.049198441325398745e-01 5.052073200235694950e-01 5.061368930251265441e-01 5.066533151751710928e-01 5.056654412377445951e-01 5.028783374920889893e-01 5.036520096779076860e-01 5.051393202326039944e-01 5.050278479056486969e-01 5.050216032526529952e-01 5.046509037961269817e-01 5.069384738613312846e-01 5.073590490920524276e-01 5.079832809963705786e-01 5.098427474317195340e-01 5.104155435162689436e-01 5.114667850627727663e-01 5.111737066139034891e-01 5.092849192778750034e-01 5.070915756688184617e-01 5.065634908702137951e-01 5.061145045890226291e-01 5.056587841198212363e-01 5.063765023669959398e-01 5.125839156475079372e-01 5.127704766833278693e-01 5.087542757668328530e-01 5.113124918610649772e-01 5.122579081415250535e-01 5.346634737811207794e-01 0.000000000000000000e+00 
4.191666666666666319e-01 4.858401557508796320e-01 4.975436605843687188e-01 4.932032447583385992e-01 4.950680666259187346e-01 4.990116936025366101e-01 5.020181782831196760e-01 5.066043555528011444e-01 5.057974875031556738e-01 5.076139852935050989e-01 5.065977539311097289e-01 5.072982270186958687e-01 5.055921387533961475e-01 5.075307372483565116e-01 5.061606120054011893e-01 5.056258859943345563e-01 5.064568638370329223e-01 5.066317829146782525e-01 5.073161764705882426e-01 5.076819508537075976e-01 5.094706487369004000e-01 5.090060821881526865e-01 5.111571160899045507e-01 5.115610801062130397e-01 5.115757933984246275e-01 5.103787324751333232e-01 5.081396621161982097e-01 5.088304480109655525e-01 5.072295786714943189e-01 5.089311374200253812e-01 5.080696458348188393e-01 5.110880903816893417e-01 5.077896336925221688e-01 5.120550010376647698e-01 5.152215338156436175e-01 5.139797553594405155e-01 5.174315164595653105e-01 0.000000000000000000e+00 
2.166666666666666463e-01 4.936383800954233791e-01 4.898312237685010229e-01 5.007163038915123376e-01 4.966505296608882958e-01 4.968597381090635312e-01 4.953341107271397870e-01 4.974312530006390065e-01 5.010588113078432437e-01 5.061342238548094397e-01 5.060467762872745690e-01 5.036820716207693893e-01 5.066381067345206990e-01 5.024942457062501200e-01 5.055398744885717388e-01 5.052961379828353472e-01 5.059796771735624032e-01 5.038882814677958510e-01 5.065625000000000266e-01 5.077491036135246549e-01 5.074734223218542173e-01 5.088875223288092942e-01 5.080438655237351497e-01 5.096643342548963229e-01 5.100827726300276588e-01 5.114624669279077551e-01 5.110710758253369512e-01 5.096708827929081753e-01 5.061394841270465683e-01 5.064967825497654896e-01 5.099935382939311257e-01 5.062658000505531053e-01 5.136325776845319657e-01 5.101358357518004372e-01 5.098772306489375294e-01 5.066284231729414334e-01 5.449133992755273992e-01 0.000000000000000000e+00 
5.211904761904763150e-01 4.966900673310964409e-01 4.964743816423724532e-01 4.974016195317071398e-01 4.982371348198045280e-01 4.971676986403914533e-01 5.016458529251602849e-01 5.077192535191221712e-01 5.075071530682848664e-01 5.072092968758534770e-01 5.077215659450005081e-01 5.028740430053353361e-01 5.050861832206863244e-01 5.067970512081141354e-01 5.100844112665823271e-01 5.066961520222822424e-01 5.082901006402531507e-01 5.066366512114564014e-01 5.081801470588234171e-01 5.084321294863765051e-01 5.099880534196905568e-01 5.104270801189345619e-01 5.116524710072415383e-01 5.121698933949696553e-01 5.138831671755376140e-01 5.119393247239776290e-01 5.080458391081352776e-01 5.086792660165035951e-01 5.093700820626654302e-01 5.081418832654027717e-01 5.158252378988129605e-01 5.149929213710605636e-01 5.131673635012249379e-01 5.036720272618883110e-01 5.174448628740904166e-01 5.104773274980325404e-01 5.410162976372426824e-01 0.000000000000000000e+00 
4.839880952380952728e-01 4.884047182937486520e-01 5.052007364436257308e-01 4.958218964392845929e-01 4.988766997979937057e-01 5.004132586506487845e-01 5.075365395724948936e-01 5.108001230270861059e-01 5.101751356423420702e-01 5.100751885297991617e-01 5.116962762874555093e-01 5.078558549761350571e-01 5.062535252333340008e-01 5.067395648776683581e-01 5.099969497441254607e-01 5.082858459093879677e-01 5.075798071198758254e-01 5.065066808992317871e-01 5.087829038355153877e-01 5.089431825322463521e-01 5.112461030774350101e-01 5.100560609718717275e-01 5.136473696023224900e-01 5.134101354077917900e-01 5.139672660350795841e-01 5.101209647796806079e-01 5.079159704415350252e-01 5.081703858252818451e-01 5.079421090310822784e-01 5.055820413583955730e-01 5.112206977049551515e-01 5.136804174475558815e-01 5.148132480618345941e-01 5.064966494727147772e-01 5.118261889778821239e-01 5.193231750876987629e-01 5.505988614925023672e-01 0.000000000000000000e+00 
3.634523809523809157e-01 4.877043233399062094e-01 5.028374899436199863e-01 5.035647794022739543e-01 4.957904234555344791e-01 4.964486546575459514e-01 4.951155992704728281e-01 5.018142416349594681e-01 5.034796339743168314e-01 5.089688931889969625e-01 5.080235452169781230e-01 5.059104230220301535e-01 5.054326047210008221e-01 5.043946897973784482e-01 5.049396882913255169e-01 5.064948608927387630e-01 5.057219066346274605e-01 5.044243315608669675e-01 5.079269663190417727e-01 5.085561650226976260e-01 5.093287577761358431e-01 5.086943741781211337e-01 5.091466020626491673e-01 5.121533574964434177e-01 5.129923412948118600e-01 5.146863543997597379e-01 5.119177082286883174e-01 5.114745233385215029e-01 5.080127537224287115e-01 5.086091013473887923e-01 5.104951374052294488e-01 5.113223440125147512e-01 5.130245036898036792e-01 5.132179614522579536e-01 5.122129546825898716e-01 5.180399428118863669e-01 5.367537269485797014e-01 1.250000000000000000e-01 
