8.678169846534729004e-01 8.678964972496032715e-01 8.678773641586303711e-01 8.676695227622985840e-01 8.676875233650207520e-01 8.676751852035522461e-01 8.677964806556701660e-01 8.678150177001953125e-01 8.676863312721252441e-01 8.677620887756347656e-01 8.674148917198181152e-01 8.674823045730590820e-01 8.674928545951843262e-01 8.675240278244018555e-01 8.676832318305969238e-01 8.672945499420166016e-01 8.675917983055114746e-01 8.675000071525573730e-01 8.673601746559143066e-01 8.672521710395812988e-01 8.672972917556762695e-01 8.672525286674499512e-01 0.000000000000000000e+00 0.000000000000000000e+00 
7.175852806540206075e-05 1.035630120895802975e-04 1.011213389574550092e-04 1.069103673216886818e-04 1.041723589878529310e-04 1.055013635777868330e-04 1.064360112650319934e-04 1.093782848329283297e-04 1.105690753320232034e-04 1.097518834285438061e-04 1.486990513512864709e-04 2.412255125818774104e-04 2.631077077239751816e-04 1.235384988831356168e-04 3.085990902036428452e-04 1.290224463446065784e-04 1.355548884021118283e-04 1.375623105559498072e-04 1.390527904732152820e-04 1.462322688894346356e-04 1.388069649692624807e-04 1.006551756290718913e-04 0.000000000000000000e+00 0.000000000000000000e+00 
7.356052994728088379e-01 7.357153296470642090e-01 7.357632517814636230e-01 7.353557348251342773e-01 7.354686260223388672e-01 7.354123592376708984e-01 7.356448173522949219e-01 7.357025146484375000e-01 7.355313301086425781e-01 7.357746958732604980e-01 7.351941466331481934e-01 7.351784110069274902e-01 7.349835038185119629e-01 7.355901598930358887e-01 7.361592650413513184e-01 7.352215051651000977e-01 7.358494997024536133e-01 7.359081506729125977e-01 7.356541156768798828e-01 7.357811331748962402e-01 7.359264492988586426e-01 7.358530163764953613e-01 0.000000000000000000e+00 0.000000000000000000e+00 
1.538942160550504923e-04 2.209196827607229352e-04 2.169436193071305752e-04 2.244121569674462080e-04 2.184210898121818900e-04 2.252536214655265212e-04 2.279718028148636222e-04 2.322701329831033945e-04 2.316623722435906529e-04 2.319984196219593287e-04 3.088282828684896231e-04 5.043732235208153725e-04 5.583456368185579777e-04 2.541181747801601887e-04 6.077130092307925224e-04 2.711309061851352453e-04 2.791943261399865150e-04 2.851567405741661787e-04 2.841447712853550911e-04 2.945744490716606379e-04 2.844156406354159117e-04 2.107766777044162154e-04 0.000000000000000000e+00 0.000000000000000000e+00 
5.692169070243835449e-01 5.693344473838806152e-01 5.694332122802734375e-01 5.689863562583923340e-01 5.690761804580688477e-01 5.691409707069396973e-01 5.692643523216247559e-01 5.693903565406799316e-01 5.692080259323120117e-01 5.696389675140380859e-01 5.690307617187500000e-01 5.691931247711181641e-01 5.686199665069580078e-01 5.695547461509704590e-01 5.701430439949035645e-01 5.694401264190673828e-01 5.699510574340820312e-01 5.703560113906860352e-01 5.700719356536865234e-01 5.704586505889892578e-01 5.706185698509216309e-01 5.704860091209411621e-01 0.000000000000000000e+00 0.000000000000000000e+00 
2.058863610727712512e-04 2.924627333413809538e-04 2.903250278905034065e-04 2.970204805023968220e-04 2.899321843869984150e-04 2.996306575369089842e-04 3.024511679541319609e-04 3.082387265749275684e-04 3.043642209377139807e-04 3.064961638301610947e-04 3.976578009314835072e-04 6.491886451840400696e-04 7.362716132774949074e-04 3.295165661256760359e-04 7.821309263817965984e-04 3.558578027877956629e-04 3.620605566538870335e-04 3.737173683475703001e-04 3.664625401142984629e-04 3.828046610578894615e-04 3.761527186725288630e-04 2.757709007710218430e-04 0.000000000000000000e+00 0.000000000000000000e+00 
4.899297952651977539e-01 4.899027347564697266e-01 4.900092780590057373e-01 4.897758364677429199e-01 4.899179637432098389e-01 4.900814592838287354e-01 4.901232421398162842e-01 4.904126524925231934e-01 4.903327226638793945e-01 4.908942878246307373e-01 4.902858138084411621e-01 4.908585846424102783e-01 4.902177155017852783e-01 4.913881719112396240e-01 4.921295046806335449e-01 4.917606413364410400e-01 4.920564591884613037e-01 4.928576052188873291e-01 4.928358495235443115e-01 4.933510720729827881e-01 4.940034151077270508e-01 4.939562380313873291e-01 0.000000000000000000e+00 0.000000000000000000e+00 
2.684214268811047077e-04 3.776985395234078169e-04 3.781973209697753191e-04 3.904651384800672531e-04 3.827066684607416391e-04 3.911300445906817913e-04 3.893615212291479111e-04 3.984879003837704659e-04 3.927776124328374863e-04 3.986939846072345972e-04 5.141892470419406891e-04 8.607853087596595287e-04 9.483343455940485001e-04 4.237803805153816938e-04 9.834077209234237671e-04 4.603129928000271320e-04 4.539617511909455061e-04 4.668790788855403662e-04 4.663538129534572363e-04 4.851933335885405540e-04 4.802931507583707571e-04 3.495439013931900263e-04 0.000000000000000000e+00 0.000000000000000000e+00 
4.959484338760375977e-01 4.959478080272674561e-01 4.958726465702056885e-01 4.961806535720825195e-01 4.964741170406341553e-01 4.967008233070373535e-01 4.967599511146545410e-01 4.973288178443908691e-01 4.975662231445312500e-01 4.982461333274841309e-01 4.977984726428985596e-01 4.988593161106109619e-01 4.982489645481109619e-01 5.004349946975708008e-01 5.012915730476379395e-01 5.015376210212707520e-01 5.019286274909973145e-01 5.035158395767211914e-01 5.038190484046936035e-01 5.045478940010070801e-01 5.062964558601379395e-01 5.066952109336853027e-01 0.000000000000000000e+00 0.000000000000000000e+00 
3.777501697186380625e-04 5.354900495149195194e-04 5.308872205205261707e-04 5.543660954572260380e-04 5.449842428788542747e-04 5.542981089092791080e-04 5.526845343410968781e-04 5.593782989308238029e-04 5.610018852166831493e-04 5.625821067951619625e-04 7.410830003209412098e-04 1.282397657632827759e-03 1.306734629906713963e-03 6.051208474673330784e-04 1.396421575918793678e-03 6.497653084807097912e-04 6.323896814137697220e-04 6.482242606580257416e-04 6.649959250353276730e-04 6.784204160794615746e-04 6.848509656265377998e-04 4.926575929857790470e-04 0.000000000000000000e+00 0.000000000000000000e+00 
4.944407641887664795e-01 4.948735833168029785e-01 4.944268465042114258e-01 4.958055317401885986e-01 4.967622160911560059e-01 4.968231320381164551e-01 4.973510205745697021e-01 4.982055723667144775e-01 4.996699690818786621e-01 5.001841783523559570e-01 4.999513328075408936e-01 5.034289956092834473e-01 5.028218626976013184e-01 5.071962475776672363e-01 5.070466995239257812e-01 5.099486708641052246e-01 5.111914277076721191e-01 5.141414999961853027e-01 5.151825547218322754e-01 5.169450640678405762e-01 5.186789035797119141e-01 5.202246904373168945e-01 0.000000000000000000e+00 0.000000000000000000e+00 
5.896576913073658943e-04 8.492529159411787987e-04 8.288161479867994785e-04 8.820561342872679234e-04 8.683276828378438950e-04 8.810886647552251816e-04 8.857668144628405571e-04 8.734047878533601761e-04 9.061922319233417511e-04 9.012555237859487534e-04 1.192875672131776810e-03 2.107368549332022667e-03 2.020362531766295433e-03 9.657077607698738575e-04 2.315108431503176689e-03 1.021747593767940998e-03 1.003258046694099903e-03 1.024257275275886059e-03 1.061711111105978489e-03 1.076728221960365772e-03 1.069271937012672424e-03 7.618356612510979176e-04 0.000000000000000000e+00 0.000000000000000000e+00 
4.675087928771972656e-01 4.682361185550689697e-01 4.690662026405334473e-01 4.703488647937774658e-01 4.729522466659545898e-01 4.728379845619201660e-01 4.745121598243713379e-01 4.761726558208465576e-01 4.789115190505981445e-01 4.808920919895172119e-01 4.814869761466979980e-01 4.860058426856994629e-01 4.888390898704528809e-01 4.958537220954895020e-01 4.967703819274902344e-01 5.021678805351257324e-01 5.059925913810729980e-01 5.101815462112426758e-01 5.114787817001342773e-01 5.162662863731384277e-01 5.181877017021179199e-01 5.201001167297363281e-01 0.000000000000000000e+00 0.000000000000000000e+00 
7.152847829274833202e-04 1.033866661600768566e-03 1.023300690576434135e-03 1.079657929949462414e-03 1.081255031749606133e-03 1.093285623937845230e-03 1.125255599617958069e-03 1.103846123442053795e-03 1.157714636065065861e-03 1.178877893835306168e-03 1.554556773044168949e-03 2.699864795431494713e-03 2.663923893123865128e-03 1.278040232136845589e-03 3.036367939785122871e-03 1.363153336569666862e-03 1.351744984276592731e-03 1.376422471366822720e-03 1.405469723977148533e-03 1.436572521924972534e-03 1.414590049535036087e-03 1.002619974315166473e-03 0.000000000000000000e+00 0.000000000000000000e+00 
4.322553575038909912e-01 4.344776868820190430e-01 4.370234906673431396e-01 4.395888149738311768e-01 4.448787569999694824e-01 4.450260698795318604e-01 4.490219354629516602e-01 4.523898363113403320e-01 4.577997922897338867e-01 4.630727171897888184e-01 4.662334024906158447e-01 4.745455086231231689e-01 4.823580384254455566e-01 4.943281114101409912e-01 4.996521472930908203e-01 5.083974599838256836e-01 5.160571336746215820e-01 5.226392745971679688e-01 5.249767303466796875e-01 5.326622128486633301e-01 5.367338061332702637e-01 5.378813743591308594e-01 0.000000000000000000e+00 0.000000000000000000e+00 
9.501383174210786819e-04 1.396525069139897823e-03 1.395270926877856255e-03 1.473840675316751003e-03 1.514272415079176426e-03 1.519127748906612396e-03 1.593613764271140099e-03 1.585892634466290474e-03 1.665754592977464199e-03 1.738774357363581657e-03 2.293903846293687820e-03 3.947738558053970337e-03 3.988184966146945953e-03 1.903240336105227470e-03 4.404652863740921021e-03 1.993043813854455948e-03 1.964317634701728821e-03 1.994106685742735863e-03 1.999935135245323181e-03 2.026338130235671997e-03 1.976475818082690239e-03 1.393938786350190639e-03 0.000000000000000000e+00 0.000000000000000000e+00 
3.780008256435394287e-01 3.826986551284790039e-01 3.884937763214111328e-01 3.924367129802703857e-01 4.024688899517059326e-01 4.036314785480499268e-01 4.112609922885894775e-01 4.171040952205657959e-01 4.279913008213043213e-01 4.381934702396392822e-01 4.449729025363922119e-01 4.625344872474670410e-01 4.757228791713714600e-01 4.964716732501983643e-01 5.108730196952819824e-01 5.256731510162353516e-01 5.408595800399780273e-01 5.501614212989807129e-01 5.562127232551574707e-01 5.658016204833984375e-01 5.739905238151550293e-01 5.746577382087707520e-01 0.000000000000000000e+00 0.000000000000000000e+00 
1.257270574569702148e-03 1.883592922240495682e-03 1.932711340487003326e-03 2.025428460910916328e-03 2.155377762392163277e-03 2.159450436010956764e-03 2.301282482221722603e-03 2.301451051607728004e-03 2.456547692418098450e-03 2.602027729153633118e-03 3.425015835091471672e-03 5.929592996835708618e-03 6.090968847274780273e-03 2.907595131546258926e-03 6.524248979985713959e-03 3.009463660418987274e-03 2.924937289208173752e-03 2.944485284388065338e-03 2.930107759311795235e-03 2.923236461356282234e-03 2.832750789821147919e-03 1.997569575905799866e-03 0.000000000000000000e+00 0.000000000000000000e+00 
3.273216187953948975e-01 3.356774151325225830e-01 3.453950285911560059e-01 3.515410125255584717e-01 3.662691712379455566e-01 3.697800040245056152e-01 3.804459869861602783e-01 3.902390003204345703e-01 4.082005023956298828e-01 4.236104488372802734e-01 4.345845878124237061e-01 4.670284986495971680e-01 4.846157729625701904e-01 5.144789218902587891e-01 5.428850650787353516e-01 5.628203749656677246e-01 5.886766314506530762e-01 6.020349860191345215e-01 6.118710041046142578e-01 6.240122318267822266e-01 6.381202340126037598e-01 6.393012404441833496e-01 0.000000000000000000e+00 0.000000000000000000e+00 
1.671139150857925415e-03 2.517734654247760773e-03 2.658729208633303642e-03 2.771763596683740616e-03 2.981568919494748116e-03 3.005975391715764999e-03 3.174473997205495834e-03 3.193438053131103516e-03 3.451173193752765656e-03 3.636552020907402039e-03 4.763298667967319489e-03 8.335848338901996613e-03 8.570876903831958771e-03 4.036120604723691940e-03 8.781136013567447662e-03 4.089064430445432663e-03 3.952190745621919632e-03 3.913864959031343460e-03 3.854309208691120148e-03 3.837352385744452477e-03 3.649546764791011810e-03 2.583528403192758560e-03 0.000000000000000000e+00 0.000000000000000000e+00 
2.783750891685485840e-01 2.895621061325073242e-01 3.030956983566284180e-01 3.128961324691772461e-01 3.310698866844177246e-01 3.360450267791748047e-01 3.495388627052307129e-01 3.636324107646942139e-01 3.879331648349761963e-01 4.094253182411193848e-01 4.241929650306701660e-01 4.678232967853546143e-01 4.955734908580780029e-01 5.328773856163024902e-01 5.746287703514099121e-01 5.985711216926574707e-01 6.333271265029907227e-01 6.515806913375854492e-01 6.671480536460876465e-01 6.796256899833679199e-01 7.002519369125366211e-01 7.015075087547302246e-01 0.000000000000000000e+00 0.000000000000000000e+00 
2.072390401735901833e-03 3.103708848357200623e-03 3.335662884637713432e-03 3.497100668027997017e-03 3.765629138797521591e-03 3.789341542869806290e-03 3.983497153967618942e-03 4.041921813040971756e-03 4.341522697359323502e-03 4.573055077344179153e-03 5.954962223768234253e-03 1.034878287464380264e-02 1.078620832413434982e-02 4.974807612597942352e-03 1.068101916462182999e-02 4.932307172566652298e-03 4.722273908555507660e-03 4.600153770297765732e-03 4.455650690943002701e-03 4.426713567227125168e-03 4.125923383980989456e-03 2.910512499511241913e-03 0.000000000000000000e+00 0.000000000000000000e+00 
2.398110181093215942e-01 2.520893216133117676e-01 2.698644399642944336e-01 2.827535271644592285e-01 3.032930195331573486e-01 3.083158731460571289e-01 3.226971626281738281e-01 3.421692848205566406e-01 3.705680966377258301e-01 3.981465697288513184e-01 4.161725640296936035e-01 4.602267444133758545e-01 5.046887993812561035e-01 5.479426980018615723e-01 6.017588973045349121e-01 6.278460025787353516e-01 6.698017716407775879e-01 6.937459111213684082e-01 7.148216962814331055e-01 7.280785441398620605e-01 7.512528300285339355e-01 7.536759972572326660e-01 0.000000000000000000e+00 0.000000000000000000e+00 
2.434181980788707733e-03 3.602717537432909012e-03 3.916688729077577591e-03 4.113556817173957825e-03 4.422624595463275909e-03 4.444169811904430389e-03 4.615620709955692291e-03 4.734436515718698502e-03 5.051787942647933960e-03 5.308985710144042969e-03 6.892659235745668411e-03 1.187496911734342575e-02 1.243055053055286407e-02 5.651232786476612091e-03 1.201368309557437897e-02 5.472911521792411804e-03 5.196470767259597778e-03 4.957037046551704407e-03 4.717863164842128754e-03 4.626438487321138382e-03 4.250455182045698166e-03 2.982360310852527618e-03 0.000000000000000000e+00 0.000000000000000000e+00 
1.942663341760635376e-01 2.044649273157119751e-01 2.254952639341354370e-01 2.378798872232437134e-01 2.612853050231933594e-01 2.655984461307525635e-01 2.796608805656433105e-01 3.001705110073089600e-01 3.331323564052581787e-01 3.642760813236236572e-01 3.840357661247253418e-01 4.259658157825469971e-01 4.907923340797424316e-01 5.370679497718811035e-01 6.052003502845764160e-01 6.358096599578857422e-01 6.874669194221496582e-01 7.184181809425354004e-01 7.452565431594848633e-01 7.607887983322143555e-01 7.860532999038696289e-01 7.917010784149169922e-01 0.000000000000000000e+00 0.000000000000000000e+00 
2.585893962532281876e-03 3.788036061450839043e-03 4.223048221319913864e-03 4.383272957056760788e-03 4.801055416464805603e-03 4.818806890398263931e-03 4.991299472749233246e-03 5.145398899912834167e-03 5.543940234929323196e-03 5.845701787620782852e-03 7.606091443449258804e-03 1.317411102354526520e-02 1.389405038207769394e-02 6.334336474537849426e-03 1.331412233412265778e-02 6.052341312170028687e-03 5.686288699507713318e-03 5.350017454475164413e-03 5.042906850576400757e-03 4.891537595540285110e-03 4.424178041517734528e-03 3.066072007641196251e-03 0.000000000000000000e+00 0.000000000000000000e+00 
1.629828810691833496e-01 1.717730015516281128e-01 1.959133744239807129e-01 2.063260227441787720e-01 2.321789562702178955e-01 2.359053194522857666e-01 2.482180148363113403e-01 2.696996629238128662e-01 3.069572746753692627e-01 3.396441936492919922e-01 3.590015470981597900e-01 3.983845114707946777e-01 4.833922088146209717e-01 5.307474732398986816e-01 6.113151907920837402e-01 6.448941230773925781e-01 7.057034373283386230e-01 7.437798976898193359e-01 7.734710574150085449e-01 7.909927368164062500e-01 8.166453838348388672e-01 8.247560262680053711e-01 0.000000000000000000e+00 0.000000000000000000e+00 
2.730788197368383408e-03 3.971902187913656235e-03 4.534295760095119476e-03 4.633434582501649857e-03 5.120327696204185486e-03 5.142359063029289246e-03 5.300058517605066299e-03 5.505663342773914337e-03 5.979250650852918625e-03 6.299035623669624329e-03 8.177218027412891388e-03 1.428176369518041611e-02 1.515269279479980469e-02 6.909932009875774384e-03 1.445752661675214767e-02 6.542502436786890030e-03 6.054154131561517715e-03 5.619815085083246231e-03 5.266536492854356766e-03 5.034701433032751083e-03 4.496075212955474854e-03 3.068182151764631271e-03 0.000000000000000000e+00 0.000000000000000000e+00 
1.355631947517395020e-01 1.423117220401763916e-01 1.679722964763641357e-01 1.749076694250106812e-01 2.016319185495376587e-01 2.057667970657348633e-01 2.159180492162704468e-01 2.365890890359878540e-01 2.760585546493530273e-01 3.093142211437225342e-01 3.281252384185791016e-01 3.675130605697631836e-01 4.659909307956695557e-01 5.152606368064880371e-01 6.055515408515930176e-01 6.447241306304931641e-01 7.145778536796569824e-01 7.589342594146728516e-01 7.920640707015991211e-01 8.115243315696716309e-01 8.393942117691040039e-01 8.498535156250000000e-01 0.000000000000000000e+00 0.000000000000000000e+00 
2.746331738308072090e-03 3.967325203120708466e-03 4.627185408025979996e-03 4.663083236664533615e-03 5.195789970457553864e-03 5.253477487713098526e-03 5.410688929259777069e-03 5.649325903505086899e-03 6.205301731824874878e-03 6.545937620103359222e-03 8.550528436899185181e-03 1.495974697172641754e-02 1.613253727555274963e-02 7.405781652778387070e-03 1.562787406146526337e-02 7.015321869403123856e-03 6.439725868403911591e-03 5.941377487033605576e-03 5.530479364097118378e-03 5.235246848315000534e-03 4.614573903381824493e-03 3.109306097030639648e-03 0.000000000000000000e+00 0.000000000000000000e+00 
1.212412118911743164e-01 1.264424175024032593e-01 1.533917188644409180e-01 1.585508584976196289e-01 1.850346177816390991e-01 1.903000921010971069e-01 1.994247436523437500e-01 2.204495072364807129e-01 2.608847022056579590e-01 2.937503457069396973e-01 3.127824366092681885e-01 3.529099225997924805e-01 4.607236087322235107e-01 5.116255879402160645e-01 6.103283762931823730e-01 6.533296704292297363e-01 7.291959524154663086e-01 7.767869830131530762e-01 8.128502964973449707e-01 8.323385715484619141e-01 8.618560433387756348e-01 8.722121119499206543e-01 0.000000000000000000e+00 0.000000000000000000e+00 
2.832064870744943619e-03 4.063032101839780807e-03 4.784376360476016998e-03 4.785035271197557449e-03 5.322073586285114288e-03 5.421017296612262726e-03 5.580027587711811066e-03 5.849133711308240891e-03 6.445569451898336411e-03 6.782506592571735382e-03 8.900448679924011230e-03 1.558443997055292130e-02 1.698011346161365509e-02 7.782562170177698135e-03 1.651613228023052216e-02 7.322122342884540558e-03 6.667926441878080368e-03 6.122674327343702316e-03 5.618678405880928040e-03 5.278602242469787598e-03 4.565350711345672607e-03 3.056448185816407204e-03 0.000000000000000000e+00 0.000000000000000000e+00 
1.050779297947883606e-01 1.089772731065750122e-01 1.345424652099609375e-01 1.382426917552947998e-01 1.624129116535186768e-01 1.687949150800704956e-01 1.773232221603393555e-01 1.976027041673660278e-01 2.364646196365356445e-01 2.674554586410522461e-01 2.856479585170745850e-01 3.207416236400604248e-01 4.374548196792602539e-01 4.909277260303497314e-01 5.950544476509094238e-01 6.434991359710693359e-01 7.264060974121093750e-01 7.781685590744018555e-01 8.192766308784484863e-01 8.395484089851379395e-01 8.717798590660095215e-01 8.835349678993225098e-01 0.000000000000000000e+00 0.000000000000000000e+00 
2.776735927909612656e-03 3.971592988818883896e-03 4.695510957390069962e-03 4.684822633862495422e-03 5.191916599869728088e-03 5.339247640222311020e-03 5.513721611350774765e-03 5.798593629151582718e-03 6.435707677155733109e-03 6.782779470086097717e-03 8.953348733484745026e-03 1.568543724715709686e-02 1.752090454101562500e-02 8.038153871893882751e-03 1.727447286248207092e-02 7.646816316992044449e-03 6.951889954507350922e-03 6.393407005816698074e-03 5.808774847537279129e-03 5.436976440250873566e-03 4.656451754271984100e-03 3.081057220697402954e-03 0.000000000000000000e+00 0.000000000000000000e+00 
1.004033610224723816e-01 1.039861440658569336e-01 1.292225420475006104e-01 1.325942575931549072e-01 1.564739048480987549e-01 1.629405021667480469e-01 1.721102595329284668e-01 1.927306950092315674e-01 2.307543903589248657e-01 2.602140009403228760e-01 2.789471745491027832e-01 3.151112794876098633e-01 4.356643855571746826e-01 4.895476698875427246e-01 5.981136560440063477e-01 6.497770547866821289e-01 7.345308065414428711e-01 7.882378697395324707e-01 8.311039209365844727e-01 8.509298563003540039e-01 8.837505578994750977e-01 8.963006138801574707e-01 0.000000000000000000e+00 0.000000000000000000e+00 
2.840765286237001419e-03 4.073530901223421097e-03 4.784258082509040833e-03 4.761356860399246216e-03 5.280563142150640488e-03 5.443794652819633484e-03 5.616991315037012100e-03 5.920617375522851944e-03 6.563495844602584839e-03 6.882254499942064285e-03 9.097359143197536469e-03 1.603612676262855530e-02 1.790497452020645142e-02 8.206551894545555115e-03 1.761443354189395905e-02 7.774205878376960754e-03 7.028671447187662125e-03 6.449143867939710617e-03 5.799551028758287430e-03 5.397969391196966171e-03 4.588896874338388443e-03 2.992914756760001183e-03 0.000000000000000000e+00 0.000000000000000000e+00 
9.597798436880111694e-02 9.925840049982070923e-02 1.225777342915534973e-01 1.261309087276458740e-01 1.493438035249710083e-01 1.553704440593719482e-01 1.663803160190582275e-01 1.858553886413574219e-01 2.225762158632278442e-01 2.508874833583831787e-01 2.700664103031158447e-01 3.083606958389282227e-01 4.294973015785217285e-01 4.833370149135589600e-01 5.906799435615539551e-01 6.502620577812194824e-01 7.353262901306152344e-01 7.920134067535400391e-01 8.360033035278320312e-01 8.556962609291076660e-01 8.898363113403320312e-01 9.036284089088439941e-01 0.000000000000000000e+00 0.000000000000000000e+00 
2.864761278033256531e-03 4.125759471207857132e-03 4.777927417308092117e-03 4.740860313177108765e-03 5.302886478602886200e-03 5.451598670333623886e-03 5.671350751072168350e-03 5.973202642053365707e-03 6.587782874703407288e-03 6.912413053214550018e-03 9.143197908997535706e-03 1.631104759871959686e-02 1.820899546146392822e-02 8.311661891639232635e-03 1.785149797797203064e-02 7.888804189860820770e-03 7.141658104956150055e-03 6.515099201351404190e-03 5.826105363667011261e-03 5.434333812445402145e-03 4.603390581905841827e-03 2.968460088595747948e-03 0.000000000000000000e+00 0.000000000000000000e+00 
8.907475322484970093e-02 9.262067824602127075e-02 1.129994392395019531e-01 1.167759895324707031e-01 1.385646313428878784e-01 1.451115161180496216e-01 1.570154726505279541e-01 1.755555421113967896e-01 2.106102854013442993e-01 2.393363267183303833e-01 2.562093436717987061e-01 2.989054620265960693e-01 4.179543852806091309e-01 4.733042120933532715e-01 5.789918303489685059e-01 6.471778154373168945e-01 7.338604927062988281e-01 7.925775647163391113e-01 8.390501737594604492e-01 8.586351275444030762e-01 8.935263752937316895e-01 9.083197116851806641e-01 0.000000000000000000e+00 0.000000000000000000e+00 
2.811196958646178246e-03 4.086766857653856277e-03 4.680261015892028809e-03 4.643632564693689346e-03 5.220917984843254089e-03 5.385892465710639954e-03 5.633199121803045273e-03 5.936110392212867737e-03 6.538878194987773895e-03 6.915731355547904968e-03 9.094504639506340027e-03 1.640105247497558594e-02 1.842550374567508698e-02 8.417423814535140991e-03 1.817214488983154297e-02 8.011769503355026245e-03 7.271522656083106995e-03 6.623112596571445465e-03 5.887660197913646698e-03 5.493314936757087708e-03 4.646858666092157364e-03 2.967522013932466507e-03 0.000000000000000000e+00 0.000000000000000000e+00 
8.935526013374328613e-02 9.255402535200119019e-02 1.136830076575279236e-01 1.181970611214637756e-01 1.393563896417617798e-01 1.471202373504638672e-01 1.588633209466934204e-01 1.787210553884506226e-01 2.138238698244094849e-01 2.430398911237716675e-01 2.599698901176452637e-01 3.079686164855957031e-01 4.230466187000274658e-01 4.827697873115539551e-01 5.924214720726013184e-01 6.623099446296691895e-01 7.495419979095458984e-01 8.082335591316223145e-01 8.537501096725463867e-01 8.725305795669555664e-01 9.040750861167907715e-01 9.194718599319458008e-01 0.000000000000000000e+00 0.000000000000000000e+00 
2.916438970714807510e-03 4.236151464283466339e-03 4.835887812077999115e-03 4.820847883820533752e-03 5.376546178013086319e-03 5.558588076382875443e-03 5.784886423498392105e-03 6.113593466579914093e-03 6.716038100421428680e-03 7.067337166517972946e-03 9.281475096940994263e-03 1.684351824223995209e-02 1.865248009562492371e-02 8.504408411681652069e-03 1.831583864986896515e-02 8.006256073713302612e-03 7.175690494477748871e-03 6.467778701335191727e-03 5.686120595782995224e-03 5.247666034847497940e-03 4.435595590621232986e-03 2.779376460239291191e-03 0.000000000000000000e+00 0.000000000000000000e+00 
7.815519720315933228e-02 8.146007359027862549e-02 9.971126914024353027e-02 1.031219959259033203e-01 1.236206516623497009e-01 1.304493844509124756e-01 1.426587700843811035e-01 1.604265570640563965e-01 1.943735629320144653e-01 2.225854545831680298e-01 2.367869466543197632e-01 2.837626338005065918e-01 3.990457057952880859e-01 4.615318477153778076e-01 5.682058334350585938e-01 6.473725438117980957e-01 7.386708259582519531e-01 8.016298413276672363e-01 8.506813645362854004e-01 8.703339099884033203e-01 9.041595458984375000e-01 9.208177924156188965e-01 0.000000000000000000e+00 0.000000000000000000e+00 
2.755295950919389725e-03 4.010898526757955551e-03 4.574934951961040497e-03 4.567088093608617783e-03 5.161013454198837280e-03 5.323878023773431778e-03 5.578082054853439331e-03 5.894707050174474716e-03 6.524363532662391663e-03 6.916042417287826538e-03 9.080872870981693268e-03 1.661706529557704926e-02 1.865439116954803467e-02 8.577690459787845612e-03 1.861284300684928894e-02 8.188674226403236389e-03 7.396383211016654968e-03 6.658317986875772476e-03 5.835704039782285690e-03 5.402624607086181641e-03 4.541883245110511780e-03 2.835056977346539497e-03 0.000000000000000000e+00 0.000000000000000000e+00 
8.094914257526397705e-02 8.450954407453536987e-02 1.034945771098136902e-01 1.078361198306083679e-01 1.288212537765502930e-01 1.363887190818786621e-01 1.485163271427154541e-01 1.683985441923141479e-01 2.030534893274307251e-01 2.323099821805953979e-01 2.475284039974212646e-01 3.016974925994873047e-01 4.123760461807250977e-01 4.791030883789062500e-01 5.899869203567504883e-01 6.670789718627929688e-01 7.580551505088806152e-01 8.190130591392517090e-01 8.653867244720458984e-01 8.838502168655395508e-01 9.139246344566345215e-01 9.291433691978454590e-01 0.000000000000000000e+00 0.000000000000000000e+00 
2.871276810765266418e-03 4.188539460301399231e-03 4.762980155646800995e-03 4.772600252181291580e-03 5.338147748261690140e-03 5.518768448382616043e-03 5.761597305536270142e-03 6.100815720856189728e-03 6.738403812050819397e-03 7.106574717909097672e-03 9.332138113677501678e-03 1.710314862430095673e-02 1.888053119182586670e-02 8.659169077873229980e-03 1.860999315977096558e-02 8.125942200422286987e-03 7.223667576909065247e-03 6.455019582062959671e-03 5.592409521341323853e-03 5.116414278745651245e-03 4.298122134059667587e-03 2.675963565707206726e-03 0.000000000000000000e+00 0.000000000000000000e+00 
7.739558815956115723e-02 8.029545843601226807e-02 9.841091930866241455e-02 1.027334257960319519e-01 1.230480447411537170e-01 1.301785111427307129e-01 1.418415457010269165e-01 1.610836237668991089e-01 1.959623843431472778e-01 2.238034904003143311e-01 2.379829436540603638e-01 2.931689918041229248e-01 4.018628895282745361e-01 4.708735942840576172e-01 5.808802843093872070e-01 6.624457240104675293e-01 7.552953362464904785e-01 8.189240097999572754e-01 8.668329119682312012e-01 8.855251669883728027e-01 9.159420728683471680e-01 9.320185780525207520e-01 0.000000000000000000e+00 0.000000000000000000e+00 
2.833557315170764923e-03 4.110015928745269775e-03 4.673698451370000839e-03 4.693737253546714783e-03 5.267728585749864578e-03 5.443871486932039261e-03 5.665692500770092010e-03 6.010125391185283661e-03 6.683328654617071152e-03 7.037933915853500366e-03 9.244143031537532806e-03 1.707958988845348358e-02 1.888112351298332214e-02 8.683448657393455505e-03 1.879644393920898438e-02 8.202412165701389313e-03 7.297467440366744995e-03 6.495082285255193710e-03 5.596858449280261993e-03 5.126473493874073029e-03 4.300058353692293167e-03 2.660182537510991096e-03 0.000000000000000000e+00 0.000000000000000000e+00 
7.296338677406311035e-02 7.532599568367004395e-02 9.294404089450836182e-02 9.692552685737609863e-02 1.159463375806808472e-01 1.236652582883834839e-01 1.336648911237716675e-01 1.516131013631820679e-01 1.857947707176208496e-01 2.111040949821472168e-01 2.242477983236312866e-01 2.748531997203826904e-01 3.844901621341705322e-01 4.557410180568695068e-01 5.634523630142211914e-01 6.523619890213012695e-01 7.490758299827575684e-01 8.166025876998901367e-01 8.674213886260986328e-01 8.881153464317321777e-01 9.172750711441040039e-01 9.350126981735229492e-01 0.000000000000000000e+00 0.000000000000000000e+00 
2.766678575426340103e-03 4.004071932286024094e-03 4.549050237983465195e-03 4.596345126628875732e-03 5.156388971954584122e-03 5.350103601813316345e-03 5.531593691557645798e-03 5.864721722900867462e-03 6.555916741490364075e-03 6.897300947457551956e-03 9.083106182515621185e-03 1.667990162968635559e-02 1.884119398891925812e-02 8.667491376399993896e-03 1.895074732601642609e-02 8.290078490972518921e-03 7.390135433524847031e-03 6.540007423609495163e-03 5.575059447437524796e-03 5.092113744467496872e-03 4.287836607545614243e-03 2.603276167064905167e-03 0.000000000000000000e+00 0.000000000000000000e+00 
7.229715585708618164e-02 7.460214942693710327e-02 9.168300777673721313e-02 9.651113301515579224e-02 1.154126971960067749e-01 1.234184056520462036e-01 1.326582133769989014e-01 1.506340801715850830e-01 1.848255842924118042e-01 2.098155021667480469e-01 2.234490215778350830e-01 2.780913710594177246e-01 3.849090635776519775e-01 4.586831629276275635e-01 5.691326856613159180e-01 6.587743759155273438e-01 7.572334408760070801e-01 8.244712948799133301e-01 8.748444318771362305e-01 8.950822353363037109e-01 9.239896535873413086e-01 9.402345418930053711e-01 0.000000000000000000e+00 0.000000000000000000e+00 
2.795281587168574333e-03 4.065394401550292969e-03 4.562389105558395386e-03 4.650073125958442688e-03 5.198421888053417206e-03 5.400367546826601028e-03 5.565217696130275726e-03 5.895246285945177078e-03 6.589045748114585876e-03 6.921866908669471741e-03 9.142130613327026367e-03 1.690002344548702240e-02 1.894047111272811890e-02 8.710809051990509033e-03 1.899506896734237671e-02 8.298242464661598206e-03 7.341085467487573624e-03 6.449658423662185669e-03 5.431106779724359512e-03 4.944947548210620880e-03 4.108405672013759613e-03 2.479528309777379036e-03 0.000000000000000000e+00 0.000000000000000000e+00 
6.624087691307067871e-02 6.884325295686721802e-02 8.446908742189407349e-02 8.861155062913894653e-02 1.082577183842658997e-01 1.150917485356330872e-01 1.232510879635810852e-01 1.389851868152618408e-01 1.734913140535354614e-01 1.984672248363494873e-01 2.100007534027099609e-01 2.691369354724884033e-01 3.707196116447448730e-01 4.488516151905059814e-01 5.600537657737731934e-01 6.527820229530334473e-01 7.544738650321960449e-01 8.234440684318542480e-01 8.763775229454040527e-01 8.960939645767211914e-01 9.257072210311889648e-01 9.418947100639343262e-01 0.000000000000000000e+00 0.000000000000000000e+00 
2.683499129489064217e-03 3.934260457754135132e-03 4.410746041685342789e-03 4.475768655538558960e-03 5.079946946352720261e-03 5.254153162240982056e-03 5.414724349975585938e-03 5.717998836189508438e-03 6.451843306422233582e-03 6.798154208809137344e-03 8.974715135991573334e-03 1.677638664841651917e-02 1.883879117667675018e-02 8.737107738852500916e-03 1.908753626048564911e-02 8.389249444007873535e-03 7.389845792204141617e-03 6.512305699288845062e-03 5.421247333288192749e-03 4.969403613358736038e-03 4.101117141544818878e-03 2.461741212755441666e-03 0.000000000000000000e+00 0.000000000000000000e+00 
7.539163529872894287e-02 7.734146714210510254e-02 9.789682924747467041e-02 1.007815375924110413e-01 1.218350827693939209e-01 1.313573122024536133e-01 1.377685368061065674e-01 1.588607877492904663e-01 1.920801699161529541e-01 2.181768119335174561e-01 2.323660850524902344e-01 2.963859438896179199e-01 4.006793200969696045e-01 4.812451303005218506e-01 6.021577119827270508e-01 6.844867467880249023e-01 7.847367525100708008e-01 8.499564528465270996e-01 8.987765908241271973e-01 9.159472584724426270e-01 9.383492469787597656e-01 9.531576037406921387e-01 0.000000000000000000e+00 0.000000000000000000e+00 
2.941005630418658257e-03 4.250582773238420486e-03 4.810781683772802353e-03 4.860150162130594254e-03 5.425270646810531616e-03 5.660157650709152222e-03 5.769982468336820602e-03 6.108006928116083145e-03 6.784185767173767090e-03 7.127018645405769348e-03 9.410052560269832611e-03 1.741673238575458527e-02 1.915104128420352936e-02 8.772552944719791412e-03 1.887918263673782349e-02 8.160385303199291229e-03 7.006225641816854477e-03 6.024124566465616226e-03 4.871285054832696915e-03 4.365490283817052841e-03 3.678419627249240875e-03 2.110136207193136215e-03 0.000000000000000000e+00 0.000000000000000000e+00 
7.273967564105987549e-02 7.598439604043960571e-02 9.467088431119918823e-02 9.742451459169387817e-02 1.189921498298645020e-01 1.280222088098526001e-01 1.335384547710418701e-01 1.551032662391662598e-01 1.860585510730743408e-01 2.114392071962356567e-01 2.267527729272842407e-01 2.873776853084564209e-01 3.957211375236511230e-01 4.753661751747131348e-01 5.998734831809997559e-01 6.867396235466003418e-01 7.881841063499450684e-01 8.547447323799133301e-01 9.040345549583435059e-01 9.225306510925292969e-01 9.418435692787170410e-01 9.573410153388977051e-01 0.000000000000000000e+00 0.000000000000000000e+00 
2.924084663391113281e-03 4.263107199221849442e-03 4.759346134960651398e-03 4.813391715288162231e-03 5.413031671196222305e-03 5.637156311422586441e-03 5.723202135413885117e-03 6.088248454034328461e-03 6.746145430952310562e-03 7.085091434419155121e-03 9.396871551871299744e-03 1.729780808091163635e-02 1.928997039794921875e-02 8.795579895377159119e-03 1.901586726307868958e-02 8.164161816239356995e-03 6.979946978390216827e-03 5.974341183900833130e-03 4.744505044072866440e-03 4.165191203355789185e-03 3.567038103938102722e-03 2.003035275265574455e-03 0.000000000000000000e+00 0.000000000000000000e+00 
5.448542535305023193e-02 5.734294280409812927e-02 7.078162580728530884e-02 7.260587066411972046e-02 9.321076422929763794e-02 9.823912382125854492e-02 1.047375947237014771e-01 1.181330457329750061e-01 1.498617380857467651e-01 1.713189333677291870e-01 1.842080503702163696e-01 2.340365350246429443e-01 3.419563770294189453e-01 4.190080463886260986e-01 5.354524850845336914e-01 6.409153342247009277e-01 7.483779788017272949e-01 8.265765905380249023e-01 8.841904401779174805e-01 9.065095782279968262e-01 9.344508051872253418e-01 9.517907500267028809e-01 0.000000000000000000e+00 0.000000000000000000e+00 
2.480177674442529678e-03 3.614427521824836731e-03 4.098948556929826736e-03 4.115855786949396133e-03 4.831692203879356384e-03 4.952930379658937454e-03 5.071526858955621719e-03 5.387933924794197083e-03 6.136538460850715637e-03 6.473388057202100754e-03 8.647311478853225708e-03 1.607891917228698730e-02 1.883919537067413330e-02 8.751599118113517761e-03 1.956361532211303711e-02 8.510458283126354218e-03 7.531438488513231277e-03 6.534724030643701553e-03 5.288994871079921722e-03 4.742638207972049713e-03 3.931160084903240204e-03 2.243843162432312965e-03 0.000000000000000000e+00 0.000000000000000000e+00 
5.341511219739913940e-02 5.607662349939346313e-02 6.946970522403717041e-02 7.128063589334487915e-02 9.171274304389953613e-02 9.682559967041015625e-02 1.031163483858108521e-01 1.169937029480934143e-01 1.478894948959350586e-01 1.691333949565887451e-01 1.821094155311584473e-01 2.316531091928482056e-01 3.399609923362731934e-01 4.176746010780334473e-01 5.353368520736694336e-01 6.425777673721313477e-01 7.506408691406250000e-01 8.286423683166503906e-01 8.870648145675659180e-01 9.094341993331909180e-01 9.365647435188293457e-01 9.538955092430114746e-01 0.000000000000000000e+00 0.000000000000000000e+00 
2.481505507603287697e-03 3.594321664422750473e-03 4.087136592715978622e-03 4.108044318854808807e-03 4.822931718081235886e-03 4.950204398483037949e-03 5.057711619883775711e-03 5.395480897277593613e-03 6.127768661826848984e-03 6.461089942604303360e-03 8.640475571155548096e-03 1.609313301742076874e-02 1.886384002864360809e-02 8.776528760790824890e-03 1.967046409845352173e-02 8.516893722116947174e-03 7.530416361987590790e-03 6.526036653667688370e-03 5.247499793767929077e-03 4.686025902628898621e-03 3.894486697390675545e-03 2.204013755545020103e-03 0.000000000000000000e+00 0.000000000000000000e+00 
5.995440855622291565e-02 6.216255947947502136e-02 7.876329123973846436e-02 7.948731631040573120e-02 1.011043712496757507e-01 1.078651398420333862e-01 1.139200553297996521e-01 1.304621398448944092e-01 1.609753370285034180e-01 1.844690144062042236e-01 1.983302831649780273e-01 2.552926242351531982e-01 3.611602783203125000e-01 4.439606368541717529e-01 5.652580857276916504e-01 6.691793203353881836e-01 7.757422924041748047e-01 8.473608493804931641e-01 9.030518531799316406e-01 9.223129153251647949e-01 9.442248344421386719e-01 9.601415991783142090e-01 0.000000000000000000e+00 0.000000000000000000e+00 
2.686391118913888931e-03 3.849957836791872978e-03 4.419123753905296326e-03 4.406563937664031982e-03 5.086828023195266724e-03 5.248378496617078781e-03 5.362168420106172562e-03 5.713893100619316101e-03 6.400035228580236435e-03 6.740766111761331558e-03 8.992590010166168213e-03 1.680177263915538788e-02 1.912171021103858948e-02 8.837712928652763367e-03 1.961756497621536255e-02 8.358008228242397308e-03 7.204769179224967957e-03 6.198836024850606918e-03 4.860037006437778473e-03 4.300300031900405884e-03 3.605067729949951172e-03 2.007192233577370644e-03 0.000000000000000000e+00 0.000000000000000000e+00 
5.150823295116424561e-02 5.283029749989509583e-02 6.752933561801910400e-02 6.804223358631134033e-02 8.844029903411865234e-02 9.430912882089614868e-02 9.845940768718719482e-02 1.142720356583595276e-01 1.412019729614257812e-01 1.623359620571136475e-01 1.775556653738021851e-01 2.235300987958908081e-01 3.313734233379364014e-01 4.116932749748229980e-01 5.340306162834167480e-01 6.440740227699279785e-01 7.534595131874084473e-01 8.329849839210510254e-01 8.930941224098205566e-01 9.177861213684082031e-01 9.415939450263977051e-01 9.587100744247436523e-01 0.000000000000000000e+00 0.000000000000000000e+00 
2.474833745509386063e-03 3.500054823234677315e-03 4.068433307111263275e-03 4.058900289237499237e-03 4.782657604664564133e-03 4.950611386448144913e-03 4.974122159183025360e-03 5.380548071116209030e-03 6.019989028573036194e-03 6.371027324348688126e-03 8.588809520006179810e-03 1.603220030665397644e-02 1.877793483436107635e-02 8.790033869445323944e-03 1.982354559004306793e-02 8.520291186869144440e-03 7.502957712858915329e-03 6.476381327956914902e-03 5.146514624357223511e-03 4.466983955353498459e-03 3.743268782272934914e-03 2.086310647428035736e-03 0.000000000000000000e+00 0.000000000000000000e+00 
4.988731816411018372e-02 5.059650167822837830e-02 6.573585420846939087e-02 6.555940955877304077e-02 8.651681244373321533e-02 9.215658903121948242e-02 9.627931565046310425e-02 1.118137314915657043e-01 1.381370276212692261e-01 1.593933403491973877e-01 1.743836253881454468e-01 2.236367762088775635e-01 3.304463326930999756e-01 4.119744002819061279e-01 5.342896580696105957e-01 6.469851732254028320e-01 7.563902139663696289e-01 8.355942368507385254e-01 8.963308334350585938e-01 9.206916093826293945e-01 9.440308809280395508e-01 9.605838060379028320e-01 0.000000000000000000e+00 0.000000000000000000e+00 
2.457062480971217155e-03 3.450710792094469070e-03 4.038648214191198349e-03 4.016527906060218811e-03 4.766847938299179077e-03 4.933092743158340454e-03 4.968820139765739441e-03 5.368041805922985077e-03 5.995865445584058762e-03 6.356950849294662476e-03 8.559364825487136841e-03 1.614762656390666962e-02 1.885342225432395935e-02 8.836393244564533234e-03 1.992276124656200409e-02 8.547308854758739471e-03 7.500824518501758575e-03 6.469750776886940002e-03 5.104335956275463104e-03 4.425480496138334274e-03 3.690303536131978035e-03 2.052137628197669983e-03 0.000000000000000000e+00 0.000000000000000000e+00 
5.202659964561462402e-02 5.275056883692741394e-02 6.894637644290924072e-02 6.841397285461425781e-02 9.037616848945617676e-02 9.614012390375137329e-02 1.010933592915534973e-01 1.172990202903747559e-01 1.443631350994110107e-01 1.663267016410827637e-01 1.821006685495376587e-01 2.375124245882034302e-01 3.437749743461608887e-01 4.265066385269165039e-01 5.504434704780578613e-01 6.625186800956726074e-01 7.716538310050964355e-01 8.463611602783203125e-01 9.050316214561462402e-01 9.270651340484619141e-01 9.484425783157348633e-01 9.637117385864257812e-01 0.000000000000000000e+00 0.000000000000000000e+00 
2.545972587540745735e-03 3.567141946405172348e-03 4.189729690551757812e-03 4.159436561167240143e-03 4.904155153781175613e-03 5.066284444183111191e-03 5.142026580870151520e-03 5.536823067814111710e-03 6.164581980556249619e-03 6.518355105072259903e-03 8.770084008574485779e-03 1.668433099985122681e-02 1.914256811141967773e-02 8.923746645450592041e-03 1.995314471423625946e-02 8.498743176460266113e-03 7.349020335823297501e-03 6.299165077507495880e-03 4.905582405626773834e-03 4.269710741937160492e-03 3.535207128152251244e-03 1.965384697541594505e-03 0.000000000000000000e+00 0.000000000000000000e+00 
4.733980074524879456e-02 4.768809676170349121e-02 6.255536526441574097e-02 6.234511733055114746e-02 8.409829437732696533e-02 8.923996239900588989e-02 9.413536638021469116e-02 1.088981926441192627e-01 1.354588121175765991e-01 1.556712687015533447e-01 1.715927720069885254e-01 2.253493666648864746e-01 3.323727548122406006e-01 4.132320284843444824e-01 5.360460281372070312e-01 6.504750251770019531e-01 7.612328529357910156e-01 8.383657336235046387e-01 8.999443650245666504e-01 9.231182336807250977e-01 9.464753866195678711e-01 9.626725316047668457e-01 0.000000000000000000e+00 0.000000000000000000e+00 
2.433147048577666283e-03 3.396743442863225937e-03 3.980365581810474396e-03 3.979008644819259644e-03 4.767043050378561020e-03 4.912910051643848419e-03 4.984124563634395599e-03 5.371879320591688156e-03 6.015142891556024551e-03 6.349659524857997894e-03 8.582739159464836121e-03 1.642052456736564636e-02 1.902012713253498077e-02 8.926221169531345367e-03 2.007034979760646820e-02 8.598358370363712311e-03 7.529148366302251816e-03 6.491016596555709839e-03 5.082986783236265182e-03 4.436057992279529572e-03 3.666746662929654121e-03 2.042598789557814598e-03 0.000000000000000000e+00 0.000000000000000000e+00 
4.797247797250747681e-02 4.843461140990257263e-02 6.368611752986907959e-02 6.354171782732009888e-02 8.536849915981292725e-02 9.073124080896377563e-02 9.590478241443634033e-02 1.110668852925300598e-01 1.378147751092910767e-01 1.584224551916122437e-01 1.748873293399810791e-01 2.296924293041229248e-01 3.384133577346801758e-01 4.192572236061096191e-01 5.429043173789978027e-01 6.575596928596496582e-01 7.684062719345092773e-01 8.438587188720703125e-01 9.043763875961303711e-01 9.268149137496948242e-01 9.489695429801940918e-01 9.644333720207214355e-01 0.000000000000000000e+00 0.000000000000000000e+00 
2.471299376338720322e-03 3.446165239438414574e-03 4.055608063936233521e-03 4.052876494824886322e-03 4.824216011911630630e-03 4.977740813046693802e-03 5.062683951109647751e-03 5.454863421618938446e-03 6.090172100812196732e-03 6.426325067877769470e-03 8.687099441885948181e-03 1.663660816848278046e-02 1.920198835432529449e-02 8.969744667410850525e-03 2.012096159160137177e-02 8.582215756177902222e-03 7.472893223166465759e-03 6.409496068954467773e-03 4.989439621567726135e-03 4.349757917225360870e-03 3.587067825719714165e-03 2.000053413212299347e-03 0.000000000000000000e+00 0.000000000000000000e+00 
4.779432341456413269e-02 4.832955449819564819e-02 6.354671716690063477e-02 6.356861442327499390e-02 8.514738827943801880e-02 9.063632786273956299e-02 9.573537856340408325e-02 1.110533699393272400e-01 1.378153562545776367e-01 1.581895798444747925e-01 1.749272793531417847e-01 2.288277596235275269e-01 3.393035829067230225e-01 4.203341305255889893e-01 5.444887280464172363e-01 6.601233482360839844e-01 7.713547348976135254e-01 8.468474745750427246e-01 9.066615104675292969e-01 9.294949173927307129e-01 9.508029222488403320e-01 9.658285379409790039e-01 0.000000000000000000e+00 0.000000000000000000e+00 
2.481932286173105240e-03 3.459685249254107475e-03 4.078627564013004303e-03 4.077089019119739532e-03 4.834829829633235931e-03 4.993712995201349258e-03 5.079975351691246033e-03 5.471196025609970093e-03 6.108403671532869339e-03 6.443941500037908554e-03 8.708742447197437286e-03 1.664425805211067200e-02 1.928800530731678009e-02 8.987876586616039276e-03 2.018225751817226410e-02 8.581025525927543640e-03 7.457860745489597321e-03 6.368290167301893234e-03 4.948888439685106277e-03 4.285478498786687851e-03 3.528330707922577858e-03 1.963108312338590622e-03 0.000000000000000000e+00 0.000000000000000000e+00 
3.997649997472763062e-02 3.947629407048225403e-02 5.215194076299667358e-02 5.247890576720237732e-02 7.344020158052444458e-02 7.762680947780609131e-02 8.075226843357086182e-02 9.455681592226028442e-02 1.190954744815826416e-01 1.365902572870254517e-01 1.515344679355621338e-01 1.972988545894622803e-01 3.088388144969940186e-01 3.866487741470336914e-01 5.081364512443542480e-01 6.269562244415283203e-01 7.428345680236816406e-01 8.267060518264770508e-01 8.922899365425109863e-01 9.191585183143615723e-01 9.448177814483642578e-01 9.621843695640563965e-01 0.000000000000000000e+00 0.000000000000000000e+00 
2.255957107990980148e-03 3.092711325734853745e-03 3.668759251013398170e-03 3.683480666950345039e-03 4.517639055848121643e-03 4.629306960850954056e-03 4.636616446077823639e-03 5.066026002168655396e-03 5.711576901376247406e-03 6.059555802494287491e-03 8.174855262041091919e-03 1.567861996591091156e-02 1.877614855766296387e-02 8.880605921149253845e-03 2.026844769716262817e-02 8.774405345320701599e-03 7.827464491128921509e-03 6.779806222766637802e-03 5.365828983485698700e-03 4.638924729079008102e-03 3.824309911578893661e-03 2.128086984157562256e-03 0.000000000000000000e+00 0.000000000000000000e+00 
3.953978791832923889e-02 3.885715454816818237e-02 5.204993113875389099e-02 5.204537883400917053e-02 7.316556572914123535e-02 7.740174978971481323e-02 8.025521039962768555e-02 9.448754042387008667e-02 1.188952401280403137e-01 1.366008818149566650e-01 1.513294875621795654e-01 1.975339055061340332e-01 3.096356093883514404e-01 3.877846896648406982e-01 5.088297724723815918e-01 6.289120912551879883e-01 7.449795603752136230e-01 8.284831047058105469e-01 8.941470980644226074e-01 9.208663105964660645e-01 9.459090828895568848e-01 9.629441499710083008e-01 0.000000000000000000e+00 0.000000000000000000e+00 
2.253422513604164124e-03 3.079553833231329918e-03 3.684942377731204033e-03 3.688885597512125969e-03 4.522713366895914078e-03 4.640705417841672897e-03 4.640734288841485977e-03 5.079522728919982910e-03 5.720322020351886749e-03 6.078181788325309753e-03 8.189789950847625732e-03 1.572580449283123016e-02 1.884444244205951691e-02 8.903522044420242310e-03 2.033410593867301941e-02 8.785434998571872711e-03 7.818873971700668335e-03 6.762855686247348785e-03 5.342285148799419403e-03 4.613343626260757446e-03 3.799773752689361572e-03 2.121856203302741051e-03 0.000000000000000000e+00 0.000000000000000000e+00 
4.505399614572525024e-02 4.500372707843780518e-02 6.042830646038055420e-02 5.998208001255989075e-02 8.200073242187500000e-02 8.705560863018035889e-02 9.176184982061386108e-02 1.073258072137832642e-01 1.337950229644775391e-01 1.531242579221725464e-01 1.697274446487426758e-01 2.242729812860488892e-01 3.354871273040771484e-01 4.166407287120819092e-01 5.395634770393371582e-01 6.585549116134643555e-01 7.718400359153747559e-01 8.479455113410949707e-01 9.082615375518798828e-01 9.308714866638183594e-01 9.526088833808898926e-01 9.671866893768310547e-01 0.000000000000000000e+00 0.000000000000000000e+00 
2.439819741994142532e-03 3.373076673597097397e-03 4.024781752377748489e-03 4.014665260910987854e-03 4.801753442734479904e-03 4.949175287038087845e-03 5.022505298256874084e-03 5.427079275250434875e-03 6.076583638787269592e-03 6.409430876374244690e-03 8.662119507789611816e-03 1.664796099066734314e-02 1.936658285558223724e-02 9.031411260366439819e-03 2.032286860048770905e-02 8.642058819532394409e-03 7.515515200793743134e-03 6.394375581294298172e-03 4.975648596882820129e-03 4.324743524193763733e-03 3.517333185300230980e-03 1.969898352399468422e-03 0.000000000000000000e+00 0.000000000000000000e+00 
3.879203647375106812e-02 3.788018226623535156e-02 5.152956396341323853e-02 5.127978697419166565e-02 7.292103767395019531e-02 7.684957236051559448e-02 7.983505725860595703e-02 9.428697824478149414e-02 1.187291368842124939e-01 1.363434940576553345e-01 1.510036438703536987e-01 1.997730582952499390e-01 3.115435838699340820e-01 3.900454044342041016e-01 5.102486610412597656e-01 6.316487193107604980e-01 7.486932873725891113e-01 8.303323984146118164e-01 8.967089056968688965e-01 9.224197268486022949e-01 9.473630785942077637e-01 9.640769362449645996e-01 0.000000000000000000e+00 0.000000000000000000e+00 
2.252193866297602654e-03 3.066689940169453621e-03 3.695818828418850899e-03 3.702264511957764626e-03 4.543094430118799210e-03 4.660344216972589493e-03 4.666272550821304321e-03 5.111160222440958023e-03 5.749403964728116989e-03 6.109148729592561722e-03 8.236058987677097321e-03 1.588457822799682617e-02 1.895505562424659729e-02 8.956170640885829926e-03 2.044815756380558014e-02 8.813475258648395538e-03 7.815957069396972656e-03 6.763753481209278107e-03 5.322135053575038910e-03 4.617476370185613632e-03 3.786371555179357529e-03 2.116410760208964348e-03 0.000000000000000000e+00 0.000000000000000000e+00 
3.364492952823638916e-02 3.200317546725273132e-02 4.377854242920875549e-02 4.401293769478797913e-02 6.467027962207794189e-02 6.769052892923355103e-02 6.882108002901077271e-02 8.292107284069061279e-02 1.052597761154174805e-01 1.214177012443542480e-01 1.342215836048126221e-01 1.770824342966079712e-01 2.875832617282867432e-01 3.649804294109344482e-01 4.797878563404083252e-01 6.037331819534301758e-01 7.248661518096923828e-01 8.135110139846801758e-01 8.843585848808288574e-01 9.128386974334716797e-01 9.422117471694946289e-01 9.605351686477661133e-01 0.000000000000000000e+00 0.000000000000000000e+00 
2.088546520099043846e-03 2.770196413621306419e-03 3.393192309886217117e-03 3.419090528041124344e-03 4.264594987034797668e-03 4.363337066024541855e-03 4.307691473513841629e-03 4.820258822292089462e-03 5.442887078970670700e-03 5.828613415360450745e-03 7.831339724361896515e-03 1.513824425637722015e-02 1.844988018274307251e-02 8.861334063112735748e-03 2.034074813127517700e-02 8.968587964773178101e-03 8.104556240141391754e-03 7.098719943314790726e-03 5.643365439027547836e-03 4.930075258016586304e-03 4.026003181934356689e-03 2.257105661556124687e-03 0.000000000000000000e+00 0.000000000000000000e+00 
3.394215181469917297e-02 3.225427865982055664e-02 4.427377134561538696e-02 4.433409497141838074e-02 6.529295444488525391e-02 6.836146116256713867e-02 6.978709250688552856e-02 8.411537110805511475e-02 1.067549064755439758e-01 1.229644268751144409e-01 1.361756026744842529e-01 1.797271370887756348e-01 2.914790213108062744e-01 3.684767782688140869e-01 4.845473468303680420e-01 6.081711053848266602e-01 7.293691635131835938e-01 8.165987133979797363e-01 8.869411945343017578e-01 9.149855375289916992e-01 9.435426592826843262e-01 9.615499973297119141e-01 0.000000000000000000e+00 0.000000000000000000e+00 
2.108647720888257027e-03 2.802890725433826447e-03 3.428128315135836601e-03 3.442219225689768791e-03 4.299658350646495819e-03 4.402497317641973495e-03 4.357043188065290451e-03 4.869149532169103622e-03 5.494690500199794769e-03 5.878323689103126526e-03 7.899453863501548767e-03 1.526241656392812729e-02 1.856691204011440277e-02 8.893252350389957428e-03 2.039731107652187347e-02 8.964575827121734619e-03 8.075482212007045746e-03 7.057920563966035843e-03 5.599288735538721085e-03 4.879795480519533157e-03 3.990528173744678497e-03 2.234438201412558556e-03 0.000000000000000000e+00 0.000000000000000000e+00 
3.696171939373016357e-02 3.567098453640937805e-02 4.885723441839218140e-02 4.878206178545951843e-02 7.041314989328384399e-02 7.379564642906188965e-02 7.674350589513778687e-02 9.112416207790374756e-02 1.152867451310157776e-01 1.320756524801254272e-01 1.466243416070938110e-01 1.946447193622589111e-01 3.085277080535888672e-01 3.851933181285858154e-01 5.056972503662109375e-01 6.277213096618652344e-01 7.471420764923095703e-01 8.295112252235412598e-01 8.965952992439270020e-01 9.228619933128356934e-01 9.481442570686340332e-01 9.649740457534790039e-01 0.000000000000000000e+00 0.000000000000000000e+00 
2.224641153588891029e-03 3.001288743689656258e-03 3.636112436652183533e-03 3.643651492893695831e-03 4.496147390455007553e-03 4.603490699082612991e-03 4.607739858329296112e-03 5.075538530945777893e-03 5.712863989174365997e-03 6.074963137507438660e-03 8.188134990632534027e-03 1.580207794904708862e-02 1.900772936642169952e-02 8.981488645076751709e-03 2.053456008434295654e-02 8.878272958099842072e-03 7.894728332757949829e-03 6.831871345639228821e-03 5.380851682275533676e-03 4.654505755752325058e-03 3.815148957073688507e-03 2.123983344063162804e-03 0.000000000000000000e+00 0.000000000000000000e+00 
3.705451637506484985e-02 3.574362397193908691e-02 4.910421371459960938e-02 4.904490336775779724e-02 7.062508910894393921e-02 7.403181493282318115e-02 7.696507126092910767e-02 9.144695848226547241e-02 1.156935766339302063e-01 1.326259523630142212e-01 1.472621262073516846e-01 1.951472461223602295e-01 3.095470666885375977e-01 3.861629962921142578e-01 5.074998140335083008e-01 6.295110583305358887e-01 7.491159439086914062e-01 8.315963149070739746e-01 8.979182839393615723e-01 9.244426488876342773e-01 9.490537047386169434e-01 9.657896757125854492e-01 0.000000000000000000e+00 0.000000000000000000e+00 
2.238190034404397011e-03 3.017936833202838898e-03 3.664975753054022789e-03 3.665622789412736893e-03 4.517076537013053894e-03 4.622639622539281845e-03 4.628809168934822083e-03 5.097627639770507812e-03 5.735124927014112473e-03 6.100439466536045074e-03 8.217357099056243896e-03 1.584357209503650665e-02 1.907004974782466888e-02 8.993779309093952179e-03 2.056026272475719452e-02 8.879130706191062927e-03 7.885632105171680450e-03 6.806616205722093582e-03 5.361625924706459045e-03 4.617534112185239792e-03 3.791540162637829781e-03 2.104412997141480446e-03 0.000000000000000000e+00 0.000000000000000000e+00 
3.530981019139289856e-02 3.368789330124855042e-02 4.665113613009452820e-02 4.666406288743019104e-02 6.803093105554580688e-02 7.112272083759307861e-02 7.336562871932983398e-02 8.791832625865936279e-02 1.114565655589103699e-01 1.280915588140487671e-01 1.420704722404479980e-01 1.882791221141815186e-01 3.024119734764099121e-01 3.787827491760253906e-01 4.984886646270751953e-01 6.213148236274719238e-01 7.424879670143127441e-01 8.266689181327819824e-01 8.947818279266357422e-01 9.218025207519531250e-01 9.477244019508361816e-01 9.649422168731689453e-01 0.000000000000000000e+00 0.000000000000000000e+00 
2.185511169955134392e-03 2.925441367551684380e-03 3.572532907128334045e-03 3.579719690605998039e-03 4.435286391526460648e-03 4.536974709481000900e-03 4.518802277743816376e-03 5.015069618821144104e-03 5.646567791700363159e-03 6.022532004863023758e-03 8.103393949568271637e-03 1.563323102891445160e-02 1.893533952534198761e-02 8.975770324468612671e-03 2.056937478482723236e-02 8.934652432799339294e-03 7.974298670887947083e-03 6.911111064255237579e-03 5.457367748022079468e-03 4.714617040008306503e-03 3.865467850118875504e-03 2.148908562958240509e-03 0.000000000000000000e+00 0.000000000000000000e+00 
3.524923697113990784e-02 3.363466635346412659e-02 4.659052193164825439e-02 4.669764265418052673e-02 6.817787140607833862e-02 7.117086648941040039e-02 7.360505312681198120e-02 8.819948881864547729e-02 1.118523180484771729e-01 1.283756643533706665e-01 1.426044106483459473e-01 1.897011399269104004e-01 3.037023246288299561e-01 3.801167011260986328e-01 4.996838867664337158e-01 6.226009130477905273e-01 7.439732551574707031e-01 8.274201154708862305e-01 8.955445289611816406e-01 9.221356511116027832e-01 9.481221437454223633e-01 9.652220606803894043e-01 0.000000000000000000e+00 0.000000000000000000e+00 
2.193295396864414215e-03 2.934239106252789497e-03 3.577759256586432457e-03 3.595897462218999863e-03 4.448725376278162003e-03 4.550929181277751923e-03 4.539503250271081924e-03 5.037899129092693329e-03 5.668919067829847336e-03 6.038555409759283066e-03 8.137983269989490509e-03 1.571037061512470245e-02 1.899090409278869629e-02 8.996856398880481720e-03 2.060673013329505920e-02 8.943048305809497833e-03 7.974329404532909393e-03 6.911884061992168427e-03 5.453043151646852493e-03 4.721775185316801071e-03 3.863519756123423576e-03 2.150505781173706055e-03 0.000000000000000000e+00 0.000000000000000000e+00 
3.540970385074615479e-02 3.385026380419731140e-02 4.689225926995277405e-02 4.703004285693168640e-02 6.866727024316787720e-02 7.161267101764678955e-02 7.431208342313766479e-02 8.892439305782318115e-02 1.127952858805656433e-01 1.293184012174606323e-01 1.437586247920989990e-01 1.919733136892318726e-01 3.058331608772277832e-01 3.823502957820892334e-01 5.018862485885620117e-01 6.249182820320129395e-01 7.462569475173950195e-01 8.288567662239074707e-01 8.967407941818237305e-01 9.229177832603454590e-01 9.487527608871459961e-01 9.656396508216857910e-01 0.000000000000000000e+00 0.000000000000000000e+00 
2.208112040534615517e-03 2.956524258479475975e-03 3.599294694140553474e-03 3.622983582317829132e-03 4.474297631531953812e-03 4.577395506203174591e-03 4.575234372168779373e-03 5.071278661489486694e-03 5.703249014914035797e-03 6.066963542252779007e-03 8.186448365449905396e-03 1.581487804651260376e-02 1.906245201826095581e-02 9.020269848406314850e-03 2.064044959843158722e-02 8.944257162511348724e-03 7.963813841342926025e-03 6.898645777255296707e-03 5.435439292341470718e-03 4.713113419711589813e-03 3.850789275020360947e-03 2.146123442798852921e-03 0.000000000000000000e+00 0.000000000000000000e+00 
3.006313554942607880e-02 2.760887518525123596e-02 3.957955166697502136e-02 3.934189304709434509e-02 5.914949253201484680e-02 6.165625154972076416e-02 6.181347742676734924e-02 7.708061486482620239e-02 9.816041588783264160e-02 1.141458898782730103e-01 1.254497319459915161e-01 1.642676442861557007e-01 2.780067026615142822e-01 3.542298674583435059e-01 4.678364396095275879e-01 5.940324068069458008e-01 7.195928692817687988e-01 8.116654157638549805e-01 8.845511674880981445e-01 9.148428440093994141e-01 9.440847635269165039e-01 9.623890519142150879e-01 0.000000000000000000e+00 0.000000000000000000e+00 
2.015432110056281090e-03 2.614554483443498611e-03 3.291972912847995758e-03 3.292062086984515190e-03 4.136099014431238174e-03 4.219294525682926178e-03 4.133721813559532166e-03 4.735048860311508179e-03 5.335554480552673340e-03 5.755607970058917999e-03 7.702989503741264343e-03 1.484397612512111664e-02 1.839670352637767792e-02 8.879177272319793701e-03 2.055148966610431671e-02 9.099899791181087494e-03 8.245460689067840576e-03 7.213712204247713089e-03 5.738053470849990845e-03 4.963335581123828888e-03 4.043257329612970352e-03 2.274381229653954506e-03 0.000000000000000000e+00 0.000000000000000000e+00 
3.663089498877525330e-02 3.538031131029129028e-02 4.925715923309326172e-02 4.897683113813400269e-02 7.050720602273941040e-02 7.386195659637451172e-02 7.721202820539474487e-02 9.193958342075347900e-02 1.169140860438346863e-01 1.334391534328460693e-01 1.476611495018005371e-01 1.972740739583969116e-01 3.143903911113739014e-01 3.907693624496459961e-01 5.114976763725280762e-01 6.360061764717102051e-01 7.563887238502502441e-01 8.382767438888549805e-01 9.030892848968505859e-01 9.296784400939941406e-01 9.525914192199707031e-01 9.683206081390380859e-01 0.000000000000000000e+00 0.000000000000000000e+00 
2.258305903524160385e-03 3.043975448235869408e-03 3.730909898877143860e-03 3.715091152116656303e-03 4.555721767246723175e-03 4.666396882385015488e-03 4.694128874689340591e-03 5.163298454135656357e-03 5.815292708575725555e-03 6.165177095681428909e-03 8.323525078594684601e-03 1.601688005030155182e-02 1.931363344192504883e-02 9.062697179615497589e-03 2.073114179074764252e-02 8.895600214600563049e-03 7.870274595916271210e-03 6.731499917805194855e-03 5.295224953442811966e-03 4.523811396211385727e-03 3.704382106661796570e-03 2.057486446574330330e-03 0.000000000000000000e+00 0.000000000000000000e+00 
3.310435637831687927e-02 3.112769499421119690e-02 4.400932416319847107e-02 4.388289153575897217e-02 6.472524255514144897e-02 6.750824302434921265e-02 6.976055353879928589e-02 8.449028432369232178e-02 1.076334938406944275e-01 1.235689222812652588e-01 1.370911449193954468e-01 1.815360933542251587e-01 2.989614903926849365e-01 3.736692965030670166e-01 4.918664991855621338e-01 6.169228553771972656e-01 7.409428358078002930e-01 8.259981274604797363e-01 8.953914046287536621e-01 9.232698082923889160e-01 9.490771293640136719e-01 9.659277200698852539e-01 0.000000000000000000e+00 0.000000000000000000e+00 
2.139628864824771881e-03 2.834700047969818115e-03 3.509548027068376541e-03 3.509039990603923798e-03 4.362273961305618286e-03 4.461282864212989807e-03 4.445696715265512466e-03 4.974486306309700012e-03 5.601081997156143188e-03 5.977144930511713028e-03 8.060746826231479645e-03 1.549405883997678757e-02 1.900110766291618347e-02 9.003978222608566284e-03 2.074560895562171936e-02 9.008552879095077515e-03 8.057661354541778564e-03 6.980961188673973083e-03 5.508064758032560349e-03 4.734928254038095474e-03 3.876487025991082191e-03 2.167830709367990494e-03 0.000000000000000000e+00 0.000000000000000000e+00 
3.522505611181259155e-02 3.368305042386054993e-02 4.740012809634208679e-02 4.713714122772216797e-02 6.873677670955657959e-02 7.172464579343795776e-02 7.507728785276412964e-02 8.983823657035827637e-02 1.143223866820335388e-01 1.305446475744247437e-01 1.449237018823623657e-01 1.946199685335159302e-01 3.112618923187255859e-01 3.873165547847747803e-01 5.067307353019714355e-01 6.317756772041320801e-01 7.535141706466674805e-01 8.349599838256835938e-01 9.016314744949340820e-01 9.277577996253967285e-01 9.518361091613769531e-01 9.677814245223999023e-01 0.000000000000000000e+00 0.000000000000000000e+00 
2.222375478595495224e-03 2.973634516820311546e-03 3.661772236227989197e-03 3.660092363134026527e-03 4.507823847234249115e-03 4.615526180714368820e-03 4.639375489205121994e-03 5.130913108587265015e-03 5.776202771812677383e-03 6.123211234807968140e-03 8.293980732560157776e-03 1.598654314875602722e-02 1.928953267633914948e-02 9.075700305402278900e-03 2.079197391867637634e-02 8.943503722548484802e-03 7.931427098810672760e-03 6.818929687142372131e-03 5.355976987630128860e-03 4.612332675606012344e-03 3.771194024011492729e-03 2.101898426190018654e-03 0.000000000000000000e+00 0.000000000000000000e+00 
2.965507283806800842e-02 2.703874185681343079e-02 3.922224044799804688e-02 3.928849846124649048e-02 5.947387218475341797e-02 6.195144727826118469e-02 6.270483881235122681e-02 7.815264165401458740e-02 9.993671625852584839e-02 1.150930151343345642e-01 1.280334442853927612e-01 1.700520366430282593e-01 2.824486792087554932e-01 3.602973520755767822e-01 4.747247099876403809e-01 6.012470126152038574e-01 7.269470095634460449e-01 8.157868385314941406e-01 8.880193233489990234e-01 9.168699979782104492e-01 9.459756016731262207e-01 9.636996388435363770e-01 0.000000000000000000e+00 0.000000000000000000e+00 
2.027791691944003105e-03 2.614311641082167625e-03 3.309167921543121338e-03 3.331886138767004013e-03 4.178188275545835495e-03 4.268810618668794632e-03 4.214881453663110733e-03 4.807070363312959671e-03 5.419908091425895691e-03 5.809401161968708038e-03 7.825819775462150574e-03 1.516714412719011307e-02 1.857939362525939941e-02 8.953706361353397369e-03 2.070347592234611511e-02 9.114875458180904388e-03 8.216688409447669983e-03 7.190829142928123474e-03 5.703078582882881165e-03 4.957259166985750198e-03 4.020737018436193466e-03 2.269601682201027870e-03 0.000000000000000000e+00 0.000000000000000000e+00 
3.636931255459785461e-02 3.496028855443000793e-02 4.953187704086303711e-02 4.891243577003479004e-02 7.140851765871047974e-02 7.417180389165878296e-02 7.789931446313858032e-02 9.323029220104217529e-02 1.185785681009292603e-01 1.350226998329162598e-01 1.498085558414459229e-01 2.030107229948043823e-01 3.174846172332763672e-01 3.960962295532226562e-01 5.167114734649658203e-01 6.414989829063415527e-01 7.620363235473632812e-01 8.413723707199096680e-01 9.060517549514770508e-01 9.309027194976806641e-01 9.539365172386169434e-01 9.692180752754211426e-01 0.000000000000000000e+00 0.000000000000000000e+00 
2.269135322421789169e-03 3.057368332520127296e-03 3.762159263715147972e-03 3.752350108698010445e-03 4.611293785274028778e-03 4.714375827461481094e-03 4.748323466628789902e-03 5.234406795352697372e-03 5.894464906305074692e-03 6.219184957444667816e-03 8.444991894066333771e-03 1.634510047733783722e-02 1.946265436708927155e-02 9.130151942372322083e-03 2.080446295440196991e-02 8.908247575163841248e-03 7.843678817152976990e-03 6.707635708153247833e-03 5.246445070952177048e-03 4.531912971287965775e-03 3.697552485391497612e-03 2.057115547358989716e-03 0.000000000000000000e+00 0.000000000000000000e+00 
3.154229745268821716e-02 2.930581010878086090e-02 4.199425131082534790e-02 4.197344183921813965e-02 6.311908364295959473e-02 6.574183702468872070e-02 6.743193417787551880e-02 8.275252580642700195e-02 1.057699844241142273e-01 1.210360601544380188e-01 1.352305710315704346e-01 1.803995370864868164e-01 2.955193817615509033e-01 3.721262812614440918e-01 4.893852472305297852e-01 6.150440573692321777e-01 7.400850057601928711e-01 8.247712850570678711e-01 8.949237465858459473e-01 9.222225546836853027e-01 9.490131139755249023e-01 9.659038782119750977e-01 0.000000000000000000e+00 0.000000000000000000e+00 
2.106686122715473175e-03 2.768350299447774887e-03 3.446205286309123039e-03 3.462307387962937355e-03 4.329235758632421494e-03 4.433561582118272781e-03 4.402723163366317749e-03 4.957560915499925613e-03 5.592771805822849274e-03 5.951911211013793945e-03 8.055123500525951385e-03 1.558033376932144165e-02 1.897693797945976257e-02 9.034210816025733948e-03 2.081460691988468170e-02 9.063249453902244568e-03 8.106858469545841217e-03 7.045323960483074188e-03 5.552667193114757538e-03 4.808389581739902496e-03 3.924017306417226791e-03 2.204340184107422829e-03 0.000000000000000000e+00 0.000000000000000000e+00 
3.213991597294807434e-02 3.004324249923229218e-02 4.289829358458518982e-02 4.287414625287055969e-02 6.416892260313034058e-02 6.685389578342437744e-02 6.890980154275894165e-02 8.420891314744949341e-02 1.074237674474716187e-01 1.229042336344718933e-01 1.372641026973724365e-01 1.837759763002395630e-01 2.993911206722259521e-01 3.757134974002838135e-01 4.935524761676788330e-01 6.192794442176818848e-01 7.440124154090881348e-01 8.277075886726379395e-01 8.971542716026306152e-01 9.240589737892150879e-01 9.500828981399536133e-01 9.667064547538757324e-01 0.000000000000000000e+00 0.000000000000000000e+00 
2.134397393092513084e-03 2.817078493535518646e-03 3.492581890895962715e-03 3.508538007736206055e-03 4.373880568891763687e-03 4.482537973672151566e-03 4.460458643734455109e-03 5.008332896977663040e-03 5.642467178404331207e-03 5.997622385621070862e-03 8.123839274048805237e-03 1.571713015437126160e-02 1.908869855105876923e-02 9.059261530637741089e-03 2.084736712276935577e-02 9.047864936292171478e-03 8.075403980910778046e-03 6.998138502240180969e-03 5.504847969859838486e-03 4.759608767926692963e-03 3.888148115947842598e-03 2.179955830797553062e-03 0.000000000000000000e+00 0.000000000000000000e+00 
3.219899162650108337e-02 3.014075383543968201e-02 4.295328259468078613e-02 4.295868426561355591e-02 6.423307210206985474e-02 6.695204228162765503e-02 6.916792690753936768e-02 8.440253883600234985e-02 1.075920388102531433e-01 1.231915056705474854e-01 1.374781578779220581e-01 1.844116747379302979e-01 3.002001345157623291e-01 3.763529658317565918e-01 4.940447807312011719e-01 6.201089024543762207e-01 7.449473738670349121e-01 8.284849524497985840e-01 8.978285193443298340e-01 9.246094822883605957e-01 9.504507780075073242e-01 9.670267701148986816e-01 0.000000000000000000e+00 0.000000000000000000e+00 
2.142860088497400284e-03 2.829314209520816803e-03 3.502247855067253113e-03 3.518458921462297440e-03 4.382444545626640320e-03 4.493691492825746536e-03 4.475089721381664276e-03 5.022114142775535583e-03 5.653319414705038071e-03 6.010085809975862503e-03 8.139588870108127594e-03 1.575788110494613647e-02 1.912137866020202637e-02 9.069109335541725159e-03 2.086546830832958221e-02 9.049982763826847076e-03 8.074939250946044922e-03 6.992240436375141144e-03 5.494770593941211700e-03 4.750205203890800476e-03 3.880481701344251633e-03 2.174174180254340172e-03 0.000000000000000000e+00 0.000000000000000000e+00 
3.339990600943565369e-02 3.161029145121574402e-02 4.486268758773803711e-02 4.473977908492088318e-02 6.636882573366165161e-02 6.911504268646240234e-02 7.221125811338424683e-02 8.719448745250701904e-02 1.110855191946029663e-01 1.270492374897003174e-01 1.415964215993881226e-01 1.908292174339294434e-01 3.073054254055023193e-01 3.834617733955383301e-01 5.021650195121765137e-01 6.282086372375488281e-01 7.518265843391418457e-01 8.336877822875976562e-01 9.015403389930725098e-01 9.275338053703308105e-01 9.520850777626037598e-01 9.682092666625976562e-01 0.000000000000000000e+00 0.000000000000000000e+00 
2.192863961681723595e-03 2.914104843512177467e-03 3.592544002458453178e-03 3.601995995268225670e-03 4.463586490601301193e-03 4.576314240694046021e-03 4.586360417306423187e-03 5.111323203891515732e-03 5.745745263993740082e-03 6.094010546803474426e-03 8.268727920949459076e-03 1.600093767046928406e-02 1.930195465683937073e-02 9.108067490160465240e-03 2.089485712349414825e-02 9.014377370476722717e-03 8.009460754692554474e-03 6.901239044964313507e-03 5.406814161688089371e-03 4.669584333896636963e-03 3.818352473899722099e-03 2.132726600393652916e-03 0.000000000000000000e+00 0.000000000000000000e+00 
3.091083467006683350e-02 2.857763320207595825e-02 4.075786098837852478e-02 4.089133813977241516e-02 6.175044551491737366e-02 6.436827033758163452e-02 6.618775427341461182e-02 8.151246607303619385e-02 1.039817854762077332e-01 1.194145604968070984e-01 1.331250667572021484e-01 1.781162172555923462e-01 2.936045229434967041e-01 3.699168860912322998e-01 4.865892231464385986e-01 6.131271719932556152e-01 7.395855188369750977e-01 8.250076174736022949e-01 8.955151438713073730e-01 9.228014945983886719e-01 9.495783448219299316e-01 9.666048884391784668e-01 0.000000000000000000e+00 0.000000000000000000e+00 
2.108335494995117188e-03 2.759439870715141296e-03 3.423483576625585556e-03 3.440380794927477837e-03 4.306666087359189987e-03 4.416698589920997620e-03 4.380325786769390106e-03 4.956695716828107834e-03 5.577334668487310410e-03 5.946628283709287643e-03 8.036158978939056396e-03 1.557185035198926926e-02 1.898188143968582153e-02 9.051232598721981049e-03 2.088346891105175018e-02 9.101958014070987701e-03 8.151858113706111908e-03 7.074879482388496399e-03 5.564646795392036438e-03 4.821057897061109543e-03 3.933001775294542313e-03 2.204887103289365768e-03 0.000000000000000000e+00 0.000000000000000000e+00 
3.230753168463706970e-02 3.026919811964035034e-02 4.296751692891120911e-02 4.287301376461982727e-02 6.420373171567916870e-02 6.678129732608795166e-02 6.961879879236221313e-02 8.470030874013900757e-02 1.079309806227684021e-01 1.237802281975746155e-01 1.378496438264846802e-01 1.845017373561859131e-01 3.022220432758331299e-01 3.775731921195983887e-01 4.961071908473968506e-01 6.224453449249267578e-01 7.475680708885192871e-01 8.312033414840698242e-01 9.000018835067749023e-01 9.267175793647766113e-01 9.516003131866455078e-01 9.681217670440673828e-01 0.000000000000000000e+00 0.000000000000000000e+00 
2.165060723200440407e-03 2.857110463082790375e-03 3.528579371050000191e-03 3.530712332576513290e-03 4.400284960865974426e-03 4.511062987148761749e-03 4.505184944719076157e-03 5.058709997683763504e-03 5.682839546352624893e-03 6.044877693057060242e-03 8.183575235307216644e-03 1.580704934895038605e-02 1.920048892498016357e-02 9.091378189623355865e-03 2.093295939266681671e-02 9.056627750396728516e-03 8.075922727584838867e-03 6.966765969991683960e-03 5.462439730763435364e-03 4.707208368927240372e-03 3.855965100228786469e-03 2.149250358343124390e-03 0.000000000000000000e+00 0.000000000000000000e+00 
3.098668903112411499e-02 2.865706756711006165e-02 4.090805351734161377e-02 4.089601710438728333e-02 6.190723925828933716e-02 6.448727846145629883e-02 6.656753271818161011e-02 8.200220018625259399e-02 1.045478507876396179e-01 1.200408712029457092e-01 1.338483691215515137e-01 1.791561841964721680e-01 2.950829565525054932e-01 3.712545633316040039e-01 4.885674118995666504e-01 6.151133775711059570e-01 7.415705919265747070e-01 8.266872167587280273e-01 8.969252705574035645e-01 9.240390658378601074e-01 9.503226280212402344e-01 9.672247767448425293e-01 0.000000000000000000e+00 0.000000000000000000e+00 
2.120670629665255547e-03 2.775470959022641182e-03 3.442280227318406105e-03 3.452450735494494438e-03 4.322102759033441544e-03 4.435911774635314941e-03 4.400718491524457932e-03 4.985965322703123093e-03 5.603750236332416534e-03 5.972774699330329895e-03 8.076275698840618134e-03 1.564887911081314087e-02 1.904146000742912292e-02 9.068760089576244354e-03 2.092640474438667297e-02 9.104701690375804901e-03 8.146461099386215210e-03 7.058005314320325851e-03 5.541681777685880661e-03 4.796501714736223221e-03 3.917460329830646515e-03 2.192304469645023346e-03 0.000000000000000000e+00 0.000000000000000000e+00 
3.178123757243156433e-02 2.970827557146549225e-02 4.221727326512336731e-02 4.216672107577323914e-02 6.352281570434570312e-02 6.611361354589462280e-02 6.890151649713516235e-02 8.406774699687957764e-02 1.071499288082122803e-01 1.227832660079002380e-01 1.370211094617843628e-01 1.844750046730041504e-01 3.006374537944793701e-01 3.768503069877624512e-01 4.949122071266174316e-01 6.212743520736694336e-01 7.467964887619018555e-01 8.303384780883789062e-01 8.997372984886169434e-01 9.259683489799499512e-01 9.515157341957092285e-01 9.680357575416564941e-01 0.000000000000000000e+00 0.000000000000000000e+00 
2.154938178136944771e-03 2.836382482200860977e-03 3.503222949802875519e-03 3.512083087116479874e-03 4.382409621030092239e-03 4.500263836234807968e-03 4.489774815738201141e-03 5.052319727838039398e-03 5.675723776221275330e-03 6.033568177372217178e-03 8.175019174814224243e-03 1.585864834487438202e-02 1.918084546923637390e-02 9.102545678615570068e-03 2.094711363315582275e-02 9.079096838831901550e-03 8.098404854536056519e-03 6.996555719524621964e-03 5.476769991219043732e-03 4.745452199131250381e-03 3.873158479109406471e-03 2.166142221540212631e-03 0.000000000000000000e+00 0.000000000000000000e+00 
3.093438968062400818e-02 2.868319675326347351e-02 4.084356874227523804e-02 4.085030406713485718e-02 6.196295097470283508e-02 6.460498273372650146e-02 6.690973043441772461e-02 8.230986446142196655e-02 1.049618199467658997e-01 1.203997284173965454e-01 1.343393921852111816e-01 1.810268610715866089e-01 2.961106300354003906e-01 3.727868795394897461e-01 4.900827109813690186e-01 6.167118549346923828e-01 7.430300712585449219e-01 8.276100754737854004e-01 8.978322148323059082e-01 9.242863059043884277e-01 9.507409930229187012e-01 9.675213098526000977e-01 0.000000000000000000e+00 0.000000000000000000e+00 
2.128288149833679199e-03 2.785938326269388199e-03 3.447334980592131615e-03 3.461999818682670593e-03 4.330970812588930130e-03 4.452711436897516251e-03 4.423826001584529877e-03 5.007435567677021027e-03 5.625797901302576065e-03 5.990000907331705093e-03 8.105169050395488739e-03 1.576224341988563538e-02 1.908685639500617981e-02 9.090032428503036499e-03 2.094502933323383331e-02 9.111938066780567169e-03 8.146081119775772095e-03 7.053974084556102753e-03 5.526897497475147247e-03 4.805020522326231003e-03 3.912791144102811813e-03 2.192711224779486656e-03 0.000000000000000000e+00 0.000000000000000000e+00 
2.993060834705829620e-02 2.749624662101268768e-02 3.985080868005752563e-02 3.966354951262474060e-02 6.056157127022743225e-02 6.334406882524490356e-02 6.492002308368682861e-02 8.078978955745697021e-02 1.031871959567070007e-01 1.183551773428916931e-01 1.320338696241378784e-01 1.780377775430679321e-01 2.926342785358428955e-01 3.697109818458557129e-01 4.868165552616119385e-01 6.137657165527343750e-01 7.407272458076477051e-01 8.258119225502014160e-01 8.966090083122253418e-01 9.234309792518615723e-01 9.504562616348266602e-01 9.672207832336425781e-01 0.000000000000000000e+00 0.000000000000000000e+00 
2.091396367177367210e-03 2.727425657212734222e-03 3.407911164686083794e-03 3.420715220272541046e-03 4.284146707504987717e-03 4.410089459270238876e-03 4.360763821750879288e-03 4.963418468832969666e-03 5.586401093751192093e-03 5.951046943664550781e-03 8.049841038882732391e-03 1.568148657679557800e-02 1.901588402688503265e-02 9.079687297344207764e-03 2.096673101186752319e-02 9.135423228144645691e-03 8.174451999366283417e-03 7.092831190675497055e-03 5.566331092268228531e-03 4.840141162276268005e-03 3.936038352549076080e-03 2.211015904322266579e-03 0.000000000000000000e+00 0.000000000000000000e+00 
3.247929364442825317e-02 3.067168965935707092e-02 4.426764324307441711e-02 4.355760291218757629e-02 6.549256294965744019e-02 6.827204674482345581e-02 7.147938013076782227e-02 8.677256107330322266e-02 1.105304658412933350e-01 1.265500783920288086e-01 1.408437341451644897e-01 1.908291578292846680e-01 3.074312210083007812e-01 3.847025036811828613e-01 5.039975643157958984e-01 6.309069991111755371e-01 7.551831007003784180e-01 8.366200923919677734e-01 9.044131040573120117e-01 9.298187494277954102e-01 9.538986086845397949e-01 9.697216749191284180e-01 0.000000000000000000e+00 0.000000000000000000e+00 
2.186217810958623886e-03 2.901390893384814262e-03 3.610217245295643806e-03 3.590574255213141441e-03 4.462866112589836121e-03 4.588722717016935349e-03 4.598471336066722870e-03 5.138193257153034210e-03 5.774974357336759567e-03 6.120705045759677887e-03 8.309233933687210083e-03 1.615422964096069336e-02 1.939943991601467133e-02 9.148956276476383209e-03 2.102322876453399658e-02 9.044957347214221954e-03 8.019961416721343994e-03 6.890788208693265915e-03 5.374565254896879196e-03 4.642407409846782684e-03 3.793578129261732101e-03 2.112189074978232384e-03 0.000000000000000000e+00 0.000000000000000000e+00 
2.922300994396209717e-02 2.667561359703540802e-02 3.885887935757637024e-02 3.870348259806632996e-02 5.926638096570968628e-02 6.202682480216026306e-02 6.319350749254226685e-02 7.920057326555252075e-02 1.011844947934150696e-01 1.163442507386207581e-01 1.295719593763351440e-01 1.748614758253097534e-01 2.886445522308349609e-01 3.661011755466461182e-01 4.831901490688323975e-01 6.103739142417907715e-01 7.383157014846801758e-01 8.246207237243652344e-01 8.958608508110046387e-01 9.232468008995056152e-01 9.504826068878173828e-01 9.673533439636230469e-01 0.000000000000000000e+00 0.000000000000000000e+00 
2.070073736831545830e-03 2.691560657694935799e-03 3.371708095073699951e-03 3.388770855963230133e-03 4.246518481522798538e-03 4.370424896478652954e-03 4.307696130126714706e-03 4.924837965518236160e-03 5.541605409234762192e-03 5.917595699429512024e-03 7.991725578904151917e-03 1.558385789394378662e-02 1.893961057066917419e-02 9.067058563232421875e-03 2.098754607141017914e-02 9.159129112958908081e-03 8.209571242332458496e-03 7.124396972358226776e-03 5.597988143563270569e-03 4.856024403125047684e-03 3.945542965084314346e-03 2.215527463704347610e-03 0.000000000000000000e+00 0.000000000000000000e+00 
3.123082965612411499e-02 2.920978702604770660e-02 4.197790846228599548e-02 4.163204878568649292e-02 6.295160204172134399e-02 6.564425677061080933e-02 6.837520003318786621e-02 8.370328694581985474e-02 1.066317111253738403e-01 1.223359480500221252e-01 1.362385451793670654e-01 1.843781173229217529e-01 3.007407188415527344e-01 3.773828446865081787e-01 4.963550865650177002e-01 6.234172582626342773e-01 7.494815587997436523e-01 8.330084085464477539e-01 9.020554423332214355e-01 9.282390475273132324e-01 9.531953334808349609e-01 9.693447947502136230e-01 0.000000000000000000e+00 0.000000000000000000e+00 
2.148799132555723190e-03 2.833681413903832436e-03 3.514987882226705551e-03 3.512542229145765305e-03 4.381927195936441422e-03 4.507935140281915665e-03 4.497496876865625381e-03 5.063957069069147110e-03 5.685370415449142456e-03 6.044302601367235184e-03 8.187483064830303192e-03 1.593906059861183167e-02 1.925536431372165680e-02 9.125152602791786194e-03 2.103696204721927643e-02 9.090792387723922729e-03 8.097481913864612579e-03 6.973551120609045029e-03 5.450173746794462204e-03 4.702987149357795715e-03 3.834210336208343506e-03 2.138620242476463318e-03 0.000000000000000000e+00 0.000000000000000000e+00 
3.197566047310829163e-02 3.021100535988807678e-02 4.326241463422775269e-02 4.282361268997192383e-02 6.444166600704193115e-02 6.714005768299102783e-02 7.038297504186630249e-02 8.544459193944931030e-02 1.087753549218177795e-01 1.247691288590431213e-01 1.387782543897628784e-01 1.886347234249114990e-01 3.049460649490356445e-01 3.821240365505218506e-01 5.015305876731872559e-01 6.289137005805969238e-01 7.540144324302673340e-01 8.364986181259155273e-01 9.046124219894409180e-01 9.302320480346679688e-01 9.544172883033752441e-01 9.702675938606262207e-01 0.000000000000000000e+00 0.000000000000000000e+00 
2.179028233513236046e-03 2.889632480219006538e-03 3.577794181182980537e-03 3.567138919606804848e-03 4.436415154486894608e-03 4.565097857266664505e-03 4.574342165142297745e-03 5.118420347571372986e-03 5.743423476815223694e-03 6.096001248806715012e-03 8.264728821814060211e-03 1.611295901238918304e-02 1.937134191393852234e-02 9.151694364845752716e-03 2.105236053466796875e-02 9.064436890184879303e-03 8.049869909882545471e-03 6.909596733748912811e-03 5.389885511249303818e-03 4.646668210625648499e-03 3.785617416724562645e-03 2.104270039126276970e-03 0.000000000000000000e+00 0.000000000000000000e+00 
2.894128113985061646e-02 2.639111317694187164e-02 3.818821534514427185e-02 3.816377744078636169e-02 5.855009704828262329e-02 6.137479096651077271e-02 6.258165836334228516e-02 7.850293070077896118e-02 1.000521481037139893e-01 1.153904050588607788e-01 1.282211542129516602e-01 1.738619059324264526e-01 2.873036861419677734e-01 3.646899461746215820e-01 4.819308519363403320e-01 6.093358397483825684e-01 7.380957007408142090e-01 8.250099420547485352e-01 8.964288234710693359e-01 9.237847924232482910e-01 9.509555697441101074e-01 9.679272174835205078e-01 0.000000000000000000e+00 0.000000000000000000e+00 
2.069028327241539955e-03 2.689484041184186935e-03 3.350711427628993988e-03 3.375412197783589363e-03 4.232291597872972488e-03 4.361426923424005508e-03 4.295858554542064667e-03 4.919043276458978653e-03 5.524002946913242340e-03 5.910136736929416656e-03 7.969712838530540466e-03 1.557503826916217804e-02 1.894683577120304108e-02 9.071202948689460754e-03 2.101696655154228210e-02 9.175744839012622833e-03 8.229513652622699738e-03 7.130910176783800125e-03 5.595936905592679977e-03 4.853689111769199371e-03 3.939980175346136093e-03 2.206160454079508781e-03 0.000000000000000000e+00 0.000000000000000000e+00 
3.150169551372528076e-02 2.977915666997432709e-02 4.234987124800682068e-02 4.220215231180191040e-02 6.373496353626251221e-02 6.637437641620635986e-02 6.981769204139709473e-02 8.457542955875396729e-02 1.077697053551673889e-01 1.236386969685554504e-01 1.375993192195892334e-01 1.886629611253738403e-01 3.031497299671173096e-01 3.812145888805389404e-01 5.003911852836608887e-01 6.274042725563049316e-01 7.530000209808349609e-01 8.356474637985229492e-01 9.044488072395324707e-01 9.291248321533203125e-01 9.542040824890136719e-01 9.700351357460021973e-01 0.000000000000000000e+00 0.000000000000000000e+00 
2.169244689866900444e-03 2.875010715797543526e-03 3.536745673045516014e-03 3.544552717357873917e-03 4.415073897689580917e-03 4.545632284134626389e-03 4.566036164760589600e-03 5.103215109556913376e-03 5.726588424295186996e-03 6.077849771827459335e-03 8.235293440520763397e-03 1.615450903773307800e-02 1.934359781444072723e-02 9.159514680504798889e-03 2.106074988842010498e-02 9.085091762244701385e-03 8.073576726019382477e-03 6.935121025890111923e-03 5.399661604315042496e-03 4.696791991591453552e-03 3.800838952884078026e-03 2.124630147591233253e-03 0.000000000000000000e+00 0.000000000000000000e+00 
2.856523357331752777e-02 2.607627213001251221e-02 3.741357475519180298e-02 3.764691203832626343e-02 5.784208327531814575e-02 6.072003021836280823e-02 6.228106096386909485e-02 7.783764600753784180e-02 9.924000501632690430e-02 1.144747808575630188e-01 1.269455403089523315e-01 1.742398291826248169e-01 2.860736548900604248e-01 3.641899228096008301e-01 4.808908104896545410e-01 6.084781289100646973e-01 7.372459173202514648e-01 8.243106603622436523e-01 8.959441184997558594e-01 9.227558374404907227e-01 9.506502151489257812e-01 9.677336215972900391e-01 0.000000000000000000e+00 0.000000000000000000e+00 
2.061560750007629395e-03 2.678371034562587738e-03 3.322315402328968048e-03 3.359438152983784676e-03 4.212619736790657043e-03 4.341559484601020813e-03 4.297176841646432877e-03 4.911121912300586700e-03 5.510867107659578323e-03 5.896180868148803711e-03 7.942737080156803131e-03 1.560850907117128372e-02 1.893436536192893982e-02 9.080614894628524780e-03 2.101191878318786621e-02 9.195860475301742554e-03 8.249377831816673279e-03 7.152985781431198120e-03 5.608275532722473145e-03 4.905688576400279999e-03 3.961781039834022522e-03 2.223475603386759758e-03 0.000000000000000000e+00 0.000000000000000000e+00 
2.885428443551063538e-02 2.643657848238945007e-02 3.775016218423843384e-02 3.798403963446617126e-02 5.819879844784736633e-02 6.105069443583488464e-02 6.291776150465011597e-02 7.841689139604568481e-02 9.975042194128036499e-02 1.152728796005249023e-01 1.276796460151672363e-01 1.749621033668518066e-01 2.878876328468322754e-01 3.654719591140747070e-01 4.829677939414978027e-01 6.103268265724182129e-01 7.390098571777343750e-01 8.259243369102478027e-01 8.973752856254577637e-01 9.237769246101379395e-01 9.512032270431518555e-01 9.682765603065490723e-01 0.000000000000000000e+00 0.000000000000000000e+00 
2.075778553262352943e-03 2.702961908653378487e-03 3.339585149660706520e-03 3.375317435711622238e-03 4.229442682117223740e-03 4.360166843980550766e-03 4.324071574956178665e-03 4.935754928737878799e-03 5.528096109628677368e-03 5.918128415942192078e-03 7.967384532094001770e-03 1.565022580325603485e-02 1.899334602057933807e-02 9.090936742722988129e-03 2.103493362665176392e-02 9.188556112349033356e-03 8.237607777118682861e-03 7.128283381462097168e-03 5.577338393777608871e-03 4.872688557952642441e-03 3.941353876143693924e-03 2.205593744292855263e-03 0.000000000000000000e+00 0.000000000000000000e+00 
2.958833612501621246e-02 2.734070084989070892e-02 3.896417841315269470e-02 3.901360556483268738e-02 5.955457314848899841e-02 6.236743181943893433e-02 6.478843837976455688e-02 8.008536696434020996e-02 1.018609628081321716e-01 1.176888048648834229e-01 1.303560137748718262e-01 1.782850027084350586e-01 2.927310764789581299e-01 3.698954582214355469e-01 4.884911477565765381e-01 6.157116889953613281e-01 7.437855601310729980e-01 8.294844031333923340e-01 9.002908468246459961e-01 9.260283112525939941e-01 9.524089694023132324e-01 9.691627025604248047e-01 0.000000000000000000e+00 0.000000000000000000e+00 
2.107572974637150764e-03 2.755968365818262100e-03 3.397166961804032326e-03 3.420087741687893867e-03 4.280148539692163467e-03 4.416505340486764908e-03 4.397590178996324539e-03 4.991383757442235947e-03 5.586894229054450989e-03 5.973836872726678848e-03 8.046272210776805878e-03 1.579678803682327271e-02 1.912120357155799866e-02 9.116269648075103760e-03 2.106976881623268127e-02 9.162176400423049927e-03 8.193520829081535339e-03 7.067376282066106796e-03 5.515106488019227982e-03 4.802585113793611526e-03 3.892485983669757843e-03 2.174315974116325378e-03 0.000000000000000000e+00 0.000000000000000000e+00 
2.826243825256824493e-02 2.566314116120338440e-02 3.682137280702590942e-02 3.700951859354972839e-02 5.688947811722755432e-02 5.972548946738243103e-02 6.121440604329109192e-02 7.709431648254394531e-02 9.785874933004379272e-02 1.136306151747703552e-01 1.254009455442428589e-01 1.715095937252044678e-01 2.845938503742218018e-01 3.618746995925903320e-01 4.791549146175384521e-01 6.069170236587524414e-01 7.362924814224243164e-01 8.244116306304931641e-01 8.963092565536499023e-01 9.230456948280334473e-01 9.507963061332702637e-01 9.681886434555053711e-01 0.000000000000000000e+00 0.000000000000000000e+00 
2.056312514469027519e-03 2.665917854756116867e-03 3.306568367406725883e-03 3.341149073094129562e-03 4.191116895526647568e-03 4.320573527365922928e-03 4.267266485840082169e-03 4.905616864562034607e-03 5.485060159116983414e-03 5.889717955142259598e-03 7.913186214864253998e-03 1.554012205451726913e-02 1.892621070146560669e-02 9.078567847609519958e-03 2.105146087706089020e-02 9.212369099259376526e-03 8.274943567812442780e-03 7.165262475609779358e-03 5.611607339233160019e-03 4.901036620140075684e-03 3.967495635151863098e-03 2.215240150690078735e-03 0.000000000000000000e+00 0.000000000000000000e+00 
2.889903634786605835e-02 2.647154778242111206e-02 3.786904364824295044e-02 3.792329132556915283e-02 5.814259126782417297e-02 6.100447848439216614e-02 6.303456425666809082e-02 7.862584292888641357e-02 9.987953305244445801e-02 1.157982200384140015e-01 1.278875470161437988e-01 1.751230508089065552e-01 2.890984416007995605e-01 3.661949634552001953e-01 4.844486117362976074e-01 6.120083928108215332e-01 7.407644391059875488e-01 8.276016712188720703e-01 8.989621996879577637e-01 9.249607324600219727e-01 9.518828392028808594e-01 9.689478278160095215e-01 0.000000000000000000e+00 0.000000000000000000e+00 
2.085146727040410042e-03 2.714011352509260178e-03 3.355247899889945984e-03 3.381730290129780769e-03 4.237566143274307251e-03 4.373693838715553284e-03 4.340677056461572647e-03 4.956873133778572083e-03 5.541747435927391052e-03 5.941263865679502487e-03 7.987088523805141449e-03 1.569780893623828888e-02 1.904922910034656525e-02 9.105555713176727295e-03 2.107966691255569458e-02 9.189954027533531189e-03 8.233848027884960175e-03 7.110728416591882706e-03 5.554037634283304214e-03 4.844518844038248062e-03 3.924047574400901794e-03 2.190010622143745422e-03 0.000000000000000000e+00 0.000000000000000000e+00 
2.720667794346809387e-02 2.446531131863594055e-02 3.545681759715080261e-02 3.514862805604934692e-02 5.479430034756660461e-02 5.732307210564613342e-02 5.715589597821235657e-02 7.394514232873916626e-02 9.345278143882751465e-02 1.098319217562675476e-01 1.204845756292343140e-01 1.600091457366943359e-01 2.760196924209594727e-01 3.511447608470916748e-01 4.683651626110076904e-01 5.961739420890808105e-01 7.281376719474792480e-01 8.201797604560852051e-01 8.934913277626037598e-01 9.220023155212402344e-01 9.493554830551147461e-01 9.681269526481628418e-01 0.000000000000000000e+00 0.000000000000000000e+00 
2.013674471527338028e-03 2.610625233501195908e-03 3.263699356466531754e-03 3.264363156631588936e-03 4.124597180634737015e-03 4.250558093190193176e-03 4.117363598197698593e-03 4.806675482541322708e-03 5.366361699998378754e-03 5.806441884487867355e-03 7.772176992148160934e-03 1.511222496628761292e-02 1.876796409487724304e-02 9.017392061650753021e-03 2.107322216033935547e-02 9.250883013010025024e-03 8.361183106899261475e-03 7.235058583319187164e-03 5.691012833267450333e-03 4.928860813379287720e-03 4.028469789773225784e-03 2.217871136963367462e-03 0.000000000000000000e+00 0.000000000000000000e+00 
1.988116279244422913e-02 1.606214232742786407e-02 2.618619985878467560e-02 2.568025514483451843e-02 4.034751653671264648e-02 4.172821715474128723e-02 3.935921937227249146e-02 5.571638047695159912e-02 7.018695771694183350e-02 8.550704270601272583e-02 9.370001405477523804e-02 1.216951459646224976e-01 2.207914590835571289e-01 3.011182248592376709e-01 3.977961540222167969e-01 5.390169024467468262e-01 6.721133589744567871e-01 7.835893630981445312e-01 8.601152300834655762e-01 8.973943591117858887e-01 9.355189204216003418e-01 9.586029052734375000e-01 0.000000000000000000e+00 0.000000000000000000e+00 
1.707225223071873188e-03 2.044630702584981918e-03 2.823497867211699486e-03 2.762364689260721207e-03 3.535932861268520355e-03 3.569224849343299866e-03 3.434268292039632797e-03 4.171778447926044464e-03 4.653903190046548843e-03 5.156996194273233414e-03 6.954184733331203461e-03 1.336373202502727509e-02 1.738729886710643768e-02 8.650618605315685272e-03 2.047543413937091827e-02 9.421316906809806824e-03 8.809376507997512817e-03 7.771296426653862000e-03 6.427257787436246872e-03 5.606866907328367233e-03 4.525389056652784348e-03 2.545412862673401833e-03 0.000000000000000000e+00 0.000000000000000000e+00 
2.854851447045803070e-02 2.625569142401218414e-02 3.976648673415184021e-02 3.855066001415252686e-02 5.847876146435737610e-02 6.202821061015129089e-02 6.291130185127258301e-02 7.922391593456268311e-02 1.011260896921157837e-01 1.178021728992462158e-01 1.293002367019653320e-01 1.742647141218185425e-01 2.917622625827789307e-01 3.696629106998443604e-01 4.923818707466125488e-01 6.191564798355102539e-01 7.481372952461242676e-01 8.340698480606079102e-01 9.033198952674865723e-01 9.308310747146606445e-01 9.549000859260559082e-01 9.708471894264221191e-01 0.000000000000000000e+00 0.000000000000000000e+00 
2.077353652566671371e-03 2.737916074693202972e-03 3.460430540144443512e-03 3.420901950448751450e-03 4.264452029019594193e-03 4.424214828759431839e-03 4.364258144050836563e-03 4.961204715073108673e-03 5.581354722380638123e-03 5.971603561192750931e-03 8.068921044468879700e-03 1.565596647560596466e-02 1.911582425236701965e-02 9.106453508138656616e-03 2.115974016487598419e-02 9.145361371338367462e-03 8.150962181389331818e-03 6.992237176746129990e-03 5.472528282552957535e-03 4.662250168621540070e-03 3.796606324613094330e-03 2.116901800036430359e-03 0.000000000000000000e+00 0.000000000000000000e+00 
2.541123330593109131e-02 2.257271856069564819e-02 3.429080173373222351e-02 3.373613953590393066e-02 5.202938243746757507e-02 5.593588948249816895e-02 5.458433926105499268e-02 7.133678346872329712e-02 9.129989892244338989e-02 1.070013642311096191e-01 1.182332634925842285e-01 1.569432020187377930e-01 2.689916193485260010e-01 3.481472134590148926e-01 4.685869216918945312e-01 5.950789451599121094e-01 7.277052998542785645e-01 8.201103806495666504e-01 8.937185406684875488e-01 9.227377772331237793e-01 9.501923918724060059e-01 9.677683711051940918e-01 0.000000000000000000e+00 0.000000000000000000e+00 
1.958890818059444427e-03 2.526209922507405281e-03 3.205090062692761421e-03 3.204773878678679466e-03 4.022459499537944794e-03 4.205745644867420197e-03 4.050776828080415726e-03 4.716870840638875961e-03 5.312318913638591766e-03 5.740726366639137268e-03 7.743298076093196869e-03 1.497774943709373474e-02 1.855463534593582153e-02 8.996678516268730164e-03 2.105892077088356018e-02 9.267844259738922119e-03 8.363137021660804749e-03 7.248916197568178177e-03 5.715393926948308945e-03 4.921832587569952011e-03 3.999129403382539749e-03 2.247082302346825600e-03 0.000000000000000000e+00 0.000000000000000000e+00 
2.679609321057796478e-02 2.423859387636184692e-02 3.657433018088340759e-02 3.582087904214859009e-02 5.497414991259574890e-02 5.863770842552185059e-02 5.857194960117340088e-02 7.509922981262207031e-02 9.600561857223510742e-02 1.120370030403137207e-01 1.235508024692535400e-01 1.656336337327957153e-01 2.806099951267242432e-01 3.587156236171722412e-01 4.803774952888488770e-01 6.071218848228454590e-01 7.383779287338256836e-01 8.269985318183898926e-01 8.988211154937744141e-01 9.267443418502807617e-01 9.526363015174865723e-01 9.693918824195861816e-01 0.000000000000000000e+00 0.000000000000000000e+00 
2.013592049479484558e-03 2.629365073516964912e-03 3.312194952741265297e-03 3.302995348349213600e-03 4.135964903980493546e-03 4.313914570957422256e-03 4.205776844173669815e-03 4.842264577746391296e-03 5.448099225759506226e-03 5.855451803654432297e-03 7.913676090538501740e-03 1.532721891999244690e-02 1.883322745561599731e-02 9.061426855623722076e-03 2.114154398441314697e-02 9.213337674736976624e-03 8.261890150606632233e-03 7.132469210773706436e-03 5.593266338109970093e-03 4.799873568117618561e-03 3.904607845470309258e-03 2.183370525017380714e-03 0.000000000000000000e+00 0.000000000000000000e+00 
2.921720035374164581e-02 2.712954021990299225e-02 4.053415358066558838e-02 3.948460519313812256e-02 5.978410691022872925e-02 6.318109482526779175e-02 6.534781306982040405e-02 8.116210997104644775e-02 1.036909148097038269e-01 1.205623447895050049e-01 1.323185265064239502e-01 1.787896901369094849e-01 2.977640926837921143e-01 3.762542009353637695e-01 4.996263384819030762e-01 6.266950964927673340e-01 7.544179558753967285e-01 8.383004069328308105e-01 9.065739512443542480e-01 9.327390789985656738e-01 9.561937451362609863e-01 9.718781113624572754e-01 0.000000000000000000e+00 0.000000000000000000e+00 
2.109093358740210533e-03 2.796473447233438492e-03 3.500056918710470200e-03 3.467669244855642319e-03 4.314911551773548126e-03 4.474303685128688812e-03 4.455261398106813431e-03 5.028845276683568954e-03 5.658586043864488602e-03 6.047368049621582031e-03 8.156763389706611633e-03 1.586010120809078217e-02 1.928727328777313232e-02 9.150951169431209564e-03 2.119267173111438751e-02 9.118116460740566254e-03 8.103275671601295471e-03 6.921330466866493225e-03 5.399168003350496292e-03 4.613626748323440552e-03 3.756006015464663506e-03 2.085647312924265862e-03 0.000000000000000000e+00 0.000000000000000000e+00 
4.208538681268692017e-02 4.268546029925346375e-02 5.879533663392066956e-02 5.746502801775932312e-02 8.295595645904541016e-02 8.552712202072143555e-02 9.304721653461456299e-02 1.112035512924194336e-01 1.368576139211654663e-01 1.593663990497589111e-01 1.736782789230346680e-01 2.416510432958602905e-01 3.565140366554260254e-01 4.454683661460876465e-01 5.733019113540649414e-01 6.975325345993041992e-01 8.090409040451049805e-01 8.828701376914978027e-01 9.320048093795776367e-01 9.501248002052307129e-01 9.691900610923767090e-01 9.794495105743408203e-01 0.000000000000000000e+00 0.000000000000000000e+00 
2.549687400460243225e-03 3.586053149774670601e-03 4.279579967260360718e-03 4.213782027363777161e-03 5.102527327835559845e-03 5.183510947972536087e-03 5.368383135646581650e-03 5.828621797263622284e-03 6.424871739000082016e-03 6.822715513408184052e-03 9.107796475291252136e-03 1.788179017603397369e-02 2.027195878326892853e-02 9.435367770493030548e-03 2.086880244314670563e-02 8.643552660942077637e-03 7.346848957240581512e-03 5.933914799243211746e-03 4.620556253939867020e-03 3.952332306653261185e-03 3.052684711292386055e-03 1.741316402330994606e-03 0.000000000000000000e+00 0.000000000000000000e+00 
2.695453539490699768e-02 2.473147213459014893e-02 3.642947971820831299e-02 3.627951070666313171e-02 5.676351860165596008e-02 5.971885472536087036e-02 6.162839382886886597e-02 7.744242250919342041e-02 9.954960644245147705e-02 1.137917712330818176e-01 1.259260326623916626e-01 1.777529269456863403e-01 2.848373651504516602e-01 3.687488734722137451e-01 4.894731342792510986e-01 6.175193786621093750e-01 7.468447089195251465e-01 8.299382925033569336e-01 9.015601277351379395e-01 9.260938763618469238e-01 9.542618989944458008e-01 9.697878956794738770e-01 0.000000000000000000e+00 0.000000000000000000e+00 
2.030703239142894745e-03 2.657125238329172134e-03 3.307651495561003685e-03 3.340220544487237930e-03 4.213273990899324417e-03 4.347343463450670242e-03 4.345657303929328918e-03 4.935331176966428757e-03 5.559353623539209366e-03 5.916329100728034973e-03 7.995682768523693085e-03 1.584483683109283447e-02 1.901911012828350067e-02 9.146473370492458344e-03 2.108515985310077667e-02 9.206142276525497437e-03 8.194341324269771576e-03 7.090055849403142929e-03 5.528743844479322433e-03 4.868679214268922806e-03 3.865427337586879730e-03 2.181714400649070740e-03 0.000000000000000000e+00 0.000000000000000000e+00 
3.045032732188701630e-02 2.897869050502777100e-02 4.243735596537590027e-02 4.165700078010559082e-02 6.337503343820571899e-02 6.615588068962097168e-02 7.005032896995544434e-02 8.591920137405395508e-02 1.097050309181213379e-01 1.254842579364776611e-01 1.385733634233474731e-01 1.938494741916656494e-01 3.065031766891479492e-01 3.894223868846893311e-01 5.145727992057800293e-01 6.410542130470275879e-01 7.653576731681823730e-01 8.452531099319458008e-01 9.117408990859985352e-01 9.345517754554748535e-01 9.584154486656188965e-01 9.731444120407104492e-01 0.000000000000000000e+00 0.000000000000000000e+00 
2.163636730983853340e-03 2.892481163144111633e-03 3.588785417377948761e-03 3.577220719307661057e-03 4.452026449143886566e-03 4.579681437462568283e-03 4.645979497581720352e-03 5.189057439565658569e-03 5.840615835040807724e-03 6.164321210235357285e-03 8.337381295859813690e-03 1.650899276137351990e-02 1.949699409306049347e-02 9.240332059562206268e-03 2.117410860955715179e-02 9.069298394024372101e-03 7.988590747117996216e-03 6.787253543734550476e-03 5.267307627946138382e-03 4.570677876472473145e-03 3.669241443276405334e-03 2.039028098806738853e-03 0.000000000000000000e+00 0.000000000000000000e+00 
2.895553596317768097e-02 2.689928002655506134e-02 4.000571742653846741e-02 3.942644596099853516e-02 6.024161353707313538e-02 6.330806761980056763e-02 6.614127010107040405e-02 8.273278921842575073e-02 1.061010509729385376e-01 1.211930662393569946e-01 1.339375674724578857e-01 1.857293844223022461e-01 2.990643382072448730e-01 3.811211884021759033e-01 5.056938529014587402e-01 6.331550478935241699e-01 7.588113546371459961e-01 8.406378626823425293e-01 9.087255597114562988e-01 9.326442480087280273e-01 9.567941427230834961e-01 9.722715020179748535e-01 0.000000000000000000e+00 0.000000000000000000e+00 
2.110677538439631462e-03 2.782745752483606339e-03 3.476889804005622864e-03 3.482348285615444183e-03 4.342540167272090912e-03 4.486015997827053070e-03 4.510263912379741669e-03 5.101584829390048981e-03 5.747202783823013306e-03 6.083690561354160309e-03 8.225457742810249329e-03 1.618929766118526459e-02 1.935766451060771942e-02 9.202084504067897797e-03 2.120336331427097321e-02 9.116611443459987640e-03 8.073908276855945587e-03 6.888134405016899109e-03 5.354910623282194138e-03 4.637155681848526001e-03 3.749339608475565910e-03 2.080585574731230736e-03 0.000000000000000000e+00 0.000000000000000000e+00 
2.644859626889228821e-02 2.384586818516254425e-02 3.539827838540077209e-02 3.557132557034492493e-02 5.506258457899093628e-02 5.822835117578506470e-02 5.954176560044288635e-02 7.645580917596817017e-02 9.813315421342849731e-02 1.127988621592521667e-01 1.242307871580123901e-01 1.718188077211380005e-01 2.826296389102935791e-01 3.643588423728942871e-01 4.869186580181121826e-01 6.152065992355346680e-01 7.444753646850585938e-01 8.299534320831298828e-01 9.016199111938476562e-01 9.269345998764038086e-01 9.536172151565551758e-01 9.701468944549560547e-01 0.000000000000000000e+00 0.000000000000000000e+00 
2.012713579460978508e-03 2.620121231302618980e-03 3.267965512350201607e-03 3.318794770166277885e-03 4.157358780503273010e-03 4.302214831113815308e-03 4.271774087101221085e-03 4.913413897156715393e-03 5.520990118384361267e-03 5.908465478569269180e-03 7.943405769765377045e-03 1.563877053558826447e-02 1.899096928536891937e-02 9.126666933298110962e-03 2.117059938609600067e-02 9.217505343258380890e-03 8.240950293838977814e-03 7.104729302227497101e-03 5.539127625524997711e-03 4.827122669667005539e-03 3.898520721122622490e-03 2.176690846681594849e-03 0.000000000000000000e+00 0.000000000000000000e+00 
2.662190608680248260e-02 2.407416887581348419e-02 3.561062738299369812e-02 3.577794134616851807e-02 5.535035580396652222e-02 5.851859599351882935e-02 5.999042466282844543e-02 7.683886587619781494e-02 9.857681393623352051e-02 1.133805438876152039e-01 1.247206628322601318e-01 1.728280186653137207e-01 2.837001383304595947e-01 3.653550744056701660e-01 4.879864156246185303e-01 6.164800524711608887e-01 7.455415725708007812e-01 8.309124708175659180e-01 9.024185538291931152e-01 9.275489449501037598e-01 9.539726376533508301e-01 9.704532027244567871e-01 0.000000000000000000e+00 0.000000000000000000e+00 
2.020260551944375038e-03 2.634575124830007553e-03 3.279367461800575256e-03 3.328344784677028656e-03 4.170433152467012405e-03 4.314334597438573837e-03 4.289230331778526306e-03 4.928371869027614594e-03 5.536150187253952026e-03 5.922528915107250214e-03 7.959006354212760925e-03 1.567970030009746552e-02 1.901973411440849304e-02 9.133380837738513947e-03 2.117696031928062439e-02 9.211146272718906403e-03 8.231662213802337646e-03 7.088385056704282761e-03 5.522498860955238342e-03 4.809658043086528778e-03 3.884182078763842583e-03 2.166195539757609367e-03 0.000000000000000000e+00 0.000000000000000000e+00 
2.558746002614498138e-02 2.293534763157367706e-02 3.383931890130043030e-02 3.428011387586593628e-02 5.323933064937591553e-02 5.631648004055023193e-02 5.725067853927612305e-02 7.429625093936920166e-02 9.509621560573577881e-02 1.100438460707664490e-01 1.204507946968078613e-01 1.670105606317520142e-01 2.765145301818847656e-01 3.584266602993011475e-01 4.796824455261230469e-01 6.086823344230651855e-01 7.390508651733398438e-01 8.264034390449523926e-01 8.991460800170898438e-01 9.248259663581848145e-01 9.525213837623596191e-01 9.695818424224853516e-01 0.000000000000000000e+00 0.000000000000000000e+00 
1.978866057470440865e-03 2.575316466391086578e-03 3.205081447958946228e-03 3.265928244218230247e-03 4.095014184713363647e-03 4.230161663144826889e-03 4.189874045550823212e-03 4.853174556046724319e-03 5.437137559056282043e-03 5.849362816661596298e-03 7.842608727514743805e-03 1.544790156185626984e-02 1.885561831295490265e-02 9.100664407014846802e-03 2.115710079669952393e-02 9.253678843379020691e-03 8.303814567625522614e-03 7.179311010986566544e-03 5.603892728686332703e-03 4.900052677839994431e-03 3.950506448745727539e-03 2.205565106123685837e-03 0.000000000000000000e+00 0.000000000000000000e+00 
1.829302310943603516e-02 1.433001738041639328e-02 2.414540760219097137e-02 2.373833954334259033e-02 3.786411881446838379e-02 3.862325847148895264e-02 3.653396666049957275e-02 5.324248224496841431e-02 6.586516648530960083e-02 8.178471773862838745e-02 9.054579585790634155e-02 1.166831031441688538e-01 2.155250757932662964e-01 2.961121201515197754e-01 3.949192464351654053e-01 5.364768505096435547e-01 6.699188351631164551e-01 7.837051153182983398e-01 8.603435754776000977e-01 8.970448970794677734e-01 9.366640448570251465e-01 9.596591591835021973e-01 0.000000000000000000e+00 0.000000000000000000e+00 
1.659869565628468990e-03 1.944133662618696690e-03 2.739996649324893951e-03 2.676951931789517403e-03 3.464427078142762184e-03 3.469135845080018044e-03 3.351235995069146156e-03 4.106251988559961319e-03 4.521988332271575928e-03 5.072084255516529083e-03 6.917899474501609802e-03 1.317004393786191940e-02 1.735935918986797333e-02 8.652470074594020844e-03 2.057369612157344818e-02 9.471614845097064972e-03 8.870547637343406677e-03 7.809882052242755890e-03 6.477590184658765793e-03 5.670713260769844055e-03 4.538055509328842163e-03 2.547418000176548958e-03 0.000000000000000000e+00 0.000000000000000000e+00 
2.605654858052730560e-02 2.350145019590854645e-02 3.507253155112266541e-02 3.524857759475708008e-02 5.385271459817886353e-02 5.733784288167953491e-02 5.757686868309974670e-02 7.430537790060043335e-02 9.536520391702651978e-02 1.117102801799774170e-01 1.219003126025199890e-01 1.629640460014343262e-01 2.764968574047088623e-01 3.569063842296600342e-01 4.838779270648956299e-01 6.102703213691711426e-01 7.412406206130981445e-01 8.317105174064636230e-01 9.017623066902160645e-01 9.302577972412109375e-01 9.545195102691650391e-01 9.717416763305664062e-01 0.000000000000000000e+00 0.000000000000000000e+00 
1.994655467569828033e-03 2.604237757623195648e-03 3.279523225501179695e-03 3.305997001007199287e-03 4.112616647034883499e-03 4.282097332179546356e-03 4.194846842437982559e-03 4.832255654036998749e-03 5.448197014629840851e-03 5.886067170649766922e-03 7.866927422583103180e-03 1.537364348769187927e-02 1.889082603156566620e-02 9.059583768248558044e-03 2.120305038988590240e-02 9.211546741425991058e-03 8.275071159005165100e-03 7.070547901093959808e-03 5.547778215259313583e-03 4.714122973382472992e-03 3.857141127809882164e-03 2.116507850587368011e-03 0.000000000000000000e+00 0.000000000000000000e+00 
2.178964763879776001e-02 1.826620846986770630e-02 2.851741388440132141e-02 2.882347442209720612e-02 4.477319121360778809e-02 4.783415421843528748e-02 4.477204754948616028e-02 6.231710314750671387e-02 8.032441139221191406e-02 9.616935998201370239e-02 1.036413982510566711e-01 1.392974704504013062e-01 2.452251911163330078e-01 3.237388730049133301e-01 4.441812038421630859e-01 5.718966126441955566e-01 7.086119055747985840e-01 8.094146251678466797e-01 8.851888775825500488e-01 9.173845648765563965e-01 9.469506144523620605e-01 9.668045639991760254e-01 0.000000000000000000e+00 0.000000000000000000e+00 
1.825112150982022285e-03 2.273790305480360985e-03 2.960224635899066925e-03 2.980752615258097649e-03 3.757585771381855011e-03 3.865817794576287270e-03 3.677440807223320007e-03 4.437055438756942749e-03 4.998533520847558975e-03 5.485535133630037308e-03 7.275361567735671997e-03 1.442217547446489334e-02 1.817520149052143097e-02 8.867349475622177124e-03 2.101352810859680176e-02 9.383874945342540741e-03 8.578120730817317963e-03 7.448649033904075623e-03 5.936443805694580078e-03 5.102846771478652954e-03 4.167169332504272461e-03 2.314413432031869888e-03 0.000000000000000000e+00 0.000000000000000000e+00 
2.279238402843475342e-02 1.938747428357601166e-02 3.001037612557411194e-02 3.060149773955345154e-02 4.706043750047683716e-02 5.037631839513778687e-02 4.909969866275787354e-02 6.668119877576828003e-02 8.563756197690963745e-02 1.015337705612182617e-01 1.104358211159706116e-01 1.495679318904876709e-01 2.567560374736785889e-01 3.387921750545501709e-01 4.612805247306823730e-01 5.888465046882629395e-01 7.231575846672058105e-01 8.178002238273620605e-01 8.918734192848205566e-01 9.210860133171081543e-01 9.496155977249145508e-01 9.681375026702880859e-01 0.000000000000000000e+00 0.000000000000000000e+00 
1.871469896286725998e-03 2.364474814385175705e-03 3.029701299965381622e-03 3.090079640969634056e-03 3.860047087073326111e-03 3.984343260526657104e-03 3.856938565149903297e-03 4.584149457514286041e-03 5.164148751646280289e-03 5.636055022478103638e-03 7.512852083891630173e-03 1.487614121288061142e-02 1.847730204463005066e-02 8.969220332801342010e-03 2.105511724948883057e-02 9.337577037513256073e-03 8.454100228846073151e-03 7.339681964367628098e-03 5.796471610665321350e-03 5.014996044337749481e-03 4.074082709848880768e-03 2.267475239932537079e-03 0.000000000000000000e+00 0.000000000000000000e+00 
2.084076218307018280e-02 1.742264628410339355e-02 2.711955644190311432e-02 2.786175534129142761e-02 4.341280087828636169e-02 4.515744745731353760e-02 4.363316297531127930e-02 6.121396645903587341e-02 7.794522494077682495e-02 9.391129761934280396e-02 1.014488488435745239e-01 1.378775835037231445e-01 2.422076165676116943e-01 3.235952556133270264e-01 4.390032887458801270e-01 5.701293945312500000e-01 7.063729763031005859e-01 8.071905374526977539e-01 8.826103806495666504e-01 9.134525656700134277e-01 9.458746910095214844e-01 9.657719731330871582e-01 0.000000000000000000e+00 0.000000000000000000e+00 
1.790503738448023796e-03 2.223081188276410103e-03 2.904579741880297661e-03 2.940330188721418381e-03 3.722402732819318771e-03 3.757919883355498314e-03 3.648840822279453278e-03 4.410749301314353943e-03 4.925542976707220078e-03 5.427658092230558395e-03 7.252814713865518570e-03 1.429323107004165649e-02 1.807082816958427429e-02 8.875151164829730988e-03 2.093584649264812469e-02 9.408487007021903992e-03 8.602802641689777374e-03 7.517272140830755234e-03 6.004692986607551575e-03 5.250175483524799347e-03 4.224265925586223602e-03 2.363799372687935829e-03 0.000000000000000000e+00 0.000000000000000000e+00 
2.361801080405712128e-02 2.069487981498241425e-02 3.124519065022468567e-02 3.200642019510269165e-02 4.918904602527618408e-02 5.212625116109848022e-02 5.225787311792373657e-02 6.982312351465225220e-02 8.931180089712142944e-02 1.051789820194244385e-01 1.143327429890632629e-01 1.552586704492568970e-01 2.650614678859710693e-01 3.472231030464172363e-01 4.722656905651092529e-01 5.987404584884643555e-01 7.322668433189392090e-01 8.229919672012329102e-01 8.964894413948059082e-01 9.242427945137023926e-01 9.515531063079833984e-01 9.696751236915588379e-01 0.000000000000000000e+00 0.000000000000000000e+00 
1.906091812998056412e-03 2.457945141941308975e-03 3.097666194662451744e-03 3.173462813720107079e-03 3.950576297938823700e-03 4.067702684551477432e-03 3.999794833362102509e-03 4.697794560343027115e-03 5.279405042529106140e-03 5.744845140725374222e-03 7.649780716747045517e-03 1.513431780040264130e-02 1.867993175983428955e-02 9.033959358930587769e-03 2.115375921130180359e-02 9.303423576056957245e-03 8.384507149457931519e-03 7.260946091264486313e-03 5.692982580512762070e-03 4.923664499074220657e-03 4.009650554507970810e-03 2.210448496043682098e-03 0.000000000000000000e+00 0.000000000000000000e+00 
2.399076335132122040e-02 2.112352289259433746e-02 3.179706260561943054e-02 3.248014673590660095e-02 4.996087029576301575e-02 5.293729156255722046e-02 5.338355898857116699e-02 7.102724909782409668e-02 9.080983698368072510e-02 1.065791398286819458e-01 1.159259006381034851e-01 1.574956327676773071e-01 2.681891620159149170e-01 3.504895865917205811e-01 4.760767221450805664e-01 6.024371385574340820e-01 7.354391813278198242e-01 8.249269723892211914e-01 8.981527090072631836e-01 9.254216551780700684e-01 9.522132873535156250e-01 9.701952934265136719e-01 0.000000000000000000e+00 0.000000000000000000e+00 
1.921468530781567097e-03 2.486205892637372017e-03 3.125567454844713211e-03 3.198998514562845230e-03 3.980834502726793289e-03 4.106635227799415588e-03 4.046999383717775345e-03 4.741501063108444214e-03 5.328037776052951813e-03 5.783285945653915405e-03 7.702859584242105484e-03 1.522939652204513550e-02 1.875733211636543274e-02 9.056300856173038483e-03 2.119152434170246124e-02 9.289909154176712036e-03 8.359504863619804382e-03 7.228984031826257706e-03 5.653731059283018112e-03 4.888494033366441727e-03 3.982590045779943466e-03 2.191440900787711143e-03 0.000000000000000000e+00 0.000000000000000000e+00 
2.387774921953678131e-02 2.103660441935062408e-02 3.160237893462181091e-02 3.229582682251930237e-02 4.979282245039939880e-02 5.267471820116043091e-02 5.314317718148231506e-02 7.088389247655868530e-02 9.056346118450164795e-02 1.063419654965400696e-01 1.154192388057708740e-01 1.572351008653640747e-01 2.680248320102691650e-01 3.501153588294982910e-01 4.753620028495788574e-01 6.020382046699523926e-01 7.351365685462951660e-01 8.245695233345031738e-01 8.980238437652587891e-01 9.250628948211669922e-01 9.521054625511169434e-01 9.701789021492004395e-01 0.000000000000000000e+00 0.000000000000000000e+00 
1.917757210321724415e-03 2.484414726495742798e-03 3.119601868093013763e-03 3.193093929439783096e-03 3.978701308369636536e-03 4.099546000361442566e-03 4.040613304823637009e-03 4.741129465401172638e-03 5.323706660419702530e-03 5.780850071460008621e-03 7.692593149840831757e-03 1.521853730082511902e-02 1.876280084252357483e-02 9.059321135282516479e-03 2.120154723525047302e-02 9.294280782341957092e-03 8.367700502276420593e-03 7.240885403007268906e-03 5.658978130668401718e-03 4.904773551970720291e-03 3.990363329648971558e-03 2.194616245105862617e-03 0.000000000000000000e+00 0.000000000000000000e+00 
2.334301359951496124e-02 2.049399353563785553e-02 3.081789612770080566e-02 3.157916292548179626e-02 4.881995916366577148e-02 5.155066028237342834e-02 5.172060430049896240e-02 6.958802789449691772e-02 8.885335922241210938e-02 1.047338843345642090e-01 1.132538691163063049e-01 1.548288166522979736e-01 2.650167644023895264e-01 3.467498123645782471e-01 4.710716307163238525e-01 5.981477499008178711e-01 7.319504618644714355e-01 8.223642706871032715e-01 8.963285088539123535e-01 9.234709143638610840e-01 9.513710737228393555e-01 9.696907997131347656e-01 0.000000000000000000e+00 0.000000000000000000e+00 
1.897823065519332886e-03 2.455005887895822525e-03 3.087462857365608215e-03 3.161682514473795891e-03 3.948191180825233459e-03 4.055452533066272736e-03 3.989191725850105286e-03 4.701947327703237534e-03 5.274217110127210617e-03 5.742730107158422470e-03 7.633464410901069641e-03 1.511954329907894135e-02 1.870084740221500397e-02 9.044828824698925018e-03 2.118851616978645325e-02 9.314321912825107574e-03 8.401682600378990173e-03 7.287271786481142044e-03 5.702486261725425720e-03 4.961967002600431442e-03 4.026753827929496765e-03 2.216545632109045982e-03 0.000000000000000000e+00 0.000000000000000000e+00 
3.810288757085800171e-02 3.906144574284553528e-02 5.481754243373870850e-02 5.392044782638549805e-02 7.838416844606399536e-02 7.991415262222290039e-02 8.740036934614181519e-02 1.053787618875503540e-01 1.309436559677124023e-01 1.526497900485992432e-01 1.678161472082138062e-01 2.314532101154327393e-01 3.518157303333282471e-01 4.404406845569610596e-01 5.699961185455322266e-01 6.948362588882446289e-01 8.089318871498107910e-01 8.830196261405944824e-01 9.315916299819946289e-01 9.519723653793334961e-01 9.693773388862609863e-01 9.807527065277099609e-01 0.000000000000000000e+00 0.000000000000000000e+00 
2.452820772305130959e-03 3.452149685472249985e-03 4.184806719422340393e-03 4.116761963814496994e-03 4.998687654733657837e-03 5.058241542428731918e-03 5.237792618572711945e-03 5.732176825404167175e-03 6.344705354422330856e-03 6.766866892576217651e-03 9.037912823259830475e-03 1.766275987029075623e-02 2.041024528443813324e-02 9.476671926677227020e-03 2.110706456005573273e-02 8.722533471882343292e-03 7.385849952697753906e-03 6.002695765346288681e-03 4.698070231825113297e-03 3.926587291061878204e-03 3.114047693088650703e-03 1.722896005958318710e-03 0.000000000000000000e+00 0.000000000000000000e+00 
1.820143684744834900e-02 1.454020384699106216e-02 2.439623698592185974e-02 2.376839518547058105e-02 3.852313384413719177e-02 4.018540307879447937e-02 3.558312356472015381e-02 5.366345867514610291e-02 6.674606353044509888e-02 8.253213018178939819e-02 9.062762558460235596e-02 1.193634346127510071e-01 2.263651937246322632e-01 2.993237376213073730e-01 4.135526120662689209e-01 5.426805019378662109e-01 6.817088127136230469e-01 7.935066223144531250e-01 8.703140616416931152e-01 9.052492380142211914e-01 9.409464597702026367e-01 9.631140828132629395e-01 0.000000000000000000e+00 0.000000000000000000e+00 
1.670962432399392128e-03 2.001320477575063705e-03 2.786366036161780357e-03 2.704421291127800941e-03 3.502129344269633293e-03 3.563009900972247124e-03 3.311685984954237938e-03 4.178170114755630493e-03 4.559773020446300507e-03 5.111841019243001938e-03 6.947043817490339279e-03 1.343848742544651031e-02 1.767593808472156525e-02 8.723514154553413391e-03 2.090974710881710052e-02 9.512321092188358307e-03 8.817680180072784424e-03 7.718213368207216263e-03 6.289764773100614548e-03 5.478639155626296997e-03 4.431206732988357544e-03 2.456544432789087296e-03 0.000000000000000000e+00 0.000000000000000000e+00 
2.420465648174285889e-02 2.181538194417953491e-02 3.246660158038139343e-02 3.287509456276893616e-02 5.048466101288795471e-02 5.397441238164901733e-02 5.337981507182121277e-02 7.027303427457809448e-02 9.091833978891372681e-02 1.079640761017799377e-01 1.166475638747215271e-01 1.536014378070831299e-01 2.733772993087768555e-01 3.495412170886993408e-01 4.772119820117950439e-01 6.031122803688049316e-01 7.374525666236877441e-01 8.304101824760437012e-01 9.012109637260437012e-01 9.297632575035095215e-01 9.537383913993835449e-01 9.721270799636840820e-01 0.000000000000000000e+00 0.000000000000000000e+00 
1.940530491992831230e-03 2.522264141589403152e-03 3.189862472936511040e-03 3.224408021196722984e-03 4.018256440758705139e-03 4.188098944723606110e-03 4.070148337632417679e-03 4.715159535408020020e-03 5.346945952624082565e-03 5.817550234496593475e-03 7.727143820375204086e-03 1.515249442309141159e-02 1.891907677054405212e-02 9.056670591235160828e-03 2.126424945890903473e-02 9.275545366108417511e-03 8.341507054865360260e-03 7.127702236175537109e-03 5.581283010542392731e-03 4.758909810334444046e-03 3.913455642759799957e-03 2.128486521542072296e-03 0.000000000000000000e+00 0.000000000000000000e+00 
2.296254783868789673e-02 2.028430439531803131e-02 3.065846487879753113e-02 3.121294826269149780e-02 4.804935306310653687e-02 5.164854601025581360e-02 5.019108206033706665e-02 6.713031232357025146e-02 8.692536503076553345e-02 1.037972643971443176e-01 1.117312833666801453e-01 1.487904936075210571e-01 2.650756835937500000e-01 3.413236439228057861e-01 4.676869809627532959e-01 5.931544899940490723e-01 7.294530272483825684e-01 8.243545889854431152e-01 8.970601558685302734e-01 9.260598421096801758e-01 9.516798853874206543e-01 9.710108637809753418e-01 0.000000000000000000e+00 0.000000000000000000e+00 
1.889181323349475861e-03 2.430233871564269066e-03 3.106558695435523987e-03 3.146103583276271820e-03 3.931397106498479843e-03 4.095167387276887894e-03 3.940484020859003067e-03 4.620439838618040085e-03 5.225067026913166046e-03 5.709123797714710236e-03 7.585674524307250977e-03 1.495443843305110931e-02 1.876176521182060242e-02 9.012636728584766388e-03 2.125068195164203644e-02 9.331287816166877747e-03 8.426791056990623474e-03 7.241046521812677383e-03 5.688927136361598969e-03 4.880014341324567795e-03 4.003486130386590958e-03 2.172002336010336876e-03 0.000000000000000000e+00 0.000000000000000000e+00 
2.152228914201259613e-02 1.861683279275894165e-02 2.868511341512203217e-02 2.925537340342998505e-02 4.545351490378379822e-02 4.878605902194976807e-02 4.624752700328826904e-02 6.352776288986206055e-02 8.183250576257705688e-02 9.852645546197891235e-02 1.057701930403709412e-01 1.423719823360443115e-01 2.556928992271423340e-01 3.312918543815612793e-01 4.553378820419311523e-01 5.810436010360717773e-01 7.191117405891418457e-01 8.167045712471008301e-01 8.915530443191528320e-01 9.210722446441650391e-01 9.491315484046936035e-01 9.693462848663330078e-01 0.000000000000000000e+00 0.000000000000000000e+00 
1.829169224947690964e-03 2.330999588593840599e-03 3.015633905306458473e-03 3.047098172828555107e-03 3.840440418571233749e-03 3.974073566496372223e-03 3.778074402362108231e-03 4.512846004217863083e-03 5.069793667644262314e-03 5.565475206822156906e-03 7.413098122924566269e-03 1.465435605496168137e-02 1.856241934001445770e-02 8.955677039921283722e-03 2.120896056294441223e-02 9.393396787345409393e-03 8.535047061741352081e-03 7.380320224910974503e-03 5.825660657137632370e-03 5.043204873800277710e-03 4.121877718716859818e-03 2.234072191640734673e-03 0.000000000000000000e+00 0.000000000000000000e+00 
2.315299399197101593e-02 2.052784338593482971e-02 3.081566840410232544e-02 3.146560490131378174e-02 4.849141091108322144e-02 5.201386287808418274e-02 5.103779956698417664e-02 6.844516843557357788e-02 8.817502111196517944e-02 1.051634550094604492e-01 1.128786429762840271e-01 1.518234610557556152e-01 2.671071887016296387e-01 3.449374139308929443e-01 4.720463752746582031e-01 5.976899266242980957e-01 7.327682375907897949e-01 8.258092999458312988e-01 8.987308740615844727e-01 9.263892769813537598e-01 9.522761702537536621e-01 9.714144468307495117e-01 0.000000000000000000e+00 0.000000000000000000e+00 
1.895112567581236362e-03 2.453888766467571259e-03 3.115291241556406021e-03 3.160885768011212349e-03 3.954417537897825241e-03 4.117758478969335556e-03 3.981035202741622925e-03 4.671147093176841736e-03 5.264103878289461136e-03 5.756271071732044220e-03 7.626488804817199707e-03 1.504699140787124634e-02 1.884002611041069031e-02 9.045842103660106659e-03 2.129317633807659149e-02 9.317957796156406403e-03 8.399833925068378448e-03 7.227047812193632126e-03 5.657291505485773087e-03 4.882575944066047668e-03 3.990522120147943497e-03 2.158676972612738609e-03 0.000000000000000000e+00 0.000000000000000000e+00 
2.244338952004909515e-02 1.974389888346195221e-02 2.985952794551849365e-02 3.052826784551143646e-02 4.726820066571235657e-02 5.069334432482719421e-02 4.922840744256973267e-02 6.682173162698745728e-02 8.589899539947509766e-02 1.028789207339286804e-01 1.101180836558341980e-01 1.489512324333190918e-01 2.630507946014404297e-01 3.406336307525634766e-01 4.669322669506072998e-01 5.924509167671203613e-01 7.284736037254333496e-01 8.226634860038757324e-01 8.965421915054321289e-01 9.243835210800170898e-01 9.512959122657775879e-01 9.707661867141723633e-01 0.000000000000000000e+00 0.000000000000000000e+00 
1.867314684204757214e-03 2.410059561952948570e-03 3.072744235396385193e-03 3.116562962532043457e-03 3.914221655577421188e-03 4.064858891069889069e-03 3.912086132913827896e-03 4.622490610927343369e-03 5.196893587708473206e-03 5.696205422282218933e-03 7.549420464783906937e-03 1.492180023342370987e-02 1.876419223845005035e-02 9.024378843605518341e-03 2.128490433096885681e-02 9.347708895802497864e-03 8.448524400591850281e-03 7.286962121725082397e-03 5.714406259357929230e-03 4.950925707817077637e-03 4.037515725940465927e-03 2.184198005124926567e-03 0.000000000000000000e+00 0.000000000000000000e+00 
2.224751189351081848e-02 1.954749971628189087e-02 2.959186956286430359e-02 3.026501461863517761e-02 4.698054865002632141e-02 5.031815916299819946e-02 4.879315942525863647e-02 6.656806915998458862e-02 8.539146929979324341e-02 1.024046614766120911e-01 1.093949601054191589e-01 1.485814601182937622e-01 2.622683048248291016e-01 3.399736881256103516e-01 4.660395383834838867e-01 5.916588902473449707e-01 7.277802824974060059e-01 8.219654560089111328e-01 8.961414098739624023e-01 9.238039255142211914e-01 9.511504769325256348e-01 9.706240296363830566e-01 0.000000000000000000e+00 0.000000000000000000e+00 
1.860277378000319004e-03 2.401819918304681778e-03 3.061912255361676216e-03 3.105828771367669106e-03 3.907184116542339325e-03 4.052627366036176682e-03 3.898300928995013237e-03 4.617756232619285583e-03 5.183285567909479141e-03 5.686971358954906464e-03 7.533112540841102600e-03 1.490130648016929626e-02 1.875768974423408508e-02 9.025344625115394592e-03 2.129225432872772217e-02 9.355529211461544037e-03 8.460199460387229919e-03 7.303670514374971390e-03 5.727759562432765961e-03 4.974640440195798874e-03 4.048334900289773941e-03 2.190890023484826088e-03 0.000000000000000000e+00 0.000000000000000000e+00 
2.180800214409828186e-02 1.908457279205322266e-02 2.901627868413925171e-02 2.968165278434753418e-02 4.626929014921188354e-02 4.949452728033065796e-02 4.766816273331642151e-02 6.561243534088134766e-02 8.392531424760818481e-02 1.009840443730354309e-01 1.076530665159225464e-01 1.466499865055084229e-01 2.599904835224151611e-01 3.373785018920898438e-01 4.626348912715911865e-01 5.884304642677307129e-01 7.250269055366516113e-01 8.199204802513122559e-01 8.946384787559509277e-01 9.223504066467285156e-01 9.505236148834228516e-01 9.701420068740844727e-01 0.000000000000000000e+00 0.000000000000000000e+00 
1.843731151893734932e-03 2.376791089773178101e-03 3.037218702957034111e-03 3.079027170315384865e-03 3.885157406330108643e-03 4.022023174911737442e-03 3.857310162857174873e-03 4.590040538460016251e-03 5.141244735568761826e-03 5.650305654853582382e-03 7.489474490284919739e-03 1.481422595679759979e-02 1.870744861662387848e-02 9.014090523123741150e-03 2.128317020833492279e-02 9.374316781759262085e-03 8.490609005093574524e-03 7.344041485339403152e-03 5.766609217971563339e-03 5.026615224778652191e-03 4.078404046595096588e-03 2.210481790825724602e-03 0.000000000000000000e+00 0.000000000000000000e+00 
1.976879499852657318e-02 1.641835644841194153e-02 2.569791302084922791e-02 2.614009380340576172e-02 4.221237450838088989e-02 4.369958490133285522e-02 4.244405776262283325e-02 6.046246364712715149e-02 7.601325958967208862e-02 9.296084940433502197e-02 1.000390425324440002e-01 1.372624784708023071e-01 2.438570261001586914e-01 3.259648084640502930e-01 4.460081756114959717e-01 5.761583447456359863e-01 7.142400741577148438e-01 8.120718002319335938e-01 8.879480361938476562e-01 9.170649647712707520e-01 9.485898613929748535e-01 9.677661061286926270e-01 0.000000000000000000e+00 0.000000000000000000e+00 
1.762818545103073120e-03 2.181636868044734001e-03 2.855266444385051727e-03 2.876757644116878510e-03 3.710248507559299469e-03 3.744040615856647491e-03 3.647902980446815491e-03 4.412406589835882187e-03 4.889812786132097244e-03 5.437545944005250931e-03 7.301745936274528503e-03 1.438291557133197784e-02 1.820983365178108215e-02 8.929526433348655701e-03 2.113171853125095367e-02 9.446484968066215515e-03 8.585498668253421783e-03 7.485247682780027390e-03 5.919273477047681808e-03 5.205510184168815613e-03 4.166687373071908951e-03 2.311332849785685539e-03 0.000000000000000000e+00 0.000000000000000000e+00 
2.707068435847759247e-02 2.470710314810276031e-02 3.728677704930305481e-02 3.694921731948852539e-02 5.684448406100273132e-02 5.975485965609550476e-02 6.284420192241668701e-02 8.037073165178298950e-02 1.033450961112976074e-01 1.191058009862899780e-01 1.301709562540054321e-01 1.794349700212478638e-01 2.950818240642547607e-01 3.842792510986328125e-01 5.156854987144470215e-01 6.419584155082702637e-01 7.670791745185852051e-01 8.508990406990051270e-01 9.160027503967285156e-01 9.390056729316711426e-01 9.606945514678955078e-01 9.760392308235168457e-01 0.000000000000000000e+00 0.000000000000000000e+00 
2.077419077977538109e-03 2.717036521062254906e-03 3.401494352146983147e-03 3.418312175199389458e-03 4.251487087458372116e-03 4.401630256325006485e-03 4.453040193766355515e-03 5.089685786515474319e-03 5.726348608732223511e-03 6.097265053540468216e-03 8.170544169843196869e-03 1.605755276978015900e-02 1.937981694936752319e-02 9.270814247429370880e-03 2.140861190855503082e-02 9.138919413089752197e-03 8.036127313971519470e-03 6.729457527399063110e-03 5.224478431046009064e-03 4.475003108382225037e-03 3.623079042881727219e-03 1.977761508896946907e-03 0.000000000000000000e+00 0.000000000000000000e+00 
2.246650680899620056e-02 1.962813735008239746e-02 2.953476831316947937e-02 3.004595637321472168e-02 4.756901785731315613e-02 5.007224902510643005e-02 5.060844868421554565e-02 6.887484341859817505e-02 8.793202042579650879e-02 1.036861091852188110e-01 1.117146313190460205e-01 1.547842770814895630e-01 2.664615511894226074e-01 3.511086404323577881e-01 4.792628288269042969e-01 6.058732867240905762e-01 7.395399212837219238e-01 8.282380104064941406e-01 9.020567536354064941e-01 9.278009533882141113e-01 9.543980360031127930e-01 9.719109535217285156e-01 0.000000000000000000e+00 0.000000000000000000e+00 
1.882082317024469376e-03 2.423735801130533218e-03 3.044394543394446373e-03 3.097123699262738228e-03 3.930099308490753174e-03 4.019177053123712540e-03 3.986784722656011581e-03 4.704560153186321259e-03 5.269716493785381317e-03 5.745698232203722000e-03 7.630108855664730072e-03 1.520584989339113235e-02 1.889153383672237396e-02 9.101204574108123779e-03 2.129467949271202087e-02 9.326105937361717224e-03 8.369279094040393829e-03 7.206308189779520035e-03 5.596171133220195770e-03 4.867667332291603088e-03 3.929135389626026154e-03 2.157727256417274475e-03 0.000000000000000000e+00 0.000000000000000000e+00 
2.178638614714145660e-02 1.893286779522895813e-02 2.857713028788566589e-02 2.908468060195446014e-02 4.631781205534934998e-02 4.851786047220230103e-02 4.879056662321090698e-02 6.705584377050399780e-02 8.536362648010253906e-02 1.014526337385177612e-01 1.088038161396980286e-01 1.512006819248199463e-01 2.623198330402374268e-01 3.459381759166717529e-01 4.727593958377838135e-01 6.000305414199829102e-01 7.346970438957214355e-01 8.249531388282775879e-01 8.996048569679260254e-01 9.256279468536376953e-01 9.533313512802124023e-01 9.712277054786682129e-01 0.000000000000000000e+00 0.000000000000000000e+00 
1.853773486800491810e-03 2.377002499997615814e-03 3.001570701599121094e-03 3.049202030524611473e-03 3.885530866682529449e-03 3.956818487495183945e-03 3.918580710887908936e-03 4.643032792955636978e-03 5.189363379031419754e-03 5.688886623829603195e-03 7.549705915153026581e-03 1.505274325609207153e-02 1.878486201167106628e-02 9.073337540030479431e-03 2.126546017825603485e-02 9.355228394269943237e-03 8.421151898801326752e-03 7.274613250046968460e-03 5.661108996719121933e-03 4.939882084727287292e-03 3.976663574576377869e-03 2.187055069953203201e-03 0.000000000000000000e+00 0.000000000000000000e+00 
2.989754080772399902e-02 2.856531366705894470e-02 4.256331175565719604e-02 4.158737882971763611e-02 6.313932687044143677e-02 6.573768705129623413e-02 7.035374641418457031e-02 8.751032501459121704e-02 1.117222383618354797e-01 1.294704526662826538e-01 1.412808597087860107e-01 1.949947923421859741e-01 3.154611885547637939e-01 4.050835072994232178e-01 5.353543162345886230e-01 6.618230342864990234e-01 7.836104631423950195e-01 8.646917939186096191e-01 9.227765798568725586e-01 9.455263614654541016e-01 9.648154377937316895e-01 9.784521460533142090e-01 0.000000000000000000e+00 0.000000000000000000e+00 
2.195555716753005981e-03 2.938081044703722000e-03 3.665933385491371155e-03 3.636977169662714005e-03 4.489074461162090302e-03 4.629945848137140274e-03 4.728036001324653625e-03 5.296008661389350891e-03 5.957778077572584152e-03 6.327209062874317169e-03 8.490547537803649902e-03 1.659663021564483643e-02 1.970977336168289185e-02 9.368733502924442291e-03 2.141720242798328400e-02 9.017582051455974579e-03 7.800027262419462204e-03 6.454130634665489197e-03 5.041281692683696747e-03 4.228942561894655228e-03 3.412160556763410568e-03 1.869039726443588734e-03 0.000000000000000000e+00 0.000000000000000000e+00 
2.354000508785247803e-02 2.071577124297618866e-02 3.127561137080192566e-02 3.160310536623001099e-02 4.942585527896881104e-02 5.234507471323013306e-02 5.363223701715469360e-02 7.191308587789535522e-02 9.242709726095199585e-02 1.077453866600990295e-01 1.164548844099044800e-01 1.604249030351638794e-01 2.737347781658172607e-01 3.600181043148040771e-01 4.903657734394073486e-01 6.161504387855529785e-01 7.480022311210632324e-01 8.345230221748352051e-01 9.067600369453430176e-01 9.317968487739562988e-01 9.563657045364379883e-01 9.734702110290527344e-01 0.000000000000000000e+00 0.000000000000000000e+00 
1.929693273268640041e-03 2.497274661436676979e-03 3.134055994451045990e-03 3.178271465003490448e-03 4.000007174909114838e-03 4.124480299651622772e-03 4.106273874640464783e-03 4.815781023353338242e-03 5.419093184173107147e-03 5.849874112755060196e-03 7.774882018566131592e-03 1.546332985162734985e-02 1.906726136803627014e-02 9.159499779343605042e-03 2.138011157512664795e-02 9.282732382416725159e-03 8.286190219223499298e-03 7.084500975906848907e-03 5.480105057358741760e-03 4.742401652038097382e-03 3.853758564218878746e-03 2.096067415550351143e-03 0.000000000000000000e+00 0.000000000000000000e+00 
2.183090895414352417e-02 1.894695684313774109e-02 2.879456430673599243e-02 2.924009971320629120e-02 4.633671417832374573e-02 4.878430813550949097e-02 4.906057193875312805e-02 6.743627786636352539e-02 8.632508665323257446e-02 1.021803393959999084e-01 1.093899831175804138e-01 1.521750390529632568e-01 2.638547718524932861e-01 3.474140465259552002e-01 4.755055010318756104e-01 6.021807789802551270e-01 7.366936802864074707e-01 8.263708949089050293e-01 9.008135795593261719e-01 9.268192648887634277e-01 9.539688229560852051e-01 9.717430472373962402e-01 0.000000000000000000e+00 0.000000000000000000e+00 
1.857789466157555580e-03 2.382468897849321365e-03 3.021343611180782318e-03 3.062213072553277016e-03 3.891542321071028709e-03 3.981518559157848358e-03 3.932607360184192657e-03 4.662875086069107056e-03 5.226401612162590027e-03 5.712516140192747116e-03 7.572446018457412720e-03 1.513040065765380859e-02 1.884403079748153687e-02 9.092202410101890564e-03 2.132279798388481140e-02 9.354283101856708527e-03 8.409962989389896393e-03 7.258941419422626495e-03 5.637583322823047638e-03 4.908412229269742966e-03 3.961359150707721710e-03 2.169233513996005058e-03 0.000000000000000000e+00 0.000000000000000000e+00 
2.179258130490779877e-02 1.894465088844299316e-02 2.876486815512180328e-02 2.919654920697212219e-02 4.629670083522796631e-02 4.872976243495941162e-02 4.902329668402671814e-02 6.746959686279296875e-02 8.628197014331817627e-02 1.021549329161643982e-01 1.092360839247703552e-01 1.523658782243728638e-01 2.638092935085296631e-01 3.474178314208984375e-01 4.752519428730010986e-01 6.020904183387756348e-01 7.364528179168701172e-01 8.262322545051574707e-01 9.007294774055480957e-01 9.265176057815551758e-01 9.538964629173278809e-01 9.717181921005249023e-01 0.000000000000000000e+00 0.000000000000000000e+00 
1.856890041381120682e-03 2.384292427450418472e-03 3.022307064384222031e-03 3.062019590288400650e-03 3.891316708177328110e-03 3.982040099799633026e-03 3.933502361178398132e-03 4.665684886276721954e-03 5.225595086812973022e-03 5.713499616831541061e-03 7.572412956506013870e-03 1.512945909053087234e-02 1.884462870657444000e-02 9.095150046050548553e-03 2.132422663271427155e-02 9.357034228742122650e-03 8.414532989263534546e-03 7.264422718435525894e-03 5.642025265842676163e-03 4.920258652418851852e-03 3.967237658798694611e-03 2.171906176954507828e-03 0.000000000000000000e+00 0.000000000000000000e+00 
2.218777127563953400e-02 1.941178366541862488e-02 2.932698279619216919e-02 2.974358759820461273e-02 4.705514386296272278e-02 4.955129697918891907e-02 5.019204318523406982e-02 6.870954483747482300e-02 8.794067800045013428e-02 1.035796105861663818e-01 1.109155490994453430e-01 1.550091803073883057e-01 2.666063308715820312e-01 3.508937358856201172e-01 4.793304502964019775e-01 6.060211062431335449e-01 7.394955158233642578e-01 8.283042907714843750e-01 9.024070501327514648e-01 9.276996254920959473e-01 9.545304775238037109e-01 9.722064733505249023e-01 0.000000000000000000e+00 0.000000000000000000e+00 
1.874333131127059460e-03 2.417774870991706848e-03 3.050919855013489723e-03 3.092177445068955421e-03 3.921148832887411118e-03 4.017875064164400101e-03 3.981271293014287949e-03 4.710766486823558807e-03 5.279281176626682281e-03 5.752034951001405716e-03 7.622506935149431229e-03 1.523289456963539124e-02 1.891926117241382599e-02 9.118732996284961700e-03 2.134471386671066284e-02 9.342163801193237305e-03 8.384602144360542297e-03 7.224863860756158829e-03 5.600946489721536636e-03 4.884031135588884354e-03 3.942409995943307877e-03 2.154288580641150475e-03 0.000000000000000000e+00 0.000000000000000000e+00 
2.089100703597068787e-02 1.801973953843116760e-02 2.758503146469593048e-02 2.798310294747352600e-02 4.476838558912277222e-02 4.685075953602790833e-02 4.672193527221679688e-02 6.517371535301208496e-02 8.282455801963806152e-02 9.914707392454147339e-02 1.057437732815742493e-01 1.475306153297424316e-01 2.584934830665588379e-01 3.410125076770782471e-01 4.668266475200653076e-01 5.947710871696472168e-01 7.301315665245056152e-01 8.224408030509948730e-01 8.975531458854675293e-01 9.236192107200622559e-01 9.525888562202453613e-01 9.708589911460876465e-01 0.000000000000000000e+00 0.000000000000000000e+00 
1.820071367546916008e-03 2.325927140191197395e-03 2.970232162624597549e-03 3.003102261573076248e-03 3.836978459730744362e-03 3.912183456122875214e-03 3.847933141514658928e-03 4.591863136738538742e-03 5.118919070810079575e-03 5.636885296553373337e-03 7.492178585380315781e-03 1.490112021565437317e-02 1.870240457355976105e-02 9.061829186975955963e-03 2.130524814128875732e-02 9.394210763275623322e-03 8.480780757963657379e-03 7.342203054577112198e-03 5.725388415157794952e-03 5.021725781261920929e-03 4.025142639875411987e-03 2.209050348028540611e-03 0.000000000000000000e+00 0.000000000000000000e+00 
2.081832289695739746e-02 1.798728853464126587e-02 2.753297425806522369e-02 2.790179103612899780e-02 4.469420760869979858e-02 4.674888774752616882e-02 4.656638950109481812e-02 6.507723033428192139e-02 8.258811384439468384e-02 9.898636490106582642e-02 1.054873317480087280e-01 1.472443342208862305e-01 2.582428753376007080e-01 3.406416177749633789e-01 4.662058651447296143e-01 5.943364500999450684e-01 7.296134829521179199e-01 8.222858309745788574e-01 8.973513841629028320e-01 9.233695268630981445e-01 9.525119066238403320e-01 9.708461165428161621e-01 0.000000000000000000e+00 0.000000000000000000e+00 
1.817669020965695381e-03 2.327194437384605408e-03 2.970319008454680443e-03 3.001256380230188370e-03 3.836497431620955467e-03 3.912179265171289444e-03 3.843377344310283661e-03 4.590686410665512085e-03 5.113380961120128632e-03 5.634080152958631516e-03 7.490100804716348648e-03 1.488329563289880753e-02 1.870035566389560699e-02 9.062578901648521423e-03 2.131272479891777039e-02 9.398054331541061401e-03 8.488104678690433502e-03 7.346643600612878799e-03 5.731850396841764450e-03 5.032721906900405884e-03 4.030008800327777863e-03 2.211007755249738693e-03 0.000000000000000000e+00 0.000000000000000000e+00 
2.107351459562778473e-02 1.830744557082653046e-02 2.790625020861625671e-02 2.827236242592334747e-02 4.519166797399520874e-02 4.733300209045410156e-02 4.732849076390266418e-02 6.589938700199127197e-02 8.372322469949722290e-02 1.000104025006294250e-01 1.065068170428276062e-01 1.490954011678695679e-01 2.602646946907043457e-01 3.429424166679382324e-01 4.691740274429321289e-01 5.971028804779052734e-01 7.318546175956726074e-01 8.237853646278381348e-01 8.986369967460632324e-01 9.243734478950500488e-01 9.530466794967651367e-01 9.712644815444946289e-01 0.000000000000000000e+00 0.000000000000000000e+00 
1.829433720558881760e-03 2.351292874664068222e-03 2.990746404975652695e-03 3.023229772225022316e-03 3.858348820358514786e-03 3.939192742109298706e-03 3.876508446410298347e-03 4.620999563485383987e-03 5.150713492184877396e-03 5.663707852363586426e-03 7.518750149756669998e-03 1.496199052780866623e-02 1.876420155167579651e-02 9.080345742404460907e-03 2.132948301732540131e-02 9.388795122504234314e-03 8.468873798847198486e-03 7.320397533476352692e-03 5.702568683773279190e-03 5.001154728233814240e-03 4.010713659226894379e-03 2.196266315877437592e-03 0.000000000000000000e+00 0.000000000000000000e+00 
2.845374494791030884e-02 2.683395147323608398e-02 3.919633477926254272e-02 3.921319544315338135e-02 5.960771441459655762e-02 6.192351505160331726e-02 6.687721610069274902e-02 8.378211408853530884e-02 1.070127934217453003e-01 1.240539550781250000e-01 1.349355131387710571e-01 1.864435076713562012e-01 3.065545558929443359e-01 3.942056298255920410e-01 5.269432663917541504e-01 6.530079245567321777e-01 7.769335508346557617e-01 8.589419126510620117e-01 9.206733107566833496e-01 9.440367221832275391e-01 9.638897180557250977e-01 9.782194495201110840e-01 0.000000000000000000e+00 0.000000000000000000e+00 
2.149607054889202118e-03 2.860621782019734383e-03 3.524214960634708405e-03 3.545000450685620308e-03 4.379565827548503876e-03 4.511175677180290222e-03 4.614980891346931458e-03 5.210757255554199219e-03 5.859483033418655396e-03 6.230514030903577805e-03 8.325754664838314056e-03 1.636168360710144043e-02 1.958465389907360077e-02 9.336787275969982147e-03 2.145085856318473816e-02 9.087380953133106232e-03 7.918247021734714508e-03 6.599809508770704269e-03 5.120903719216585159e-03 4.307053983211517334e-03 3.482890781015157700e-03 1.891370862722396851e-03 0.000000000000000000e+00 0.000000000000000000e+00 
2.150306291878223419e-02 1.879214495420455933e-02 2.854973822832107544e-02 2.885837666690349579e-02 4.598686099052429199e-02 4.824607446789741516e-02 4.834634438157081604e-02 6.690366566181182861e-02 8.536226302385330200e-02 1.014611124992370605e-01 1.078814715147018433e-01 1.508900970220565796e-01 2.639541923999786377e-01 3.455436229705810547e-01 4.741007685661315918e-01 6.014897227287292480e-01 7.361385226249694824e-01 8.276263475418090820e-01 9.015399217605590820e-01 9.276919960975646973e-01 9.546888470649719238e-01 9.726487994194030762e-01 0.000000000000000000e+00 0.000000000000000000e+00 
1.849591266363859177e-03 2.390247769653797150e-03 3.027884988114237785e-03 3.055884735658764839e-03 3.898583585396409035e-03 3.984760027378797531e-03 3.920590970665216446e-03 4.662544466555118561e-03 5.209317896515130997e-03 5.706774536520242691e-03 7.556989323347806931e-03 1.508172694593667984e-02 1.889806054532527924e-02 9.105766192078590393e-03 2.136436477303504944e-02 9.371589869260787964e-03 8.426192216575145721e-03 7.250732276588678360e-03 5.633310880511999130e-03 4.895487334579229355e-03 3.943609539419412613e-03 2.144527388736605644e-03 0.000000000000000000e+00 0.000000000000000000e+00 
1.896491460502147675e-02 1.614712737500667572e-02 2.520998939871788025e-02 2.538745664060115814e-02 4.155024886131286621e-02 4.303655400872230530e-02 4.134828969836235046e-02 5.972412601113319397e-02 7.460912317037582397e-02 9.169974178075790405e-02 9.872122853994369507e-02 1.352158933877944946e-01 2.457047402858734131e-01 3.249609172344207764e-01 4.475311338901519775e-01 5.766252875328063965e-01 7.152047157287597656e-01 8.143498301506042480e-01 8.902456760406494141e-01 9.190678000450134277e-01 9.501685500144958496e-01 9.695373177528381348e-01 0.000000000000000000e+00 0.000000000000000000e+00 
1.739737344905734062e-03 2.216364257037639618e-03 2.860012697055935860e-03 2.870964352041482925e-03 3.714455757290124893e-03 3.764504101127386093e-03 3.642234252765774727e-03 4.418721422553062439e-03 4.876262042671442032e-03 5.433293059468269348e-03 7.321677636355161667e-03 1.439857576042413712e-02 1.833800971508026123e-02 8.964221924543380737e-03 2.127695083618164062e-02 9.478147141635417938e-03 8.623156696557998657e-03 7.477778941392898560e-03 5.910594016313552856e-03 5.179038736969232559e-03 4.127104766666889191e-03 2.265325747430324554e-03 0.000000000000000000e+00 0.000000000000000000e+00 
1.909035257995128632e-02 1.631478592753410339e-02 2.544512599706649780e-02 2.563478983938694000e-02 4.185004904866218567e-02 4.349948093295097351e-02 4.172367602586746216e-02 6.020119786262512207e-02 7.529208064079284668e-02 9.239326417446136475e-02 9.924001246690750122e-02 1.360915303230285645e-01 2.473264783620834351e-01 3.262551128864288330e-01 4.492730200290679932e-01 5.781524181365966797e-01 7.165966033935546875e-01 8.153652548789978027e-01 8.910861611366271973e-01 9.197415113449096680e-01 9.505140781402587891e-01 9.698509573936462402e-01 0.000000000000000000e+00 0.000000000000000000e+00 
1.746195717714726925e-03 2.232918515801429749e-03 2.874954137951135635e-03 2.888902788981795311e-03 3.729245858266949654e-03 3.788276808336377144e-03 3.660078858956694603e-03 4.437259398400783539e-03 4.899968393146991730e-03 5.453371442854404449e-03 7.338116411119699478e-03 1.444233953952789307e-02 1.839647628366947174e-02 8.978116326034069061e-03 2.130077779293060303e-02 9.471757337450981140e-03 8.613259531557559967e-03 7.462781853973865509e-03 5.893430672585964203e-03 5.160144995898008347e-03 4.113848786801099777e-03 2.254499355331063271e-03 0.000000000000000000e+00 0.000000000000000000e+00 
2.021209523081779480e-02 1.749874092638492584e-02 2.699031308293342590e-02 2.718178927898406982e-02 4.393463209271430969e-02 4.596948251128196716e-02 4.494719207286834717e-02 6.359478086233139038e-02 8.028513193130493164e-02 9.719923138618469238e-02 1.032973825931549072e-01 1.434340476989746094e-01 2.565549910068511963e-01 3.360463976860046387e-01 4.616103470325469971e-01 5.902414917945861816e-01 7.266828417778015137e-01 8.219906091690063477e-01 8.966657519340515137e-01 9.237747788429260254e-01 9.528253078460693359e-01 9.714427590370178223e-01 0.000000000000000000e+00 0.000000000000000000e+00 
1.796382595784962177e-03 2.314781304448843002e-03 2.957549411803483963e-03 2.977102296426892281e-03 3.823383711278438568e-03 3.899339120835065842e-03 3.790785092860460281e-03 4.554880782961845398e-03 5.054842215031385422e-03 5.590460728853940964e-03 7.449009455740451813e-03 1.476097572594881058e-02 1.869701780378818512e-02 9.053601883351802826e-03 2.136188931763172150e-02 9.421847760677337646e-03 8.526138029992580414e-03 7.356902584433555603e-03 5.762407090514898300e-03 5.031641572713851929e-03 4.022983834147453308e-03 2.195394365116953850e-03 0.000000000000000000e+00 0.000000000000000000e+00 
1.999269984662532806e-02 1.730674505233764648e-02 2.672787383198738098e-02 2.690772712230682373e-02 4.358626529574394226e-02 4.557248577475547791e-02 4.441841319203376770e-02 6.307846307754516602e-02 7.948165386915206909e-02 9.647059440612792969e-02 1.026171594858169556e-01 1.423107087612152100e-01 2.552912831306457520e-01 3.346755802631378174e-01 4.598161876201629639e-01 5.885583162307739258e-01 7.252122759819030762e-01 8.210783004760742188e-01 8.958796858787536621e-01 9.231062531471252441e-01 9.525216817855834961e-01 9.712392687797546387e-01 0.000000000000000000e+00 0.000000000000000000e+00 
1.788099179975688457e-03 2.305613365024328232e-03 2.945931861177086830e-03 2.965152030810713768e-03 3.810364287346601486e-03 3.885010490193963051e-03 3.772258060052990913e-03 4.539157263934612274e-03 5.032308865338563919e-03 5.572071764618158340e-03 7.434915285557508469e-03 1.471250876784324646e-02 1.865974068641662598e-02 9.046334773302078247e-03 2.136285416781902313e-02 9.431748650968074799e-03 8.542076684534549713e-03 7.374065462499856949e-03 5.783976987004280090e-03 5.056256428360939026e-03 4.037250764667987823e-03 2.204868709668517113e-03 0.000000000000000000e+00 0.000000000000000000e+00 
1.993843168020248413e-02 1.729068160057067871e-02 2.668864466249942780e-02 2.685200236737728119e-02 4.353579878807067871e-02 4.551728069782257080e-02 4.435139149427413940e-02 6.303609907627105713e-02 7.936327159404754639e-02 9.638243168592453003e-02 1.025191023945808411e-01 1.422317028045654297e-01 2.552362680435180664e-01 3.346345424652099609e-01 4.597049653530120850e-01 5.885304808616638184e-01 7.250837683677673340e-01 8.210713863372802734e-01 8.958442211151123047e-01 9.230099320411682129e-01 9.525226354598999023e-01 9.712455272674560547e-01 0.000000000000000000e+00 0.000000000000000000e+00 
1.786795211955904961e-03 2.307770540937781334e-03 2.945499960333108902e-03 2.964346436783671379e-03 3.810095135122537613e-03 3.885358804836869240e-03 3.771871328353881836e-03 4.539738874882459641e-03 5.030820146203041077e-03 5.571599584072828293e-03 7.435563951730728149e-03 1.470767613500356674e-02 1.866082288324832916e-02 9.048558771610260010e-03 2.136718295514583588e-02 9.434686973690986633e-03 8.545360527932643890e-03 7.375840097665786743e-03 5.786864552646875381e-03 5.061745643615722656e-03 4.039442166686058044e-03 2.206236822530627251e-03 0.000000000000000000e+00 0.000000000000000000e+00 
2.009988762438297272e-02 1.749493740499019623e-02 2.692837454378604889e-02 2.708213776350021362e-02 4.386045411229133606e-02 4.589439556002616882e-02 4.487827792763710022e-02 6.358998268842697144e-02 8.011548221111297607e-02 9.711193293333053589e-02 1.031697615981101990e-01 1.435015499591827393e-01 2.566568553447723389e-01 3.362239599227905273e-01 4.616931974887847900e-01 5.905323028564453125e-01 7.266312241554260254e-01 8.221682906150817871e-01 8.967335820198059082e-01 9.236218929290771484e-01 9.529007673263549805e-01 9.715199470520019531e-01 0.000000000000000000e+00 0.000000000000000000e+00 
1.794743002392351627e-03 2.323765540495514870e-03 2.959311939775943756e-03 2.978197531774640083e-03 3.825737163424491882e-03 3.903937991708517075e-03 3.795192809775471687e-03 4.560871515423059464e-03 5.055777262896299362e-03 5.593693349510431290e-03 7.455110084265470505e-03 1.475874520838260651e-02 1.870850101113319397e-02 9.062279015779495239e-03 2.137442678213119507e-02 9.429038502275943756e-03 8.532461710274219513e-03 7.358995266258716583e-03 5.766650661826133728e-03 5.043616518378257751e-03 4.026865120977163315e-03 2.197124529629945755e-03 0.000000000000000000e+00 0.000000000000000000e+00 
1.978791877627372742e-02 1.721673831343650818e-02 2.653002925217151642e-02 2.668401412665843964e-02 4.334709420800209045e-02 4.529640823602676392e-02 4.410024359822273254e-02 6.281679868698120117e-02 7.891442626714706421e-02 9.599909931421279907e-02 1.021846234798431396e-01 1.417673379182815552e-01 2.546462416648864746e-01 3.341307044029235840e-01 4.589579403400421143e-01 5.879684686660766602e-01 7.243944406509399414e-01 8.207654356956481934e-01 8.955355286598205566e-01 9.226337671279907227e-01 9.524294137954711914e-01 9.711920022964477539e-01 0.000000000000000000e+00 0.000000000000000000e+00 
1.782496809028089046e-03 2.309350064024329185e-03 2.940171165391802788e-03 2.959522884339094162e-03 3.805394982919096947e-03 3.880832577124238014e-03 3.766823327168822289e-03 4.536224529147148132e-03 5.021506920456886292e-03 5.565200466662645340e-03 7.433036342263221741e-03 1.468483172357082367e-02 1.864551566541194916e-02 9.049447253346443176e-03 2.137222886085510254e-02 9.442723356187343597e-03 8.555628359317779541e-03 7.384383585304021835e-03 5.798422731459140778e-03 5.078805610537528992e-03 4.047516267746686935e-03 2.211526501923799515e-03 0.000000000000000000e+00 0.000000000000000000e+00 
1.940516941249370575e-02 1.686177030205726624e-02 2.602728828787803650e-02 2.619098499417304993e-02 4.267588630318641663e-02 4.454343020915985107e-02 4.311631992459297180e-02 6.182799115777015686e-02 7.741927355527877808e-02 9.458281844854354858e-02 1.009775996208190918e-01 1.395900696516036987e-01 2.519242763519287109e-01 3.314396142959594727e-01 4.554990231990814209e-01 5.846791863441467285e-01 7.215304970741271973e-01 8.189156055450439453e-01 8.939528465270996094e-01 9.213646650314331055e-01 9.517906308174133301e-01 9.707400202751159668e-01 0.000000000000000000e+00 0.000000000000000000e+00 
1.767047797329723835e-03 2.289092168211936951e-03 2.915063174441456795e-03 2.935104072093963623e-03 3.777241799980401993e-03 3.850705223158001900e-03 3.729956224560737610e-03 4.503841046243906021e-03 4.978311713784933090e-03 5.528735928237438202e-03 7.404330186545848846e-03 1.459495723247528076e-02 1.856004260480403900e-02 9.031095542013645172e-03 2.136404253542423248e-02 9.459506720304489136e-03 8.583278395235538483e-03 7.416639942675828934e-03 5.838903598487377167e-03 5.122831556946039200e-03 4.074750933796167374e-03 2.230606041848659515e-03 0.000000000000000000e+00 0.000000000000000000e+00 
1.576972939074039459e-02 1.280340272933244705e-02 2.137793973088264465e-02 2.084091119468212128e-02 3.528138995170593262e-02 3.626440465450286865e-02 3.323064744472503662e-02 5.068487673997879028e-02 6.130274757742881775e-02 7.807254046201705933e-02 8.785422891378402710e-02 1.117671206593513489e-01 2.159159332513809204e-01 2.942579388618469238e-01 4.062724411487579346e-01 5.421560406684875488e-01 6.805323958396911621e-01 7.940810322761535645e-01 8.703384995460510254e-01 9.062593579292297363e-01 9.427231550216674805e-01 9.642448425292968750e-01 0.000000000000000000e+00 0.000000000000000000e+00 
1.591312233358621597e-03 1.920370035804808140e-03 2.649833448231220245e-03 2.589868847280740738e-03 3.422921989113092422e-03 3.460472449660301208e-03 3.282096004113554955e-03 4.107429180294275284e-03 4.450747277587652206e-03 5.041271448135375977e-03 6.957020144909620285e-03 1.311846915632486343e-02 1.754312776029109955e-02 8.714067749679088593e-03 2.096757665276527405e-02 9.589986875653266907e-03 8.904598653316497803e-03 7.766984868794679642e-03 6.352182012051343918e-03 5.531867966055870056e-03 4.428992047905921936e-03 2.463401528075337410e-03 0.000000000000000000e+00 0.000000000000000000e+00 
2.278646454215049744e-02 1.970098540186882019e-02 3.142966702580451965e-02 3.096956200897693634e-02 4.874655604362487793e-02 5.224383622407913208e-02 5.181232467293739319e-02 6.967981159687042236e-02 9.036097675561904907e-02 1.054908111691474915e-01 1.166451647877693176e-01 1.578399837017059326e-01 2.730170786380767822e-01 3.596651256084442139e-01 4.967243075370788574e-01 6.220933794975280762e-01 7.563523650169372559e-01 8.474743366241455078e-01 9.131566286087036133e-01 9.414715766906738281e-01 9.627275466918945312e-01 9.771115183830261230e-01 0.000000000000000000e+00 0.000000000000000000e+00 
1.928388839587569237e-03 2.462446456775069237e-03 3.162914421409368515e-03 3.166309790685772896e-03 3.991414792835712433e-03 4.150437191128730774e-03 4.078114870935678482e-03 4.790300503373146057e-03 5.405894946306943893e-03 5.798976868391036987e-03 7.863636128604412079e-03 1.537959557026624680e-02 1.910782419145107269e-02 9.181934408843517303e-03 2.143249101936817169e-02 9.279136545956134796e-03 8.225407451391220093e-03 6.860722787678241730e-03 5.350985098630189896e-03 4.411794710904359818e-03 3.571481211110949516e-03 1.962647773325443268e-03 0.000000000000000000e+00 0.000000000000000000e+00 
2.358730696141719818e-02 2.031564898788928986e-02 3.275410085916519165e-02 3.223285824060440063e-02 5.105414986610412598e-02 5.365753173828125000e-02 5.391309782862663269e-02 7.235608249902725220e-02 9.341738373041152954e-02 1.086277440190315247e-01 1.205491125583648682e-01 1.655401885509490967e-01 2.788556218147277832e-01 3.683832287788391113e-01 5.063843131065368652e-01 6.320444345474243164e-01 7.638105750083923340e-01 8.530513644218444824e-01 9.161900281906127930e-01 9.438564181327819824e-01 9.643827080726623535e-01 9.782835841178894043e-01 0.000000000000000000e+00 0.000000000000000000e+00 
1.960303168743848801e-03 2.492857165634632111e-03 3.229454392567276955e-03 3.235507989302277565e-03 4.072699695825576782e-03 4.200328141450881958e-03 4.153343848884105682e-03 4.862249828875064850e-03 5.487847141921520233e-03 5.877521820366382599e-03 7.973088882863521576e-03 1.567300409078598022e-02 1.926418393850326538e-02 9.227520786225795746e-03 2.148772962391376495e-02 9.233959019184112549e-03 8.132561109960079193e-03 6.750966887921094894e-03 5.264802370220422745e-03 4.328583367168903351e-03 3.485997905954718590e-03 1.901676761917769909e-03 0.000000000000000000e+00 0.000000000000000000e+00 
9.272054769098758698e-03 5.361408926546573639e-03 1.225780881941318512e-02 1.155534852296113968e-02 1.983330026268959045e-02 1.838105544447898865e-02 1.836023107171058655e-02 3.021065145730972290e-02 3.288141638040542603e-02 4.668154940009117126e-02 5.604135617613792419e-02 5.875265225768089294e-02 1.474112868309020996e-01 2.188789546489715576e-01 3.102068901062011719e-01 4.463329017162322998e-01 5.889422893524169922e-01 7.293880581855773926e-01 8.190052509307861328e-01 8.707135915756225586e-01 9.210336208343505859e-01 9.509370326995849609e-01 0.000000000000000000e+00 0.000000000000000000e+00 
1.166767091490328312e-03 1.136469072662293911e-03 1.915212254971265793e-03 1.852865330874919891e-03 2.546452917158603668e-03 2.400757744908332825e-03 2.407193882390856743e-03 3.113086801022291183e-03 3.265914972871541977e-03 3.911154344677925110e-03 5.492639262229204178e-03 9.618052281439304352e-03 1.495593134313821793e-02 7.896358147263526917e-03 1.970538124442100525e-02 9.500622749328613281e-03 9.394406341016292572e-03 8.480809628963470459e-03 7.325008511543273926e-03 6.409579422324895859e-03 5.120845977216959000e-03 2.880243817344307899e-03 0.000000000000000000e+00 0.000000000000000000e+00 
1.638384163379669189e-02 1.181403826922178268e-02 2.144894376397132874e-02 2.177092060446739197e-02 3.487362712621688843e-02 3.444243595004081726e-02 3.403733298182487488e-02 5.001978948712348938e-02 6.108358129858970642e-02 7.606724649667739868e-02 8.412110060453414917e-02 1.142560839653015137e-01 2.227618694305419922e-01 2.929211556911468506e-01 4.173289835453033447e-01 5.504679679870605469e-01 6.917191147804260254e-01 8.090866208076477051e-01 8.861953020095825195e-01 9.247545003890991211e-01 9.516624808311462402e-01 9.724779129028320312e-01 0.000000000000000000e+00 0.000000000000000000e+00 
1.619693357497453690e-03 1.807326567359268665e-03 2.615518635138869286e-03 2.627319423481822014e-03 3.345081815496087074e-03 3.327710088342428207e-03 3.343186574056744576e-03 4.104692488908767700e-03 4.428253974765539169e-03 4.972634371370077133e-03 6.724137347191572189e-03 1.340666972100734711e-02 1.780039817094802856e-02 8.710386231541633606e-03 2.117404714226722717e-02 9.529691189527511597e-03 8.820203132927417755e-03 7.522095926105976105e-03 6.040963344275951385e-03 4.960232414305210114e-03 4.047388210892677307e-03 2.162033692002296448e-03 0.000000000000000000e+00 0.000000000000000000e+00 
2.977417595684528351e-02 2.982663549482822418e-02 4.240656271576881409e-02 4.262997582554817200e-02 6.366745382547378540e-02 6.541825830936431885e-02 6.650747358798980713e-02 8.621462434530258179e-02 1.065510734915733337e-01 1.263297051191329956e-01 1.407718658447265625e-01 1.899475306272506714e-01 3.113543689250946045e-01 4.013317525386810303e-01 5.407671928405761719e-01 6.712695956230163574e-01 7.997794747352600098e-01 8.826003670692443848e-01 9.329175949096679688e-01 9.592763781547546387e-01 9.763697385787963867e-01 9.863964915275573730e-01 0.000000000000000000e+00 0.000000000000000000e+00 
2.193768741562962532e-03 3.054323839023709297e-03 3.733072895556688309e-03 3.714413149282336235e-03 4.569480661302804947e-03 4.649621434509754181e-03 4.626831971108913422e-03 5.276559386402368546e-03 5.875904113054275513e-03 6.286550313234329224e-03 8.529657498002052307e-03 1.648516580462455750e-02 1.981684379279613495e-02 9.376946836709976196e-03 2.139164321124553680e-02 8.994089439511299133e-03 7.609584834426641464e-03 6.142578087747097015e-03 4.707379266619682312e-03 3.697774372994899750e-03 2.803057432174682617e-03 1.452243071980774403e-03 0.000000000000000000e+00 0.000000000000000000e+00 
2.312200330197811127e-02 2.134565822780132294e-02 3.163547068834304810e-02 3.263932093977928162e-02 5.078214406967163086e-02 5.102765187621116638e-02 5.258274078369140625e-02 6.946101039648056030e-02 8.994451165199279785e-02 1.040918454527854919e-01 1.181214004755020142e-01 1.564698517322540283e-01 2.745243608951568604e-01 3.587735295295715332e-01 4.913063347339630127e-01 6.291472911834716797e-01 7.627457976341247559e-01 8.580394387245178223e-01 9.176905155181884766e-01 9.475154280662536621e-01 9.692531228065490723e-01 9.811197519302368164e-01 0.000000000000000000e+00 0.000000000000000000e+00 
1.939318957738578320e-03 2.566623967140913010e-03 3.198015969246625900e-03 3.251293208450078964e-03 4.085308406502008438e-03 4.079598933458328247e-03 4.132216796278953552e-03 4.745219368487596512e-03 5.401602946221828461e-03 5.762219429016113281e-03 7.882890291512012482e-03 1.525232102721929550e-02 1.911887340247631073e-02 9.175297804176807404e-03 2.143459208309650421e-02 9.250449948012828827e-03 8.105095475912094116e-03 6.651275791227817535e-03 5.219825543463230133e-03 4.195298999547958374e-03 3.189332084730267525e-03 1.757536083459854126e-03 0.000000000000000000e+00 0.000000000000000000e+00 
2.049597725272178650e-02 1.810593344271183014e-02 2.747213095426559448e-02 2.850631624460220337e-02 4.545054957270622253e-02 4.521719366312026978e-02 4.613082855939865112e-02 6.215130165219306946e-02 8.087413758039474487e-02 9.492454677820205688e-02 1.064416393637657166e-01 1.406336128711700439e-01 2.571984827518463135e-01 3.383141160011291504e-01 4.690306782722473145e-01 6.063274145126342773e-01 7.424447536468505859e-01 8.434544801712036133e-01 9.094576239585876465e-01 9.407939314842224121e-01 9.636256098747253418e-01 9.783611297607421875e-01 0.000000000000000000e+00 0.000000000000000000e+00 
1.827528700232505798e-03 2.349253278225660324e-03 2.981738187372684479e-03 3.048006678000092506e-03 3.883352037519216537e-03 3.859210293740034103e-03 3.865526057779788971e-03 4.511781968176364899e-03 5.103109870105981827e-03 5.555910989642143250e-03 7.500390056520700455e-03 1.462969277054071426e-02 1.872126944363117218e-02 9.048222564160823822e-03 2.146859467029571533e-02 9.374083019793033600e-03 8.348605595529079437e-03 6.940844003111124039e-03 5.463022738695144653e-03 4.448940511792898178e-03 3.491024952381849289e-03 1.902401912957429886e-03 0.000000000000000000e+00 0.000000000000000000e+00 
1.987603493034839630e-02 1.731305196881294250e-02 2.643102034926414490e-02 2.752080000936985016e-02 4.416487365961074829e-02 4.399807751178741455e-02 4.462014138698577881e-02 6.075152754783630371e-02 7.872834801673889160e-02 9.309295564889907837e-02 1.038040369749069214e-01 1.377227008342742920e-01 2.531485557556152344e-01 3.338283002376556396e-01 4.649665057659149170e-01 6.009712815284729004e-01 7.377019524574279785e-01 8.397728800773620605e-01 9.075228571891784668e-01 9.385238289833068848e-01 9.617834091186523438e-01 9.775251746177673340e-01 0.000000000000000000e+00 0.000000000000000000e+00 
1.799535355530679226e-03 2.293854719027876854e-03 2.925715642049908638e-03 2.995007671415805817e-03 3.831173991784453392e-03 3.809103276580572128e-03 3.803785657510161400e-03 4.468433093279600143e-03 5.037065129727125168e-03 5.513902287930250168e-03 7.426579482853412628e-03 1.452281232923269272e-02 1.860256120562553406e-02 9.018998593091964722e-03 2.145789749920368195e-02 9.400261566042900085e-03 8.402863517403602600e-03 7.015238981693983078e-03 5.521310027688741684e-03 4.527797922492027283e-03 3.592050168663263321e-03 1.944961375556886196e-03 0.000000000000000000e+00 0.000000000000000000e+00 
1.858564466238021851e-02 1.577289961278438568e-02 2.444661036133766174e-02 2.557408064603805542e-02 4.158417135477066040e-02 4.123486205935478210e-02 4.135656356811523438e-02 5.746805295348167419e-02 7.375819236040115356e-02 8.904217183589935303e-02 9.824739396572113037e-02 1.303695291280746460e-01 2.435217052698135376e-01 3.225153684616088867e-01 4.527066051959991455e-01 5.880371332168579102e-01 7.260050773620605469e-01 8.316347599029541016e-01 9.027460813522338867e-01 9.337534308433532715e-01 9.584742188453674316e-01 9.759220480918884277e-01 0.000000000000000000e+00 0.000000000000000000e+00 
1.738522201776504517e-03 2.181335352361202240e-03 2.819406799972057343e-03 2.881730441004037857e-03 3.716750536113977432e-03 3.687582677230238914e-03 3.665799275040626526e-03 4.363671876490116119e-03 4.879886284470558167e-03 5.404802504926919937e-03 7.252177689224481583e-03 1.423391886055469513e-02 1.835737191140651703e-02 8.950339630246162415e-03 2.139515615999698639e-02 9.454176761209964752e-03 8.528452366590499878e-03 7.166728843003511429e-03 5.649132188409566879e-03 4.700491204857826233e-03 3.762084059417247772e-03 2.020068466663360596e-03 0.000000000000000000e+00 0.000000000000000000e+00 
1.777481660246849060e-02 1.484808698296546936e-02 2.328502200543880463e-02 2.426942437887191772e-02 3.989747166633605957e-02 3.945504873991012573e-02 3.935500606894493103e-02 5.553267896175384521e-02 7.065991312265396118e-02 8.634994924068450928e-02 9.485904872417449951e-02 1.259262263774871826e-01 2.375574558973312378e-01 3.155491352081298828e-01 4.440346658229827881e-01 5.793727636337280273e-01 7.183278203010559082e-01 8.262447118759155273e-01 8.993549942970275879e-01 9.304755926132202148e-01 9.564118981361389160e-01 9.747443199157714844e-01 0.000000000000000000e+00 0.000000000000000000e+00 
1.700661028735339642e-03 2.111885929480195045e-03 2.757279900833964348e-03 2.798613393679261208e-03 3.640415379777550697e-03 3.604555036872625351e-03 3.578173462301492691e-03 4.302479792386293411e-03 4.780489020049571991e-03 5.320482887327671051e-03 7.142536342144012451e-03 1.403722167015075684e-02 1.820100657641887665e-02 8.907793089747428894e-03 2.133288979530334473e-02 9.488510899245738983e-03 8.607093244791030884e-03 7.262140046805143356e-03 5.731094628572463989e-03 4.815068095922470093e-03 3.870632033795118332e-03 2.073531039059162140e-03 0.000000000000000000e+00 0.000000000000000000e+00 
1.768497936427593231e-02 1.479741930961608887e-02 2.317608334124088287e-02 2.414046041667461395e-02 3.976629301905632019e-02 3.937944769859313965e-02 3.925009071826934814e-02 5.554902926087379456e-02 7.056195288896560669e-02 8.628569543361663818e-02 9.477779269218444824e-02 1.258696764707565308e-01 2.374905645847320557e-01 3.154530823230743408e-01 4.437678754329681396e-01 5.789405107498168945e-01 7.179669141769409180e-01 8.258519768714904785e-01 8.992063403129577637e-01 9.299691319465637207e-01 9.561259746551513672e-01 9.745884537696838379e-01 0.000000000000000000e+00 0.000000000000000000e+00 
1.697212457656860352e-03 2.111296867951750755e-03 2.753371372818946838e-03 2.791480626910924911e-03 3.639202099293470383e-03 3.603287739679217339e-03 3.575330600142478943e-03 4.304766189306974411e-03 4.780398216098546982e-03 5.319906864315271378e-03 7.146306335926055908e-03 1.402607932686805725e-02 1.819571107625961304e-02 8.909056894481182098e-03 2.133415080606937408e-02 9.491598233580589294e-03 8.613151498138904572e-03 7.271430455148220062e-03 5.735509563237428665e-03 4.833839368075132370e-03 3.890635678544640541e-03 2.082168590277433395e-03 0.000000000000000000e+00 0.000000000000000000e+00 
1.742093265056610107e-02 1.452490221709012985e-02 2.281911671161651611e-02 2.369868569076061249e-02 3.926055878400802612e-02 3.886147588491439819e-02 3.864305466413497925e-02 5.505467578768730164e-02 6.966754049062728882e-02 8.548262715339660645e-02 9.385064989328384399e-02 1.246062964200973511e-01 2.357999533414840698e-01 3.135530352592468262e-01 4.411127567291259766e-01 5.763402581214904785e-01 7.156149148941040039e-01 8.241494297981262207e-01 8.981261849403381348e-01 9.287531375885009766e-01 9.554929733276367188e-01 9.741910099983215332e-01 0.000000000000000000e+00 0.000000000000000000e+00 
1.685700030066072941e-03 2.093423856422305107e-03 2.735109999775886536e-03 2.763747470453381538e-03 3.619395196437835693e-03 3.580692457035183907e-03 3.548238892108201981e-03 4.290307406336069107e-03 4.752834793180227280e-03 5.294872913509607315e-03 7.120309863239526749e-03 1.396077871322631836e-02 1.814524643123149872e-02 8.897731080651283264e-03 2.132136747241020203e-02 9.501931257545948029e-03 8.637803606688976288e-03 7.300675380975008011e-03 5.762265529483556747e-03 4.876882303506135941e-03 3.926185425370931625e-03 2.101494697853922844e-03 0.000000000000000000e+00 0.000000000000000000e+00 
1.715459674596786499e-02 1.424749288707971573e-02 2.245747111737728119e-02 2.323942631483078003e-02 3.874793648719787598e-02 3.831896185874938965e-02 3.799786046147346497e-02 5.452626943588256836e-02 6.871347874402999878e-02 8.461034297943115234e-02 9.288376569747924805e-02 1.232194229960441589e-01 2.339265495538711548e-01 3.115138411521911621e-01 4.381726384162902832e-01 5.735204815864562988e-01 7.130566239356994629e-01 8.222786188125610352e-01 8.969111442565917969e-01 9.274749755859375000e-01 9.548716545104980469e-01 9.737823009490966797e-01 0.000000000000000000e+00 0.000000000000000000e+00 
1.674158731475472450e-03 2.075574826449155807e-03 2.716425107792019844e-03 2.735259011387825012e-03 3.598530078306794167e-03 3.556926269084215164e-03 3.518789773806929588e-03 4.274291917681694031e-03 4.722733050584793091e-03 5.267107393592596054e-03 7.092089392244815826e-03 1.388733647763729095e-02 1.808773167431354523e-02 8.884626440703868866e-03 2.130784839391708374e-02 9.512232616543769836e-03 8.663976565003395081e-03 7.330894470214843750e-03 5.791959818452596664e-03 4.922045394778251648e-03 3.959308378398418427e-03 2.120746066793799400e-03 0.000000000000000000e+00 0.000000000000000000e+00 
1.779673434793949127e-02 1.504783052951097488e-02 2.324809879064559937e-02 2.433472685515880585e-02 4.004165902733802795e-02 3.990106657147407532e-02 3.984622284770011902e-02 5.658305808901786804e-02 7.174587994813919067e-02 8.751370757818222046e-02 9.618589282035827637e-02 1.284197270870208740e-01 2.406258583068847656e-01 3.192306756973266602e-01 4.476087093353271484e-01 5.822234749794006348e-01 7.208071947097778320e-01 8.270945549011230469e-01 9.003451466560363770e-01 9.296766519546508789e-01 9.559789299964904785e-01 9.745055437088012695e-01 0.000000000000000000e+00 0.000000000000000000e+00 
1.704104244709014893e-03 2.139047719538211823e-03 2.761718118563294411e-03 2.808197401463985443e-03 3.669069148600101471e-03 3.637583926320075989e-03 3.606789046898484230e-03 4.347300156950950623e-03 4.829068668186664581e-03 5.362079013139009476e-03 7.219971623271703720e-03 1.409678813070058823e-02 1.827342994511127472e-02 8.933766745030879974e-03 2.135726995766162872e-02 9.482340887188911438e-03 8.591002784669399261e-03 7.258837111294269562e-03 5.713224876672029495e-03 4.849133081734180450e-03 3.914099186658859253e-03 2.092014299705624580e-03 0.000000000000000000e+00 0.000000000000000000e+00 
1.738551631569862366e-02 1.459137070924043655e-02 2.267708629369735718e-02 2.364044450223445892e-02 3.927603736519813538e-02 3.902139887213706970e-02 3.880125656723976135e-02 5.565927550196647644e-02 7.021478563547134399e-02 8.614770323038101196e-02 9.465425461530685425e-02 1.260920315980911255e-01 2.374753057956695557e-01 3.158939480781555176e-01 4.430916607379913330e-01 5.779699683189392090e-01 7.169858217239379883e-01 8.243328332901000977e-01 8.985685706138610840e-01 9.279237389564514160e-01 9.551449418067932129e-01 9.739361405372619629e-01 0.000000000000000000e+00 0.000000000000000000e+00 
1.685796654783189297e-03 2.107191132381558418e-03 2.731407294049859047e-03 2.763633150607347488e-03 3.637044923380017281e-03 3.599185962229967117e-03 3.560736542567610741e-03 4.318460822105407715e-03 4.779524169862270355e-03 5.320260301232337952e-03 7.172664627432823181e-03 1.397879328578710556e-02 1.817745529115200043e-02 8.912255987524986267e-03 2.133753523230552673e-02 9.499047882854938507e-03 8.630270138382911682e-03 7.303506135940551758e-03 5.756565835326910019e-03 4.910958930850028992e-03 3.956747706979513168e-03 2.118160715326666832e-03 0.000000000000000000e+00 0.000000000000000000e+00 
1.708236336708068848e-02 1.426561549305915833e-02 2.227191813290119171e-02 2.311912737786769867e-02 3.871903195977210999e-02 3.838254138827323914e-02 3.803386166691780090e-02 5.498704686760902405e-02 6.905636936426162720e-02 8.510278165340423584e-02 9.350515902042388916e-02 1.242874115705490112e-01 2.350424975156784058e-01 3.133702278137207031e-01 4.396326839923858643e-01 5.746623277664184570e-01 7.140153646469116211e-01 8.221175670623779297e-01 8.971524238586425781e-01 9.265642762184143066e-01 9.545320272445678711e-01 9.734949469566345215e-01 0.000000000000000000e+00 0.000000000000000000e+00 
1.672532642260193825e-03 2.085812855511903763e-03 2.710341708734631538e-03 2.731406129896640778e-03 3.613041713833808899e-03 3.571722889319062233e-03 3.527701832354068756e-03 4.297089762985706329e-03 4.741925280541181564e-03 5.287832580506801605e-03 7.136886008083820343e-03 1.388492342084646225e-02 1.810218207538127899e-02 8.896078914403915405e-03 2.132513746619224548e-02 9.512087330222129822e-03 8.660782128572463989e-03 7.338791619986295700e-03 5.790247116237878799e-03 4.958711098879575729e-03 3.986963070929050446e-03 2.137301955372095108e-03 0.000000000000000000e+00 0.000000000000000000e+00 
1.714709401130676270e-02 1.437572482973337173e-02 2.237575128674507141e-02 2.326545678079128265e-02 3.888980299234390259e-02 3.862563520669937134e-02 3.829733282327651978e-02 5.533111467957496643e-02 6.950495392084121704e-02 8.556462079286575317e-02 9.396897256374359131e-02 1.251993775367736816e-01 2.362450808286666870e-01 3.146298825740814209e-01 4.410830736160278320e-01 5.759497880935668945e-01 7.151886820793151855e-01 8.227880001068115234e-01 8.976699113845825195e-01 9.268054962158203125e-01 9.546447396278381348e-01 9.735757708549499512e-01 0.000000000000000000e+00 0.000000000000000000e+00 
1.676413696259260178e-03 2.096558222547173500e-03 2.718257252126932144e-03 2.743384335190057755e-03 3.625068580731749535e-03 3.585963277146220207e-03 3.542413702234625816e-03 4.311072174459695816e-03 4.759212024509906769e-03 5.304047372192144394e-03 7.158084306865930557e-03 1.392583455890417099e-02 1.813773065805435181e-02 8.906465955078601837e-03 2.134035527706146240e-02 9.509383700788021088e-03 8.651600219309329987e-03 7.330029737204313278e-03 5.778970196843147278e-03 4.952016286551952362e-03 3.984045237302780151e-03 2.135011134669184685e-03 0.000000000000000000e+00 0.000000000000000000e+00 
1.714914850890636444e-02 1.441461034119129181e-02 2.239788696169853210e-02 2.330538630485534668e-02 3.894040361046791077e-02 3.871805593371391296e-02 3.838892281055450439e-02 5.548784136772155762e-02 6.966643035411834717e-02 8.576497435569763184e-02 9.413157403469085693e-02 1.256004124879837036e-01 2.368270903825759888e-01 3.151987493038177490e-01 4.416466057300567627e-01 5.764369368553161621e-01 7.156180143356323242e-01 8.229839801788330078e-01 8.978545665740966797e-01 9.267970919609069824e-01 9.546488523483276367e-01 9.735798835754394531e-01 0.000000000000000000e+00 0.000000000000000000e+00 
1.677401829510927200e-03 2.102194819599390030e-03 2.721756929531693459e-03 2.748716389760375023e-03 3.630897728726267815e-03 3.593004075810313225e-03 3.549152053892612457e-03 4.318804014474153519e-03 4.766829311847686768e-03 5.311860237270593643e-03 7.168292067945003510e-03 1.394326426088809967e-02 1.815649494528770447e-02 8.912645280361175537e-03 2.135154418647289276e-02 9.509497322142124176e-03 8.649742230772972107e-03 7.328723557293415070e-03 5.775630008429288864e-03 4.953925497829914093e-03 3.985717892646789551e-03 2.135771093890070915e-03 0.000000000000000000e+00 0.000000000000000000e+00 
1.694556325674057007e-02 1.421258412301540375e-02 2.213566936552524567e-02 2.297245524823665619e-02 3.859323263168334961e-02 3.831325098872184753e-02 3.791036829352378845e-02 5.507961288094520569e-02 6.891917437314987183e-02 8.510883152484893799e-02 9.342195838689804077e-02 1.244497522711753845e-01 2.352689206600189209e-01 3.136886656284332275e-01 4.395006299018859863e-01 5.743700265884399414e-01 7.137169837951660156e-01 8.214986324310302734e-01 8.969223499298095703e-01 9.258443117141723633e-01 9.542425870895385742e-01 9.732530117034912109e-01 0.000000000000000000e+00 0.000000000000000000e+00 
1.668797805905342102e-03 2.090166555717587471e-03 2.708639483898878098e-03 2.729439409449696541e-03 3.616805188357830048e-03 3.577132243663072586e-03 3.529826411977410316e-03 4.306077957153320312e-03 4.743609111756086349e-03 5.292152054607868195e-03 7.147954776883125305e-03 1.387991663068532944e-02 1.810601726174354553e-02 8.903777226805686951e-03 2.134628221392631531e-02 9.519170969724655151e-03 8.669865317642688751e-03 7.353970780968666077e-03 5.798310041427612305e-03 4.988234955817461014e-03 4.005535971373319626e-03 2.149823354557156563e-03 0.000000000000000000e+00 0.000000000000000000e+00 
1.677135005593299866e-02 1.405368652194738388e-02 2.191799320280551910e-02 2.269637025892734528e-02 3.830292448401451111e-02 3.798242658376693726e-02 3.751435503363609314e-02 5.473790317773818970e-02 6.825975328683853149e-02 8.454273641109466553e-02 9.280521422624588013e-02 1.234125718474388123e-01 2.338575124740600586e-01 3.123600482940673828e-01 4.375787377357482910e-01 5.725620985031127930e-01 7.120016813278198242e-01 8.201948404312133789e-01 8.960841894149780273e-01 9.250105619430541992e-01 9.538981318473815918e-01 9.729669690132141113e-01 0.000000000000000000e+00 0.000000000000000000e+00 
1.661543850786983967e-03 2.081543207168579102e-03 2.697845455259084702e-03 2.714128233492374420e-03 3.604940371587872505e-03 3.564716083928942680e-03 3.514272859320044518e-03 4.295612219721078873e-03 4.723793361335992813e-03 5.275075323879718781e-03 7.130560930818319321e-03 1.382184866815805435e-02 1.805969513952732086e-02 8.896319195628166199e-03 2.134253829717636108e-02 9.527788497507572174e-03 8.688093163073062897e-03 7.377191912382841110e-03 5.818799138069152832e-03 5.018523428589105606e-03 4.022154025733470917e-03 2.162383170798420906e-03 0.000000000000000000e+00 0.000000000000000000e+00 
1.681377924978733063e-02 1.414196752011775970e-02 2.198850177228450775e-02 2.280559577047824860e-02 3.842663392424583435e-02 3.815687075257301331e-02 3.771072998642921448e-02 5.498881265521049500e-02 6.856348365545272827e-02 8.489995449781417847e-02 9.310188889503479004e-02 1.240928173065185547e-01 2.347472608089447021e-01 3.132936656475067139e-01 4.385736584663391113e-01 5.735265016555786133e-01 7.127829194068908691e-01 8.206880092620849609e-01 8.964554667472839355e-01 9.251470565795898438e-01 9.539823532104492188e-01 9.730207324028015137e-01 0.000000000000000000e+00 0.000000000000000000e+00 
1.664316980168223381e-03 2.090659225359559059e-03 2.703820355236530304e-03 2.723978133872151375e-03 3.614147659391164780e-03 3.575530601665377617e-03 3.525679931044578552e-03 4.306984599679708481e-03 4.736459348350763321e-03 5.287905223667621613e-03 7.145409006625413895e-03 1.385245658457279205e-02 1.808853074908256531e-02 8.905250579118728638e-03 2.135577797889709473e-02 9.525847621262073517e-03 8.682788349688053131e-03 7.372007239609956741e-03 5.811550654470920563e-03 5.015673581510782242e-03 4.019668325781822205e-03 2.161300042644143105e-03 0.000000000000000000e+00 0.000000000000000000e+00 
1.677206158638000488e-02 1.413660869002342224e-02 2.195478603243827820e-02 2.276478894054889679e-02 3.838889300823211670e-02 3.813844174146652222e-02 3.767753392457962036e-02 5.499691888689994812e-02 6.848607212305068970e-02 8.488518744707107544e-02 9.302588552236557007e-02 1.240728572010993958e-01 2.347148656845092773e-01 3.132980763912200928e-01 4.384236931800842285e-01 5.734046101570129395e-01 7.125695347785949707e-01 8.205113410949707031e-01 8.963636755943298340e-01 9.249414205551147461e-01 9.539130926132202148e-01 9.729562401771545410e-01 0.000000000000000000e+00 0.000000000000000000e+00 
1.663294504396617413e-03 2.093179384246468544e-03 2.703787991777062416e-03 2.724306192249059677e-03 3.614861983805894852e-03 3.577283117920160294e-03 3.526635700836777687e-03 4.309379030019044876e-03 4.736518487334251404e-03 5.288728047162294388e-03 7.146917283535003662e-03 1.384980045258998871e-02 1.808865368366241455e-02 8.907910436391830444e-03 2.136237546801567078e-02 9.528140537440776825e-03 8.686915040016174316e-03 7.377689704298973083e-03 5.815101787447929382e-03 5.024561192840337753e-03 4.023831337690353394e-03 2.165126614272594452e-03 0.000000000000000000e+00 0.000000000000000000e+00 
1.672611758112907410e-02 1.412529870867729187e-02 2.191305160522460938e-02 2.271666936576366425e-02 3.833836689591407776e-02 3.810612112283706665e-02 3.762604296207427979e-02 5.498629063367843628e-02 6.838482618331909180e-02 8.484572172164916992e-02 9.293200820684432983e-02 1.239801496267318726e-01 2.345831096172332764e-01 3.132254481315612793e-01 4.381914138793945312e-01 5.732131600379943848e-01 7.122861742973327637e-01 8.202977776527404785e-01 8.962435722351074219e-01 9.247273206710815430e-01 9.538355469703674316e-01 9.728890657424926758e-01 0.000000000000000000e+00 0.000000000000000000e+00 
1.662021735683083534e-03 2.095003612339496613e-03 2.703080419450998306e-03 2.724009798839688301e-03 3.614622866734862328e-03 3.578299656510353088e-03 3.526668297126889229e-03 4.310847725719213486e-03 4.735764581710100174e-03 5.288633517920970917e-03 7.147564552724361420e-03 1.384346187114715576e-02 1.808523572981357574e-02 8.909729309380054474e-03 2.136785350739955902e-02 9.530495852231979370e-03 8.691448718309402466e-03 7.383684627711772919e-03 5.819356068968772888e-03 5.033656954765319824e-03 4.028287716209888458e-03 2.169122220948338509e-03 0.000000000000000000e+00 0.000000000000000000e+00 
1.663454063236713409e-02 1.406449452042579651e-02 2.181458659470081329e-02 2.259024046361446381e-02 3.820045664906501770e-02 3.797124326229095459e-02 3.745499998331069946e-02 5.484336987137794495e-02 6.807783246040344238e-02 8.460223674774169922e-02 9.263614565134048462e-02 1.235064715147018433e-01 2.339405268430709839e-01 3.126715421676635742e-01 4.373623132705688477e-01 5.724603533744812012e-01 7.114750146865844727e-01 8.197433352470397949e-01 8.958699107170104980e-01 9.243203401565551758e-01 9.536770582199096680e-01 9.727569222450256348e-01 0.000000000000000000e+00 0.000000000000000000e+00 
1.658642897382378578e-03 2.093476243317127228e-03 2.698974916711449623e-03 2.718806499615311623e-03 3.609827486798167229e-03 3.574706381186842918e-03 3.521303879097104073e-03 4.307362250983715057e-03 4.728477448225021362e-03 5.282016936689615250e-03 7.141230627894401550e-03 1.381807029247283936e-02 1.806567981839179993e-02 8.908168412744998932e-03 2.137001603841781616e-02 9.535026736557483673e-03 8.701111190021038055e-03 7.395314984023571014e-03 5.829683039337396622e-03 5.049331579357385635e-03 4.036354832351207733e-03 2.175939502194523811e-03 0.000000000000000000e+00 0.000000000000000000e+00 
1.652591489255428314e-02 1.398518960922956467e-02 2.168904989957809448e-02 2.243140339851379395e-02 3.802388161420822144e-02 3.779078274965286255e-02 3.723604232072830200e-02 5.464216321706771851e-02 6.768783181905746460e-02 8.427014201879501343e-02 9.225441515445709229e-02 1.228798776865005493e-01 2.330271005630493164e-01 3.119265735149383545e-01 4.362511038780212402e-01 5.714579820632934570e-01 7.104183435440063477e-01 8.190156221389770508e-01 8.953697085380554199e-01 9.238064289093017578e-01 9.534731507301330566e-01 9.725831747055053711e-01 0.000000000000000000e+00 0.000000000000000000e+00 
1.654364052228629589e-03 2.090519061312079430e-03 2.692919690161943436e-03 2.711401786655187607e-03 3.602910088375210762e-03 3.568988060578703880e-03 3.513714997097849846e-03 4.301472101360559464e-03 4.718497861176729202e-03 5.272355861961841583e-03 7.131767459213733673e-03 1.378406956791877747e-02 1.803678646683692932e-02 8.904808200895786285e-03 2.136982604861259460e-02 9.540233761072158813e-03 8.712900802493095398e-03 7.409559562802314758e-03 5.842911079525947571e-03 5.068681668490171432e-03 4.046405665576457977e-03 2.184581477195024490e-03 0.000000000000000000e+00 0.000000000000000000e+00 
1.657115668058395386e-02 1.407048664987087250e-02 2.176156453788280487e-02 2.253904193639755249e-02 3.813939914107322693e-02 3.795825317502021790e-02 3.742954134941101074e-02 5.486241355538368225e-02 6.797683984041213989e-02 8.461443334817886353e-02 9.251439571380615234e-02 1.235503479838371277e-01 2.338285595178604126e-01 3.127845823764801025e-01 4.372015595436096191e-01 5.724204182624816895e-01 7.111744880676269531e-01 8.195537924766540527e-01 8.957629203796386719e-01 9.239926934242248535e-01 9.535878896713256836e-01 9.726548790931701660e-01 0.000000000000000000e+00 0.000000000000000000e+00 
1.657339744269847870e-03 2.099276520311832428e-03 2.698929980397224426e-03 2.721183933317661285e-03 3.611001651734113693e-03 3.578861942514777184e-03 3.524834522977471352e-03 4.311625845730304718e-03 4.730571527034044266e-03 5.284723825752735138e-03 7.144518662244081497e-03 1.381936576217412949e-02 1.806535013020038605e-02 8.913647383451461792e-03 2.138197049498558044e-02 9.538113139569759369e-03 8.707366883754730225e-03 7.403610274195671082e-03 5.835628136992454529e-03 5.064140539616346359e-03 4.042213782668113708e-03 2.183052711188793182e-03 0.000000000000000000e+00 0.000000000000000000e+00 
1.647704653441905975e-02 1.400626823306083679e-02 2.165137045085430145e-02 2.240309864282608032e-02 3.798745572566986084e-02 3.781040012836456299e-02 3.725281357765197754e-02 5.469771847128868103e-02 6.765741109848022461e-02 8.434932678937911987e-02 9.220252186059951782e-02 1.230717599391937256e-01 2.330409288406372070e-01 3.122232556343078613e-01 4.363077282905578613e-01 5.716430544853210449e-01 7.103152275085449219e-01 8.189617395401000977e-01 8.953548669815063477e-01 9.235477447509765625e-01 9.534189701080322266e-01 9.725031256675720215e-01 0.000000000000000000e+00 0.000000000000000000e+00 
1.653687679208815098e-03 2.097401535138487816e-03 2.693600952625274658e-03 2.715177834033966064e-03 3.605203237384557724e-03 3.574591828510165215e-03 3.519188147038221359e-03 4.306941758841276169e-03 4.722966346889734268e-03 5.277141928672790527e-03 7.137441541999578476e-03 1.379315555095672607e-02 1.804091222584247589e-02 8.911581709980964661e-03 2.138310857117176056e-02 9.542447514832019806e-03 8.717207238078117371e-03 7.415456231683492661e-03 5.846924614161252975e-03 5.081296432763338089e-03 4.050824791193008423e-03 2.190950326621532440e-03 0.000000000000000000e+00 0.000000000000000000e+00 
2.005102299153804779e-02 1.803274080157279968e-02 2.643546834588050842e-02 2.781429700553417206e-02 4.402742162346839905e-02 4.574049636721611023e-02 4.650432243943214417e-02 6.348676979541778564e-02 8.200317621231079102e-02 9.727013856172561646e-02 1.060107350349426270e-01 1.476650685071945190e-01 2.618577182292938232e-01 3.448839187622070312e-01 4.751640856266021729e-01 6.107064485549926758e-01 7.439862489700317383e-01 8.409615159034729004e-01 9.101666212081909180e-01 9.372278451919555664e-01 9.599999785423278809e-01 9.768911004066467285e-01 0.000000000000000000e+00 0.000000000000000000e+00 
1.824733684770762920e-03 2.397649455815553665e-03 2.964314306154847145e-03 3.051782958209514618e-03 3.866446204483509064e-03 3.925674594938755035e-03 3.926937468349933624e-03 4.616613034158945084e-03 5.183328408747911453e-03 5.670549347996711731e-03 7.576225791126489639e-03 1.503356359899044037e-02 1.899603009223937988e-02 9.144586510956287384e-03 2.154436521232128143e-02 9.388976730406284332e-03 8.393078111112117767e-03 7.056046277284622192e-03 5.493084900081157684e-03 4.618312697857618332e-03 3.738490631803870201e-03 1.998645951971411705e-03 0.000000000000000000e+00 0.000000000000000000e+00 
1.997029781341552734e-02 1.792030967772006989e-02 2.634719014167785645e-02 2.772418223321437836e-02 4.388475790619850159e-02 4.564004391431808472e-02 4.633080959320068359e-02 6.337572634220123291e-02 8.195750415325164795e-02 9.719846397638320923e-02 1.059149950742721558e-01 1.474744379520416260e-01 2.618236243724822998e-01 3.447540402412414551e-01 4.751076400279998779e-01 6.107322573661804199e-01 7.439354658126831055e-01 8.409017324447631836e-01 9.101040959358215332e-01 9.371934533119201660e-01 9.599273204803466797e-01 9.768347740173339844e-01 0.000000000000000000e+00 0.000000000000000000e+00 
1.822294201701879501e-03 2.391434740275144577e-03 2.960583893582224846e-03 3.049562918022274971e-03 3.863095305860042572e-03 3.924945835024118423e-03 3.921081312000751495e-03 4.614946898072957993e-03 5.183147732168436050e-03 5.670822225511074066e-03 7.576657459139823914e-03 1.503703091293573380e-02 1.900384202599525452e-02 9.146094322204589844e-03 2.155047841370105743e-02 9.391350671648979187e-03 8.397554978728294373e-03 7.058827206492424011e-03 5.497270263731479645e-03 4.621521104127168655e-03 3.744182642549276352e-03 2.003196394070982933e-03 0.000000000000000000e+00 0.000000000000000000e+00 
1.836223341524600983e-02 1.613030768930912018e-02 2.415130287408828735e-02 2.551047131419181824e-02 4.125924780964851379e-02 4.232957586646080017e-02 4.233085736632347107e-02 5.967781320214271545e-02 7.597199827432632446e-02 9.230934083461761475e-02 1.000270769000053406e-01 1.380534023046493530e-01 2.521055042743682861e-01 3.315192162990570068e-01 4.603368341922760010e-01 5.954724550247192383e-01 7.315253019332885742e-01 8.326570391654968262e-01 9.047652482986450195e-01 9.318566322326660156e-01 9.570533037185668945e-01 9.751362204551696777e-01 0.000000000000000000e+00 0.000000000000000000e+00 
1.745902700349688530e-03 2.262828871607780457e-03 2.841868437826633453e-03 2.921244828030467033e-03 3.763003973290324211e-03 3.777748672291636467e-03 3.759329672902822495e-03 4.498356487601995468e-03 4.994787275791168213e-03 5.530534312129020691e-03 7.400576490908861160e-03 1.459826622158288956e-02 1.871788688004016876e-02 9.060668759047985077e-03 2.153138443827629089e-02 9.454723447561264038e-03 8.523423224687576294e-03 7.208986207842826843e-03 5.631170235574245453e-03 4.795594140887260437e-03 3.888214007019996643e-03 2.084773732349276543e-03 0.000000000000000000e+00 0.000000000000000000e+00 
1.731196604669094086e-02 1.500193309038877487e-02 2.281857281923294067e-02 2.397831156849861145e-02 3.959264978766441345e-02 4.002838209271430969e-02 3.977161273360252380e-02 5.728944018483161926e-02 7.181797176599502563e-02 8.871024101972579956e-02 9.619884192943572998e-02 1.311699151992797852e-01 2.439981549978256226e-01 3.225027620792388916e-01 4.495578706264495850e-01 5.845097899436950684e-01 7.219209671020507812e-01 8.264971971511840820e-01 9.004445075988769531e-01 9.276277422904968262e-01 9.552142620086669922e-01 9.738454818725585938e-01 0.000000000000000000e+00 0.000000000000000000e+00 
1.696897204965353012e-03 2.182722557336091995e-03 2.770607825368642807e-03 2.828189171850681305e-03 3.692038357257843018e-03 3.676599357277154922e-03 3.648160491138696671e-03 4.414018243551254272e-03 4.860850982367992401e-03 5.420787725597620010e-03 7.282231003046035767e-03 1.424449775367975235e-02 1.842996850609779358e-02 9.000881575047969818e-03 2.148245275020599365e-02 9.500723332166671753e-03 8.611060678958892822e-03 7.313035894185304642e-03 5.735804326832294464e-03 4.942598752677440643e-03 3.975624218583106995e-03 2.140906406566500664e-03 0.000000000000000000e+00 0.000000000000000000e+00 
1.683444529771804810e-02 1.451668050140142441e-02 2.222643420100212097e-02 2.324563264846801758e-02 3.878803178668022156e-02 3.898998722434043884e-02 3.859699144959449768e-02 5.615209788084030151e-02 6.984888762235641479e-02 8.694383502006530762e-02 9.443160146474838257e-02 1.277826130390167236e-01 2.395647764205932617e-01 3.182930052280426025e-01 4.441094994544982910e-01 5.792912244796752930e-01 7.169885039329528809e-01 8.234177827835083008e-01 8.982200026512145996e-01 9.255250096321105957e-01 9.543293714523315430e-01 9.731827974319458008e-01 0.000000000000000000e+00 0.000000000000000000e+00 
1.675298321060836315e-03 2.149337437003850937e-03 2.737859729677438736e-03 2.784424927085638046e-03 3.654903266578912735e-03 3.633416024968028069e-03 3.596150316298007965e-03 4.371630959212779999e-03 4.799309186637401581e-03 5.365714896470308304e-03 7.228250149637460709e-03 1.406319532543420792e-02 1.827598176896572113e-02 8.971703238785266876e-03 2.145387604832649231e-02 9.522179141640663147e-03 8.658029139041900635e-03 7.364015560597181320e-03 5.790942814201116562e-03 5.019993055611848831e-03 4.016947932541370392e-03 2.170485677197575569e-03 0.000000000000000000e+00 0.000000000000000000e+00 
1.717901416122913361e-02 1.493255328387022018e-02 2.268041484057903290e-02 2.379593811929225922e-02 3.941803425550460815e-02 3.982369229197502136e-02 3.952805325388908386e-02 5.706181749701499939e-02 7.131545245647430420e-02 8.840622752904891968e-02 9.570629894733428955e-02 1.305324137210845947e-01 2.430562674999237061e-01 3.216784596443176270e-01 4.482254087924957275e-01 5.834849476814270020e-01 7.206740975379943848e-01 8.257591724395751953e-01 8.999066352844238281e-01 9.269745349884033203e-01 9.550310373306274414e-01 9.736610054969787598e-01 0.000000000000000000e+00 0.000000000000000000e+00 
1.692290999926626682e-03 2.183602657169103622e-03 2.765888348221778870e-03 2.821380505338311195e-03 3.686363808810710907e-03 3.671192331239581108e-03 3.640721784904599190e-03 4.408710170537233353e-03 4.848946817219257355e-03 5.413345526903867722e-03 7.271500304341316223e-03 1.421237271279096603e-02 1.840283907949924469e-02 8.999219164252281189e-03 2.148210443556308746e-02 9.507688693702220917e-03 8.624592795968055725e-03 7.329599466174840927e-03 5.752542056143283844e-03 4.968310706317424774e-03 3.985936287790536880e-03 2.151491353288292885e-03 0.000000000000000000e+00 0.000000000000000000e+00 
1.707511581480503082e-02 1.485423929989337921e-02 2.256825938820838928e-02 2.365375496447086334e-02 3.926572948694229126e-02 3.966616094112396240e-02 3.931298106908798218e-02 5.686141178011894226e-02 7.094089686870574951e-02 8.812022954225540161e-02 9.534222632646560669e-02 1.299574226140975952e-01 2.423013150691986084e-01 3.209562301635742188e-01 4.472788870334625244e-01 5.826296806335449219e-01 7.197796106338500977e-01 8.252277374267578125e-01 8.995107412338256836e-01 9.265462756156921387e-01 9.548814296722412109e-01 9.735434651374816895e-01 0.000000000000000000e+00 0.000000000000000000e+00 
1.688324729911983013e-03 2.181092277169227600e-03 2.761058742180466652e-03 2.814895706251263618e-03 3.680405206978321075e-03 3.666290082037448883e-03 3.632732434198260307e-03 4.402714781463146210e-03 4.839306697249412537e-03 5.405548959970474243e-03 7.262455299496650696e-03 1.418487355113029480e-02 1.837946660816669464e-02 8.996421471238136292e-03 2.148140780627727509e-02 9.512521326541900635e-03 8.634248748421669006e-03 7.340811658650636673e-03 5.764023866504430771e-03 4.984947852790355682e-03 3.993906080722808838e-03 2.157992217689752579e-03 0.000000000000000000e+00 0.000000000000000000e+00 
1.682502962648868561e-02 1.462297979742288589e-02 2.226620912551879883e-02 2.328384481370449066e-02 3.884888812899589539e-02 3.915119916200637817e-02 3.872527927160263062e-02 5.629108846187591553e-02 6.994777917861938477e-02 8.723463118076324463e-02 9.443716704845428467e-02 1.282503604888916016e-01 2.400048077106475830e-01 3.188829123973846436e-01 4.445060193538665771e-01 5.800552964210510254e-01 7.172383666038513184e-01 8.237037062644958496e-01 8.983837962150573730e-01 9.254300594329833984e-01 9.544344544410705566e-01 9.732081294059753418e-01 0.000000000000000000e+00 0.000000000000000000e+00 
1.677329419180750847e-03 2.166921272873878479e-03 2.744791097939014435e-03 2.794140018522739410e-03 3.661481197923421860e-03 3.645909717306494713e-03 3.607566468417644501e-03 4.382023122161626816e-03 4.809973761439323425e-03 5.378240253776311874e-03 7.236314006149768829e-03 1.409361232072114944e-02 1.830315776169300079e-02 8.983094245195388794e-03 2.146833203732967377e-02 9.523424319922924042e-03 8.659575134515762329e-03 7.367048878222703934e-03 5.793073214590549469e-03 5.027157720178365707e-03 4.015398677438497543e-03 2.173777902498841286e-03 0.000000000000000000e+00 0.000000000000000000e+00 
1.652298867702484131e-02 1.433925610035657883e-02 2.189766988158226013e-02 2.282912097871303558e-02 3.831914812326431274e-02 3.853165358304977417e-02 3.799082711338996887e-02 5.556145682930946350e-02 6.872702389955520630e-02 8.608094602823257446e-02 9.334447234869003296e-02 1.260394603013992310e-01 2.370160520076751709e-01 3.162507116794586182e-01 4.409728348255157471e-01 5.767492651939392090e-01 7.140266299247741699e-01 8.217383623123168945e-01 8.969320058822631836e-01 9.240986108779907227e-01 9.538702368736267090e-01 9.727951288223266602e-01 0.000000000000000000e+00 0.000000000000000000e+00 
1.663865870796144009e-03 2.148219384253025055e-03 2.723799552768468857e-03 2.767800353467464447e-03 3.636249806731939316e-03 3.620825940743088722e-03 3.575162496417760849e-03 4.354600794613361359e-03 4.773451481014490128e-03 5.341509357094764709e-03 7.204072084277868271e-03 1.397506520152091980e-02 1.820681244134902954e-02 8.965033106505870819e-03 2.145332843065261841e-02 9.536727331578731537e-03 8.691995404660701752e-03 7.398418616503477097e-03 5.829500034451484680e-03 5.077527370303869247e-03 4.042274784296751022e-03 2.192394342273473740e-03 0.000000000000000000e+00 0.000000000000000000e+00 
2.568665146827697754e-02 2.431499399244785309e-02 3.551428765058517456e-02 3.574034199118614197e-02 5.563046783208847046e-02 5.808419361710548401e-02 6.092833355069160461e-02 7.964875549077987671e-02 1.013800129294395447e-01 1.174925640225410461e-01 1.307532340288162231e-01 1.835986524820327759e-01 3.026894629001617432e-01 3.911880850791931152e-01 5.272890329360961914e-01 6.581366062164306641e-01 7.867096662521362305e-01 8.688644766807556152e-01 9.275246262550354004e-01 9.508019685745239258e-01 9.700090885162353516e-01 9.826424717903137207e-01 0.000000000000000000e+00 0.000000000000000000e+00 
2.079336438328027725e-03 2.810547593981027603e-03 3.430004697293043137e-03 3.466479480266571045e-03 4.306234885007143021e-03 4.439323674887418747e-03 4.488717298954725266e-03 5.143922753632068634e-03 5.796261597424745560e-03 6.147806067019701004e-03 8.319752290844917297e-03 1.639944687485694885e-02 1.975533552467823029e-02 9.418522939085960388e-03 2.153438702225685120e-02 9.152653627097606659e-03 7.849529385566711426e-03 6.486130878329277039e-03 4.950554575771093369e-03 4.098454955965280533e-03 3.208284964784979820e-03 1.733621582388877869e-03 0.000000000000000000e+00 0.000000000000000000e+00 
2.014519087970256805e-02 1.805218495428562164e-02 2.712722122669219971e-02 2.803781069815158844e-02 4.443017020821571350e-02 4.640698060393333435e-02 4.727172106504440308e-02 6.441777944564819336e-02 8.400831371545791626e-02 9.857727587223052979e-02 1.081166416406631470e-01 1.498567610979080200e-01 2.661997377872467041e-01 3.485165536403656006e-01 4.793497622013092041e-01 6.161983609199523926e-01 7.482908368110656738e-01 8.442403078079223633e-01 9.119517803192138672e-01 9.392808675765991211e-01 9.614231586456298828e-01 9.777544140815734863e-01 0.000000000000000000e+00 0.000000000000000000e+00 
1.838028081692755222e-03 2.418238902464509010e-03 3.017594106495380402e-03 3.075908636674284935e-03 3.893741872161626816e-03 3.979125525802373886e-03 3.972985781729221344e-03 4.658877383917570114e-03 5.258492659777402878e-03 5.712448153644800186e-03 7.656336762011051178e-03 1.520389877259731293e-02 1.911660470068454742e-02 9.180810302495956421e-03 2.163251489400863647e-02 9.380596689879894257e-03 8.362424559891223907e-03 7.006996776908636093e-03 5.462139379233121872e-03 4.564512986689805984e-03 3.683801973238587379e-03 1.966218231245875359e-03 0.000000000000000000e+00 0.000000000000000000e+00 
1.797205582261085510e-02 1.571026444435119629e-02 2.408141829073429108e-02 2.506789192557334900e-02 4.083997383713722229e-02 4.231435433030128479e-02 4.191243276000022888e-02 5.941585823893547058e-02 7.603880763053894043e-02 9.199684858322143555e-02 1.002398505806922913e-01 1.374876648187637329e-01 2.525185644626617432e-01 3.309940993785858154e-01 4.613929688930511475e-01 5.959160923957824707e-01 7.323291897773742676e-01 8.329954147338867188e-01 9.054228663444519043e-01 9.327465891838073730e-01 9.574180841445922852e-01 9.754484295845031738e-01 0.000000000000000000e+00 0.000000000000000000e+00 
1.735364319756627083e-03 2.249866724014282227e-03 2.844762755557894707e-03 2.909380709752440453e-03 3.753786906599998474e-03 3.797286655753850937e-03 3.751420415937900543e-03 4.501256626099348068e-03 5.007547792047262192e-03 5.536211654543876648e-03 7.422801107168197632e-03 1.464651431888341904e-02 1.874245889484882355e-02 9.077546186745166779e-03 2.162496000528335571e-02 9.466691873967647552e-03 8.535609580576419830e-03 7.213527336716651917e-03 5.633673630654811859e-03 4.780966788530349731e-03 3.871463006362318993e-03 2.077443525195121765e-03 0.000000000000000000e+00 0.000000000000000000e+00 
1.716673746705055237e-02 1.488884910941123962e-02 2.296698279678821564e-02 2.393355779349803925e-02 3.950615227222442627e-02 4.060221090912818909e-02 3.991373255848884583e-02 5.758723244071006775e-02 7.276584208011627197e-02 8.931858837604522705e-02 9.726249426603317261e-02 1.324634999036788940e-01 2.460148334503173828e-01 3.241661489009857178e-01 4.538399577140808105e-01 5.874643921852111816e-01 7.252326011657714844e-01 8.282521367073059082e-01 9.022304415702819824e-01 9.295146465301513672e-01 9.557588100433349609e-01 9.744064211845397949e-01 0.000000000000000000e+00 0.000000000000000000e+00 
1.699022017419338226e-03 2.192012267187237740e-03 2.786501077935099602e-03 2.843969967216253281e-03 3.695538267493247986e-03 3.719936590641736984e-03 3.664803691208362579e-03 4.437902476638555527e-03 4.899509251117706299e-03 5.454448983073234558e-03 7.328195031732320786e-03 1.439029537141323090e-02 1.851832866668701172e-02 9.032541885972023010e-03 2.158285677433013916e-02 9.503212757408618927e-03 8.600541390478610992e-03 7.299114484339952469e-03 5.705623421818017960e-03 4.889454692602157593e-03 3.953845705837011337e-03 2.124292077496647835e-03 0.000000000000000000e+00 0.000000000000000000e+00 
1.723588816821575165e-02 1.499569416046142578e-02 2.307946793735027313e-02 2.404938638210296631e-02 3.964080661535263062e-02 4.082062840461730957e-02 4.013670608401298523e-02 5.781024694442749023e-02 7.313316315412521362e-02 8.970411866903305054e-02 9.760179370641708374e-02 1.331382393836975098e-01 2.468216121196746826e-01 3.250758647918701172e-01 4.547550082206726074e-01 5.885747075080871582e-01 7.260912656784057617e-01 8.287339806556701660e-01 9.025642871856689453e-01 9.297794103622436523e-01 9.559087753295898438e-01 9.744810461997985840e-01 0.000000000000000000e+00 0.000000000000000000e+00 
1.702855690382421017e-03 2.202391391620039940e-03 2.793449442833662033e-03 2.852587029337882996e-03 3.702471265569329262e-03 3.731020493432879448e-03 3.676013322547078133e-03 4.447232931852340698e-03 4.912657663226127625e-03 5.467080045491456985e-03 7.340981625020503998e-03 1.442614477127790451e-02 1.854765042662620544e-02 9.040351957082748413e-03 2.159051597118377686e-02 9.499973617494106293e-03 8.593675680458545685e-03 7.293419446796178818e-03 5.699199624359607697e-03 4.880925640463829041e-03 3.947527613490819931e-03 2.122209640219807625e-03 0.000000000000000000e+00 0.000000000000000000e+00 
2.428244054317474365e-02 2.223621308803558350e-02 3.257846832275390625e-02 3.323967754840850830e-02 5.258935689926147461e-02 5.490704253315925598e-02 5.888197198510169983e-02 7.648378610610961914e-02 9.834658354520797729e-02 1.123979464173316956e-01 1.253231614828109741e-01 1.814354211091995239e-01 2.927160263061523438e-01 3.856549263000488281e-01 5.227634906768798828e-01 6.508451104164123535e-01 7.795633077621459961e-01 8.636904358863830566e-01 9.260712862014770508e-01 9.465506076812744141e-01 9.684169888496398926e-01 9.810135960578918457e-01 0.000000000000000000e+00 0.000000000000000000e+00 
2.032626420259475708e-03 2.720558317378163338e-03 3.281527431681752205e-03 3.339541610330343246e-03 4.193123430013656616e-03 4.305808804929256439e-03 4.423135425895452499e-03 5.045113619416952133e-03 5.704835522919893265e-03 6.035755388438701630e-03 8.172783069312572479e-03 1.641549356281757355e-02 1.957139186561107635e-02 9.401150047779083252e-03 2.163817360997200012e-02 9.213576093316078186e-03 7.972351275384426117e-03 6.610210053622722626e-03 4.999742843210697174e-03 4.303053487092256546e-03 3.304656362161040306e-03 1.819508266635239124e-03 0.000000000000000000e+00 0.000000000000000000e+00 
1.770818047225475311e-02 1.550680864602327347e-02 2.288436703383922577e-02 2.411256171762943268e-02 3.989597037434577942e-02 4.018432646989822388e-02 4.115575551986694336e-02 5.876785889267921448e-02 7.466756552457809448e-02 9.067028760910034180e-02 9.899216890335083008e-02 1.409845650196075439e-01 2.489581853151321411e-01 3.322951197624206543e-01 4.614331722259521484e-01 5.973296165466308594e-01 7.318822145462036133e-01 8.303570151329040527e-01 9.044264554977416992e-01 9.303765892982482910e-01 9.566269516944885254e-01 9.739678502082824707e-01 0.000000000000000000e+00 0.000000000000000000e+00 
1.731075230054557323e-03 2.228817204013466835e-03 2.782732015475630760e-03 2.856876468285918236e-03 3.720366861671209335e-03 3.709876444190740585e-03 3.732220269739627838e-03 4.477323498576879501e-03 4.985122010111808777e-03 5.499490071088075638e-03 7.394686806946992874e-03 1.474057603627443314e-02 1.864733919501304626e-02 9.083655662834644318e-03 2.154959924519062042e-02 9.487310424447059631e-03 8.543111383914947510e-03 7.251391187310218811e-03 5.654952954500913620e-03 4.879164509475231171e-03 3.921014256775379181e-03 2.151203807443380356e-03 0.000000000000000000e+00 0.000000000000000000e+00 
1.714028231799602509e-02 1.486011315137147903e-02 2.216329239308834076e-02 2.332642674446105957e-02 3.902756422758102417e-02 3.913000971078872681e-02 3.987444937229156494e-02 5.737644061446189880e-02 7.248584181070327759e-02 8.874835073947906494e-02 9.685664623975753784e-02 1.367340981960296631e-01 2.441084235906600952e-01 3.269883394241333008e-01 4.550149440765380859e-01 5.914349555969238281e-01 7.265039086341857910e-01 8.267623186111450195e-01 9.021998047828674316e-01 9.281741976737976074e-01 9.555380940437316895e-01 9.733320474624633789e-01 0.000000000000000000e+00 0.000000000000000000e+00 
1.703933812677860260e-03 2.180151874199509621e-03 2.739520044997334480e-03 2.811002079397439957e-03 3.685710486024618149e-03 3.666359465569257736e-03 3.678949782624840736e-03 4.426143597811460495e-03 4.915524274110794067e-03 5.442802328616380692e-03 7.325915154069662094e-03 1.451717410236597061e-02 1.850541867315769196e-02 9.047138504683971405e-03 2.153545059263706207e-02 9.507637470960617065e-03 8.594672195613384247e-03 7.319918833673000336e-03 5.714374128729104996e-03 4.949082620441913605e-03 3.969680517911911011e-03 2.181235700845718384e-03 0.000000000000000000e+00 0.000000000000000000e+00 
1.721565611660480499e-02 1.500316802412271500e-02 2.229979261755943298e-02 2.348306961357593536e-02 3.920094668865203857e-02 3.936586901545524597e-02 4.011722281575202942e-02 5.764185637235641479e-02 7.283382862806320190e-02 8.915460109710693359e-02 9.714923053979873657e-02 1.374178528785705566e-01 2.448515295982360840e-01 3.278211057186126709e-01 4.558537602424621582e-01 5.922874212265014648e-01 7.271722555160522461e-01 8.272941112518310547e-01 9.025363326072692871e-01 9.284402132034301758e-01 9.557054638862609863e-01 9.734309315681457520e-01 0.000000000000000000e+00 0.000000000000000000e+00 
1.708126743324100971e-03 2.193637192249298096e-03 2.748660044744610786e-03 2.822057576850056648e-03 3.693627426400780678e-03 3.677435452118515968e-03 3.690393175929784775e-03 4.437120165675878525e-03 4.927060566842556000e-03 5.455396138131618500e-03 7.335939444601535797e-03 1.455155853182077408e-02 1.853067614138126373e-02 9.054594673216342926e-03 2.153727225959300995e-02 9.504919871687889099e-03 8.589177392423152924e-03 7.310816086828708649e-03 5.706179887056350708e-03 4.940767306834459305e-03 3.963204100728034973e-03 2.177120884880423546e-03 0.000000000000000000e+00 0.000000000000000000e+00 
1.709753647446632385e-02 1.491059549152851105e-02 2.217276394367218018e-02 2.335491403937339783e-02 3.905589506030082703e-02 3.921230509877204895e-02 3.989468142390251160e-02 5.740343034267425537e-02 7.240834087133407593e-02 8.885046839714050293e-02 9.669634699821472168e-02 1.366191357374191284e-01 2.438901960849761963e-01 3.268311917781829834e-01 4.544951617717742920e-01 5.911312699317932129e-01 7.259901165962219238e-01 8.266013860702514648e-01 9.020806550979614258e-01 9.279349446296691895e-01 9.554952979087829590e-01 9.733088016510009766e-01 0.000000000000000000e+00 0.000000000000000000e+00 
1.703232177533209324e-03 2.189711201936006546e-03 2.742206212133169174e-03 2.815895713865756989e-03 3.688704455271363258e-03 3.672305261716246605e-03 3.682138631120324135e-03 4.429686348885297775e-03 4.914320539683103561e-03 5.447390023618936539e-03 7.322814315557479858e-03 1.450954377651214600e-02 1.850662939250469208e-02 9.049706161022186279e-03 2.153566479682922363e-02 9.509977884590625763e-03 8.601607754826545715e-03 7.325308863073587418e-03 5.718876142054796219e-03 4.957528784871101379e-03 3.973461221903562546e-03 2.183152828365564346e-03 0.000000000000000000e+00 0.000000000000000000e+00 
3.300672024488449097e-02 3.418923914432525635e-02 4.862751811742782593e-02 4.850248247385025024e-02 7.258526235818862915e-02 7.329168915748596191e-02 7.990092039108276367e-02 9.945914149284362793e-02 1.241210922598838806e-01 1.456262618303298950e-01 1.613720804452896118e-01 2.248324751853942871e-01 3.545034825801849365e-01 4.480201303958892822e-01 5.797393918037414551e-01 7.111572027206420898e-01 8.316318392753601074e-01 9.036046862602233887e-01 9.447679519653320312e-01 9.634333252906799316e-01 9.780296683311462402e-01 9.870997071266174316e-01 0.000000000000000000e+00 0.000000000000000000e+00 
2.379873301833868027e-03 3.377329092472791672e-03 4.039320163428783417e-03 4.019318148493766785e-03 4.939092323184013367e-03 4.986576270312070847e-03 5.153885576874017715e-03 5.729930475354194641e-03 6.330513861030340195e-03 6.760797463357448578e-03 9.107855148613452911e-03 1.796361617743968964e-02 2.069914527237415314e-02 9.609872475266456604e-03 2.140081487596035004e-02 8.729940280318260193e-03 7.209953851997852325e-03 5.645177792757749557e-03 4.376350436359643936e-03 3.576782066375017166e-03 2.746790414676070213e-03 1.479103695601224899e-03 0.000000000000000000e+00 0.000000000000000000e+00 
2.290178276598453522e-02 2.065004035830497742e-02 3.115859441459178925e-02 3.068071603775024414e-02 4.897072911262512207e-02 5.308428779244422913e-02 5.511740222573280334e-02 7.391415536403656006e-02 9.547535330057144165e-02 1.098451688885688782e-01 1.230428367853164673e-01 1.745086312294006348e-01 2.889331281185150146e-01 3.812752366065979004e-01 5.216231942176818848e-01 6.460138559341430664e-01 7.765582203865051270e-01 8.606526255607604980e-01 9.240167140960693359e-01 9.452640414237976074e-01 9.661253094673156738e-01 9.799991250038146973e-01 0.000000000000000000e+00 0.000000000000000000e+00 
1.978806219995021820e-03 2.619884209707379341e-03 3.233302850276231766e-03 3.223592415452003479e-03 4.062977619469165802e-03 4.249881021678447723e-03 4.299123771488666534e-03 4.981888458132743835e-03 5.632285028696060181e-03 5.987793672829866409e-03 8.117600344121456146e-03 1.621235534548759460e-02 1.955215260386466980e-02 9.392943233251571655e-03 2.168816514313220978e-02 9.242828004062175751e-03 8.024161681532859802e-03 6.685527507215738297e-03 5.099359899759292603e-03 4.364772234112024307e-03 3.448939416557550430e-03 1.863925834186375141e-03 0.000000000000000000e+00 0.000000000000000000e+00 
2.007665112614631653e-02 1.770848408341407776e-02 2.659519389271736145e-02 2.677416428923606873e-02 4.345732927322387695e-02 4.694971069693565369e-02 4.791782051324844360e-02 6.603900343179702759e-02 8.596402406692504883e-02 1.002152860164642334e-01 1.102566123008728027e-01 1.583066880702972412e-01 2.701841294765472412e-01 3.588009774684906006e-01 4.953765869140625000e-01 6.222986578941345215e-01 7.564157247543334961e-01 8.466761708259582520e-01 9.159289002418518066e-01 9.389313459396362305e-01 9.613634943962097168e-01 9.769210219383239746e-01 0.000000000000000000e+00 0.000000000000000000e+00 
1.846007304266095161e-03 2.407053252682089806e-03 2.989481436088681221e-03 3.014956135302782059e-03 3.855866147205233574e-03 4.003464709967374802e-03 4.023593850433826447e-03 4.718622658401727676e-03 5.344441160559654236e-03 5.769917275756597519e-03 7.733850739896297455e-03 1.560635678470134735e-02 1.924401521682739258e-02 9.265892207622528076e-03 2.157753892242908478e-02 9.376664645969867706e-03 8.285865187644958496e-03 6.958642974495887756e-03 5.331128835678100586e-03 4.601276479661464691e-03 3.701000008732080460e-03 2.016325015574693680e-03 0.000000000000000000e+00 0.000000000000000000e+00 
1.877034269273281097e-02 1.639546453952789307e-02 2.483349665999412537e-02 2.508779987692832947e-02 4.127445071935653687e-02 4.440624266862869263e-02 4.490505903959274292e-02 6.259992718696594238e-02 8.129613101482391357e-02 9.632357209920883179e-02 1.052309349179267883e-01 1.511442214250564575e-01 2.627080082893371582e-01 3.483429551124572754e-01 4.819352626800537109e-01 6.116083264350891113e-01 7.470538020133972168e-01 8.393507599830627441e-01 9.113691449165344238e-01 9.353868961334228516e-01 9.591767787933349609e-01 9.754756093025207520e-01 0.000000000000000000e+00 0.000000000000000000e+00 
1.782471546903252602e-03 2.311248797923326492e-03 2.900874009355902672e-03 2.919366117566823959e-03 3.771009854972362518e-03 3.895020112395286560e-03 3.899622475728392601e-03 4.598354920744895935e-03 5.192821845412254333e-03 5.671030841767787933e-03 7.597107440233230591e-03 1.528802793473005295e-02 1.908095739781856537e-02 9.199959225952625275e-03 2.154996059834957123e-02 9.435625746846199036e-03 8.402519859373569489e-03 7.093484979122877121e-03 5.450602620840072632e-03 4.722868558019399643e-03 3.810187801718711853e-03 2.085404470562934875e-03 0.000000000000000000e+00 0.000000000000000000e+00 
1.797335967421531677e-02 1.563399471342563629e-02 2.384762652218341827e-02 2.407271042466163635e-02 3.999204188585281372e-02 4.282896220684051514e-02 4.306435585021972656e-02 6.048781797289848328e-02 7.822500169277191162e-02 9.387747943401336670e-02 1.023581624031066895e-01 1.464406698942184448e-01 2.578553557395935059e-01 3.415859937667846680e-01 4.733367860317230225e-01 6.047762632369995117e-01 7.412091493606567383e-01 8.347001671791076660e-01 9.082167744636535645e-01 9.329863190650939941e-01 9.577286839485168457e-01 9.745697975158691406e-01 0.000000000000000000e+00 0.000000000000000000e+00 
1.746017602272331715e-03 2.258309163153171539e-03 2.849872456863522530e-03 2.863398753106594086e-03 3.719452302902936935e-03 3.823090577498078346e-03 3.819595789536833763e-03 4.526053089648485184e-03 5.090080667287111282e-03 5.602803081274032593e-03 7.514653261750936508e-03 1.505918335169553757e-02 1.894186995923519135e-02 9.153865277767181396e-03 2.154733799397945404e-02 9.469071403145790100e-03 8.472715504467487335e-03 7.184914313256740570e-03 5.536450073122978210e-03 4.808529280126094818e-03 3.879181109368801117e-03 2.128892578184604645e-03 0.000000000000000000e+00 0.000000000000000000e+00 
1.746202446520328522e-02 1.515461131930351257e-02 2.322292141616344452e-02 2.341416850686073303e-02 3.914435580372810364e-02 4.174804687500000000e-02 4.180964827537536621e-02 5.910231918096542358e-02 7.611680030822753906e-02 9.222273528575897217e-02 1.004837006330490112e-01 1.431238651275634766e-01 2.541596293449401855e-01 3.369122147560119629e-01 4.676287174224853516e-01 6.000803709030151367e-01 7.372183203697204590e-01 8.316526412963867188e-01 9.060192108154296875e-01 9.313122034072875977e-01 9.567447304725646973e-01 9.739915728569030762e-01 0.000000000000000000e+00 0.000000000000000000e+00 
1.723986235447227955e-03 2.224746393039822578e-03 2.815766260027885437e-03 2.828097902238368988e-03 3.684420837089419365e-03 3.772669238969683647e-03 3.763975109905004501e-03 4.479697439819574356e-03 5.020382814109325409e-03 5.555069539695978165e-03 7.458358537405729294e-03 1.489301118999719620e-02 1.881976611912250519e-02 9.122883901000022888e-03 2.155029773712158203e-02 9.492023847997188568e-03 8.515729568898677826e-03 7.246053777635097504e-03 5.599405150860548019e-03 4.865461494773626328e-03 3.926253877580165863e-03 2.156794304028153419e-03 0.000000000000000000e+00 0.000000000000000000e+00 
1.722478680312633514e-02 1.494849845767021179e-02 2.293439581990242004e-02 2.312095277011394501e-02 3.874986246228218079e-02 4.124263301491737366e-02 4.120979458093643188e-02 5.845694616436958313e-02 7.509750127792358398e-02 9.146126359701156616e-02 9.956763684749603271e-02 1.414799988269805908e-01 2.522009313106536865e-01 3.346267044544219971e-01 4.648260474205017090e-01 5.978073477745056152e-01 7.351968884468078613e-01 8.302211165428161621e-01 9.049372076988220215e-01 9.304425716400146484e-01 9.562761783599853516e-01 9.737187623977661133e-01 0.000000000000000000e+00 0.000000000000000000e+00 
1.714461715891957283e-03 2.210808685049414635e-03 2.799786394461989403e-03 2.813256345689296722e-03 3.668557386845350266e-03 3.749974770471453667e-03 3.738247789442539215e-03 4.459084477275609970e-03 4.987791646271944046e-03 5.533020012080669403e-03 7.430960889905691147e-03 1.480827014893293381e-02 1.875399798154830933e-02 9.109180420637130737e-03 2.155277319252490997e-02 9.503711014986038208e-03 8.536088280379772186e-03 7.275145035237073898e-03 5.631883163005113602e-03 4.893820267170667648e-03 3.948925063014030457e-03 2.170060994103550911e-03 0.000000000000000000e+00 0.000000000000000000e+00 
1.707536540925502777e-02 1.483224611729383469e-02 2.275604940950870514e-02 2.294707857072353363e-02 3.850141912698745728e-02 4.093675687909126282e-02 4.083904996514320374e-02 5.806277319788932800e-02 7.445524632930755615e-02 9.100721031427383423e-02 9.898410737514495850e-02 1.404359489679336548e-01 2.509255111217498779e-01 3.332091271877288818e-01 4.630741477012634277e-01 5.964215993881225586e-01 7.339050173759460449e-01 8.293623328208923340e-01 9.042647480964660645e-01 9.298680424690246582e-01 9.559925794601440430e-01 9.735550880432128906e-01 0.000000000000000000e+00 0.000000000000000000e+00 
1.708897994831204414e-03 2.203734125941991806e-03 2.790047554299235344e-03 2.805121010169386864e-03 3.659022971987724304e-03 3.737183520570397377e-03 3.723318222910165787e-03 4.447345621883869171e-03 4.968140274286270142e-03 5.520142149180173874e-03 7.414320018142461777e-03 1.475395541638135910e-02 1.871266588568687439e-02 9.101795963943004608e-03 2.155509777367115021e-02 9.511379525065422058e-03 8.548967540264129639e-03 7.293097209185361862e-03 5.652961786836385727e-03 4.912602715194225311e-03 3.962928429245948792e-03 2.178219612687826157e-03 0.000000000000000000e+00 0.000000000000000000e+00 
1.695363409817218781e-02 1.474197395145893097e-02 2.261006273329257965e-02 2.281141653656959534e-02 3.830128908157348633e-02 4.069261997938156128e-02 4.053486511111259460e-02 5.774325132369995117e-02 7.392518967390060425e-02 9.064228832721710205e-02 9.850238263607025146e-02 1.395415663719177246e-01 2.498428374528884888e-01 3.320402801036834717e-01 4.616286754608154297e-01 5.952895283699035645e-01 7.328161001205444336e-01 8.286818265914916992e-01 9.037199020385742188e-01 9.293829798698425293e-01 9.557679891586303711e-01 9.734282493591308594e-01 0.000000000000000000e+00 0.000000000000000000e+00 
1.704489579424262047e-03 2.198580652475357056e-03 2.782068448141217232e-03 2.799052279442548752e-03 3.651622449979186058e-03 3.727399511262774467e-03 3.711443627253174782e-03 4.438146948814392090e-03 4.952391143888235092e-03 5.509787239134311676e-03 7.400797680020332336e-03 1.470851060003042221e-02 1.867893524467945099e-02 9.096330031752586365e-03 2.155767753720283508e-02 9.517596103250980377e-03 8.559708483517169952e-03 7.307393942028284073e-03 5.670435260981321335e-03 4.928521346300840378e-03 3.973909653723239899e-03 2.184655051678419113e-03 0.000000000000000000e+00 0.000000000000000000e+00 
1.691720075905323029e-02 1.474793069064617157e-02 2.257604710757732391e-02 2.279136329889297485e-02 3.825896978378295898e-02 4.065534844994544983e-02 4.046338051557540894e-02 5.767318606376647949e-02 7.377370446920394897e-02 9.059164673089981079e-02 9.833917021751403809e-02 1.393128186464309692e-01 2.495458573102951050e-01 3.317141830921173096e-01 4.611759781837463379e-01 5.950149893760681152e-01 7.324671745300292969e-01 8.285305500030517578e-01 9.035661220550537109e-01 9.292204976081848145e-01 9.557197093963623047e-01 9.734021425247192383e-01 0.000000000000000000e+00 0.000000000000000000e+00 
1.703838119283318520e-03 2.201106399297714233e-03 2.781020011752843857e-03 2.799568232148885727e-03 3.651092993095517159e-03 3.727557370439171791e-03 3.710311139002442360e-03 4.437575116753578186e-03 4.949351772665977478e-03 5.509506911039352417e-03 7.397831883281469345e-03 1.469569653272628784e-02 1.867256499826908112e-02 9.096592664718627930e-03 2.155951596796512604e-02 9.520349092781543732e-03 8.563734591007232666e-03 7.311780937016010284e-03 5.676910281181335449e-03 4.934510216116905212e-03 3.977412357926368713e-03 2.186658093705773354e-03 0.000000000000000000e+00 0.000000000000000000e+00 
2.457912079989910126e-02 2.276481688022613525e-02 3.251132369041442871e-02 3.414239361882209778e-02 5.396378040313720703e-02 5.574489012360572815e-02 5.942678079009056091e-02 7.730849832296371460e-02 9.939580410718917847e-02 1.142262965440750122e-01 1.293693780899047852e-01 1.775026768445968628e-01 3.023550510406494141e-01 3.888300955295562744e-01 5.293743610382080078e-01 6.625009775161743164e-01 7.874345779418945312e-01 8.717261552810668945e-01 9.308986067771911621e-01 9.518192410469055176e-01 9.717292785644531250e-01 9.838469028472900391e-01 0.000000000000000000e+00 0.000000000000000000e+00 
2.053175587207078934e-03 2.717220224440097809e-03 3.283168654888868332e-03 3.404851770028471947e-03 4.269955679774284363e-03 4.357618279755115509e-03 4.480270668864250183e-03 5.080010741949081421e-03 5.723986774682998657e-03 6.091289687901735306e-03 8.319081738591194153e-03 1.625607348978519440e-02 1.986928284168243408e-02 9.403625503182411194e-03 2.153284102678298950e-02 9.118370711803436279e-03 7.851333357393741608e-03 6.415701936930418015e-03 4.857701249420642853e-03 4.091495648026466370e-03 3.121946239843964577e-03 1.685222843661904335e-03 0.000000000000000000e+00 0.000000000000000000e+00 
1.757053658366203308e-02 1.444226969033479691e-02 2.187292091548442841e-02 2.227695100009441376e-02 3.970567509531974792e-02 3.971060737967491150e-02 4.248984530568122864e-02 5.741356313228607178e-02 7.368993014097213745e-02 8.861130475997924805e-02 1.032819896936416626e-01 1.392623782157897949e-01 2.454618662595748901e-01 3.330728411674499512e-01 4.678831696510314941e-01 6.063803434371948242e-01 7.443346977233886719e-01 8.377729654312133789e-01 9.126891493797302246e-01 9.371432662010192871e-01 9.629390835762023926e-01 9.773035049438476562e-01 0.000000000000000000e+00 0.000000000000000000e+00 
1.732617500238120556e-03 2.177288988605141640e-03 2.728212391957640648e-03 2.742928219959139824e-03 3.686781274154782295e-03 3.667118027806282043e-03 3.785447683185338974e-03 4.426115658134222031e-03 4.939956590533256531e-03 5.438711028546094894e-03 7.543042302131652832e-03 1.467545330524444580e-02 1.846028305590152740e-02 9.079699404537677765e-03 2.150623314082622528e-02 9.442616254091262817e-03 8.398062549531459808e-03 7.126171141862869263e-03 5.415624938905239105e-03 4.643652122467756271e-03 3.621995216235518456e-03 2.001506509259343147e-03 0.000000000000000000e+00 0.000000000000000000e+00 
1.545461732894182205e-02 1.189366821199655533e-02 1.899860799312591553e-02 1.898778975009918213e-02 3.470294922590255737e-02 3.436492383480072021e-02 3.565883636474609375e-02 5.155672132968902588e-02 6.420507282018661499e-02 7.939082384109497070e-02 9.248808771371841431e-02 1.209331527352333069e-01 2.231045961380004883e-01 3.082927763462066650e-01 4.406912624835968018e-01 5.805400609970092773e-01 7.196798920631408691e-01 8.229792714118957520e-01 9.012478590011596680e-01 9.284909963607788086e-01 9.576339125633239746e-01 9.744457006454467773e-01 0.000000000000000000e+00 0.000000000000000000e+00 
1.635914086364209652e-03 1.966860378161072731e-03 2.550640143454074860e-03 2.547906944528222084e-03 3.452431177720427513e-03 3.432053839787840843e-03 3.451660042628645897e-03 4.226870369166135788e-03 4.643952939659357071e-03 5.163196474313735962e-03 7.123359479010105133e-03 1.373702194541692734e-02 1.788855902850627899e-02 8.888326585292816162e-03 2.146296948194503784e-02 9.554369375109672546e-03 8.643504232168197632e-03 7.400665432214736938e-03 5.722729489207267761e-03 4.968117456883192062e-03 3.870830871164798737e-03 2.138226060196757317e-03 0.000000000000000000e+00 0.000000000000000000e+00 
1.558358781039714813e-02 1.208802778273820877e-02 1.920944452285766602e-02 1.920600794255733490e-02 3.506973385810852051e-02 3.477545827627182007e-02 3.617277741432189941e-02 5.199759081006050110e-02 6.491506099700927734e-02 8.012014627456665039e-02 9.338648617267608643e-02 1.223518997430801392e-01 2.247433513402938843e-01 3.102824091911315918e-01 4.427011311054229736e-01 5.824653506278991699e-01 7.214594483375549316e-01 8.239184617996215820e-01 9.021063446998596191e-01 9.289764761924743652e-01 9.579573273658752441e-01 9.746068120002746582e-01 0.000000000000000000e+00 0.000000000000000000e+00 
1.642883173190057278e-03 1.986323390156030655e-03 2.565920352935791016e-03 2.562474925071001053e-03 3.472588956356048584e-03 3.451228141784667969e-03 3.477930789813399315e-03 4.244159907102584839e-03 4.669132176786661148e-03 5.186095833778381348e-03 7.161587011069059372e-03 1.380181591957807541e-02 1.793292723596096039e-02 8.906652219593524933e-03 2.147122286260128021e-02 9.549085050821304321e-03 8.626827970147132874e-03 7.386611774563789368e-03 5.699899047613143921e-03 4.951815586537122726e-03 3.856323892250657082e-03 2.131412969902157784e-03 0.000000000000000000e+00 0.000000000000000000e+00 
1.563405990600585938e-02 1.108096726238727570e-02 1.961982995271682739e-02 2.052104100584983826e-02 3.549446910619735718e-02 3.521646186709403992e-02 3.771651163697242737e-02 5.331023037433624268e-02 6.744625419378280640e-02 8.378350734710693359e-02 9.666139632463455200e-02 1.297213584184646606e-01 2.386107891798019409e-01 3.242408335208892822e-01 4.614868164062500000e-01 6.033569574356079102e-01 7.416789531707763672e-01 8.435630798339843750e-01 9.118025302886962891e-01 9.403371214866638184e-01 9.633001089096069336e-01 9.786201119422912598e-01 0.000000000000000000e+00 0.000000000000000000e+00 
1.638325629755854607e-03 1.846413942985236645e-03 2.570171141996979713e-03 2.633382100611925125e-03 3.461605403572320938e-03 3.468485781922936440e-03 3.591001965105533600e-03 4.276403225958347321e-03 4.757573828101158142e-03 5.302050150930881500e-03 7.258607074618339539e-03 1.442134752869606018e-02 1.833130791783332825e-02 9.037318639457225800e-03 2.137648314237594604e-02 9.489790536463260651e-03 8.465429767966270447e-03 6.997632328420877457e-03 5.430603399872779846e-03 4.540801979601383209e-03 3.610439365729689598e-03 1.938993809744715691e-03 0.000000000000000000e+00 0.000000000000000000e+00 
2.753320895135402679e-02 2.489492483437061310e-02 3.844055160880088806e-02 3.934333100914955139e-02 6.224144250154495239e-02 6.454777717590332031e-02 7.195313274860382080e-02 9.088861942291259766e-02 1.136637926101684570e-01 1.344653666019439697e-01 1.475612819194793701e-01 2.078865915536880493e-01 3.461237251758575439e-01 4.396886825561523438e-01 5.867851376533508301e-01 7.154677510261535645e-01 8.332972526550292969e-01 9.063327908515930176e-01 9.487001895904541016e-01 9.655572175979614258e-01 9.807851314544677734e-01 9.892085790634155273e-01 0.000000000000000000e+00 0.000000000000000000e+00 
2.182021271437406540e-03 2.868777606636285782e-03 3.592450404539704323e-03 3.634714521467685699e-03 4.568826407194137573e-03 4.667365457862615585e-03 4.915104247629642487e-03 5.516326054930686951e-03 6.119983270764350891e-03 6.557082757353782654e-03 8.822595700621604919e-03 1.734488084912300110e-02 2.057653665542602539e-02 9.625442326068878174e-03 2.141346596181392670e-02 8.724864572286605835e-03 7.189829368144273758e-03 5.614931695163249969e-03 4.238171968609094620e-03 3.511829301714897156e-03 2.609780989587306976e-03 1.367526710964739323e-03 0.000000000000000000e+00 0.000000000000000000e+00 
5.055639520287513733e-02 5.378497391939163208e-02 7.382884621620178223e-02 7.531417161226272583e-02 1.026182398200035095e-01 1.079187020659446716e-01 1.192099824547767639e-01 1.460611373186111450e-01 1.746245920658111572e-01 2.058665454387664795e-01 2.282376885414123535e-01 3.161287903785705566e-01 4.530679881572723389e-01 5.556646585464477539e-01 7.023639082908630371e-01 8.073077201843261719e-01 8.946967720985412598e-01 9.469941258430480957e-01 9.719635844230651855e-01 9.825896620750427246e-01 9.900018572807312012e-01 9.957647323608398438e-01 0.000000000000000000e+00 0.000000000000000000e+00 
2.942349994555115700e-03 4.255437757819890976e-03 4.979281220585107803e-03 5.034745205193758011e-03 5.846900865435600281e-03 5.895223468542098999e-03 6.237658206373453140e-03 6.734777707606554031e-03 7.309252396225929260e-03 7.768949493765830994e-03 1.043489947915077209e-02 1.996358856558799744e-02 2.164446562528610229e-02 9.645025245845317841e-03 1.979918591678142548e-02 7.625413127243518829e-03 5.901741329580545425e-03 4.300164524465799332e-03 3.128101583570241928e-03 2.468364313244819641e-03 1.854937057942152023e-03 8.121210266835987568e-04 0.000000000000000000e+00 0.000000000000000000e+00 
2.885281294584274292e-02 2.589739672839641571e-02 3.962533548474311829e-02 4.204653948545455933e-02 6.577951461076736450e-02 6.634418666362762451e-02 7.397638261318206787e-02 9.377620369195938110e-02 1.168352663516998291e-01 1.403781026601791382e-01 1.535045504570007324e-01 2.165431231260299683e-01 3.567047119140625000e-01 4.561946392059326172e-01 6.048414111137390137e-01 7.308517694473266602e-01 8.464285135269165039e-01 9.174266457557678223e-01 9.548404216766357422e-01 9.695302844047546387e-01 9.834463000297546387e-01 9.914295673370361328e-01 0.000000000000000000e+00 0.000000000000000000e+00 
2.241588663309812546e-03 2.921563573181629181e-03 3.643328789621591568e-03 3.738021943718194962e-03 4.706875421106815338e-03 4.714799113571643829e-03 4.977729637175798416e-03 5.589704494923353195e-03 6.178023759275674820e-03 6.675136275589466095e-03 8.946669287979602814e-03 1.759216934442520142e-02 2.062472142279148102e-02 9.639813564717769623e-03 2.121780812740325928e-02 8.550917729735374451e-03 6.943434011191129684e-03 5.293881986290216446e-03 4.002053756266832352e-03 3.280173521488904953e-03 2.403768477961421013e-03 1.191898947581648827e-03 0.000000000000000000e+00 0.000000000000000000e+00 
2.261085435748100281e-02 1.773405820131301880e-02 2.923764288425445557e-02 3.080568276345729828e-02 5.045996233820915222e-02 4.992675036191940308e-02 5.890788137912750244e-02 7.569731771945953369e-02 9.760221093893051147e-02 1.154407113790512085e-01 1.284453868865966797e-01 1.767726093530654907e-01 3.133580982685089111e-01 4.106050729751586914e-01 5.659726858139038086e-01 6.898338794708251953e-01 8.167521357536315918e-01 8.979688286781311035e-01 9.447491168975830078e-01 9.627673625946044922e-01 9.789115190505981445e-01 9.884749054908752441e-01 0.000000000000000000e+00 0.000000000000000000e+00 
1.962145790457725525e-03 2.417812589555978775e-03 3.155680373311042786e-03 3.217586548998951912e-03 4.134921357035636902e-03 4.101996310055255890e-03 4.449148196727037430e-03 5.033616907894611359e-03 5.688235163688659668e-03 6.101649254560470581e-03 8.339505642652511597e-03 1.634507998824119568e-02 2.009312622249126434e-02 9.507201611995697021e-03 2.163039520382881165e-02 8.969976566731929779e-03 7.475531194359064102e-03 5.840497091412544250e-03 4.379556979984045029e-03 3.635845845565199852e-03 2.734207781031727791e-03 1.412307145074009895e-03 0.000000000000000000e+00 0.000000000000000000e+00 
2.033772319555282593e-02 1.606103219091892242e-02 2.637730725109577179e-02 2.766266465187072754e-02 4.619586840271949768e-02 4.569195583462715149e-02 5.361664295196533203e-02 6.986127793788909912e-02 9.073937684297561646e-02 1.070583984255790710e-01 1.219092234969139099e-01 1.666986942291259766e-01 3.000593185424804688e-01 3.934651017189025879e-01 5.537133812904357910e-01 6.761067509651184082e-01 8.061281442642211914e-01 8.907642364501953125e-01 9.395823478698730469e-01 9.597405195236206055e-01 9.771262407302856445e-01 9.871904253959655762e-01 0.000000000000000000e+00 0.000000000000000000e+00 
1.848983112722635269e-03 2.313445322215557098e-03 2.985531929880380630e-03 3.060932969674468040e-03 3.979772794991731644e-03 3.952060826122760773e-03 4.238222260028123856e-03 4.845703952014446259e-03 5.483918823301792145e-03 5.896935239434242249e-03 8.158014155924320221e-03 1.608297787606716156e-02 1.984338648617267609e-02 9.435418061912059784e-03 2.174019999802112579e-02 9.077486582100391388e-03 7.644601631909608841e-03 6.021433509886264801e-03 4.560062196105718613e-03 3.762138541787862778e-03 2.838214626535773277e-03 1.487016095779836178e-03 0.000000000000000000e+00 0.000000000000000000e+00 
1.943581923842430115e-02 1.550095994025468826e-02 2.520470134913921356e-02 2.657012641429901123e-02 4.470911249518394470e-02 4.420061782002449036e-02 5.153948813676834106e-02 6.760121136903762817e-02 8.800342679023742676e-02 1.039577424526214600e-01 1.192527487874031067e-01 1.634500324726104736e-01 2.940354645252227783e-01 3.868266046047210693e-01 5.489322543144226074e-01 6.702805757522583008e-01 8.015184402465820312e-01 8.874217867851257324e-01 9.372644424438476562e-01 9.582340121269226074e-01 9.762028455734252930e-01 9.865123033523559570e-01 0.000000000000000000e+00 0.000000000000000000e+00 
1.804576371796429157e-03 2.270966069772839546e-03 2.910389797762036324e-03 3.002718091011047363e-03 3.921650350093841553e-03 3.892477368935942650e-03 4.152634646743535995e-03 4.770791158080101013e-03 5.401605274528264999e-03 5.819808226078748703e-03 8.064903318881988525e-03 1.598050631582736969e-02 1.969012431800365448e-02 9.406312368810176849e-03 2.174889855086803436e-02 9.118136018514633179e-03 7.713581435382366180e-03 6.091415882110595703e-03 4.644798114895820618e-03 3.827346256002783775e-03 2.890883013606071472e-03 1.525947125628590584e-03 0.000000000000000000e+00 0.000000000000000000e+00 
1.871160976588726044e-02 1.504803728312253952e-02 2.423577196896076202e-02 2.572475560009479523e-02 4.355924203991889954e-02 4.299652203917503357e-02 4.983795061707496643e-02 6.578288972377777100e-02 8.578904718160629272e-02 1.014716103672981262e-01 1.169065684080123901e-01 1.608997732400894165e-01 2.887364029884338379e-01 3.814554512500762939e-01 5.447677969932556152e-01 6.654394268989562988e-01 7.976454496383666992e-01 8.843900561332702637e-01 9.353017807006835938e-01 9.569310545921325684e-01 9.753565192222595215e-01 9.859216809272766113e-01 0.000000000000000000e+00 0.000000000000000000e+00 
1.770289847627282143e-03 2.234546467661857605e-03 2.850241726264357567e-03 2.955982694402337074e-03 3.875551745295524597e-03 3.839978948235511780e-03 4.083176143467426300e-03 4.710717592388391495e-03 5.335207097232341766e-03 5.757231265306472778e-03 7.978644222021102905e-03 1.588488928973674774e-02 1.956367120146751404e-02 9.380483068525791168e-03 2.174293063580989838e-02 9.150988422334194183e-03 7.770745549350976944e-03 6.155839655548334122e-03 4.710828885436058044e-03 3.882372751832008362e-03 2.938976511359214783e-03 1.562375458888709545e-03 0.000000000000000000e+00 0.000000000000000000e+00 
1.805755682289600372e-02 1.461894344538450241e-02 2.335276268422603607e-02 2.495733276009559631e-02 4.252215474843978882e-02 4.184433072805404663e-02 4.826711490750312805e-02 6.411219388246536255e-02 8.370498567819595337e-02 9.917054325342178345e-02 1.145266741514205933e-01 1.584553420543670654e-01 2.837100625038146973e-01 3.764153718948364258e-01 5.405686497688293457e-01 6.608340740203857422e-01 7.939729690551757812e-01 8.814123272895812988e-01 9.333546161651611328e-01 9.556300044059753418e-01 9.745096564292907715e-01 9.853845834732055664e-01 0.000000000000000000e+00 0.000000000000000000e+00 
1.740575535222887993e-03 2.199344569817185402e-03 2.797399181872606277e-03 2.911888994276523590e-03 3.832971211522817612e-03 3.786246990785002708e-03 4.020414315164089203e-03 4.655827768146991730e-03 5.272869020700454712e-03 5.699496250599622726e-03 7.891495712101459503e-03 1.577968336641788483e-02 1.944853924214839935e-02 9.354880079627037048e-03 2.173421718180179596e-02 9.180823341012001038e-03 7.823347114026546478e-03 6.220942828804254532e-03 4.773584194481372833e-03 3.934512380510568619e-03 2.987218089401721954e-03 1.597340567968785763e-03 0.000000000000000000e+00 0.000000000000000000e+00 
1.746633835136890411e-02 1.420026831328868866e-02 2.254459448158740997e-02 2.422712743282318115e-02 4.155915975570678711e-02 4.069488495588302612e-02 4.680181294679641724e-02 6.255605816841125488e-02 8.170884847640991211e-02 9.700113534927368164e-02 1.121005341410636902e-01 1.559655815362930298e-01 2.788488268852233887e-01 3.715512156486511230e-01 5.362048149108886719e-01 6.562886834144592285e-01 7.903711199760437012e-01 8.784514665603637695e-01 9.313847422599792480e-01 9.542542695999145508e-01 9.736419916152954102e-01 9.849007725715637207e-01 0.000000000000000000e+00 0.000000000000000000e+00 
1.714895013719797134e-03 2.164705190807580948e-03 2.750732004642486572e-03 2.868182258680462837e-03 3.791628172621130943e-03 3.730722935870289803e-03 3.962044604122638702e-03 4.605016205459833145e-03 5.212130490690469742e-03 5.645822267979383469e-03 7.806633599102497101e-03 1.566052995622158051e-02 1.933598890900611877e-02 9.328705258667469025e-03 2.172933146357536316e-02 9.208666160702705383e-03 7.872237823903560638e-03 6.286605726927518845e-03 4.838185384869575500e-03 3.989248070865869522e-03 3.036738140508532524e-03 1.629144535399973392e-03 0.000000000000000000e+00 0.000000000000000000e+00 
1.695243641734123230e-02 1.380749326199293137e-02 2.183375693857669830e-02 2.354838885366916656e-02 4.067922383546829224e-02 3.959681838750839233e-02 4.547250643372535706e-02 6.116349995136260986e-02 7.985235750675201416e-02 9.502150863409042358e-02 1.098254397511482239e-01 1.534501463174819946e-01 2.743130028247833252e-01 3.669734001159667969e-01 5.319812297821044922e-01 6.519001722335815430e-01 7.868883609771728516e-01 8.756408095359802246e-01 9.295035004615783691e-01 9.528703093528747559e-01 9.727886915206909180e-01 9.844782948493957520e-01 0.000000000000000000e+00 0.000000000000000000e+00 
1.693728496320545673e-03 2.132761292159557343e-03 2.710995730012655258e-03 2.826120937243103981e-03 3.751470707356929779e-03 3.677998669445514679e-03 3.907103091478347778e-03 4.559661261737346649e-03 5.154174752533435822e-03 5.598142743110656738e-03 7.732690311968326569e-03 1.553233433514833450e-02 1.923247799277305603e-02 9.302718564867973328e-03 2.172899432480335236e-02 9.234782308340072632e-03 7.916789501905441284e-03 6.349314004182815552e-03 4.900715779513120651e-03 4.046946298331022263e-03 3.084868192672729492e-03 1.656541367992758751e-03 0.000000000000000000e+00 0.000000000000000000e+00 
1.652028597891330719e-02 1.345237158238887787e-02 2.122640609741210938e-02 2.292408980429172516e-02 3.987630456686019897e-02 3.858902305364608765e-02 4.427000880241394043e-02 5.992864817380905151e-02 7.813736051321029663e-02 9.326971322298049927e-02 1.077982485294342041e-01 1.509407460689544678e-01 2.701824903488159180e-01 3.627116084098815918e-01 5.280041098594665527e-01 6.477588415145874023e-01 7.835338115692138672e-01 8.729777336120605469e-01 9.277415871620178223e-01 9.515403509140014648e-01 9.719454050064086914e-01 9.840990304946899414e-01 0.000000000000000000e+00 0.000000000000000000e+00 
1.676715211942791939e-03 2.104585058987140656e-03 2.677405485883355141e-03 2.786418888717889786e-03 3.712789621204137802e-03 3.631117986515164375e-03 3.854681039229035378e-03 4.518766887485980988e-03 5.099445115774869919e-03 5.556706339120864868e-03 7.670678663998842239e-03 1.540324464440345764e-02 1.914218068122863770e-02 9.277035482227802277e-03 2.172826044261455536e-02 9.259716607630252838e-03 7.956712506711483002e-03 6.407739128917455673e-03 4.959648009389638901e-03 4.105045925825834274e-03 3.130659693852066994e-03 1.680126995779573917e-03 0.000000000000000000e+00 0.000000000000000000e+00 
1.614792086184024811e-02 1.312052179127931595e-02 2.068366482853889465e-02 2.232271060347557068e-02 3.911112621426582336e-02 3.764143958687782288e-02 4.312125220894813538e-02 5.879573523998260498e-02 7.649239897727966309e-02 9.166928380727767944e-02 1.059626489877700806e-01 1.484237164258956909e-01 2.663474082946777344e-01 3.585677742958068848e-01 5.241407155990600586e-01 6.438069343566894531e-01 7.801359891891479492e-01 8.703569173812866211e-01 9.260734319686889648e-01 9.502751231193542480e-01 9.710847735404968262e-01 9.837279319763183594e-01 0.000000000000000000e+00 0.000000000000000000e+00 
1.662366208620369434e-03 2.078624907881021500e-03 2.646704204380512238e-03 2.747609280049800873e-03 3.674481296911835670e-03 3.588819876313209534e-03 3.802570980042219162e-03 4.480317700654268265e-03 5.046169739216566086e-03 5.518875550478696823e-03 7.615983020514249802e-03 1.527888886630535126e-02 1.906190812587738037e-02 9.251087903976440430e-03 2.172309532761573792e-02 9.283313527703285217e-03 7.994654588401317596e-03 6.463525816798210144e-03 5.015708040446043015e-03 4.162342753261327744e-03 3.175437683239579201e-03 1.701506902463734150e-03 0.000000000000000000e+00 0.000000000000000000e+00 
1.585620641708374023e-02 1.284354832023382187e-02 2.023849450051784515e-02 2.180576696991920471e-02 3.844482451677322388e-02 3.685374930500984192e-02 4.213124513626098633e-02 5.785690993070602417e-02 7.507160305976867676e-02 9.033166617155075073e-02 1.044555902481079102e-01 1.461948752403259277e-01 2.631047368049621582e-01 3.549083173274993896e-01 5.206913948059082031e-01 6.403800845146179199e-01 7.770009040832519531e-01 8.679738044738769531e-01 9.246388673782348633e-01 9.491958022117614746e-01 9.702749848365783691e-01 9.833907485008239746e-01 0.000000000000000000e+00 0.000000000000000000e+00 
1.651293016038835049e-03 2.057318110018968582e-03 2.620964311063289642e-03 2.714399015530943871e-03 3.640420734882354736e-03 3.554999595507979393e-03 3.757110564038157463e-03 4.447638522833585739e-03 4.999667871743440628e-03 5.487225018441677094e-03 7.571107242256402969e-03 1.517557073384523392e-02 1.899577304720878601e-02 9.227826260030269623e-03 2.171316929161548615e-02 9.302121587097644806e-03 8.029461838304996490e-03 6.513925734907388687e-03 5.063814576715230942e-03 4.211752209812402725e-03 3.216099925339221954e-03 1.719564432278275490e-03 0.000000000000000000e+00 0.000000000000000000e+00 
1.564855687320232391e-02 1.264160685241222382e-02 1.990958303213119507e-02 2.141416072845458984e-02 3.793238103389739990e-02 3.626960515975952148e-02 4.137137159705162048e-02 5.715925991535186768e-02 7.398246973752975464e-02 8.933475613594055176e-02 1.033391952514648438e-01 1.444822996854782104e-01 2.606790661811828613e-01 3.520255982875823975e-01 5.179174542427062988e-01 6.376889944076538086e-01 7.744416594505310059e-01 8.660376667976379395e-01 9.235200881958007812e-01 9.483656287193298340e-01 9.695854783058166504e-01 9.831111431121826172e-01 0.000000000000000000e+00 0.000000000000000000e+00 
1.643537660129368305e-03 2.042271429672837257e-03 2.601809799671173096e-03 2.689718268811702728e-03 3.614418208599090576e-03 3.530652727931737900e-03 3.722535679116845131e-03 4.422958940267562866e-03 4.963748157024383545e-03 5.463677458465099335e-03 7.537183817476034164e-03 1.510010566562414169e-02 1.894548535346984863e-02 9.209522977471351624e-03 2.170140668749809265e-02 9.315734729170799255e-03 8.059053681790828705e-03 6.555819883942604065e-03 5.100775510072708130e-03 4.249082412570714951e-03 3.250352805480360985e-03 1.734046498313546181e-03 0.000000000000000000e+00 0.000000000000000000e+00 
1.546655409038066864e-02 1.245931908488273621e-02 1.961449161171913147e-02 2.105543017387390137e-02 3.745540976524353027e-02 3.574779629707336426e-02 4.066465795040130615e-02 5.652178451418876648e-02 7.296504825353622437e-02 8.842909336090087891e-02 1.023245006799697876e-01 1.429273635149002075e-01 2.584683001041412354e-01 3.493030369281768799e-01 5.152302384376525879e-01 6.351445913314819336e-01 7.720046639442443848e-01 8.642120361328125000e-01 9.224753975868225098e-01 9.475966691970825195e-01 9.688980579376220703e-01 9.828402400016784668e-01 0.000000000000000000e+00 0.000000000000000000e+00 
1.636678702197968960e-03 2.028831047937273979e-03 2.584424568340182304e-03 2.667411463335156441e-03 3.590552834793925285e-03 3.509281203150749207e-03 3.690866287797689438e-03 4.400040023028850555e-03 4.929972812533378601e-03 5.442250519990921021e-03 7.505340036004781723e-03 1.503398455679416656e-02 1.889788731932640076e-02 9.192525409162044525e-03 2.168778143823146820e-02 9.328076615929603577e-03 8.088532835245132446e-03 6.596345920115709305e-03 5.134416744112968445e-03 4.282803274691104889e-03 3.284924430772662163e-03 1.748015754856169224e-03 0.000000000000000000e+00 0.000000000000000000e+00 
1.530261710286140442e-02 1.229166239500045776e-02 1.934120431542396545e-02 2.072061039507389069e-02 3.700187802314758301e-02 3.527161106467247009e-02 3.999815136194229126e-02 5.592183768749237061e-02 7.199253141880035400e-02 8.758766204118728638e-02 1.013653948903083801e-01 1.414816528558731079e-01 2.563918530941009521e-01 3.466657698154449463e-01 5.125486850738525391e-01 6.326492428779602051e-01 7.696436643600463867e-01 8.624579906463623047e-01 9.214630126953125000e-01 9.468570351600646973e-01 9.682083129882812500e-01 9.825705289840698242e-01 0.000000000000000000e+00 0.000000000000000000e+00 
1.630377955734729767e-03 2.016476821154356003e-03 2.568061929196119308e-03 2.646713517606258392e-03 3.568282118067145348e-03 3.490008646622300148e-03 3.661371534690260887e-03 4.378068260848522186e-03 4.897414240986108780e-03 5.422279704362154007e-03 7.474172394722700119e-03 1.497374847531318665e-02 1.885160990059375763e-02 9.176498278975486755e-03 2.167248912155628204e-02 9.340011514723300934e-03 8.117947727441787720e-03 6.635711994022130966e-03 5.165943875908851624e-03 4.314584657549858093e-03 3.320470452308654785e-03 1.761886524036526680e-03 0.000000000000000000e+00 0.000000000000000000e+00 
1.514184381812810898e-02 1.212212163954973221e-02 1.906731911003589630e-02 2.038395032286643982e-02 3.654428198933601379e-02 3.480819240212440491e-02 3.933608159422874451e-02 5.531800538301467896e-02 7.100499421358108521e-02 8.675489574670791626e-02 1.003942862153053284e-01 1.400475800037384033e-01 2.543197870254516602e-01 3.440013527870178223e-01 5.097144842147827148e-01 6.300755143165588379e-01 7.672617435455322266e-01 8.607233166694641113e-01 9.204309582710266113e-01 9.461269378662109375e-01 9.675008058547973633e-01 9.822874069213867188e-01 0.000000000000000000e+00 0.000000000000000000e+00 
1.623915391974151134e-03 2.003634581342339516e-03 2.551226643845438957e-03 2.625805791467428207e-03 3.546071937307715416e-03 3.471127711236476898e-03 3.632365958765149117e-03 4.355412442237138748e-03 4.864060785621404648e-03 5.402264650911092758e-03 7.441342342644929886e-03 1.491397619247436523e-02 1.880321651697158813e-02 9.160961955785751343e-03 2.165454439818859100e-02 9.352568536996841431e-03 8.148143067955970764e-03 6.674457807093858719e-03 5.197203252464532852e-03 4.345441237092018127e-03 3.358065383508801460e-03 1.776443095877766609e-03 0.000000000000000000e+00 0.000000000000000000e+00 
1.499231066554784775e-02 1.196236070245504379e-02 1.880505867302417755e-02 2.006627433001995087e-02 3.610884025692939758e-02 3.438415378332138062e-02 3.871505707502365112e-02 5.474366620182991028e-02 7.005657255649566650e-02 8.597344905138015747e-02 9.945676475763320923e-02 1.387047171592712402e-01 2.523536682128906250e-01 3.414409756660461426e-01 5.068594813346862793e-01 6.275554895401000977e-01 7.649650573730468750e-01 8.590765595436096191e-01 9.194180369377136230e-01 9.454268813133239746e-01 9.668045043945312500e-01 9.820044040679931641e-01 0.000000000000000000e+00 0.000000000000000000e+00 
1.617696019820868969e-03 1.991307362914085388e-03 2.534968545660376549e-03 2.605953486636281013e-03 3.525258274748921394e-03 3.453805344179272652e-03 3.605381818488240242e-03 4.333348479121923447e-03 4.831773228943347931e-03 5.383228883147239685e-03 7.408848032355308533e-03 1.485758554190397263e-02 1.875632442533969879e-02 9.146765805780887604e-03 2.163653448224067688e-02 9.365374222397804260e-03 8.177696727216243744e-03 6.710635963827371597e-03 5.227546207606792450e-03 4.374391399323940277e-03 3.396368352696299553e-03 1.791114220395684242e-03 0.000000000000000000e+00 0.000000000000000000e+00 
1.487404480576515198e-02 1.183853577822446823e-02 1.859400048851966858e-02 1.981127075850963593e-02 3.576078638434410095e-02 3.405224531888961792e-02 3.821554407477378845e-02 5.427148565649986267e-02 6.926871091127395630e-02 8.534064888954162598e-02 9.868079423904418945e-02 1.376121044158935547e-01 2.507357001304626465e-01 3.393058180809020996e-01 5.043618083000183105e-01 6.254097223281860352e-01 7.630254626274108887e-01 8.576828837394714355e-01 9.185444116592407227e-01 9.448238015174865723e-01 9.662074446678161621e-01 9.817579984664916992e-01 0.000000000000000000e+00 0.000000000000000000e+00 
1.612789696082472801e-03 1.981868641451001167e-03 2.522028982639312744e-03 2.590065356343984604e-03 3.509120550006628036e-03 3.440513275563716888e-03 3.584122983738780022e-03 4.315012134611606598e-03 4.804837983101606369e-03 5.367747973650693893e-03 7.381908129900693893e-03 1.481176260858774185e-02 1.871791854500770569e-02 9.135670959949493408e-03 2.162196859717369080e-02 9.376910515129566193e-03 8.203089237213134766e-03 6.740809883922338486e-03 5.253704730421304703e-03 4.398486111313104630e-03 3.430615179240703583e-03 1.804113388061523438e-03 0.000000000000000000e+00 0.000000000000000000e+00 
1.475591864436864853e-02 1.171080861240625381e-02 1.837952062487602234e-02 1.955325342714786530e-02 3.540807589888572693e-02 3.372289612889289856e-02 3.771185874938964844e-02 5.378461256623268127e-02 6.845771521329879761e-02 8.469949662685394287e-02 9.787549078464508057e-02 1.365070343017578125e-01 2.490794956684112549e-01 3.371587693691253662e-01 5.017323493957519531e-01 6.232037544250488281e-01 7.610409259796142578e-01 8.562620878219604492e-01 9.176342487335205078e-01 9.441986083984375000e-01 9.656035304069519043e-01 9.815043210983276367e-01 0.000000000000000000e+00 0.000000000000000000e+00 
1.607681857421994209e-03 1.971736783161759377e-03 2.508787438273429871e-03 2.573861274868249893e-03 3.492777235805988312e-03 3.427192568778991699e-03 3.562679514288902283e-03 4.295735154300928116e-03 4.776984918862581253e-03 5.351685453206300735e-03 7.353903725743293762e-03 1.476470287889242172e-02 1.867830753326416016e-02 9.125044569373130798e-03 2.160786278545856476e-02 9.389287792146205902e-03 8.229313418269157410e-03 6.770944688469171524e-03 5.281112156808376312e-03 4.422610625624656677e-03 3.466316731646656990e-03 1.817637821659445763e-03 0.000000000000000000e+00 0.000000000000000000e+00 
1.464834250509738922e-02 1.159391924738883972e-02 1.818368211388587952e-02 1.931476965546607971e-02 3.508524224162101746e-02 3.342692181468009949e-02 3.725074604153633118e-02 5.332722142338752747e-02 6.769561022520065308e-02 8.410809189081192017e-02 9.712436795234680176e-02 1.354903876781463623e-01 2.475515156984329224e-01 3.351669907569885254e-01 4.991864562034606934e-01 6.211150288581848145e-01 7.591702938079833984e-01 8.549113273620605469e-01 9.167607426643371582e-01 9.435896277427673340e-01 9.650464653968811035e-01 9.812631011009216309e-01 0.000000000000000000e+00 0.000000000000000000e+00 
1.602937001734972000e-03 1.962296897545456886e-03 2.496791537851095200e-03 2.558839507400989532e-03 3.477929625660181046e-03 3.415255574509501457e-03 3.543355269357562065e-03 4.277441650629043579e-03 4.750729072839021683e-03 5.336599890142679214e-03 7.328060455620288849e-03 1.472029741853475571e-02 1.864206232130527496e-02 9.115552529692649841e-03 2.159582823514938354e-02 9.401479735970497131e-03 8.254128508269786835e-03 6.799213122576475143e-03 5.307856015861034393e-03 4.445652477443218231e-03 3.500136779621243477e-03 1.830517547205090523e-03 0.000000000000000000e+00 0.000000000000000000e+00 
1.455146446824073792e-02 1.148920319974422455e-02 1.800801418721675873e-02 1.909861154854297638e-02 3.479337692260742188e-02 3.316311538219451904e-02 3.683522343635559082e-02 5.290552973747253418e-02 6.699068844318389893e-02 8.357103168964385986e-02 9.644072502851486206e-02 1.345760226249694824e-01 2.461720556020736694e-01 3.333601057529449463e-01 4.967809617519378662e-01 6.191926598548889160e-01 7.574486136436462402e-01 8.536537289619445801e-01 9.159451127052307129e-01 9.430047869682312012e-01 9.645386934280395508e-01 9.810368418693542480e-01 0.000000000000000000e+00 0.000000000000000000e+00 
1.598577015101909637e-03 1.953743631020188332e-03 2.486103679984807968e-03 2.545265015214681625e-03 3.464616136625409126e-03 3.404716262593865395e-03 3.526208689436316490e-03 4.260400310158729553e-03 4.726364277303218842e-03 5.322677083313465118e-03 7.304901722818613052e-03 1.467935275286436081e-02 1.860903017222881317e-02 9.107181802392005920e-03 2.158637903630733490e-02 9.412936866283416748e-03 8.276942186057567596e-03 6.825218908488750458e-03 5.333321634680032730e-03 4.467700608074665070e-03 3.531473223119974136e-03 1.842448604293167591e-03 0.000000000000000000e+00 0.000000000000000000e+00 
1.447358727455139160e-02 1.140688825398683548e-02 1.786624081432819366e-02 1.892432570457458496e-02 3.456043452024459839e-02 3.295478224754333496e-02 3.650185838341712952e-02 5.255895853042602539e-02 6.640444695949554443e-02 8.313428610563278198e-02 9.588319808244705200e-02 1.338363587856292725e-01 2.450424730777740479e-01 3.318696618080139160e-01 4.947398602962493896e-01 6.175867319107055664e-01 7.560001015663146973e-01 8.525823950767517090e-01 9.152495265007019043e-01 9.424927830696105957e-01 9.641132950782775879e-01 9.808424115180969238e-01 0.000000000000000000e+00 0.000000000000000000e+00 
1.595141366124153137e-03 1.947114011272788048e-03 2.477694768458604813e-03 2.534453524276614189e-03 3.454282181337475777e-03 3.396649379283189774e-03 3.512832336127758026e-03 4.246498458087444305e-03 4.706242587417364120e-03 5.311333574354648590e-03 7.286539301276206970e-03 1.464577578008174896e-02 1.858210563659667969e-02 9.100646711885929108e-03 2.158056199550628662e-02 9.422752074897289276e-03 8.296180516481399536e-03 6.847348995506763458e-03 5.355483386665582657e-03 4.487389698624610901e-03 3.558102762326598167e-03 1.852578250691294670e-03 0.000000000000000000e+00 0.000000000000000000e+00 
1.434153132140636444e-02 1.124857645481824875e-02 1.762746460735797882e-02 1.862545683979988098e-02 3.416104242205619812e-02 3.260826691985130310e-02 3.596258535981178284e-02 5.197501927614212036e-02 6.545664370059967041e-02 8.241311460733413696e-02 9.496978670358657837e-02 1.326109319925308228e-01 2.432308048009872437e-01 3.295800387859344482e-01 4.915860891342163086e-01 6.151015758514404297e-01 7.537984848022460938e-01 8.509714603424072266e-01 9.142084121704101562e-01 9.417523145675659180e-01 9.635189175605773926e-01 9.805536270141601562e-01 0.000000000000000000e+00 0.000000000000000000e+00 
1.588389626704156399e-03 1.932536950334906578e-03 2.462668810039758682e-03 2.515160944312810898e-03 3.434817539528012276e-03 3.381653456017374992e-03 3.490219824016094208e-03 4.221988376230001450e-03 4.673605784773826599e-03 5.290978122502565384e-03 7.255412638187408447e-03 1.458668150007724762e-02 1.853520236909389496e-02 9.089371189475059509e-03 2.156944572925567627e-02 9.437046945095062256e-03 8.324257098138332367e-03 6.879615597426891327e-03 5.388725548982620239e-03 4.516055341809988022e-03 3.594991052523255348e-03 1.867016893811523914e-03 0.000000000000000000e+00 0.000000000000000000e+00 
1.425657048821449280e-02 1.115101296454668045e-02 1.747662387788295746e-02 1.843264885246753693e-02 3.390798717737197876e-02 3.239199891686439514e-02 3.561731427907943726e-02 5.158269032835960388e-02 6.481445580720901489e-02 8.193436264991760254e-02 9.437511861324310303e-02 1.317941546440124512e-01 2.420052587985992432e-01 3.280228972434997559e-01 4.893422126770019531e-01 6.133596897125244141e-01 7.522296309471130371e-01 8.498094677925109863e-01 9.134776592254638672e-01 9.412177801132202148e-01 9.630947113037109375e-01 9.803391695022583008e-01 0.000000000000000000e+00 0.000000000000000000e+00 
1.584146753884851933e-03 1.923600677400827408e-03 2.453606342896819115e-03 2.502926858142018318e-03 3.422838170081377029e-03 3.372582839801907539e-03 3.476134035736322403e-03 4.205695819109678268e-03 4.651686176657676697e-03 5.277377553284168243e-03 7.235767319798469543e-03 1.454603299498558044e-02 1.850358583033084869e-02 9.081858210265636444e-03 2.156417071819305420e-02 9.447086602449417114e-03 8.344083093106746674e-03 6.902633234858512878e-03 5.412638187408447266e-03 4.537274129688739777e-03 3.621604526415467262e-03 1.877720118500292301e-03 0.000000000000000000e+00 0.000000000000000000e+00 
1.416079886257648468e-02 1.103776134550571442e-02 1.731147803366184235e-02 1.822301000356674194e-02 3.362735733389854431e-02 3.215857967734336853e-02 3.523589670658111572e-02 5.113711208105087280e-02 6.409107148647308350e-02 8.139445632696151733e-02 9.371697157621383667e-02 1.308581829071044922e-01 2.406294196844100952e-01 3.262994587421417236e-01 4.868052601814270020e-01 6.114220619201660156e-01 7.504697442054748535e-01 8.485339879989624023e-01 9.126796722412109375e-01 9.406368136405944824e-01 9.626423120498657227e-01 9.801058769226074219e-01 0.000000000000000000e+00 0.000000000000000000e+00 
1.579086529091000557e-03 1.912787090986967087e-03 2.443618839606642723e-03 2.489642705768346786e-03 3.409047611057758331e-03 3.362575545907020569e-03 3.460148349404335022e-03 4.187068436294794083e-03 4.627147689461708069e-03 5.261545069515705109e-03 7.214060053229331970e-03 1.449785754084587097e-02 1.846725679934024811e-02 9.073227643966674805e-03 2.155882120132446289e-02 9.458005428314208984e-03 8.365779183804988861e-03 6.927270907908678055e-03 5.438732448965311050e-03 4.560421220958232880e-03 3.650073660537600517e-03 1.889353850856423378e-03 0.000000000000000000e+00 0.000000000000000000e+00 
1.411134656518697739e-02 1.098471321165561676e-02 1.722751744091510773e-02 1.811324246227741241e-02 3.348765894770622253e-02 3.204412758350372314e-02 3.503804281353950500e-02 5.089796334505081177e-02 6.368928402662277222e-02 8.110440522432327271e-02 9.337056428194046021e-02 1.303503513336181641e-01 2.398689389228820801e-01 3.253235518932342529e-01 4.853048026561737061e-01 6.102822422981262207e-01 7.493962049484252930e-01 8.477385044097900391e-01 9.121984243392944336e-01 9.402653574943542480e-01 9.623568654060363770e-01 9.799555540084838867e-01 0.000000000000000000e+00 0.000000000000000000e+00 
1.576773123815655708e-03 1.908106845803558826e-03 2.439055591821670532e-03 2.482965588569641113e-03 3.402859671041369438e-03 3.358240937814116478e-03 3.452431643381714821e-03 4.177513532340526581e-03 4.613910336047410965e-03 5.253340117633342743e-03 7.203305140137672424e-03 1.447110250592231750e-02 1.844811253249645233e-02 9.068784303963184357e-03 2.155836299061775208e-02 9.464744478464126587e-03 8.379037491977214813e-03 6.942555774003267288e-03 5.454853642731904984e-03 4.575467202812433243e-03 3.668342716991901398e-03 1.897027716040611267e-03 0.000000000000000000e+00 0.000000000000000000e+00 
1.406542956829071045e-02 1.093426346778869629e-02 1.715065911412239075e-02 1.801105961203575134e-02 3.336000442504882812e-02 3.194102644920349121e-02 3.486013039946556091e-02 5.067620053887367249e-02 6.332134455442428589e-02 8.083758503198623657e-02 9.305466711521148682e-02 1.298759430646896362e-01 2.391713857650756836e-01 3.244348466396331787e-01 4.839223027229309082e-01 6.092330217361450195e-01 7.484011650085449219e-01 8.469983339309692383e-01 9.117603302001953125e-01 9.399293661117553711e-01 9.621042013168334961e-01 9.798178672790527344e-01 0.000000000000000000e+00 0.000000000000000000e+00 
1.574606401845812798e-03 1.903595752082765102e-03 2.434947295114398003e-03 2.476754365488886833e-03 3.397212130948901176e-03 3.354302607476711273e-03 3.445488167926669121e-03 4.168750718235969543e-03 4.601976368576288223e-03 5.245747976005077362e-03 7.193529512733221054e-03 1.444578357040882111e-02 1.843052357435226440e-02 9.064724668860435486e-03 2.155834250152111053e-02 9.470985271036624908e-03 8.391103707253932953e-03 6.956625729799270630e-03 5.469489842653274536e-03 4.589044954627752304e-03 3.684767289087176323e-03 1.904161763377487659e-03 0.000000000000000000e+00 0.000000000000000000e+00 
1.403417345136404037e-02 1.090487558394670486e-02 1.709995046257972717e-02 1.794206164777278900e-02 3.327850252389907837e-02 3.187615424394607544e-02 3.473836183547973633e-02 5.052147060632705688e-02 6.305311620235443115e-02 8.064854145050048828e-02 9.283737838268280029e-02 1.295373439788818359e-01 2.386700809001922607e-01 3.237783312797546387e-01 4.828746318817138672e-01 6.084373593330383301e-01 7.476184368133544922e-01 8.464063405990600586e-01 9.114200472831726074e-01 9.396567344665527344e-01 9.619047045707702637e-01 9.797072410583496094e-01 0.000000000000000000e+00 0.000000000000000000e+00 
1.573326298967003822e-03 1.901336479932069778e-03 2.432589186355471611e-03 2.472763182595372200e-03 3.394124098122119904e-03 3.352286294102668762e-03 3.441086970269680023e-03 4.162944387644529343e-03 4.593570251017808914e-03 5.240611266344785690e-03 7.187321782112121582e-03 1.442748773843050003e-02 1.841860823333263397e-02 9.062060154974460602e-03 2.155982330441474915e-02 9.475875645875930786e-03 8.400622755289077759e-03 6.967832334339618683e-03 5.481006111949682236e-03 4.600197076797485352e-03 3.698092186823487282e-03 1.910018734633922577e-03 0.000000000000000000e+00 0.000000000000000000e+00 
1.399163529276847839e-02 1.085869409143924713e-02 1.703150197863578796e-02 1.784930005669593811e-02 3.316431865096092224e-02 3.178513050079345703e-02 3.457861393690109253e-02 5.031745135784149170e-02 6.271846592426300049e-02 8.039809018373489380e-02 9.255204349756240845e-02 1.290910094976425171e-01 2.380308061838150024e-01 3.229796886444091797e-01 4.816146790981292725e-01 6.074739098548889160e-01 7.466858625411987305e-01 8.457043766975402832e-01 9.110189676284790039e-01 9.393452405929565430e-01 9.616851806640625000e-01 9.795810580253601074e-01 0.000000000000000000e+00 0.000000000000000000e+00 
1.571262953802943230e-03 1.897253445349633694e-03 2.429035957902669907e-03 2.467140555381774902e-03 3.389061661437153816e-03 3.348792204633355141e-03 3.434819169342517853e-03 4.154952242970466614e-03 4.582898225635290146e-03 5.233342759311199188e-03 7.178602740168571472e-03 1.440297625958919525e-02 1.840238086879253387e-02 9.058344177901744843e-03 2.156004309654235840e-02 9.481493383646011353e-03 8.411627262830734253e-03 6.980846635997295380e-03 5.494277924299240112e-03 4.612629767507314682e-03 3.712855279445648193e-03 1.916614244692027569e-03 0.000000000000000000e+00 0.000000000000000000e+00 
1.400338113307952881e-02 1.088809221982955933e-02 1.705565489828586578e-02 1.787499338388442993e-02 3.321424126625061035e-02 3.182807192206382751e-02 3.462133184075355530e-02 5.035830289125442505e-02 6.275355815887451172e-02 8.044444769620895386e-02 9.262516349554061890e-02 1.291585415601730347e-01 2.381200194358825684e-01 3.229902982711791992e-01 4.815604388713836670e-01 6.074322462081909180e-01 7.465885281562805176e-01 8.456255793571472168e-01 9.109871387481689453e-01 9.392964839935302734e-01 9.616484642028808594e-01 9.795660376548767090e-01 0.000000000000000000e+00 0.000000000000000000e+00 
1.572698121890425682e-03 1.901239505968987942e-03 2.431688830256462097e-03 2.469507977366447449e-03 3.393514547497034073e-03 3.352129366248846054e-03 3.438005689531564713e-03 4.157871473580598831e-03 4.585057031363248825e-03 5.235956981778144836e-03 7.182953413575887680e-03 1.440715789794921875e-02 1.840772107243537903e-02 9.059928357601165771e-03 2.156487852334976196e-02 9.482661262154579163e-03 8.413480594754219055e-03 6.982879247516393661e-03 5.496079102158546448e-03 4.615436308085918427e-03 3.716026898473501205e-03 1.917915302328765392e-03 0.000000000000000000e+00 0.000000000000000000e+00 
1.406467612832784653e-02 1.098615396767854691e-02 1.716646179556846619e-02 1.801234297454357147e-02 3.341331332921981812e-02 3.199597820639610291e-02 3.485328331589698792e-02 5.062556266784667969e-02 6.313507258892059326e-02 8.076354116201400757e-02 9.303145110607147217e-02 1.296927928924560547e-01 2.388871908187866211e-01 3.237411975860595703e-01 4.826206564903259277e-01 6.082358360290527344e-01 7.472687363624572754e-01 8.461388945579528809e-01 9.113003611564636230e-01 9.394994378089904785e-01 9.617807865142822266e-01 9.796574115753173828e-01 0.000000000000000000e+00 0.000000000000000000e+00 
1.577282557263970375e-03 1.912461477331817150e-03 2.440201351419091225e-03 2.479466842487454414e-03 3.406676929444074631e-03 3.361744340509176254e-03 3.450082847848534584e-03 4.170908592641353607e-03 4.599193576723337173e-03 5.247657187283039093e-03 7.199533749371767044e-03 1.443757861852645874e-02 1.843308284878730774e-02 9.066428989171981812e-03 2.157388255000114441e-02 9.479872882366180420e-03 8.406959474086761475e-03 6.974628195166587830e-03 5.487234797328710556e-03 4.609141498804092407e-03 3.708334639668464661e-03 1.914174412377178669e-03 0.000000000000000000e+00 0.000000000000000000e+00 
1.385981123894453049e-02 1.069702114909887314e-02 1.683452166616916656e-02 1.757666096091270447e-02 3.281697258353233337e-02 3.151585534214973450e-02 3.412310779094696045e-02 4.969869926571846008e-02 6.177830696105957031e-02 7.963550090789794922e-02 9.172609448432922363e-02 1.276958584785461426e-01 2.361700683832168579e-01 3.206555545330047607e-01 4.779824912548065186e-01 6.046461462974548340e-01 7.439770698547363281e-01 8.437313437461853027e-01 9.099252223968505859e-01 9.385369420051574707e-01 9.611523151397705078e-01 9.792648553848266602e-01 0.000000000000000000e+00 0.000000000000000000e+00 
1.564369071274995804e-03 1.881651696749031544e-03 2.419019117951393127e-03 2.450968837365508080e-03 3.372903214767575264e-03 3.336992580443620682e-03 3.416206920519471169e-03 4.131117835640907288e-03 4.553398583084344864e-03 5.210938863456249237e-03 7.153139449656009674e-03 1.432586088776588440e-02 1.835446059703826904e-02 9.046840481460094452e-03 2.155753783881664276e-02 9.497836232185363770e-03 8.443290367722511292e-03 7.017950993031263351e-03 5.529987625777721405e-03 4.644692409783601761e-03 3.749676980078220367e-03 1.933407271280884743e-03 0.000000000000000000e+00 0.000000000000000000e+00 
1.384008768945932388e-02 1.068285666406154633e-02 1.680872961878776550e-02 1.753644272685050964e-02 3.277606889605522156e-02 3.148657828569412231e-02 3.405290469527244568e-02 4.959862306714057922e-02 6.161025539040565491e-02 7.951211184263229370e-02 9.160046279430389404e-02 1.274617761373519897e-01 2.358517497777938843e-01 3.202286064624786377e-01 4.772647023200988770e-01 6.040832996368408203e-01 7.433820366859436035e-01 8.432802557945251465e-01 9.096878767013549805e-01 9.383367896080017090e-01 9.610345959663391113e-01 9.791909456253051758e-01 0.000000000000000000e+00 0.000000000000000000e+00 
1.563641708344221115e-03 1.880840631201863289e-03 2.418268704786896706e-03 2.448909683153033257e-03 3.371881786733865738e-03 3.336421214044094086e-03 3.413797589018940926e-03 4.127820488065481186e-03 4.548578057438135147e-03 5.207845941185951233e-03 7.150236051529645920e-03 1.431238465011119843e-02 1.834753155708312988e-02 9.045326150953769684e-03 2.155934087932109833e-02 9.501289576292037964e-03 8.450416848063468933e-03 7.026470731943845749e-03 5.537877790629863739e-03 4.652843344956636429e-03 3.758118953555822372e-03 1.937420922331511974e-03 0.000000000000000000e+00 0.000000000000000000e+00 
1.382816117256879807e-02 1.068197749555110931e-02 1.679598167538642883e-02 1.751287840306758881e-02 3.275991976261138916e-02 3.147710859775543213e-02 3.400913625955581665e-02 4.953255131840705872e-02 6.149107590317726135e-02 7.943236082792282104e-02 9.152283519506454468e-02 1.273007094860076904e-01 2.356371730566024780e-01 3.199106454849243164e-01 4.767116904258728027e-01 6.036445498466491699e-01 7.428891658782958984e-01 8.429031372070312500e-01 9.094917178153991699e-01 9.381616115570068359e-01 9.609360098838806152e-01 9.791287183761596680e-01 0.000000000000000000e+00 0.000000000000000000e+00 
1.563449855893850327e-03 1.881549484096467495e-03 2.418394898995757103e-03 2.447994425892829895e-03 3.372380044311285019e-03 3.336982801556587219e-03 3.412697697058320045e-03 4.126061685383319855e-03 4.545532632619142532e-03 5.206307861953973770e-03 7.149212528020143509e-03 1.430291961878538132e-02 1.834388822317123413e-02 9.044664911925792694e-03 2.156224474310874939e-02 9.504178538918495178e-03 8.456522598862648010e-03 7.033701986074447632e-03 5.544513463973999023e-03 4.660171456634998322e-03 3.765312954783439636e-03 1.940873917192220688e-03 0.000000000000000000e+00 0.000000000000000000e+00 
1.383693888783454895e-02 1.070954091846942902e-02 1.681659184396266937e-02 1.753325201570987701e-02 3.280581906437873840e-02 3.151685744524002075e-02 3.403975442051887512e-02 4.956158995628356934e-02 6.151153519749641418e-02 7.946914434432983398e-02 9.157960861921310425e-02 1.273463815450668335e-01 2.357075661420822144e-01 3.199077546596527100e-01 4.766370654106140137e-01 6.035786867141723633e-01 7.427437305450439453e-01 8.427861332893371582e-01 9.094406366348266602e-01 9.380916953086853027e-01 9.608989953994750977e-01 9.791085720062255859e-01 0.000000000000000000e+00 0.000000000000000000e+00 
1.564627280458807945e-03 1.885379664599895477e-03 2.420684788376092911e-03 2.449988154694437981e-03 3.376565873622894287e-03 3.340185387060046196e-03 3.415186423808336258e-03 4.128424916416406631e-03 4.547262564301490784e-03 5.208608694374561310e-03 7.153174839913845062e-03 1.430536340922117233e-02 1.834856346249580383e-02 9.046194143593311310e-03 2.156693302094936371e-02 9.505330584943294525e-03 8.458931930363178253e-03 7.036243565380573273e-03 5.546746775507926941e-03 4.663709551095962524e-03 3.768480150029063225e-03 1.942325732670724392e-03 0.000000000000000000e+00 0.000000000000000000e+00 
1.384501997381448746e-02 1.073445286601781845e-02 1.683617010712623596e-02 1.755260862410068512e-02 3.284933418035507202e-02 3.155498206615447998e-02 3.406881168484687805e-02 4.959001019597053528e-02 6.153382733464241028e-02 7.950400561094284058e-02 9.163389354944229126e-02 1.273925155401229858e-01 2.357802391052246094e-01 3.199105560779571533e-01 4.765810072422027588e-01 6.035227179527282715e-01 7.426136136054992676e-01 8.426790237426757812e-01 9.093952178955078125e-01 9.380283355712890625e-01 9.608666896820068359e-01 9.790907502174377441e-01 0.000000000000000000e+00 0.000000000000000000e+00 
1.565748942084610462e-03 1.888932776637375355e-03 2.422901801764965057e-03 2.451929962262511253e-03 3.380605252459645271e-03 3.343253396451473236e-03 3.417585510760545731e-03 4.130789544433355331e-03 4.549045581370592117e-03 5.210819188505411148e-03 7.157071493566036224e-03 1.430799905210733414e-02 1.835319586098194122e-02 9.047765284776687622e-03 2.157141268253326416e-02 9.506445378065109253e-03 8.461209945380687714e-03 7.038641721010208130e-03 5.548823624849319458e-03 4.667006433010101318e-03 3.771322080865502357e-03 1.943652867339551449e-03 0.000000000000000000e+00 0.000000000000000000e+00 
1.382381934672594070e-02 1.071821711957454681e-02 1.680958271026611328e-02 1.751244999468326569e-02 3.280807659029960632e-02 3.152591362595558167e-02 3.399301692843437195e-02 4.948792606592178345e-02 6.136805936694145203e-02 7.938116788864135742e-02 9.150260686874389648e-02 1.271523535251617432e-01 2.354672998189926147e-01 3.194966912269592285e-01 4.758898019790649414e-01 6.029783487319946289e-01 7.420222759246826172e-01 8.422279357910156250e-01 9.091581106185913086e-01 9.378308653831481934e-01 9.607617259025573730e-01 9.790187478065490723e-01 0.000000000000000000e+00 0.000000000000000000e+00 
1.564891659654676914e-03 1.888004131615161896e-03 2.422088757157325745e-03 2.450021216645836830e-03 3.379533998668193817e-03 3.342691576108336449e-03 3.414847189560532570e-03 4.127541091293096542e-03 4.544442053884267807e-03 5.207806825637817383e-03 7.154139690101146698e-03 1.429412420839071274e-02 1.834649033844470978e-02 9.046445600688457489e-03 2.157318219542503357e-02 9.509827941656112671e-03 8.468551561236381531e-03 7.047306746244430542e-03 5.556706339120864868e-03 4.675195552408695221e-03 3.778831101953983307e-03 1.947455224581062794e-03 0.000000000000000000e+00 0.000000000000000000e+00 
1.378850825130939484e-02 1.068165339529514313e-02 1.676215231418609619e-02 1.744481362402439117e-02 3.272667527198791504e-02 3.146515041589736938e-02 3.386739641427993774e-02 4.932528734207153320e-02 6.112014874815940857e-02 7.918526977300643921e-02 9.128633886575698853e-02 1.267743110656738281e-01 2.349800616502761841e-01 3.188968896865844727e-01 4.749205708503723145e-01 6.022164821624755859e-01 7.412293553352355957e-01 8.416252136230468750e-01 9.088359475135803223e-01 9.375745058059692383e-01 9.606299996376037598e-01 9.789234399795532227e-01 0.000000000000000000e+00 0.000000000000000000e+00 
1.563049503602087498e-03 1.884835655800998211e-03 2.419890137389302254e-03 2.446367871016263962e-03 3.375994507223367691e-03 3.340301802381873131e-03 3.409560071304440498e-03 4.121732432395219803e-03 4.537020809948444366e-03 5.202340893447399139e-03 7.147972472012042999e-03 1.427224744111299515e-02 1.833455637097358704e-02 9.043761529028415680e-03 2.157349139451980591e-02 9.514188393950462341e-03 8.478131145238876343e-03 7.058848161250352859e-03 5.567159038037061691e-03 4.685604479163885117e-03 3.787962254136800766e-03 1.952291117049753666e-03 0.000000000000000000e+00 0.000000000000000000e+00 
1.376650203019380569e-02 1.066444814205169678e-02 1.673645339906215668e-02 1.740572601556777954e-02 3.268455713987350464e-02 3.143613040447235107e-02 3.378865867853164673e-02 4.922275245189666748e-02 6.095917522907257080e-02 7.906130701303482056e-02 9.115356206893920898e-02 1.265282034873962402e-01 2.346623390913009644e-01 3.184874951839447021e-01 4.742354154586791992e-01 6.016766428947448730e-01 7.406374216079711914e-01 8.411710858345031738e-01 9.085977673530578613e-01 9.373767375946044922e-01 9.605325460433959961e-01 9.788510799407958984e-01 0.000000000000000000e+00 0.000000000000000000e+00 
1.562071498483419418e-03 1.883756020106375217e-03 2.419080352410674095e-03 2.444581594318151474e-03 3.374758642166852951e-03 3.339604707434773445e-03 3.406496020033955574e-03 4.118509124964475632e-03 4.532519262284040451e-03 5.199230741709470749e-03 7.144866045564413071e-03 1.425769180059432983e-02 1.832740381360054016e-02 9.042369201779365540e-03 2.157481759786605835e-02 9.517482481896877289e-03 8.485469967126846313e-03 7.067686878144741058e-03 5.575042217969894409e-03 4.693927709013223648e-03 3.794836113229393959e-03 1.956019317731261253e-03 0.000000000000000000e+00 0.000000000000000000e+00 
1.375926472246646881e-02 1.066903118044137955e-02 1.673427037894725800e-02 1.739673130214214325e-02 3.268583863973617554e-02 3.144134581089019775e-02 3.376172482967376709e-02 4.918697476387023926e-02 6.089230999350547791e-02 7.901772111654281616e-02 9.111268073320388794e-02 1.264259219169616699e-01 2.345401495695114136e-01 3.182906210422515869e-01 4.738748073577880859e-01 6.013854742050170898e-01 7.402770519256591797e-01 8.408902287483215332e-01 9.084551930427551270e-01 9.372468590736389160e-01 9.604706764221191406e-01 9.788058400154113770e-01 0.000000000000000000e+00 0.000000000000000000e+00 
1.562088727951049805e-03 1.885059173218905926e-03 2.419805852696299553e-03 2.444760408252477646e-03 3.376194275915622711e-03 3.340802853927016258e-03 3.406005445867776871e-03 4.118189681321382523e-03 4.531255457550287247e-03 5.198803730309009552e-03 7.145232055336236954e-03 1.425147335976362228e-02 1.832620054483413696e-02 9.042581543326377869e-03 2.157760970294475555e-02 9.519652463495731354e-03 8.490318432450294495e-03 7.073372602462768555e-03 5.580050870776176453e-03 4.699843004345893860e-03 3.799454309046268463e-03 1.958482665941119194e-03 0.000000000000000000e+00 0.000000000000000000e+00 
1.375585049390792847e-02 1.067980378866195679e-02 1.673928275704383850e-02 1.739724166691303253e-02 3.269975632429122925e-02 3.145699948072433472e-02 3.375118225812911987e-02 4.917193949222564697e-02 6.085930019617080688e-02 7.899861037731170654e-02 9.110023826360702515e-02 1.263701468706130981e-01 2.344923466444015503e-01 3.181692957878112793e-01 4.736266434192657471e-01 6.011900305747985840e-01 7.400125265121459961e-01 8.406875133514404297e-01 9.083548784255981445e-01 9.371511936187744141e-01 9.604265689849853516e-01 9.787747263908386230e-01 0.000000000000000000e+00 0.000000000000000000e+00 
1.562356832437217236e-03 1.887028338387608528e-03 2.421004232019186020e-03 2.445560647174715996e-03 3.378374269232153893e-03 3.342546289786696434e-03 3.406336065381765366e-03 4.118764307349920273e-03 4.531170241534709930e-03 5.199206992983818054e-03 7.146646268665790558e-03 1.424822676926851273e-02 1.832728274166584015e-02 9.043360128998756409e-03 2.158069238066673279e-02 9.521449916064739227e-03 8.494150824844837189e-03 7.077655754983425140e-03 5.583798978477716446e-03 4.704502411186695099e-03 3.802953986451029778e-03 1.960284076631069183e-03 0.000000000000000000e+00 0.000000000000000000e+00 
1.374087203294038773e-02 1.067368965595960617e-02 1.672643981873989105e-02 1.737446337938308716e-02 3.268016874790191650e-02 3.144590556621551514e-02 3.369826823472976685e-02 4.910502955317497253e-02 6.075222045183181763e-02 7.891619950532913208e-02 9.101332724094390869e-02 1.261949241161346436e-01 2.342850267887115479e-01 3.178814351558685303e-01 4.731168746948242188e-01 6.007953286170959473e-01 7.395529150962829590e-01 8.403386473655700684e-01 9.081746935844421387e-01 9.369981288909912109e-01 9.603554606437683105e-01 9.787191152572631836e-01 0.000000000000000000e+00 0.000000000000000000e+00 
1.561820856295526028e-03 1.887194695882499218e-03 2.421028446406126022e-03 2.444912912324070930e-03 3.378517925739288330e-03 3.342785639688372612e-03 3.404553281143307686e-03 4.117157310247421265e-03 4.528592806309461594e-03 5.197544582188129425e-03 7.145275827497243881e-03 1.423804368823766708e-02 1.832359097898006439e-02 9.042930789291858673e-03 2.158261463046073914e-02 9.524155408143997192e-03 8.500076830387115479e-03 7.084714714437723160e-03 5.589968990534543991e-03 4.711330402642488480e-03 3.808097913861274719e-03 1.963143935427069664e-03 0.000000000000000000e+00 0.000000000000000000e+00 
1.372394524514675140e-02 1.066469680517911911e-02 1.671003364026546478e-02 1.734751276671886444e-02 3.265462815761566162e-02 3.142899647355079651e-02 3.363635763525962830e-02 4.902778193354606628e-02 6.063045561313629150e-02 7.882369309663772583e-02 9.091117233037948608e-02 1.260015070438385010e-01 2.340447455644607544e-01 3.175671994686126709e-01 4.725622534751892090e-01 6.003648638725280762e-01 7.390537858009338379e-01 8.399541974067687988e-01 9.079747200012207031e-01 9.368286132812500000e-01 9.602786898612976074e-01 9.786557555198669434e-01 0.000000000000000000e+00 0.000000000000000000e+00 
1.561134704388678074e-03 1.887087128125131130e-03 2.420788630843162537e-03 2.443992765620350838e-03 3.378224559128284454e-03 3.342671087011694908e-03 3.402266884222626686e-03 4.115080926567316055e-03 4.525506868958473206e-03 5.195490550249814987e-03 7.143266964703798294e-03 1.422656420618295670e-02 1.831876672804355621e-02 9.042263962328433990e-03 2.158437483012676239e-02 9.526941925287246704e-03 8.506342768669128418e-03 7.092431187629699707e-03 5.596740171313285828e-03 4.718766082078218460e-03 3.813525661826133728e-03 1.966320211067795753e-03 0.000000000000000000e+00 0.000000000000000000e+00 
1.370946317911148071e-02 1.065813191235065460e-02 1.669812388718128204e-02 1.732643321156501770e-02 3.263579681515693665e-02 3.141830116510391235e-02 3.358313441276550293e-02 4.896168038249015808e-02 6.052688136696815491e-02 7.874509692192077637e-02 9.082420915365219116e-02 1.258342862129211426e-01 2.338442951440811157e-01 3.172932267189025879e-01 4.720677435398101807e-01 5.999832749366760254e-01 7.386018633842468262e-01 8.396086096763610840e-01 9.077959060668945312e-01 9.366763830184936523e-01 9.602113962173461914e-01 9.785990118980407715e-01 0.000000000000000000e+00 0.000000000000000000e+00 
1.560605131089687347e-03 1.887273043394088745e-03 2.420821459963917732e-03 2.443471690639853477e-03 3.378337249159812927e-03 3.342858515679836273e-03 3.400410758331418037e-03 4.113528877496719360e-03 4.523037467151880264e-03 5.193892866373062134e-03 7.141844835132360458e-03 1.421686448156833649e-02 1.831510104238986969e-02 9.041918441653251648e-03 2.158637717366218567e-02 9.529518894851207733e-03 8.512112312018871307e-03 7.099475245922803879e-03 5.602881312370300293e-03 4.725595470517873764e-03 3.818327561020851135e-03 1.969169359654188156e-03 0.000000000000000000e+00 0.000000000000000000e+00 
1.366391591727733612e-02 1.060620974749326706e-02 1.664288155734539032e-02 1.725015416741371155e-02 3.252939134836196899e-02 3.134219348430633545e-02 3.342447057366371155e-02 4.876483604311943054e-02 6.025004759430885315e-02 7.850778847932815552e-02 9.055568277835845947e-02 1.253496557474136353e-01 2.332586199045181274e-01 3.165995180606842041e-01 4.709220528602600098e-01 5.991111397743225098e-01 7.376925945281982422e-01 8.389470577239990234e-01 9.074416756629943848e-01 9.364179968833923340e-01 9.600915908813476562e-01 9.784973859786987305e-01 0.000000000000000000e+00 0.000000000000000000e+00 
1.557862618938088417e-03 1.882383367046713829e-03 2.418005140498280525e-03 2.439559204503893852e-03 3.373026847839355469e-03 3.338992828503251076e-03 3.393146675080060959e-03 4.106585867702960968e-03 4.514616448432207108e-03 5.187162663787603378e-03 7.133597508072853088e-03 1.418945938348770142e-02 1.829964295029640198e-02 9.038298390805721283e-03 2.158527821302413940e-02 9.534464217722415924e-03 8.522833697497844696e-03 7.112807594239711761e-03 5.614318884909152985e-03 4.736361559480428696e-03 3.826224710792303085e-03 1.973966835066676140e-03 0.000000000000000000e+00 0.000000000000000000e+00 
1.365602761507034302e-02 1.060835272073745728e-02 1.664272136986255646e-02 1.724454946815967560e-02 3.252830356359481812e-02 3.134818002581596375e-02 3.339549526572227478e-02 4.872927069664001465e-02 6.019564345479011536e-02 7.846710085868835449e-02 9.050826728343963623e-02 1.252485960721969604e-01 2.331535071134567261e-01 3.164258897304534912e-01 4.705812931060791016e-01 5.988509058952331543e-01 7.373557090759277344e-01 8.386929631233215332e-01 9.073128700256347656e-01 9.363061785697937012e-01 9.600442647933959961e-01 9.784556627273559570e-01 0.000000000000000000e+00 0.000000000000000000e+00 
1.557731535285711288e-03 1.883461140096187592e-03 2.418760908767580986e-03 2.440041163936257362e-03 3.374156076461076736e-03 3.339960472658276558e-03 3.392456797882914543e-03 4.106357228010892868e-03 4.513793624937534332e-03 5.186804570257663727e-03 7.133504375815391541e-03 1.418386586010456085e-02 1.829859428107738495e-02 9.038628078997135162e-03 2.158761955797672272e-02 9.536482393741607666e-03 8.527264930307865143e-03 7.118191104382276535e-03 5.618897266685962677e-03 4.741656593978404999e-03 3.829707158729434013e-03 1.976103754714131355e-03 0.000000000000000000e+00 0.000000000000000000e+00 
1.365305483341217041e-02 1.061724592000246048e-02 1.664918847382068634e-02 1.724831573665142059e-02 3.254093602299690247e-02 3.136399388313293457e-02 3.338313102722167969e-02 4.871489107608795166e-02 6.016965955495834351e-02 7.845232635736465454e-02 9.048905223608016968e-02 1.252001374959945679e-01 2.331116348505020142e-01 3.163208067417144775e-01 4.703489542007446289e-01 5.986730456352233887e-01 7.370958924293518066e-01 8.384913802146911621e-01 9.072130918502807617e-01 9.362142682075500488e-01 9.600070118904113770e-01 9.784220457077026367e-01 0.000000000000000000e+00 0.000000000000000000e+00 
1.557927578687667847e-03 1.885279663838446140e-03 2.419918309897184372e-03 2.441096119582653046e-03 3.376112086698412895e-03 3.341493662446737289e-03 3.392628626897931099e-03 4.107016138732433319e-03 4.513927269726991653e-03 5.187259521335363388e-03 7.134372834116220474e-03 1.418132707476615906e-02 1.829933375120162964e-02 9.039477445185184479e-03 2.159030735492706299e-02 9.538076817989349365e-03 8.530841208994388580e-03 7.122563198208808899e-03 5.622604861855506897e-03 4.746208898723125458e-03 3.832559566944837570e-03 1.977891428396105766e-03 0.000000000000000000e+00 0.000000000000000000e+00 
1.364655420184135437e-02 1.062087435275316238e-02 1.665027812123298645e-02 1.724654622375965118e-02 3.254398703575134277e-02 3.137131407856941223e-02 3.335944563150405884e-02 4.868688806891441345e-02 6.012653931975364685e-02 7.841822504997253418e-02 9.045135229825973511e-02 1.251203566789627075e-01 2.330319583415985107e-01 3.161787688732147217e-01 4.700621366500854492e-01 5.984532237052917480e-01 7.367980480194091797e-01 8.382631540298461914e-01 9.070992469787597656e-01 9.361132979393005371e-01 9.599665999412536621e-01 9.783834218978881836e-01 0.000000000000000000e+00 0.000000000000000000e+00 
1.557865762151777744e-03 1.886501791886985302e-03 2.420688513666391373e-03 2.441773191094398499e-03 3.377417335286736488e-03 3.342500654980540276e-03 3.392213955521583557e-03 4.107058513909578323e-03 4.513411782681941986e-03 5.187010392546653748e-03 7.134423125535249710e-03 1.417695544660091400e-02 1.829876564443111420e-02 9.039965458214282990e-03 2.159254625439643860e-02 9.539774619042873383e-03 8.534763939678668976e-03 7.127439603209495544e-03 5.626711994409561157e-03 4.751045256853103638e-03 3.835557727143168449e-03 1.979889115318655968e-03 0.000000000000000000e+00 0.000000000000000000e+00 
1.366717554628849030e-02 1.066282670944929123e-02 1.669308543205261230e-02 1.729801855981349945e-02 3.262159228324890137e-02 3.144174814224243164e-02 3.343146294355392456e-02 4.877407103776931763e-02 6.024644151329994202e-02 7.852336764335632324e-02 9.057267010211944580e-02 1.253065913915634155e-01 2.333032637834548950e-01 3.163905143737792969e-01 4.703243374824523926e-01 5.986590981483459473e-01 7.369062304496765137e-01 8.383447527885437012e-01 9.071488380432128906e-01 9.361275434494018555e-01 9.599777460098266602e-01 9.783958792686462402e-01 0.000000000000000000e+00 0.000000000000000000e+00 
1.559655065648257732e-03 1.891701016575098038e-03 2.424181904643774033e-03 2.445814898237586021e-03 3.383336355909705162e-03 3.347092540934681892e-03 3.396531334146857262e-03 4.111893940716981888e-03 4.518505185842514038e-03 5.191338248550891876e-03 7.140382193028926849e-03 1.418812759220600128e-02 1.830890960991382599e-02 9.043169207870960236e-03 2.159746177494525909e-02 9.539687074720859528e-03 8.534380234777927399e-03 7.126209326088428497e-03 5.625848192721605301e-03 4.751590080559253693e-03 3.835521638393402100e-03 1.979603432118892670e-03 0.000000000000000000e+00 0.000000000000000000e+00 
1.366511266678571701e-02 1.067151501774787903e-02 1.670146547257900238e-02 1.730622537434101105e-02 3.263618797063827515e-02 3.146043792366981506e-02 3.342435881495475769e-02 4.876606538891792297e-02 6.023383885622024536e-02 7.851287722587585449e-02 9.056040644645690918e-02 1.252717673778533936e-01 2.332891821861267090e-01 3.163124024868011475e-01 4.701381027698516846e-01 5.985183715820312500e-01 7.366847395896911621e-01 8.381773233413696289e-01 9.070648550987243652e-01 9.360498785972595215e-01 9.599476456642150879e-01 9.783669710159301758e-01 0.000000000000000000e+00 0.000000000000000000e+00 
1.559878000989556313e-03 1.893409062176942825e-03 2.425455488264560699e-03 2.447141334414482117e-03 3.385341959074139595e-03 3.348714672029018402e-03 3.396963234990835190e-03 4.112793132662773132e-03 4.519068170338869095e-03 5.191858392208814621e-03 7.141314446926116943e-03 1.418662164360284805e-02 1.831026561558246613e-02 9.044162929058074951e-03 2.160003408789634705e-02 9.541048668324947357e-03 8.537489920854568481e-03 7.129898760467767715e-03 5.629037041217088699e-03 4.755540285259485245e-03 3.837906522676348686e-03 1.981148263439536095e-03 0.000000000000000000e+00 0.000000000000000000e+00 
1.366829872131347656e-02 1.068784669041633606e-02 1.671728864312171936e-02 1.732433214783668518e-02 3.266544267535209656e-02 3.149084001779556274e-02 3.343574330210685730e-02 4.878056794404983521e-02 6.025293469429016113e-02 7.853075861930847168e-02 9.057853370904922485e-02 1.252922117710113525e-01 2.333480566740036011e-01 3.163086473941802979e-01 4.700749218463897705e-01 5.984659194946289062e-01 7.365452051162719727e-01 8.380678892135620117e-01 9.070119857788085938e-01 9.359906315803527832e-01 9.599267840385437012e-01 9.783458709716796875e-01 0.000000000000000000e+00 0.000000000000000000e+00 
1.560460776090621948e-03 1.895933412015438080e-03 2.427210565656423569e-03 2.449053106829524040e-03 3.388234181329607964e-03 3.351025516167283058e-03 3.398326924070715904e-03 4.114617593586444855e-03 4.520729649811983109e-03 5.193265620619058609e-03 7.143298164010047913e-03 1.418831199407577515e-02 1.831384003162384033e-02 9.045734070241451263e-03 2.160320058465003967e-02 9.541999548673629761e-03 8.539703674614429474e-03 7.132438942790031433e-03 5.631312262266874313e-03 4.758798051625490189e-03 3.839722834527492523e-03 1.982350135222077370e-03 0.000000000000000000e+00 0.000000000000000000e+00 
1.367963571101427078e-02 1.071613468229770660e-02 1.674724183976650238e-02 1.736056432127952576e-02 3.271595761179924011e-02 3.154258802533149719e-02 3.347661346197128296e-02 4.883041605353355408e-02 6.032509729266166687e-02 7.858893275260925293e-02 9.064417332410812378e-02 1.253908425569534302e-01 2.335176020860671997e-01 3.164058625698089600e-01 4.701674282550811768e-01 5.985400676727294922e-01 7.365335822105407715e-01 8.380665779113769531e-01 9.070143699645996094e-01 9.359761476516723633e-01 9.599240422248840332e-01 9.783467054367065430e-01 0.000000000000000000e+00 0.000000000000000000e+00 
1.561563229188323021e-03 1.899583032354712486e-03 2.429897896945476532e-03 2.452164655551314354e-03 3.392426297068595886e-03 3.354473970830440521e-03 3.401090390980243683e-03 4.117922857403755188e-03 4.524190444499254227e-03 5.196006968617439270e-03 7.147017866373062134e-03 1.419488620012998581e-02 1.832082495093345642e-02 9.048047475516796112e-03 2.160718850791454315e-02 9.542513638734817505e-03 8.540604263544082642e-03 7.132878992706537247e-03 5.631895270198583603e-03 4.760366864502429962e-03 3.840468823909759521e-03 1.982570160180330276e-03 0.000000000000000000e+00 0.000000000000000000e+00 
1.371129415929317474e-02 1.077230181545019150e-02 1.680801808834075928e-02 1.743461005389690399e-02 3.282043337821960449e-02 3.164008632302284241e-02 3.359390795230865479e-02 4.896277189254760742e-02 6.052647531032562256e-02 7.875062525272369385e-02 9.083456546068191528e-02 1.256921738386154175e-01 2.339453101158142090e-01 3.167627155780792236e-01 4.706750512123107910e-01 5.989533066749572754e-01 7.368648648262023926e-01 8.383406996726989746e-01 9.071575999259948730e-01 9.360753893852233887e-01 9.599702954292297363e-01 9.783992171287536621e-01 0.000000000000000000e+00 0.000000000000000000e+00 
1.564007485285401344e-03 1.905968179926276207e-03 2.434627618640661240e-03 2.457778435200452805e-03 3.399892477318644524e-03 3.360346192494034767e-03 3.407490206882357597e-03 4.124666564166545868e-03 4.532048013061285019e-03 5.202201195061206818e-03 7.155281491577625275e-03 1.421360298991203308e-02 1.833581179380416870e-02 9.052170440554618835e-03 2.161298692226409912e-02 9.541749022901058197e-03 8.537981659173965454e-03 7.127936463803052902e-03 5.628173239529132843e-03 4.757627379149198532e-03 3.838353557512164116e-03 1.980520552024245262e-03 0.000000000000000000e+00 0.000000000000000000e+00 
1.372012309730052948e-02 1.079590432345867157e-02 1.683440804481506348e-02 1.746608503162860870e-02 3.286116197705268860e-02 3.168331831693649292e-02 3.362740948796272278e-02 4.899762943387031555e-02 6.058268249034881592e-02 7.879476249217987061e-02 9.088232368230819702e-02 1.257652342319488525e-01 2.340721189975738525e-01 3.168202042579650879e-01 4.707019925117492676e-01 5.989779829978942871e-01 7.368054389953613281e-01 8.382993936538696289e-01 9.071375727653503418e-01 9.360445141792297363e-01 9.599610567092895508e-01 9.783908128738403320e-01 0.000000000000000000e+00 0.000000000000000000e+00 
1.564845792017877102e-03 1.908961799927055836e-03 2.437005750834941864e-03 2.460525371134281158e-03 3.403298323974013329e-03 3.363179275766015053e-03 3.409713739529252052e-03 4.127180669456720352e-03 4.534768406301736832e-03 5.204249639064073563e-03 7.157948799431324005e-03 1.421825960278511047e-02 1.834091916680335999e-02 9.053927846252918243e-03 2.161609567701816559e-02 9.542257525026798248e-03 8.539194241166114807e-03 7.129034027457237244e-03 5.629351362586021423e-03 4.759649746119976044e-03 3.839417127892374992e-03 1.981095876544713974e-03 0.000000000000000000e+00 0.000000000000000000e+00 
1.373139023780822754e-02 1.082363165915012360e-02 1.686495728790760040e-02 1.750267110764980316e-02 3.290791064500808716e-02 3.173257410526275635e-02 3.366890922188758850e-02 4.904256016016006470e-02 6.065371260046958923e-02 7.885205000638961792e-02 9.094268828630447388e-02 1.258625686168670654e-01 2.342360168695449829e-01 3.169103562831878662e-01 4.707777500152587891e-01 5.990437269210815430e-01 7.367843985557556152e-01 8.382866382598876953e-01 9.071332812309265137e-01 9.360228776931762695e-01 9.599560499191284180e-01 9.783863425254821777e-01 0.000000000000000000e+00 0.000000000000000000e+00 
1.565848360769450665e-03 1.912391046062111855e-03 2.439666306599974632e-03 2.463587094098329544e-03 3.407057607546448708e-03 3.366385120898485184e-03 3.412367310374975204e-03 4.130091983824968338e-03 4.538034088909626007e-03 5.206704139709472656e-03 7.161041256040334702e-03 1.422441471368074417e-02 1.834726519882678986e-02 9.055968374013900757e-03 2.161953411996364594e-02 9.542600251734256744e-03 8.539995178580284119e-03 7.129582576453685760e-03 5.630077794194221497e-03 4.761336836963891983e-03 3.840226912871003151e-03 1.981494249776005745e-03 0.000000000000000000e+00 0.000000000000000000e+00 
1.370824780315160751e-02 1.080184895545244217e-02 1.684312149882316589e-02 1.747162826359272003e-02 3.286344558000564575e-02 3.170385211706161499e-02 3.358986973762512207e-02 4.894777387380599976e-02 6.052283942699432373e-02 7.873877137899398804e-02 9.080532938241958618e-02 1.256250739097595215e-01 2.339685261249542236e-01 3.165739178657531738e-01 4.701887965202331543e-01 5.985898971557617188e-01 7.362651228904724121e-01 8.378872871398925781e-01 9.069284200668334961e-01 9.358662366867065430e-01 9.598892331123352051e-01 9.783169031143188477e-01 0.000000000000000000e+00 0.000000000000000000e+00 
1.564527628943324089e-03 1.910752034746110439e-03 2.438830910250544548e-03 2.462298609316349030e-03 3.405242925509810448e-03 3.365154378116130829e-03 3.409288823604583740e-03 4.127318039536476135e-03 4.534349311143159866e-03 5.203667096793651581e-03 7.156940642744302750e-03 1.421104650944471359e-02 1.834006793797016144e-02 9.054783731698989868e-03 2.161957509815692902e-02 9.544995613396167755e-03 8.546097204089164734e-03 7.137847598642110825e-03 5.636853165924549103e-03 4.767975304275751114e-03 3.844617865979671478e-03 1.984744332730770111e-03 0.000000000000000000e+00 0.000000000000000000e+00 
1.368117239326238632e-02 1.077453233301639557e-02 1.681614480912685394e-02 1.743425801396369934e-02 3.280891478061676025e-02 3.166660293936729431e-02 3.349855169653892517e-02 4.883800819516181946e-02 6.036910414695739746e-02 7.860752195119857788e-02 9.064564108848571777e-02 1.253481060266494751e-01 2.336487472057342529e-01 3.161888122558593750e-01 4.695189297199249268e-01 5.980738997459411621e-01 7.356842756271362305e-01 8.374413251876831055e-01 9.067000150680541992e-01 9.356942176818847656e-01 9.598156213760375977e-01 9.782381057739257812e-01 0.000000000000000000e+00 0.000000000000000000e+00 
1.562928664498031139e-03 1.908583217300474644e-03 2.437666757032275200e-03 2.460598014295101166e-03 3.402810078114271164e-03 3.363424446433782578e-03 3.405705792829394341e-03 4.123999271541833878e-03 4.529878031462430954e-03 5.200056824833154678e-03 7.152032107114791870e-03 1.419547572731971741e-02 1.833114773035049438e-02 9.053201414644718170e-03 2.161921560764312744e-02 9.547608904540538788e-03 8.552871644496917725e-03 7.147158961743116379e-03 5.644334945827722549e-03 4.775112029165029526e-03 3.849335247650742531e-03 1.988415606319904327e-03 0.000000000000000000e+00 0.000000000000000000e+00 
1.377850957214832306e-02 1.092399470508098602e-02 1.697945781052112579e-02 1.763960160315036774e-02 3.308472409844398499e-02 3.191301971673965454e-02 3.385144472122192383e-02 4.924409091472625732e-02 6.096393987536430359e-02 7.911395281553268433e-02 9.122528135776519775e-02 1.263288706541061401e-01 2.349953055381774902e-01 3.174479603767395020e-01 4.714691936969757080e-01 5.995905995368957520e-01 7.370586991310119629e-01 8.384818434715270996e-01 9.072461724281311035e-01 9.360357522964477539e-01 9.599789977073669434e-01 9.784057736396789551e-01 0.000000000000000000e+00 0.000000000000000000e+00 
1.569721498526632786e-03 1.924689160659909248e-03 2.449192339554429054e-03 2.474365290254354477e-03 3.420316847041249275e-03 3.377964720129966736e-03 3.423230722546577454e-03 4.141427576541900635e-03 4.550997633486986160e-03 5.216571502387523651e-03 7.173491641879081726e-03 1.425288338214159012e-02 1.837456598877906799e-02 9.064042009413242340e-03 2.163046412169933319e-02 9.541946463286876678e-03 8.538659662008285522e-03 7.126585114747285843e-03 5.628559738397598267e-03 4.763290751725435257e-03 3.840352874249219894e-03 1.981282141059637070e-03 0.000000000000000000e+00 0.000000000000000000e+00 
1.380201242864131927e-02 1.096772775053977966e-02 1.702988147735595703e-02 1.770236715674400330e-02 3.316300362348556519e-02 3.198994696140289307e-02 3.394124656915664673e-02 4.934193193912506104e-02 6.111492216587066650e-02 7.924112677574157715e-02 9.136576205492019653e-02 1.265619993209838867e-01 2.353519350290298462e-01 3.177274465560913086e-01 4.718657135963439941e-01 5.999003052711486816e-01 7.372743487358093262e-01 8.386420011520385742e-01 9.073325395584106445e-01 9.360718727111816406e-01 9.600015878677368164e-01 9.784271717071533203e-01 0.000000000000000000e+00 0.000000000000000000e+00 
1.571490895003080368e-03 1.929781399667263031e-03 2.453184686601161957e-03 2.479082904756069183e-03 3.425811883062124252e-03 3.382747992873191833e-03 3.428188851103186607e-03 4.146409220993518829e-03 4.556887317448854446e-03 5.221026483923196793e-03 7.179166190326213837e-03 1.426686812192201614e-02 1.838690787553787231e-02 9.067388251423835754e-03 2.163477987051010132e-02 9.541192092001438141e-03 8.536856621503829956e-03 7.123725488781929016e-03 5.626578815281391144e-03 4.762702155858278275e-03 3.839476034045219421e-03 1.980556407943367958e-03 0.000000000000000000e+00 0.000000000000000000e+00 
1.380025781691074371e-02 1.097507774829864502e-02 1.704142801463603973e-02 1.771582663059234619e-02 3.317243978381156921e-02 3.200953081250190735e-02 3.393740206956863403e-02 4.933203011751174927e-02 6.111231818795204163e-02 7.923512905836105347e-02 9.135296940803527832e-02 1.265327632427215576e-01 2.353653013706207275e-01 3.176617324352264404e-01 4.717100560665130615e-01 5.997824072837829590e-01 7.370814681053161621e-01 8.385000824928283691e-01 9.072571992874145508e-01 9.360049962997436523e-01 9.599759578704833984e-01 9.784001708030700684e-01 0.000000000000000000e+00 0.000000000000000000e+00 
1.571543398313224316e-03 1.931020640768110752e-03 2.454527420923113823e-03 2.480665920302271843e-03 3.427142743021249771e-03 3.384197596460580826e-03 3.428588621318340302e-03 4.147001542150974274e-03 4.557509906589984894e-03 5.221304483711719513e-03 7.179367356002330780e-03 1.426558848470449448e-02 1.838845759630203247e-02 9.068097919225692749e-03 2.163670212030410767e-02 9.542200714349746704e-03 8.539455942809581757e-03 7.126866374164819717e-03 5.629429128021001816e-03 4.765919409692287445e-03 3.841423895210027695e-03 1.981910783797502518e-03 0.000000000000000000e+00 0.000000000000000000e+00 
1.378931384533643723e-02 1.096841506659984589e-02 1.703831553459167480e-02 1.770945265889167786e-02 3.315634280443191528e-02 3.200697153806686401e-02 3.389968723058700562e-02 4.928186163306236267e-02 6.105229631066322327e-02 7.918047159910202026e-02 9.128241240978240967e-02 1.264063864946365356e-01 2.352477312088012695e-01 3.174712061882019043e-01 4.713479578495025635e-01 5.995046496391296387e-01 7.367393374443054199e-01 8.382410407066345215e-01 9.071217775344848633e-01 9.359002113342285156e-01 9.599329233169555664e-01 9.783533215522766113e-01 0.000000000000000000e+00 0.000000000000000000e+00 
1.570975407958030701e-03 1.930800499394536018e-03 2.454877365380525589e-03 2.480974420905113220e-03 3.426949493587017059e-03 3.384342882782220840e-03 3.427402349188923836e-03 4.145973827689886093e-03 4.556126892566680908e-03 5.220053251832723618e-03 7.177500054240226746e-03 1.425861474126577377e-02 1.838570460677146912e-02 9.067815728485584259e-03 2.163749560713768005e-02 9.543785825371742249e-03 8.543654344975948334e-03 7.132356055080890656e-03 5.634043365716934204e-03 4.770497791469097137e-03 3.844380145892500877e-03 1.984125934541225433e-03 0.000000000000000000e+00 0.000000000000000000e+00 
1.374527253210544586e-02 1.091404072940349579e-02 1.698447950184345245e-02 1.763723045587539673e-02 3.305571526288986206e-02 3.192934021353721619e-02 3.374877199530601501e-02 4.910205677151679993e-02 6.080323457717895508e-02 7.896539568901062012e-02 9.102533012628555298e-02 1.259529739618301392e-01 2.347204834222793579e-01 3.168902397155761719e-01 4.703699350357055664e-01 5.987415313720703125e-01 7.359431385993957520e-01 8.376333713531494141e-01 9.068066477775573730e-01 9.356810450553894043e-01 9.598365426063537598e-01 9.782497286796569824e-01 0.000000000000000000e+00 0.000000000000000000e+00 
1.568228355608880520e-03 1.925786491483449936e-03 2.451822394505143166e-03 2.477010712027549744e-03 3.421754343435168266e-03 3.380217589437961578e-03 3.421021392568945885e-03 4.139863420277833939e-03 4.548358265310525894e-03 5.213885102421045303e-03 7.169188931584358215e-03 1.423304993659257889e-02 1.836988329887390137e-02 9.064686484634876251e-03 2.163518592715263367e-02 9.547343477606773376e-03 8.552894927561283112e-03 7.145013194531202316e-03 5.644092336297035217e-03 4.779246170073747635e-03 3.850396955385804176e-03 1.988876378163695335e-03 0.000000000000000000e+00 0.000000000000000000e+00 
1.374078635126352310e-02 1.091570314019918442e-02 1.699143275618553162e-02 1.764466799795627594e-02 3.305755555629730225e-02 3.194093331694602966e-02 3.373723477125167847e-02 4.907999932765960693e-02 6.078521907329559326e-02 7.894726842641830444e-02 9.099792689085006714e-02 1.258913129568099976e-01 2.346927672624588013e-01 3.167946040630340576e-01 4.701602756977081299e-01 5.985760688781738281e-01 7.357152104377746582e-01 8.374581336975097656e-01 9.067147374153137207e-01 9.356039762496948242e-01 9.598062634468078613e-01 9.782150387763977051e-01 0.000000000000000000e+00 0.000000000000000000e+00 
1.568084815517067909e-03 1.926430035382509232e-03 2.452858490869402885e-03 2.478179521858692169e-03 3.422659821808338165e-03 3.381154499948024750e-03 3.421164117753505707e-03 4.140032455325126648e-03 4.548416007310152054e-03 5.213790573179721832e-03 7.168883457779884338e-03 1.422996446490287781e-02 1.836985908448696136e-02 9.065104648470878601e-03 2.163659222424030304e-02 9.548448957502841949e-03 8.555924519896507263e-03 7.148987613618373871e-03 5.647403188049793243e-03 4.782695788890123367e-03 3.852511988952755928e-03 1.990586053580045700e-03 0.000000000000000000e+00 0.000000000000000000e+00 
1.374045386910438538e-02 1.092384289950132370e-02 1.700531691312789917e-02 1.766097918152809143e-02 3.306964784860610962e-02 3.196308016777038574e-02 3.374070301651954651e-02 4.907423630356788635e-02 6.079331040382385254e-02 7.895064353942871094e-02 9.099453687667846680e-02 1.258709579706192017e-01 2.347277998924255371e-01 3.167529404163360596e-01 4.700392484664916992e-01 5.984801054000854492e-01 7.355515360832214355e-01 8.373330235481262207e-01 9.066486358642578125e-01 9.355433583259582520e-01 9.597839117050170898e-01 9.781888723373413086e-01 0.000000000000000000e+00 0.000000000000000000e+00 
1.568223815411329269e-03 1.927723176777362823e-03 2.454360248520970345e-03 2.479927148669958115e-03 3.424187190830707550e-03 3.382712835446000099e-03 3.422015579417347908e-03 4.140866454690694809e-03 4.549403674900531769e-03 5.214375909417867661e-03 7.169412449002265930e-03 1.422950625419616699e-02 1.837193965911865234e-02 9.065950289368629456e-03 2.163860388100147247e-02 9.549314156174659729e-03 8.558300323784351349e-03 7.152013946324586868e-03 5.649964790791273117e-03 4.785516299307346344e-03 3.854159498587250710e-03 1.991922268643975258e-03 0.000000000000000000e+00 0.000000000000000000e+00 
1.374428439885377884e-02 1.093851495534181595e-02 1.702665910124778748e-02 1.768627017736434937e-02 3.309252858161926270e-02 3.199675306677818298e-02 3.375840187072753906e-02 4.908505827188491821e-02 6.082663685083389282e-02 7.897463440895080566e-02 9.101430326700210571e-02 1.258880496025085449e-01 2.348200082778930664e-01 3.167609572410583496e-01 4.699916243553161621e-01 5.984437465667724609e-01 7.354462146759033203e-01 8.372550606727600098e-01 9.066061377525329590e-01 9.354997873306274414e-01 9.597691297531127930e-01 9.781714081764221191e-01 0.000000000000000000e+00 0.000000000000000000e+00 
1.568622770719230175e-03 1.929635298438370228e-03 2.456356538459658623e-03 2.482287120074033737e-03 3.426379524171352386e-03 3.384930081665515900e-03 3.423530375584959984e-03 4.142376128584146500e-03 4.551251418888568878e-03 5.215588025748729706e-03 7.170747034251689911e-03 1.423130650073289871e-02 1.837585121393203735e-02 9.067172184586524963e-03 2.164097689092159271e-02 9.549964219331741333e-03 8.560082875192165375e-03 7.154133170843124390e-03 5.651827901601791382e-03 4.787714686244726181e-03 3.855373943224549294e-03 1.992880832403898239e-03 0.000000000000000000e+00 0.000000000000000000e+00 
1.375385094434022903e-02 1.096083875745534897e-02 1.705616526305675507e-02 1.772270724177360535e-02 3.313035890460014343e-02 3.204128891229629517e-02 3.379653766751289368e-02 4.911877587437629700e-02 6.089369580149650574e-02 7.902792841196060181e-02 9.106954932212829590e-02 1.259646862745285034e-01 2.349866479635238647e-01 3.168459832668304443e-01 4.700703024864196777e-01 5.985044240951538086e-01 7.354378104209899902e-01 8.372484445571899414e-01 9.065998792648315430e-01 9.354786872863769531e-01 9.597657322883605957e-01 9.781646728515625000e-01 0.000000000000000000e+00 0.000000000000000000e+00 
1.569399610161781311e-03 1.932321581989526749e-03 2.458912320435047150e-03 2.485370496287941933e-03 3.429429139941930771e-03 3.387757344171404839e-03 3.425977425649762154e-03 4.144739359617233276e-03 4.554237239062786102e-03 5.217672791332006454e-03 7.173265330493450165e-03 1.423644553869962692e-02 1.838213391602039337e-02 9.068935178220272064e-03 2.164378203451633453e-02 9.550193324685096741e-03 8.560788817703723907e-03 7.154792081564664841e-03 5.652598571032285690e-03 4.789065569639205933e-03 3.855934366583824158e-03 1.993355341255664825e-03 0.000000000000000000e+00 0.000000000000000000e+00 
1.374896429479122162e-02 1.096309628337621689e-02 1.706449314951896667e-02 1.773187890648841858e-02 3.313140198588371277e-02 3.205484151840209961e-02 3.378656134009361267e-02 4.909702017903327942e-02 6.088112294673919678e-02 7.901216298341751099e-02 9.104378521442413330e-02 1.258996129035949707e-01 2.349782437086105347e-01 3.167607784271240234e-01 4.698744714260101318e-01 5.983490943908691406e-01 7.352291941642761230e-01 8.370916247367858887e-01 9.065154194831848145e-01 9.354073405265808105e-01 9.597396254539489746e-01 9.781324267387390137e-01 0.000000000000000000e+00 0.000000000000000000e+00 
1.569202984683215618e-03 1.932967454195022583e-03 2.460038289427757263e-03 2.486659679561853409e-03 3.430271754041314125e-03 3.388779470697045326e-03 3.426196984946727753e-03 4.144926089793443680e-03 4.554498940706253052e-03 5.217640195041894913e-03 7.172974757850170135e-03 1.423362735658884048e-02 1.838272064924240112e-02 9.069409221410751343e-03 2.164535596966743469e-02 9.551267139613628387e-03 8.563686162233352661e-03 7.158572785556316376e-03 5.655701737850904465e-03 4.792156629264354706e-03 3.857789095491170883e-03 1.994963735342025757e-03 0.000000000000000000e+00 0.000000000000000000e+00 
1.376538071781396866e-02 1.099479384720325470e-02 1.710484363138675690e-02 1.778244413435459137e-02 3.318503871560096741e-02 3.211612626910209656e-02 3.384672850370407104e-02 4.915596172213554382e-02 6.098775565624237061e-02 7.909800112247467041e-02 9.113671630620956421e-02 1.260431706905364990e-01 2.352357357740402222e-01 3.169223666191101074e-01 4.700770974159240723e-01 5.985047817230224609e-01 7.353144288063049316e-01 8.371558785438537598e-01 9.065476655960083008e-01 9.354100823402404785e-01 9.597470760345458984e-01 9.781379103660583496e-01 0.000000000000000000e+00 0.000000000000000000e+00 
1.570411142893135548e-03 1.936546410433948040e-03 2.463348675519227982e-03 2.490758663043379784e-03 3.434243146330118179e-03 3.392538987100124359e-03 3.429669421166181564e-03 4.148231353610754013e-03 4.558806773275136948e-03 5.220750346779823303e-03 7.176835089921951294e-03 1.424287259578704834e-02 1.839216239750385284e-02 9.071720764040946960e-03 2.164919674396514893e-02 9.551161900162696838e-03 8.563434705138206482e-03 7.157808635383844376e-03 5.655328743159770966e-03 4.792630206793546677e-03 3.857751842588186264e-03 1.994896214455366135e-03 0.000000000000000000e+00 0.000000000000000000e+00 
1.376678887754678726e-02 1.100531872361898422e-02 1.712202839553356171e-02 1.780404895544052124e-02 3.320026397705078125e-02 3.214259818196296692e-02 3.385484963655471802e-02 4.915510118007659912e-02 6.100684031844139099e-02 7.910966873168945312e-02 9.114135801792144775e-02 1.260338574647903442e-01 2.352953255176544189e-01 3.168985843658447266e-01 4.699733555316925049e-01 5.984238982200622559e-01 7.351745367050170898e-01 8.370482325553894043e-01 9.064897298812866211e-01 9.353541135787963867e-01 9.597287178039550781e-01 9.781128168106079102e-01 0.000000000000000000e+00 0.000000000000000000e+00 
1.570625347085297108e-03 1.937985303811728954e-03 2.465109806507825851e-03 2.492925152182579041e-03 3.435937454923987389e-03 3.394301747903227806e-03 3.430777229368686676e-03 4.149232991039752960e-03 4.560177214443683624e-03 5.221561063081026077e-03 7.177600637078285217e-03 1.424318552017211914e-02 1.839507371187210083e-02 9.072665125131607056e-03 2.165142260491847992e-02 9.551928378641605377e-03 8.565593510866165161e-03 7.160651031881570816e-03 5.657646805047988892e-03 4.795150365680456161e-03 3.859157208353281021e-03 1.996189821511507034e-03 0.000000000000000000e+00 0.000000000000000000e+00 
1.375895086675882339e-02 1.100275758653879166e-02 1.712498627603054047e-02 1.780843548476696014e-02 3.319229558110237122e-02 3.214833885431289673e-02 3.383174911141395569e-02 4.911897331476211548e-02 6.097327917814254761e-02 7.907805591821670532e-02 9.109366685152053833e-02 1.259301602840423584e-01 2.352427691221237183e-01 3.167665600776672363e-01 4.696962833404541016e-01 5.982040762901306152e-01 7.349033951759338379e-01 8.368402123451232910e-01 9.063789248466491699e-01 9.352627992630004883e-01 9.596951007843017578e-01 9.780697226524353027e-01 0.000000000000000000e+00 0.000000000000000000e+00 
1.570226158946752548e-03 1.938115339726209641e-03 2.465911675244569778e-03 2.493921667337417603e-03 3.436257829889655113e-03 3.394875209778547287e-03 3.430458018556237221e-03 4.148889333009719849e-03 4.559789318591356277e-03 5.221022758632898331e-03 7.176542654633522034e-03 1.423822902143001556e-02 1.839431747794151306e-02 9.072814136743545532e-03 2.165285684168338776e-02 9.553229436278343201e-03 8.569177240133285522e-03 7.165639195591211319e-03 5.661564879119396210e-03 4.798872862011194229e-03 3.861406352370977402e-03 1.998293446376919746e-03 0.000000000000000000e+00 0.000000000000000000e+00 
1.375733781605958939e-02 1.100959535688161850e-02 1.713825948536396027e-02 1.782577484846115112e-02 3.319736570119857788e-02 3.217079490423202515e-02 3.382974117994308472e-02 4.910495132207870483e-02 6.097748503088951111e-02 7.907490432262420654e-02 9.107825905084609985e-02 1.258795708417892456e-01 2.352681905031204224e-01 3.167031407356262207e-01 4.695295393466949463e-01 5.980749130249023438e-01 7.347233295440673828e-01 8.367146253585815430e-01 9.063066244125366211e-01 9.352036118507385254e-01 9.596742391586303711e-01 9.780443310737609863e-01 0.000000000000000000e+00 0.000000000000000000e+00 
1.570235588587820530e-03 1.939138164743781090e-03 2.467406215146183968e-03 2.495900494977831841e-03 3.437403123825788498e-03 3.396352287381887436e-03 3.431092016398906708e-03 4.149459768086671829e-03 4.560692701488733292e-03 5.221469793468713760e-03 7.176720537245273590e-03 1.423669606447219849e-02 1.839641109108924866e-02 9.073498658835887909e-03 2.165535464882850647e-02 9.554333053529262543e-03 8.571906946599483490e-03 7.168940734118223190e-03 5.664308089762926102e-03 4.801484756171703339e-03 3.862969810143113136e-03 1.999605447053909302e-03 0.000000000000000000e+00 0.000000000000000000e+00 
1.373809482902288437e-02 1.099132746458053589e-02 1.712497137486934662e-02 1.780760101974010468e-02 3.316235169768333435e-02 3.215064853429794312e-02 3.377229347825050354e-02 4.902850091457366943e-02 6.088509038090705872e-02 7.899274677038192749e-02 9.097013622522354126e-02 1.256652176380157471e-01 2.350817620754241943e-01 3.164523541927337646e-01 4.690555334091186523e-01 5.976994037628173828e-01 7.343199253082275391e-01 8.364075422286987305e-01 9.061449170112609863e-01 9.350781440734863281e-01 9.596264362335205078e-01 9.779844880104064941e-01 0.000000000000000000e+00 0.000000000000000000e+00 
1.569083309732377529e-03 1.937701716087758541e-03 2.467091428115963936e-03 2.495331224054098129e-03 3.436072263866662979e-03 3.395359031856060028e-03 3.429181175306439400e-03 4.147560801357030869e-03 4.558223765343427658e-03 5.219367332756519318e-03 7.173573132604360580e-03 1.422553043812513351e-02 1.839101314544677734e-02 9.072647430002689362e-03 2.165574766695499420e-02 9.556178003549575806e-03 8.576892316341400146e-03 7.176060695201158524e-03 5.669651553034782410e-03 4.806280601769685745e-03 3.865981707349419594e-03 2.002481836825609207e-03 0.000000000000000000e+00 0.000000000000000000e+00 
1.375253405421972275e-02 1.101968809962272644e-02 1.716254837810993195e-02 1.785422302782535553e-02 3.320704400539398193e-02 3.220602869987487793e-02 3.382453694939613342e-02 4.907370358705520630e-02 6.097834929823875427e-02 7.906632125377655029e-02 9.104807674884796143e-02 1.257757246494293213e-01 2.353077977895736694e-01 3.165787458419799805e-01 4.692049026489257812e-01 5.978112220764160156e-01 7.343785166740417480e-01 8.364574313163757324e-01 9.061648249626159668e-01 9.350773692131042480e-01 9.596326947212219238e-01 9.779890775680541992e-01 0.000000000000000000e+00 0.000000000000000000e+00 
1.570147229358553886e-03 1.940824673511087894e-03 2.470288891345262527e-03 2.499313559383153915e-03 3.439539112150669098e-03 3.398683387786149979e-03 3.432276658713817596e-03 4.150330554693937302e-03 4.562124144285917282e-03 5.222128238528966904e-03 7.176927290856838226e-03 1.423282362520694733e-02 1.839970983564853668e-02 9.074663743376731873e-03 2.165946364402770996e-02 9.556300006806850433e-03 8.577011525630950928e-03 7.175692357122898102e-03 5.669614300131797791e-03 4.806833341717720032e-03 3.865990089252591133e-03 2.002459717914462090e-03 0.000000000000000000e+00 0.000000000000000000e+00 
1.376004982739686966e-02 1.103922259062528610e-02 1.719033159315586090e-02 1.788797415792942047e-02 3.323667496442794800e-02 3.224600851535797119e-02 3.385532274842262268e-02 4.909363761544227600e-02 6.103520467877388000e-02 7.910938560962677002e-02 9.108909964561462402e-02 1.258238404989242554e-01 2.354555577039718628e-01 3.166331648826599121e-01 4.692356884479522705e-01 5.978268384933471680e-01 7.343451380729675293e-01 8.364332914352416992e-01 9.061474800109863281e-01 9.350478649139404297e-01 9.596276283264160156e-01 9.779787063598632812e-01 0.000000000000000000e+00 0.000000000000000000e+00 
1.570746419019997120e-03 1.943069975823163986e-03 2.472816966474056244e-03 2.502368297427892685e-03 3.442045534029603004e-03 3.401138819754123688e-03 3.434399375692009926e-03 4.152089357376098633e-03 4.564759321510791779e-03 5.223864223808050156e-03 7.178914267569780350e-03 1.423648186028003693e-02 1.840565353631973267e-02 9.076100774109363556e-03 2.166238240897655487e-02 9.556699544191360474e-03 8.578043431043624878e-03 7.176913786679506302e-03 5.670662969350814819e-03 4.808316938579082489e-03 3.866600338369607925e-03 2.003116765990853310e-03 0.000000000000000000e+00 0.000000000000000000e+00 
1.374965067952871323e-02 1.103462371975183487e-02 1.719099655747413635e-02 1.788914762437343597e-02 3.322373703122138977e-02 3.224747255444526672e-02 3.382776677608489990e-02 4.904877766966819763e-02 6.099402904510498047e-02 7.906986027956008911e-02 9.102939814329147339e-02 1.256958842277526855e-01 2.353834062814712524e-01 3.164811432361602783e-01 4.689257144927978516e-01 5.975714921951293945e-01 7.340563535690307617e-01 8.362163901329040527e-01 9.060285091400146484e-01 9.349496364593505859e-01 9.595927596092224121e-01 9.779332280158996582e-01 0.000000000000000000e+00 0.000000000000000000e+00 
1.570165855810046196e-03 1.942919683642685413e-03 2.473471220582723618e-03 2.503142924979329109e-03 3.441992448642849922e-03 3.401389345526695251e-03 3.433870384469628334e-03 4.151419270783662796e-03 4.564078990370035172e-03 5.223046988248825073e-03 7.177416235208511353e-03 1.423035748302936554e-02 1.840413734316825867e-02 9.075987152755260468e-03 2.166385762393474579e-02 9.558134712278842926e-03 8.581799454987049103e-03 7.182259112596511841e-03 5.674696527421474457e-03 4.812103696167469025e-03 3.868861822411417961e-03 2.005374059081077576e-03 0.000000000000000000e+00 0.000000000000000000e+00 
1.374561432749032974e-02 1.103846915066242218e-02 1.720127649605274200e-02 1.790193095803260803e-02 3.322627767920494080e-02 3.226181492209434509e-02 3.382142260670661926e-02 4.902794212102890015e-02 6.098850816488265991e-02 7.906107604503631592e-02 9.100718051195144653e-02 1.256320774555206299e-01 2.353882491588592529e-01 3.164061903953552246e-01 4.687443673610687256e-01 5.974133014678955078e-01 7.338586449623107910e-01 8.360652327537536621e-01 9.059449434280395508e-01 9.348713159561157227e-01 9.595677852630615234e-01 9.778977632522583008e-01 0.000000000000000000e+00 0.000000000000000000e+00 
1.570000429637730122e-03 1.943589770235121250e-03 2.474808599799871445e-03 2.504710806533694267e-03 3.442845540121197701e-03 3.402365138754248619e-03 3.434299491345882416e-03 4.151627421379089355e-03 4.564585164189338684e-03 5.223131272941827774e-03 7.177169900387525558e-03 1.422767434269189835e-02 1.840504258871078491e-02 9.076410904526710510e-03 2.166571840643882751e-02 9.559128433465957642e-03 8.584545925259590149e-03 7.186244241893291473e-03 5.677649751305580139e-03 4.815173335373401642e-03 3.870544489473104477e-03 2.007184550166130066e-03 0.000000000000000000e+00 0.000000000000000000e+00 
1.374982297420501709e-02 1.105317007750272751e-02 1.722351834177970886e-02 1.793014816939830780e-02 3.324802964925765991e-02 3.229371085762977600e-02 3.384204581379890442e-02 4.903621226549148560e-02 6.102859973907470703e-02 7.909064739942550659e-02 9.103171527385711670e-02 1.256477981805801392e-01 2.354950606822967529e-01 3.164272904396057129e-01 4.687229692935943604e-01 5.973827838897705078e-01 7.337833642959594727e-01 8.360081911087036133e-01 9.059104323387145996e-01 9.348255991935729980e-01 9.595575928688049316e-01 9.778794646263122559e-01 0.000000000000000000e+00 0.000000000000000000e+00 
1.570384833030402660e-03 1.945318304933607578e-03 2.476994879543781281e-03 2.507376950234174728e-03 3.444849513471126556e-03 3.404350485652685165e-03 3.435953054577112198e-03 4.152922425419092178e-03 4.566675052046775818e-03 5.224407184869050980e-03 7.178534287959337234e-03 1.422938238829374313e-02 1.840949244797229767e-02 9.077554568648338318e-03 2.166838198900222778e-02 9.559664875268936157e-03 8.586018346250057220e-03 7.188264280557632446e-03 5.679158028215169907e-03 4.817147273570299149e-03 3.871408989652991295e-03 2.008236479014158249e-03 0.000000000000000000e+00 0.000000000000000000e+00 
1.375712919980287552e-02 1.107233762741088867e-02 1.725060306489467621e-02 1.796412281692028046e-02 3.327675908803939819e-02 3.233257308602333069e-02 3.387188538908958435e-02 4.905413836240768433e-02 6.108413264155387878e-02 7.913387566804885864e-02 9.107112884521484375e-02 1.256881654262542725e-01 2.356377542018890381e-01 3.164789378643035889e-01 4.687470793724060059e-01 5.973919630050659180e-01 7.337467074394226074e-01 8.359815478324890137e-01 9.058915972709655762e-01 9.347925782203674316e-01 9.595523476600646973e-01 9.778681397438049316e-01 0.000000000000000000e+00 0.000000000000000000e+00 
1.570972148329019547e-03 1.947482116520404816e-03 2.479541813954710960e-03 2.510496880859136581e-03 3.447284922003746033e-03 3.406731411814689636e-03 3.438048996031284332e-03 4.154612775892019272e-03 4.569347947835922241e-03 5.226139910519123077e-03 7.180441170930862427e-03 1.423254702240228653e-02 1.841539703309535980e-02 9.078970178961753845e-03 2.167153172194957733e-02 9.560122154653072357e-03 8.587140589952468872e-03 7.189683150500059128e-03 5.680232774466276169e-03 4.818713758140802383e-03 3.872014582157135010e-03 2.008986892178654671e-03 0.000000000000000000e+00 0.000000000000000000e+00 
1.378784514963626862e-02 1.112332195043563843e-02 1.731157675385475159e-02 1.804124377667903900e-02 3.335770964622497559e-02 3.242251276969909668e-02 3.397522494196891785e-02 4.915123432874679565e-02 6.126470863819122314e-02 7.928097248077392578e-02 9.123682975769042969e-02 1.259543299674987793e-01 2.360567748546600342e-01 3.167831599712371826e-01 4.691940248012542725e-01 5.977399349212646484e-01 7.340281009674072266e-01 8.361989259719848633e-01 9.059994220733642578e-01 9.348476529121398926e-01 9.595846533775329590e-01 9.779023528099060059e-01 0.000000000000000000e+00 0.000000000000000000e+00 
1.573087531141936779e-03 1.952717779204249382e-03 2.484481083229184151e-03 2.516774460673332214e-03 3.452796954661607742e-03 3.412023885175585747e-03 3.443474881350994110e-03 4.159180447459220886e-03 4.576282110065221786e-03 5.231082439422607422e-03 7.186681032180786133e-03 1.424825750291347504e-02 1.843117736279964447e-02 9.082258678972721100e-03 2.167687937617301941e-02 9.559377096593379974e-03 8.584939874708652496e-03 7.185877766460180283e-03 5.677578505128622055e-03 4.817325621843338013e-03 3.870549844577908516e-03 2.007646020501852036e-03 0.000000000000000000e+00 0.000000000000000000e+00 
1.381043531000614166e-02 1.116260513663291931e-02 1.736048981547355652e-02 1.810305751860141754e-02 3.342035040259361267e-02 3.249379992485046387e-02 3.405392169952392578e-02 4.922246560454368591e-02 6.140356510877609253e-02 7.939423620700836182e-02 9.136433899402618408e-02 1.261463463306427002e-01 2.363875359296798706e-01 3.170104622840881348e-01 4.695200324058532715e-01 5.979831814765930176e-01 7.342136502265930176e-01 8.363381028175354004e-01 9.060671925544738770e-01 9.348715543746948242e-01 9.596052765846252441e-01 9.779202938079833984e-01 0.000000000000000000e+00 0.000000000000000000e+00 
1.574651803821325302e-03 1.956793013960123062e-03 2.488575642928481102e-03 2.521928166970610619e-03 3.457159502431750298e-03 3.416225546970963478e-03 3.447750583291053772e-03 4.162702709436416626e-03 4.581733141094446182e-03 5.234858952462673187e-03 7.191502489149570465e-03 1.425962056964635849e-02 1.844371110200881958e-02 9.084869176149368286e-03 2.168118581175804138e-02 9.558903984725475311e-03 8.583673276007175446e-03 7.183729205280542374e-03 5.676075350493192673e-03 4.816906992346048355e-03 3.869699314236640930e-03 2.007037401199340820e-03 0.000000000000000000e+00 0.000000000000000000e+00 
1.378897670656442642e-02 1.114158239215612411e-02 1.734556630253791809e-02 1.808262057602405548e-02 3.338362276554107666e-02 3.246992826461791992e-02 3.399545326828956604e-02 4.914442077279090881e-02 6.131031364202499390e-02 7.931136339902877808e-02 9.125681221485137939e-02 1.259129196405410767e-01 2.362075895071029663e-01 3.167710006237030029e-01 4.690759778022766113e-01 5.976092815399169922e-01 7.338434457778930664e-01 8.360578417778015137e-01 9.059183597564697266e-01 9.347508549690246582e-01 9.595634937286376953e-01 9.778664112091064453e-01 0.000000000000000000e+00 0.000000000000000000e+00 
1.573354238644242287e-03 1.955030020326375961e-03 2.488204278051853180e-03 2.521180780604481697e-03 3.455736441537737846e-03 3.415043465793132782e-03 3.445841604843735695e-03 4.160800483077764511e-03 4.579347558319568634e-03 5.232766270637512207e-03 7.188419811427593231e-03 1.424773782491683960e-02 1.843833923339843750e-02 9.084084071218967438e-03 2.168189920485019684e-02 9.560841135680675507e-03 8.588382974267005920e-03 7.190600503236055374e-03 5.680965259671211243e-03 4.821349866688251495e-03 3.872296772897243500e-03 2.009765943512320518e-03 0.000000000000000000e+00 0.000000000000000000e+00 
1.380252093076705933e-02 1.116893813014030457e-02 1.738157123327255249e-02 1.812720857560634613e-02 3.342498093843460083e-02 3.252220898866653442e-02 3.404541313648223877e-02 4.918330907821655273e-02 6.140083074569702148e-02 7.938304543495178223e-02 9.133385121822357178e-02 1.260152459144592285e-01 2.364310324192047119e-01 3.168998062610626221e-01 4.692343175411224365e-01 5.977235436439514160e-01 7.339156270027160645e-01 8.361126780509948730e-01 9.059419035911560059e-01 9.347470998764038086e-01 9.595719575881958008e-01 9.778710007667541504e-01 0.000000000000000000e+00 0.000000000000000000e+00 
1.574320369400084019e-03 1.957928063347935677e-03 2.491402672603726387e-03 2.525130519643425941e-03 3.458836115896701813e-03 3.418168984353542328e-03 3.448843955993652344e-03 4.163137171417474747e-03 4.583184607326984406e-03 5.235301330685615540e-03 7.191522512584924698e-03 1.425418164581060410e-02 1.844726689159870148e-02 9.085958823561668396e-03 2.168561704456806183e-02 9.560886770486831665e-03 8.588346652686595917e-03 7.190297823399305344e-03 5.680742673575878143e-03 4.821851849555969238e-03 3.872103989124298096e-03 2.009795978665351868e-03 0.000000000000000000e+00 0.000000000000000000e+00 
1.434551086276769638e-02 1.190236397087574005e-02 1.821068488061428070e-02 1.915951259434223175e-02 3.466192260384559631e-02 3.371281921863555908e-02 3.594021871685981750e-02 5.117216333746910095e-02 6.447158753871917725e-02 8.195215463638305664e-02 9.450385719537734985e-02 1.313033103942871094e-01 2.427649945020675659e-01 3.230432271957397461e-01 4.790903925895690918e-01 6.058121323585510254e-01 7.414103746414184570e-01 8.420443534851074219e-01 9.090182781219482422e-01 9.367921948432922363e-01 9.605298042297363281e-01 9.789135456085205078e-01 0.000000000000000000e+00 0.000000000000000000e+00 
1.608395134098827839e-03 2.031895564869046211e-03 2.552233636379241943e-03 2.603325294330716133e-03 3.529623849317431450e-03 3.483039094135165215e-03 3.536081407219171524e-03 4.237598739564418793e-03 4.688763990998268127e-03 5.310682114213705063e-03 7.299503777176141739e-03 1.455358695238828659e-02 1.867229677736759186e-02 9.126960299909114838e-03 2.172774821519851685e-02 9.528715163469314575e-03 8.508949540555477142e-03 7.071814965456724167e-03 5.589704494923353195e-03 4.748500417917966843e-03 3.816285636276006699e-03 1.962890848517417908e-03 0.000000000000000000e+00 0.000000000000000000e+00 
1.432299148291349411e-02 1.187926065176725388e-02 1.818670891225337982e-02 1.912573166191577911e-02 3.461118042469024658e-02 3.368116915225982666e-02 3.586009517312049866e-02 5.106483027338981628e-02 6.434791535139083862e-02 8.184067159891128540e-02 9.436726570129394531e-02 1.310644596815109253e-01 2.425567060708999634e-01 3.227398097515106201e-01 4.785828888416290283e-01 6.054061651229858398e-01 7.409906983375549316e-01 8.417291045188903809e-01 9.088468551635742188e-01 9.366684556007385254e-01 9.604766368865966797e-01 9.788595438003540039e-01 0.000000000000000000e+00 0.000000000000000000e+00 
1.607155078090727329e-03 2.029709750786423683e-03 2.551136305555701256e-03 2.601701067760586739e-03 3.527416847646236420e-03 3.481699153780937195e-03 3.532867645844817162e-03 4.234133288264274597e-03 4.685400519520044327e-03 5.307910963892936707e-03 7.295234128832817078e-03 1.454032864421606064e-02 1.866720803081989288e-02 9.126049466431140900e-03 2.172860503196716309e-02 9.530949406325817108e-03 8.514455519616603851e-03 7.078386377543210983e-03 5.595447495579719543e-03 4.753609187901020050e-03 3.819880075752735138e-03 1.965454313904047012e-03 0.000000000000000000e+00 0.000000000000000000e+00 
4.154393915086984634e-03 2.479313407093286514e-03 5.077086854726076126e-03 5.429753102362155914e-03 1.427467539906501770e-02 9.619587101042270660e-03 9.465394541621208191e-03 1.695429347455501556e-02 2.303648740053176880e-02 3.159012272953987122e-02 3.859855234622955322e-02 4.672422632575035095e-02 1.164000481367111206e-01 1.965877562761306763e-01 2.885594964027404785e-01 4.473316967487335205e-01 5.903375148773193359e-01 7.412803769111633301e-01 8.344246149063110352e-01 8.860455155372619629e-01 9.293092489242553711e-01 9.599562287330627441e-01 0.000000000000000000e+00 0.000000000000000000e+00 
8.055773796513676643e-04 9.009909117594361305e-04 1.277072820812463760e-03 1.374186016619205475e-03 2.273736055940389633e-03 1.788165420293807983e-03 1.765304361470043659e-03 2.400086959823966026e-03 2.846945542842149734e-03 3.288930980488657951e-03 4.746980499476194382e-03 8.872157894074916840e-03 1.373181212693452835e-02 7.705131545662879944e-03 1.980040594935417175e-02 9.634087793529033661e-03 9.541052393615245819e-03 8.501410484313964844e-03 7.204845547676086426e-03 6.180769763886928558e-03 4.962063860148191452e-03 2.700987970456480980e-03 0.000000000000000000e+00 0.000000000000000000e+00 
2.411525323987007141e-02 2.138987369835376740e-02 3.470198437571525574e-02 3.607873618602752686e-02 5.629435926675796509e-02 5.731279402971267700e-02 6.397548317909240723e-02 8.220255374908447266e-02 1.052368059754371643e-01 1.263626664876937866e-01 1.376368850469589233e-01 1.901729702949523926e-01 3.254061341285705566e-01 4.329057037830352783e-01 5.891607403755187988e-01 7.159362435340881348e-01 8.373404145240783691e-01 9.142467975616455078e-01 9.557034969329833984e-01 9.708723425865173340e-01 9.834408164024353027e-01 9.926329851150512695e-01 0.000000000000000000e+00 0.000000000000000000e+00 
2.055880147963762283e-03 2.682578749954700470e-03 3.447612514719367027e-03 3.534150077030062675e-03 4.410423804074525833e-03 4.424012731760740280e-03 4.675231408327817917e-03 5.267179571092128754e-03 5.931226070970296860e-03 6.397937424480915070e-03 8.605846203863620758e-03 1.691509038209915161e-02 2.042217552661895752e-02 9.595931507647037506e-03 2.151267416775226593e-02 8.723304606974124908e-03 7.136818952858448029e-03 5.405132658779621124e-03 3.975023515522480011e-03 3.269960172474384308e-03 2.433878136798739433e-03 1.137854647822678089e-03 0.000000000000000000e+00 0.000000000000000000e+00 
1.337730139493942261e-02 9.942143224179744720e-03 1.729452237486839294e-02 1.731866784393787384e-02 3.280448913574218750e-02 3.113909251987934113e-02 3.599216043949127197e-02 5.001202970743179321e-02 6.777545064687728882e-02 8.106392621994018555e-02 9.482355415821075439e-02 1.256543546915054321e-01 2.559276521205902100e-01 3.373708128929138184e-01 4.975621402263641357e-01 6.285974383354187012e-01 7.712956070899963379e-01 8.691118955612182617e-01 9.278252124786376953e-01 9.545935392379760742e-01 9.750970602035522461e-01 9.865410327911376953e-01 0.000000000000000000e+00 0.000000000000000000e+00 
1.531175570562481880e-03 1.806485466659069061e-03 2.449239138513803482e-03 2.443852135911583900e-03 3.388040931895375252e-03 3.312824061140418053e-03 3.507702378556132317e-03 4.179224837571382523e-03 4.800277296453714371e-03 5.234520882368087769e-03 7.257079239934682846e-03 1.428549177944660187e-02 1.903680339455604553e-02 9.162636473774909973e-03 2.169326320290565491e-02 9.430624544620513916e-03 8.150614798069000244e-03 6.546373944729566574e-03 4.999614786356687546e-03 4.018323030322790146e-03 2.994894981384277344e-03 1.569380867294967175e-03 0.000000000000000000e+00 0.000000000000000000e+00 
1.173476874828338623e-02 8.080205880105495453e-03 1.516326889395713806e-02 1.481114327907562256e-02 2.912053279578685760e-02 2.815116196870803833e-02 3.049662522971630096e-02 4.507454112172126770e-02 6.005137413740158081e-02 7.327951490879058838e-02 8.547464758157730103e-02 1.120353564620018005e-01 2.402566075325012207e-01 3.174858987331390381e-01 4.738944768905639648e-01 6.086095571517944336e-01 7.530784010887145996e-01 8.563720583915710449e-01 9.189409017562866211e-01 9.488986134529113770e-01 9.710402488708496094e-01 9.844390749931335449e-01 0.000000000000000000e+00 0.000000000000000000e+00 
1.436564372852444649e-03 1.618718961253762245e-03 2.292009536176919937e-03 2.267252188175916672e-03 3.188444767147302628e-03 3.178949467837810516e-03 3.200107254087924957e-03 3.971857950091362000e-03 4.522802308201789856e-03 4.995251074433326721e-03 6.890540942549705505e-03 1.342413760721683502e-02 1.851599477231502533e-02 9.045071899890899658e-03 2.171828970313072205e-02 9.510307572782039642e-03 8.366908878087997437e-03 6.794244516640901566e-03 5.276132375001907349e-03 4.267337732017040253e-03 3.223263425752520561e-03 1.686982461251318455e-03 0.000000000000000000e+00 0.000000000000000000e+00 
1.167158503085374832e-02 8.021507412195205688e-03 1.509254425764083862e-02 1.472064014524221420e-02 2.896451950073242188e-02 2.805436961352825165e-02 3.023021854460239410e-02 4.486775398254394531e-02 5.967283993959426880e-02 7.290107756853103638e-02 8.503252267837524414e-02 1.111631914973258972e-01 2.392163425683975220e-01 3.164359629154205322e-01 4.725764989852905273e-01 6.072794198989868164e-01 7.518676519393920898e-01 8.553948998451232910e-01 9.183180928230285645e-01 9.484453201293945312e-01 9.707261919975280762e-01 9.842778444290161133e-01 0.000000000000000000e+00 0.000000000000000000e+00 
1.432818011380732059e-03 1.612054067663848400e-03 2.287080045789480209e-03 2.260849112644791603e-03 3.179691033437848091e-03 3.174116602167487144e-03 3.184461966156959534e-03 3.963442984968423843e-03 4.508483223617076874e-03 4.982954356819391251e-03 6.871582940220832825e-03 1.336795743554830551e-02 1.848306320607662201e-02 9.038453921675682068e-03 2.171685919165611267e-02 9.514886885881423950e-03 8.380983024835586548e-03 6.813449785113334656e-03 5.296647083014249802e-03 4.286863375455141068e-03 3.241740399971604347e-03 1.696890918537974358e-03 0.000000000000000000e+00 0.000000000000000000e+00 
1.209196168929338455e-02 8.538953028619289398e-03 1.568985357880592346e-02 1.537034939974546432e-02 3.008729033172130585e-02 2.878166176378726959e-02 3.184628114104270935e-02 4.631372168660163879e-02 6.179318949580192566e-02 7.503946870565414429e-02 8.790193498134613037e-02 1.159460395574569702e-01 2.439520657062530518e-01 3.221299350261688232e-01 4.792145192623138428e-01 6.132845878601074219e-01 7.573204040527343750e-01 8.591167926788330078e-01 9.206789135932922363e-01 9.496685266494750977e-01 9.717199206352233887e-01 9.847823977470397949e-01 0.000000000000000000e+00 0.000000000000000000e+00 
1.458467566408216953e-03 1.668533543124794960e-03 2.334776567295193672e-03 2.308234339579939842e-03 3.245008178055286407e-03 3.212264738976955414e-03 3.276085481047630310e-03 4.024428781121969223e-03 4.584864247590303421e-03 5.052588414400815964e-03 6.983306258916854858e-03 1.366749964654445648e-02 1.864348724484443665e-02 9.067540057003498077e-03 2.171755954623222351e-02 9.491881355643272400e-03 8.316416293382644653e-03 6.743140053004026413e-03 5.218911916017532349e-03 4.233506973832845688e-03 3.183630295097827911e-03 1.667141681537032127e-03 0.000000000000000000e+00 0.000000000000000000e+00 
1.212348137050867081e-02 8.591577410697937012e-03 1.574738137423992157e-02 1.542596705257892609e-02 3.017728589475154877e-02 2.884379215538501740e-02 3.196090459823608398e-02 4.642606899142265320e-02 6.191911175847053528e-02 7.516879588365554810e-02 8.812292665243148804e-02 1.162085086107254028e-01 2.441133558750152588e-01 3.224284350872039795e-01 4.794990718364715576e-01 6.134600043296813965e-01 7.574729323387145996e-01 8.591343760490417480e-01 9.206867218017578125e-01 9.496002197265625000e-01 9.716867208480834961e-01 9.847636818885803223e-01 0.000000000000000000e+00 0.000000000000000000e+00 
1.460648374632000923e-03 1.674299244768917561e-03 2.340014325454831123e-03 2.312616212293505669e-03 3.250560257583856583e-03 3.215757897123694420e-03 3.282392630353569984e-03 4.029509611427783966e-03 4.589293152093887329e-03 5.056868772953748703e-03 6.991311442106962204e-03 1.368276029825210571e-02 1.865068823099136353e-02 9.068728424608707428e-03 2.171863615512847900e-02 9.491370990872383118e-03 8.315004408359527588e-03 6.743325386196374893e-03 5.218821577727794647e-03 4.236462526023387909e-03 3.186048008501529694e-03 1.668694196268916130e-03 0.000000000000000000e+00 0.000000000000000000e+00 
1.209148298949003220e-02 8.567039854824542999e-03 1.571683585643768311e-02 1.538330689072608948e-02 3.010581061244010925e-02 2.879768051207065582e-02 3.184112533926963806e-02 4.632470384240150452e-02 6.172436475753784180e-02 7.498268783092498779e-02 8.792350441217422485e-02 1.158120483160018921e-01 2.435995787382125854e-01 3.218603432178497314e-01 4.788087904453277588e-01 6.127809286117553711e-01 7.568369507789611816e-01 8.586226701736450195e-01 9.203451275825500488e-01 9.493393301963806152e-01 9.715029001235961914e-01 9.846683740615844727e-01 0.000000000000000000e+00 0.000000000000000000e+00 
1.459142076782882214e-03 1.672160578891634941e-03 2.338332822546362877e-03 2.310046693310141563e-03 3.246909938752651215e-03 3.214091295376420021e-03 3.275801194831728935e-03 4.025673959404230118e-03 4.582525696605443954e-03 5.051498301327228546e-03 6.983200088143348694e-03 1.365499943494796753e-02 1.863630302250385284e-02 9.065603837370872498e-03 2.172135747969150543e-02 9.494571946561336517e-03 8.323251269757747650e-03 6.753762252628803253e-03 5.230342969298362732e-03 4.248154349625110626e-03 3.197473939508199692e-03 1.674815197475254536e-03 0.000000000000000000e+00 0.000000000000000000e+00 
1.203291770070791245e-02 8.511210791766643524e-03 1.564943790435791016e-02 1.530103944242000580e-02 2.997094765305519104e-02 2.870850451290607452e-02 3.162553161382675171e-02 4.613946005702018738e-02 6.139474362134933472e-02 7.466423511505126953e-02 8.755471557378768921e-02 1.151582077145576477e-01 2.428023070096969604e-01 3.209692239761352539e-01 4.777539074420928955e-01 6.117700934410095215e-01 7.558900713920593262e-01 8.578886985778808594e-01 9.198614954948425293e-01 9.489831924438476562e-01 9.712562561035156250e-01 9.845400452613830566e-01 0.000000000000000000e+00 0.000000000000000000e+00 
1.456107711419463158e-03 1.666833413764834404e-03 2.333922777324914932e-03 2.304770983755588531e-03 3.239862387999892235e-03 3.210486844182014465e-03 3.264097264036536217e-03 4.018508363515138626e-03 4.571058321744203568e-03 5.042314063757658005e-03 6.968796718865633011e-03 1.361116766929626465e-02 1.861363090574741364e-02 9.060923010110855103e-03 2.172474004328250885e-02 9.499293752014636993e-03 8.335412479937076569e-03 6.768797524273395538e-03 5.246704909950494766e-03 4.264368209987878799e-03 3.212584182620048523e-03 1.682864967733621597e-03 0.000000000000000000e+00 0.000000000000000000e+00 
1.199890021234750748e-02 8.483284153044223785e-03 1.561614964157342911e-02 1.525649707764387131e-02 2.989395521581172943e-02 2.866180427372455597e-02 3.149823471903800964e-02 4.603336378931999207e-02 6.119107827544212341e-02 7.447354495525360107e-02 8.734180033206939697e-02 1.147458255290985107e-01 2.422906160354614258e-01 3.204041421413421631e-01 4.770782887935638428e-01 6.110976338386535645e-01 7.552518844604492188e-01 8.573704957962036133e-01 9.195294976234436035e-01 9.487239122390747070e-01 9.710792899131774902e-01 9.844474792480468750e-01 0.000000000000000000e+00 0.000000000000000000e+00 
1.454512472264468670e-03 1.664415933191776276e-03 2.332153497263789177e-03 2.302129054442048073e-03 3.236116375774145126e-03 3.208849113434553146e-03 3.257372183725237846e-03 4.014682024717330933e-03 4.564146511256694794e-03 5.037196446210145950e-03 6.960580591112375259e-03 1.358356606215238571e-02 1.860017143189907074e-02 9.058115072548389435e-03 2.172729931771755219e-02 9.502522647380828857e-03 8.343889378011226654e-03 6.779789924621582031e-03 5.258090328425168991e-03 4.276387393474578857e-03 3.223381238058209419e-03 1.688668737187981606e-03 0.000000000000000000e+00 0.000000000000000000e+00 
1.197501551359891891e-02 8.467110805213451385e-03 1.559645496308803558e-02 1.522765494883060455e-02 2.984284982085227966e-02 2.863172069191932678e-02 3.140735626220703125e-02 4.596152901649475098e-02 6.104167550802230835e-02 7.433628290891647339e-02 8.719559758901596069e-02 1.144373863935470581e-01 2.419019490480422974e-01 3.199856877326965332e-01 4.765737652778625488e-01 6.105781793594360352e-01 7.547569870948791504e-01 8.569577932357788086e-01 9.192674756050109863e-01 9.485120177268981934e-01 9.709341526031494141e-01 9.843719601631164551e-01 0.000000000000000000e+00 0.000000000000000000e+00 
1.453470438718795776e-03 1.663186121731996536e-03 2.331422176212072372e-03 2.300537424162030220e-03 3.233863506466150284e-03 3.207946196198463440e-03 3.252707188948988914e-03 4.012244287878274918e-03 4.559143446385860443e-03 5.033728666603565216e-03 6.955024320632219315e-03 1.356291491538286209e-02 1.859051547944545746e-02 9.056075476109981537e-03 2.172941714525222778e-02 9.505042806267738342e-03 8.350603282451629639e-03 6.788775324821472168e-03 5.267112981528043747e-03 4.286334384232759476e-03 3.232181305065751076e-03 1.693380181677639484e-03 0.000000000000000000e+00 0.000000000000000000e+00 
1.193988230079412460e-02 8.436581119894981384e-03 1.556090731173753738e-02 1.518184226006269455e-02 2.976224943995475769e-02 2.858249843120574951e-02 3.127304464578628540e-02 4.585297405719757080e-02 6.083382666110992432e-02 7.414288818836212158e-02 8.697386831045150757e-02 1.140024587512016296e-01 2.413873821496963501e-01 3.194208145141601562e-01 4.758989810943603516e-01 6.099039316177368164e-01 7.541244029998779297e-01 8.564477562904357910e-01 9.189434647560119629e-01 9.482668042182922363e-01 9.707601666450500488e-01 9.842820167541503906e-01 0.000000000000000000e+00 0.000000000000000000e+00 
1.451760996133089066e-03 1.660443143919110298e-03 2.329472219571471214e-03 2.297732280567288399e-03 3.230014815926551819e-03 3.206091234460473061e-03 3.245740896090865135e-03 4.008339252322912216e-03 4.552140366286039352e-03 5.028667394071817398e-03 6.946680601686239243e-03 1.353450771421194077e-02 1.857709512114524841e-02 9.053352288901805878e-03 2.173140458762645721e-02 9.508216753602027893e-03 8.359083905816078186e-03 6.799782626330852509e-03 5.278186872601509094e-03 4.297931212931871414e-03 3.242590930312871933e-03 1.698846812359988689e-03 0.000000000000000000e+00 0.000000000000000000e+00 
1.191808748990297318e-02 8.421923965215682983e-03 1.554358843713998795e-02 1.515646930783987045e-02 2.971532568335533142e-02 2.855595014989376068e-02 3.118934854865074158e-02 4.578857868909835815e-02 6.069632619619369507e-02 7.401809841394424438e-02 8.684188127517700195e-02 1.137064024806022644e-01 2.410322129726409912e-01 3.190386295318603516e-01 4.754334688186645508e-01 6.094241142272949219e-01 7.536706924438476562e-01 8.560683727264404297e-01 9.187062382698059082e-01 9.480794072151184082e-01 9.706257581710815430e-01 9.842131137847900391e-01 0.000000000000000000e+00 0.000000000000000000e+00 
1.450832351110875607e-03 1.659347093664109707e-03 2.328912960365414619e-03 2.296365564689040184e-03 3.228071378543972969e-03 3.205300774425268173e-03 3.241605823859572411e-03 4.006260540336370468e-03 4.547666758298873901e-03 5.025733727961778641e-03 6.941906176507472992e-03 1.351520791649818420e-02 1.856867410242557526e-02 9.051636792719364166e-03 2.173311263322830200e-02 9.510579518973827362e-03 8.365447632968425751e-03 6.808253005146980286e-03 5.286315456032752991e-03 4.306953400373458862e-03 3.250668989494442940e-03 1.703026471659541130e-03 0.000000000000000000e+00 0.000000000000000000e+00 
1.188341341912746429e-02 8.391175419092178345e-03 1.550857257097959518e-02 1.511170063167810440e-02 2.963635884225368500e-02 2.850758284330368042e-02 3.105634450912475586e-02 4.568279162049293518e-02 6.049346923828125000e-02 7.383029162883758545e-02 8.662199229001998901e-02 1.132721677422523499e-01 2.405332624912261963e-01 3.184942007064819336e-01 4.747833907604217529e-01 6.087697744369506836e-01 7.530623078346252441e-01 8.555738329887390137e-01 9.183936715126037598e-01 9.478490352630615234e-01 9.704540967941284180e-01 9.841245412826538086e-01 0.000000000000000000e+00 0.000000000000000000e+00 
1.449123141355812550e-03 1.656523440033197403e-03 2.326998393982648849e-03 2.293580677360296249e-03 3.224350279197096825e-03 3.203448140993714333e-03 3.234816249459981918e-03 4.002511035650968552e-03 4.540859255939722061e-03 5.020929500460624695e-03 6.933798547834157944e-03 1.348744519054889679e-02 1.855586469173431396e-02 9.049057029187679291e-03 2.173445746302604675e-02 9.513572789728641510e-03 8.373744785785675049e-03 6.819124799221754074e-03 5.296902731060981750e-03 4.317996557801961899e-03 3.260786179453134537e-03 1.708193332888185978e-03 0.000000000000000000e+00 0.000000000000000000e+00 
1.185115333646535873e-02 8.363150991499423981e-03 1.547699235379695892e-02 1.507033221423625946e-02 2.956384234130382538e-02 2.846376970410346985e-02 3.093234635889530182e-02 4.558577015995979309e-02 6.030565127730369568e-02 7.365820556879043579e-02 8.641792088747024536e-02 1.128619983792304993e-01 2.400731742382049561e-01 3.179903924465179443e-01 4.741799235343933105e-01 6.081588268280029297e-01 7.524992227554321289e-01 8.551120162010192871e-01 9.181033372879028320e-01 9.476363062858581543e-01 9.702925086021423340e-01 9.840402603149414062e-01 0.000000000000000000e+00 0.000000000000000000e+00 
1.447528717108070850e-03 1.653969869948923588e-03 2.325331326574087143e-03 2.291002310812473297e-03 3.220996586605906487e-03 3.201774554327130318e-03 3.228584770113229752e-03 3.999119624495506287e-03 4.534568171948194504e-03 5.016596522182226181e-03 6.926342844963073730e-03 1.346150133758783340e-02 1.854428276419639587e-02 9.046699851751327515e-03 2.173547074198722839e-02 9.516304358839988708e-03 8.381498046219348907e-03 6.829402409493923187e-03 5.306720733642578125e-03 4.328194539994001389e-03 3.270261920988559723e-03 1.713031320832669735e-03 0.000000000000000000e+00 0.000000000000000000e+00 
1.182132214307785034e-02 8.337933570146560669e-03 1.544883567839860916e-02 1.503233052790164948e-02 2.949670702219009399e-02 2.842421829700469971e-02 3.081565164029598236e-02 4.549600183963775635e-02 6.012966483831405640e-02 7.349921762943267822e-02 8.622627705335617065e-02 1.124701276421546936e-01 2.396430075168609619e-01 3.175154924392700195e-01 4.736044704914093018e-01 6.075754165649414062e-01 7.519667744636535645e-01 8.546736240386962891e-01 9.178285002708435059e-01 9.474374055862426758e-01 9.701386690139770508e-01 9.839587807655334473e-01 0.000000000000000000e+00 0.000000000000000000e+00 
1.446065376512706280e-03 1.651705359108746052e-03 2.323925727978348732e-03 2.288633724674582481e-03 3.217960242182016373e-03 3.200279083102941513e-03 3.222816390916705132e-03 3.996045794337987900e-03 4.528709687292575836e-03 5.012650508433580399e-03 6.919463165104389191e-03 1.343698054552078247e-02 1.853363029658794403e-02 9.044499136507511139e-03 2.173607051372528076e-02 9.518846869468688965e-03 8.388884365558624268e-03 6.839249748736619949e-03 5.315978545695543289e-03 4.337697755545377731e-03 3.279288997873663902e-03 1.717671751976013184e-03 0.000000000000000000e+00 0.000000000000000000e+00 
1.178618427366018295e-02 8.305744268000125885e-03 1.541344914585351944e-02 1.498632505536079407e-02 2.941714227199554443e-02 2.837623842060565948e-02 3.068024292588233948e-02 4.539053514599800110e-02 5.992733314633369446e-02 7.331691682338714600e-02 8.599749952554702759e-02 1.120183914899826050e-01 2.391611635684967041e-01 3.169806003570556641e-01 4.729573428630828857e-01 6.069233417510986328e-01 7.513811588287353516e-01 8.541960716247558594e-01 9.175264835357666016e-01 9.472238421440124512e-01 9.699712991714477539e-01 9.838685393333435059e-01 0.000000000000000000e+00 0.000000000000000000e+00 
1.444263500161468983e-03 1.648680539801716805e-03 2.321976469829678535e-03 2.285675844177603722e-03 3.214275231584906578e-03 3.198361722752451897e-03 3.216102020815014839e-03 3.992352634668350220e-03 4.521911032497882843e-03 5.007965490221977234e-03 6.911279167979955673e-03 1.340912561863660812e-02 1.852131076157093048e-02 9.041927754878997803e-03 2.173607796430587769e-02 9.521546773612499237e-03 8.396849036216735840e-03 6.849929224699735641e-03 5.326052196323871613e-03 4.347817972302436829e-03 3.289045998826622963e-03 1.722749439068138599e-03 0.000000000000000000e+00 0.000000000000000000e+00 
1.175863482058048248e-02 8.283674716949462891e-03 1.538972463458776474e-02 1.495322585105895996e-02 2.935918606817722321e-02 2.834255993366241455e-02 3.057738579809665680e-02 4.531349986791610718e-02 5.976832285523414612e-02 7.317937910556793213e-02 8.582746237516403198e-02 1.116618067026138306e-01 2.387809157371520996e-01 3.165628314018249512e-01 4.724478721618652344e-01 6.063945293426513672e-01 7.509145140647888184e-01 8.538024425506591797e-01 9.172769784927368164e-01 9.470407962799072266e-01 9.698265790939331055e-01 9.837891459465026855e-01 0.000000000000000000e+00 0.000000000000000000e+00 
1.442937296815216541e-03 1.646790537051856518e-03 2.320965519174933434e-03 2.283683745190501213e-03 3.211855655536055565e-03 3.197169397026300430e-03 3.211246104910969734e-03 3.989853430539369583e-03 4.516738466918468475e-03 5.004663486033678055e-03 6.905464921146631241e-03 1.338752545416355133e-02 1.851225271821022034e-02 9.039995260536670685e-03 2.173624001443386078e-02 9.523817338049411774e-03 8.403358981013298035e-03 6.858990062028169632e-03 5.334360525012016296e-03 4.356503952294588089e-03 3.297547111287713051e-03 1.727208960801362991e-03 0.000000000000000000e+00 0.000000000000000000e+00 
1.173308584839105606e-02 8.263780735433101654e-03 1.536915544420480728e-02 1.492321304976940155e-02 2.930603362619876862e-02 2.831222489476203918e-02 3.048220463097095490e-02 4.524285346269607544e-02 5.961979925632476807e-02 7.305355370044708252e-02 8.566968142986297607e-02 1.113120019435882568e-01 2.384235262870788574e-01 3.161640763282775879e-01 4.719538688659667969e-01 6.058809757232666016e-01 7.504654526710510254e-01 8.534212708473205566e-01 9.170343875885009766e-01 9.468662142753601074e-01 9.696860313415527344e-01 9.837101697921752930e-01 0.000000000000000000e+00 0.000000000000000000e+00 
1.441693166270852089e-03 1.645060139708220959e-03 2.320133149623870850e-03 2.281846711412072182e-03 3.209651680663228035e-03 3.196045989170670509e-03 3.206752473488450050e-03 3.987567499279975891e-03 4.511921200901269913e-03 5.001613404601812363e-03 6.900069303810596466e-03 1.336645893752574921e-02 1.850350946187973022e-02 9.038082323968410492e-03 2.173590473830699921e-02 9.525869041681289673e-03 8.409467525780200958e-03 6.867701187729835510e-03 5.342322401702404022e-03 4.364710301160812378e-03 3.305732505396008492e-03 1.731617841869592667e-03 0.000000000000000000e+00 0.000000000000000000e+00 
1.169971656054258347e-02 8.232951164245605469e-03 1.533748302608728409e-02 1.488118618726730347e-02 2.923380210995674133e-02 2.826889976859092712e-02 3.035695478320121765e-02 4.514807090163230896e-02 5.943162739276885986e-02 7.289046794176101685e-02 8.545798808336257935e-02 1.108689010143280029e-01 2.379769533872604370e-01 3.156645894050598145e-01 4.713314771652221680e-01 6.052509546279907227e-01 7.499195933341979980e-01 8.529739975929260254e-01 9.167444109916687012e-01 9.466670751571655273e-01 9.695252180099487305e-01 9.836186766624450684e-01 0.000000000000000000e+00 0.000000000000000000e+00 
1.439946820028126240e-03 1.642071758396923542e-03 2.318426501005887985e-03 2.279102569445967674e-03 3.206416731700301170e-03 3.194237360730767250e-03 3.200660459697246552e-03 3.984281327575445175e-03 4.505686927586793900e-03 4.997332580387592316e-03 6.892622914165258408e-03 1.334018446505069733e-02 1.849173009395599365e-02 9.035554714500904083e-03 2.173472382128238678e-02 9.528180584311485291e-03 8.416505530476570129e-03 6.877635139971971512e-03 5.351757630705833435e-03 4.373952280730009079e-03 3.315019886940717697e-03 1.736719626933336258e-03 0.000000000000000000e+00 0.000000000000000000e+00 
1.166431978344917297e-02 8.199313655495643616e-03 1.530344039201736450e-02 1.483614835888147354e-02 2.915736101567745209e-02 2.822287380695343018e-02 3.022585809230804443e-02 4.504896700382232666e-02 5.923639982938766479e-02 7.272045314311981201e-02 8.523339033126831055e-02 1.104035302996635437e-01 2.375171780586242676e-01 3.151485621929168701e-01 4.706871807575225830e-01 6.045970916748046875e-01 7.493588924407958984e-01 8.525197505950927734e-01 9.164499044418334961e-01 9.464655518531799316e-01 9.693605303764343262e-01 9.835249781608581543e-01 0.000000000000000000e+00 0.000000000000000000e+00 
1.438074861653149128e-03 1.638799207285046577e-03 2.316545462235808372e-03 2.276141894981265068e-03 3.202990395948290825e-03 3.192269476130604744e-03 3.194290446117520332e-03 3.980816807597875595e-03 4.499243106693029404e-03 4.992785397917032242e-03 6.884746719151735306e-03 1.331318169832229614e-02 1.847952604293823242e-02 9.032909758388996124e-03 2.173306234180927277e-02 9.530467912554740906e-03 8.423583582043647766e-03 6.887656636536121368e-03 5.361317191272974014e-03 4.383228719234466553e-03 3.324458608403801918e-03 1.742001273669302464e-03 0.000000000000000000e+00 0.000000000000000000e+00 
1.163275167346000671e-02 8.171848952770233154e-03 1.527577638626098633e-02 1.479689963161945343e-02 2.909179776906967163e-02 2.818369679152965546e-02 3.011069074273109436e-02 4.496315121650695801e-02 5.906119942665100098e-02 7.257006317377090454e-02 8.503621071577072144e-02 1.099824756383895874e-01 2.371051013469696045e-01 3.146846294403076172e-01 4.701002538204193115e-01 6.039916872978210449e-01 7.488446831703186035e-01 8.521004915237426758e-01 9.161776304244995117e-01 9.462777376174926758e-01 9.692066311836242676e-01 9.834364056587219238e-01 0.000000000000000000e+00 0.000000000000000000e+00 
1.436427119188010693e-03 1.636214437894523144e-03 2.315163379535079002e-03 2.273573074489831924e-03 3.200189210474491119e-03 3.190622432157397270e-03 3.188770730048418045e-03 3.977891057729721069e-03 4.493552725762128830e-03 4.988792352378368378e-03 6.877941079437732697e-03 1.328919269144535065e-02 1.846884749829769135e-02 9.030492976307868958e-03 2.173130959272384644e-02 9.532485157251358032e-03 8.429992944002151489e-03 6.896943319588899612e-03 5.370125640183687210e-03 4.391836002469062805e-03 3.333240980282425880e-03 1.747083384543657303e-03 0.000000000000000000e+00 0.000000000000000000e+00 
1.159600727260112762e-02 8.137488737702369690e-03 1.524110883474349976e-02 1.474955398589372635e-02 2.901441976428031921e-02 2.813608944416046143e-02 2.997638471424579620e-02 4.486218094825744629e-02 5.886010080575942993e-02 7.239559292793273926e-02 8.480284363031387329e-02 1.095054596662521362e-01 2.366354167461395264e-01 3.141597509384155273e-01 4.694287776947021484e-01 6.033091545104980469e-01 7.482699155807495117e-01 8.516395688056945801e-01 9.158751964569091797e-01 9.460730552673339844e-01 9.690371155738830566e-01 9.833382964134216309e-01 0.000000000000000000e+00 0.000000000000000000e+00 
1.434439909644424915e-03 1.632870989851653576e-03 2.313246950507164001e-03 2.270392375066876411e-03 3.196754259988665581e-03 3.188507864251732826e-03 3.182215616106987000e-03 3.974327351897954941e-03 4.486944992095232010e-03 4.983951803296804428e-03 6.869771983474493027e-03 1.326235290616750717e-02 1.845624297857284546e-02 9.027602151036262512e-03 2.172878757119178772e-02 9.534627199172973633e-03 8.436889387667179108e-03 6.906943395733833313e-03 5.379849113523960114e-03 4.401104990392923355e-03 3.342794254422187805e-03 1.752767711877822876e-03 0.000000000000000000e+00 0.000000000000000000e+00 
1.155958604067564011e-02 8.100795559585094452e-03 1.520535629242658615e-02 1.470254082232713699e-02 2.893806807696819305e-02 2.808828651905059814e-02 2.984341420233249664e-02 4.476240649819374084e-02 5.866027995944023132e-02 7.222272455692291260e-02 8.457107841968536377e-02 1.090373247861862183e-01 2.361649721860885620e-01 3.136421144008636475e-01 4.687486290931701660e-01 6.026294231414794922e-01 7.477036118507385254e-01 8.511850833892822266e-01 9.155720472335815430e-01 9.458711147308349609e-01 9.688682556152343750e-01 9.832408428192138672e-01 0.000000000000000000e+00 0.000000000000000000e+00 
1.432458404451608658e-03 1.629315433092415333e-03 2.311271848157048225e-03 2.267247531563043594e-03 3.193393349647521973e-03 3.186375601217150688e-03 3.175734775140881538e-03 3.970785997807979584e-03 4.480394534766674042e-03 4.979063756763935089e-03 6.861743517220020294e-03 1.323646586388349533e-02 1.844346337020397186e-02 9.024620056152343750e-03 2.172585204243659973e-02 9.536674246191978455e-03 8.443499915301799774e-03 6.916659884154796600e-03 5.389526020735502243e-03 4.410193767398595810e-03 3.352242056280374527e-03 1.758491154760122299e-03 0.000000000000000000e+00 0.000000000000000000e+00 
1.154007762670516968e-02 8.086752146482467651e-03 1.519386284053325653e-02 1.468233019113540649e-02 2.890556678175926208e-02 2.806947566568851471e-02 2.977733500301837921e-02 4.471740126609802246e-02 5.854975432157516479e-02 7.213568687438964844e-02 8.446025848388671875e-02 1.087702289223670959e-01 2.358975857496261597e-01 3.133458495140075684e-01 4.683402180671691895e-01 6.022027134895324707e-01 7.473555207252502441e-01 8.508874773979187012e-01 9.153727293014526367e-01 9.457276463508605957e-01 9.687476754188537598e-01 9.831720590591430664e-01 0.000000000000000000e+00 0.000000000000000000e+00 
1.431538141332566738e-03 1.628249883651733398e-03 2.311134710907936096e-03 2.266071736812591553e-03 3.192421281710267067e-03 3.185735084116458893e-03 3.172844881191849709e-03 3.969477955251932144e-03 4.477072507143020630e-03 4.976901691406965256e-03 6.858346983790397644e-03 1.322231721132993698e-02 1.843712106347084045e-02 9.022950194776058197e-03 2.172434888780117035e-02 9.537932462990283966e-03 8.447710424661636353e-03 6.923256907612085342e-03 5.395836662501096725e-03 4.416696261614561081e-03 3.359048161655664444e-03 1.762639498338103294e-03 0.000000000000000000e+00 0.000000000000000000e+00 
1.152080669999122620e-02 8.073336444795131683e-03 1.518327929079532623e-02 1.466286275535821915e-02 2.887461520731449127e-02 2.805156819522380829e-02 2.971453778445720673e-02 4.467478021979331970e-02 5.844296887516975403e-02 7.205191999673843384e-02 8.435306698083877563e-02 1.085085347294807434e-01 2.356403023004531860e-01 3.130581676959991455e-01 4.679399430751800537e-01 6.017836332321166992e-01 7.470161914825439453e-01 8.505971431732177734e-01 9.151776432991027832e-01 9.455859661102294922e-01 9.686290025711059570e-01 9.831057786941528320e-01 0.000000000000000000e+00 0.000000000000000000e+00 
1.430647913366556168e-03 1.627303194254636765e-03 2.311089541763067245e-03 2.264985116198658943e-03 3.191576572135090828e-03 3.185155335813760757e-03 3.170171985402703285e-03 3.968287259340286255e-03 4.473970737308263779e-03 4.974858835339546204e-03 6.855184212327003479e-03 1.320886518806219101e-02 1.843121461570262909e-02 9.021374396979808807e-03 2.172295935451984406e-02 9.539172984659671783e-03 8.451817557215690613e-03 6.929700262844562531e-03 5.401991773396730423e-03 4.423120524734258652e-03 3.365754149854183197e-03 1.766693778336048126e-03 0.000000000000000000e+00 0.000000000000000000e+00 
1.149018947035074234e-02 8.044721558690071106e-03 1.515647396445274353e-02 1.462572440505027771e-02 2.881457470357418060e-02 2.801431901752948761e-02 2.960821241140365601e-02 4.459583014249801636e-02 5.827961489558219910e-02 7.191273570060729980e-02 8.416460454463958740e-02 1.081138253211975098e-01 2.352591454982757568e-01 3.126268684864044189e-01 4.673514068126678467e-01 6.011926531791687012e-01 7.465357184410095215e-01 8.502131104469299316e-01 9.149171710014343262e-01 9.454115033149719238e-01 9.684808850288391113e-01 9.830250144004821777e-01 0.000000000000000000e+00 0.000000000000000000e+00 
1.429046969860792160e-03 1.624718192033469677e-03 2.309808274731040001e-03 2.262599067762494087e-03 3.189131850376725197e-03 3.183533204719424248e-03 3.165168454870581627e-03 3.965568728744983673e-03 4.468870349228382111e-03 4.970964975655078888e-03 6.848932709544897079e-03 1.318841334432363510e-02 1.842110790312290192e-02 9.018895216286182404e-03 2.172027342021465302e-02 9.540836326777935028e-03 8.457276970148086548e-03 6.937906611710786819e-03 5.410204641520977020e-03 4.430922213941812515e-03 3.373998682945966721e-03 1.771585200913250446e-03 0.000000000000000000e+00 0.000000000000000000e+00 
1.146895717829465866e-02 8.028894662857055664e-03 1.514319144189357758e-02 1.460319850593805313e-02 2.877850271761417389e-02 2.799330092966556549e-02 2.953843399882316589e-02 4.454685747623443604e-02 5.816399678587913513e-02 7.182000577449798584e-02 8.404289931058883667e-02 1.078281253576278687e-01 2.349878847599029541e-01 3.123134374618530273e-01 4.669064879417419434e-01 6.007312536239624023e-01 7.461682558059692383e-01 8.499097824096679688e-01 9.147104620933532715e-01 9.452675580978393555e-01 9.683572053909301758e-01 9.829591512680053711e-01 0.000000000000000000e+00 0.000000000000000000e+00 
1.428005984053015709e-03 1.623453339561820030e-03 2.309505362063646317e-03 2.261245623230934143e-03 3.187959548085927963e-03 3.182706423103809357e-03 3.162054112181067467e-03 3.964039962738752365e-03 4.465451464056968689e-03 4.968510475009679794e-03 6.845199968665838242e-03 1.317412033677101135e-02 1.841431669890880585e-02 9.017070755362510681e-03 2.171817794442176819e-02 9.542063809931278229e-03 8.461433462798595428e-03 6.944476161152124405e-03 5.416620522737503052e-03 4.437368828803300858e-03 3.380852984264492989e-03 1.775603741407394409e-03 0.000000000000000000e+00 0.000000000000000000e+00 
1.145787816494703293e-02 8.027059957385063171e-03 1.514440495520830154e-02 1.459658239036798477e-02 2.876899391412734985e-02 2.798978053033351898e-02 2.950982004404067993e-02 4.453058913350105286e-02 5.810254067182540894e-02 7.177994400262832642e-02 8.399612456560134888e-02 1.076668277382850647e-01 2.348455190658569336e-01 3.121407330036163330e-01 4.666395187377929688e-01 6.004366874694824219e-01 7.459394335746765137e-01 8.497053980827331543e-01 9.145720601081848145e-01 9.451608657836914062e-01 9.682663083076477051e-01 9.829111099243164062e-01 0.000000000000000000e+00 0.000000000000000000e+00 
1.427612267434597015e-03 1.623718184418976307e-03 2.310300944373011589e-03 2.261080080643296242e-03 3.188256407156586647e-03 3.182817716151475906e-03 3.161186818033456802e-03 3.963886760175228119e-03 4.464039579033851624e-03 4.967810120433568954e-03 6.844403687864542007e-03 1.316686533391475677e-02 1.841181330382823944e-02 9.016211144626140594e-03 2.171748504042625427e-02 9.542910382151603699e-03 8.464222773909568787e-03 6.949225440621376038e-03 5.420874338597059250e-03 4.442261997610330582e-03 3.385990858078002930e-03 1.778605394065380096e-03 0.000000000000000000e+00 0.000000000000000000e+00 
1.144288107752799988e-02 8.019070141017436981e-03 1.513956114649772644e-02 1.458394434303045273e-02 2.874900586903095245e-02 2.797929942607879639e-02 2.946696244180202484e-02 4.450224339962005615e-02 5.802118033170700073e-02 7.172076404094696045e-02 8.392235636711120605e-02 1.074656397104263306e-01 2.346576601266860962e-01 3.119232356548309326e-01 4.663095176219940186e-01 6.000847816467285156e-01 7.456655502319335938e-01 8.494697213172912598e-01 9.144091606140136719e-01 9.450414180755615234e-01 9.681634902954101562e-01 9.828578233718872070e-01 0.000000000000000000e+00 0.000000000000000000e+00 
1.426966744475066662e-03 1.623317017219960690e-03 2.310640411451458931e-03 2.260467503219842911e-03 3.187987487763166428e-03 3.182550426572561264e-03 3.159544663503766060e-03 3.963234834372997284e-03 4.461912903934717178e-03 4.966454580426216125e-03 6.842597387731075287e-03 1.315752789378166199e-02 1.840779185295104980e-02 9.015049785375595093e-03 2.171625755727291107e-02 9.543898515403270721e-03 8.467421866953372955e-03 6.954521406441926956e-03 5.425887648016214371e-03 4.447698127478361130e-03 3.391732228919863701e-03 1.781884464435279369e-03 0.000000000000000000e+00 0.000000000000000000e+00 
1.142597571015357971e-02 8.008381351828575134e-03 1.513265538960695267e-02 1.456835959106683731e-02 2.872465550899505615e-02 2.796578593552112579e-02 2.941745892167091370e-02 4.446841031312942505e-02 5.793095752596855164e-02 7.165316492319107056e-02 8.383699506521224976e-02 1.072413176298141479e-01 2.344518750905990601e-01 3.116832971572875977e-01 4.659478068351745605e-01 5.997007489204406738e-01 7.453675270080566406e-01 8.492181897163391113e-01 9.142343997955322266e-01 9.449163079261779785e-01 9.680534005165100098e-01 9.828020334243774414e-01 0.000000000000000000e+00 0.000000000000000000e+00 
1.426214119419455528e-03 1.622668351046741009e-03 2.310832496732473373e-03 2.259653061628341675e-03 3.187487134709954262e-03 3.182122949510812759e-03 3.157545579597353935e-03 3.962387330830097198e-03 4.459511488676071167e-03 4.964804276823997498e-03 6.840400863438844681e-03 1.314714178442955017e-02 1.840327121317386627e-02 9.013782255351543427e-03 2.171487174928188324e-02 9.544989094138145447e-03 8.470840752124786377e-03 6.960154976695775986e-03 5.431260447949171066e-03 4.453400149941444397e-03 3.397884080186486244e-03 1.785294152796268463e-03 0.000000000000000000e+00 0.000000000000000000e+00 
1.139283459633588791e-02 7.976596243679523468e-03 1.510409824550151825e-02 1.452714670449495316e-02 2.866166643798351288e-02 2.792445756494998932e-02 2.930480428040027618e-02 4.438375309109687805e-02 5.775755643844604492e-02 7.150675356388092041e-02 8.363625407218933105e-02 1.068305522203445435e-01 2.340531796216964722e-01 3.112326562404632568e-01 4.653029143810272217e-01 5.990475416183471680e-01 7.448521852493286133e-01 8.488165736198425293e-01 9.139544963836669922e-01 9.447373151779174805e-01 9.678913950920104980e-01 9.827220439910888672e-01 0.000000000000000000e+00 0.000000000000000000e+00 
1.424433896318078041e-03 1.619802555069327354e-03 2.309384755790233612e-03 2.256956184282898903e-03 3.184876637533307076e-03 3.180205589160323143e-03 3.152119927108287811e-03 3.959424793720245361e-03 4.454131238162517548e-03 4.960486199706792831e-03 6.833812221884727478e-03 1.312712673097848892e-02 1.839245855808258057e-02 9.011069312691688538e-03 2.171131223440170288e-02 9.546709246933460236e-03 8.476294577121734619e-03 6.968589499592781067e-03 5.439825821667909622e-03 4.461422096937894821e-03 3.406767733395099640e-03 1.790037611499428749e-03 0.000000000000000000e+00 0.000000000000000000e+00 
1.137663330882787704e-02 7.967594079673290253e-03 1.509908586740493774e-02 1.451232284307479858e-02 2.863971516489982605e-02 2.791149541735649109e-02 2.925622649490833282e-02 4.435087740421295166e-02 5.767104029655456543e-02 7.144129276275634766e-02 8.355345577001571655e-02 1.066136807203292847e-01 2.338511049747467041e-01 3.109973371028900146e-01 4.649373888969421387e-01 5.986583828926086426e-01 7.445526719093322754e-01 8.485711216926574707e-01 9.137796759605407715e-01 9.446175694465637207e-01 9.677798748016357422e-01 9.826689362525939941e-01 0.000000000000000000e+00 0.000000000000000000e+00 
1.423688838258385658e-03 1.619264483451843262e-03 2.309653675183653831e-03 2.256160601973533630e-03 3.184446133673191071e-03 3.179720602929592133e-03 3.150103613734245300e-03 3.958530258387327194e-03 4.451792221516370773e-03 4.958776757121086121e-03 6.831681355834007263e-03 1.311730127781629562e-02 1.838774234056472778e-02 9.009699337184429169e-03 2.170965261757373810e-02 9.547749534249305725e-03 8.479526266455650330e-03 6.973979994654655457e-03 5.445092450827360153e-03 4.466851241886615753e-03 3.412959864363074303e-03 1.793214818462729454e-03 0.000000000000000000e+00 0.000000000000000000e+00 
1.135623641312122345e-02 7.952876389026641846e-03 1.508805435150861740e-02 1.449126005172729492e-02 2.860820293426513672e-02 2.789107896387577057e-02 2.919272519648075104e-02 4.430468007922172546e-02 5.756629630923271179e-02 7.135596871376037598e-02 8.344322443008422852e-02 1.063546314835548401e-01 2.336054742336273193e-01 3.107142150402069092e-01 4.645070135593414307e-01 5.982111096382141113e-01 7.442082762718200684e-01 8.482978343963623047e-01 9.135841727256774902e-01 9.444878697395324707e-01 9.676585793495178223e-01 9.826126098632812500e-01 0.000000000000000000e+00 0.000000000000000000e+00 
1.422688830643892288e-03 1.618137350305914879e-03 2.309465780854225159e-03 2.254926599562168121e-03 3.183479653671383858e-03 3.178834682330489159e-03 3.147327341139316559e-03 3.957107663154602051e-03 4.448837600648403168e-03 4.956407938152551651e-03 6.828550249338150024e-03 1.310555916279554367e-02 1.838164776563644409e-02 9.008044376969337463e-03 2.170771360397338867e-02 9.549027308821678162e-03 8.483213372528553009e-03 6.979901809245347977e-03 5.451038479804992676e-03 4.472738597542047501e-03 3.419725922867655754e-03 1.796563738025724888e-03 0.000000000000000000e+00 0.000000000000000000e+00 
1.134329382330179214e-02 7.948528975248336792e-03 1.508837565779685974e-02 1.448206044733524323e-02 2.859638445079326630e-02 2.788441069424152374e-02 2.916017547249794006e-02 4.428316652774810791e-02 5.750222131609916687e-02 7.131012529134750366e-02 8.338970690965652466e-02 1.061848476529121399e-01 2.334539145231246948e-01 3.105328083038330078e-01 4.642100334167480469e-01 5.978851914405822754e-01 7.439622282981872559e-01 8.480955362319946289e-01 9.134355187416076660e-01 9.443851709365844727e-01 9.675593972206115723e-01 9.825673699378967285e-01 0.000000000000000000e+00 0.000000000000000000e+00 
1.422159140929579735e-03 1.618083566427230835e-03 2.310107927769422531e-03 2.254561055451631546e-03 3.183576976880431175e-03 3.178675659000873566e-03 3.146196249872446060e-03 3.956699278205633163e-03 4.447360057383775711e-03 4.955346696078777313e-03 6.827594712376594543e-03 1.309859007596969604e-02 1.837860234081745148e-02 9.007105603814125061e-03 2.170677110552787781e-02 9.550031274557113647e-03 8.485950529575347900e-03 6.984466221183538437e-03 5.455553531646728516e-03 4.477485083043575287e-03 3.425367409363389015e-03 1.799290883354842663e-03 0.000000000000000000e+00 0.000000000000000000e+00 
1.139348372817039490e-02 8.030396886169910431e-03 1.517591997981071472e-02 1.457106322050094604e-02 2.873955667018890381e-02 2.798846364021301270e-02 2.937181107699871063e-02 4.446365311741828918e-02 5.776184797286987305e-02 7.158216834068298340e-02 8.378732949495315552e-02 1.067802309989929199e-01 2.341021150350570679e-01 3.112131953239440918e-01 4.650817811489105225e-01 5.986540317535400391e-01 7.446029186248779297e-01 8.484988212585449219e-01 9.137176871299743652e-01 9.444988369941711426e-01 9.676671624183654785e-01 9.826183319091796875e-01 0.000000000000000000e+00 0.000000000000000000e+00 
1.425640773959457874e-03 1.627356512472033501e-03 2.317392034456133842e-03 2.261448418721556664e-03 3.192288568243384361e-03 3.184639150276780128e-03 3.158398205414414406e-03 3.964805044233798981e-03 4.457648377865552902e-03 4.965295549482107162e-03 6.844028830528259277e-03 1.313191652297973633e-02 1.840203441679477692e-02 9.012261405587196350e-03 2.171560376882553101e-02 9.548454545438289642e-03 8.480530232191085815e-03 6.978083401918411255e-03 5.446925759315490723e-03 4.473111592233181000e-03 3.420067951083183289e-03 1.796773634850978851e-03 0.000000000000000000e+00 0.000000000000000000e+00 
1.138643920421600342e-02 8.035337552428245544e-03 1.518517732620239258e-02 1.457240898162126541e-02 2.874444052577018738e-02 2.799321338534355164e-02 2.936487644910812378e-02 4.446337372064590454e-02 5.773023515939712524e-02 7.157083600759506226e-02 8.377894759178161621e-02 1.066974774003028870e-01 2.340420335531234741e-01 3.111298680305480957e-01 4.649211764335632324e-01 5.984552502632141113e-01 7.444601058959960938e-01 8.483666777610778809e-01 9.136179685592651367e-01 9.444180727005004883e-01 9.675909876823425293e-01 9.825837612152099609e-01 0.000000000000000000e+00 0.000000000000000000e+00 
1.425508409738540649e-03 1.628363970667123795e-03 2.318763174116611481e-03 2.261927118524909019e-03 3.193390555679798126e-03 3.185196779668331146e-03 3.158745355904102325e-03 3.965363372117280960e-03 4.457460250705480576e-03 4.965519066900014877e-03 6.844967603683471680e-03 1.312976982444524765e-02 1.840218529105186462e-02 9.012123569846153259e-03 2.171620354056358337e-02 9.549267590045928955e-03 8.482430130243301392e-03 6.981490645557641983e-03 5.450015887618064880e-03 4.477011971175670624e-03 3.424553899094462395e-03 1.798928016796708107e-03 0.000000000000000000e+00 0.000000000000000000e+00 
1.137158647179603577e-02 8.028904907405376434e-03 1.518302038311958313e-02 1.456071436405181885e-02 2.872964553534984589e-02 2.798322215676307678e-02 2.932720258831977844e-02 4.443670436739921570e-02 5.765821039676666260e-02 7.151877135038375854e-02 8.371342718601226807e-02 1.065163537859916687e-01 2.338802665472030640e-01 3.109350502490997314e-01 4.646037220954895020e-01 5.981138944625854492e-01 7.442026138305664062e-01 8.481601476669311523e-01 9.134644269943237305e-01 9.443125128746032715e-01 9.674901366233825684e-01 9.825384616851806641e-01 0.000000000000000000e+00 0.000000000000000000e+00 
1.424860558472573757e-03 1.628090278245508671e-03 2.319214167073369026e-03 2.261416055262088776e-03 3.193354001268744469e-03 3.184909233823418617e-03 3.157366765663027763e-03 3.964773844927549362e-03 4.455776885151863098e-03 4.964285530149936676e-03 6.843658629804849625e-03 1.312241423875093460e-02 1.839879155158996582e-02 9.011182002723217010e-03 2.171547710895538330e-02 9.550431743264198303e-03 8.485338650643825531e-03 6.986173335462808609e-03 5.454726051539182663e-03 4.481927957385778427e-03 3.430401673540472984e-03 1.801648642867803574e-03 0.000000000000000000e+00 0.000000000000000000e+00 
1.134879980236291885e-02 8.011725731194019318e-03 1.516990642994642258e-02 1.453630346804857254e-02 2.869538590312004089e-02 2.795883454382419586e-02 2.925882488489151001e-02 4.438424855470657349e-02 5.754592269659042358e-02 7.142671197652816772e-02 8.359149843454360962e-02 1.062426194548606873e-01 2.336236834526062012e-01 3.106330931186676025e-01 4.641434848308563232e-01 5.976353287696838379e-01 7.438358664512634277e-01 8.478832244873046875e-01 9.132587909698486328e-01 9.441808462142944336e-01 9.673640727996826172e-01 9.824827313423156738e-01 0.000000000000000000e+00 0.000000000000000000e+00 
1.423699315637350082e-03 1.626621931791305542e-03 2.318804850801825523e-03 2.259962493553757668e-03 3.192228963598608971e-03 3.183801425620913506e-03 3.154285484924912453e-03 3.963077440857887268e-03 4.452600609511137009e-03 4.961636848747730255e-03 6.840142887085676193e-03 1.311027258634567261e-02 1.839213445782661438e-02 9.009464643895626068e-03 2.171370573341846466e-02 9.551962837576866150e-03 8.489205501973628998e-03 6.992056500166654587e-03 5.461019463837146759e-03 4.487933125346899033e-03 3.437643637880682945e-03 1.804913277737796307e-03 0.000000000000000000e+00 0.000000000000000000e+00 
1.132954750210046768e-02 7.999675348401069641e-03 1.516243256628513336e-02 1.451788283884525299e-02 2.867074869573116302e-02 2.794123813509941101e-02 2.920634113252162933e-02 4.434428364038467407e-02 5.745415762066841125e-02 7.135432213544845581e-02 8.349776268005371094e-02 1.060150265693664551e-01 2.334146648645401001e-01 3.103836774826049805e-01 4.637430310249328613e-01 5.972180366516113281e-01 7.435195446014404297e-01 8.476421833038330078e-01 9.130773544311523438e-01 9.440625905990600586e-01 9.672496914863586426e-01 9.824328422546386719e-01 0.000000000000000000e+00 0.000000000000000000e+00 
1.422737026587128639e-03 1.625665114261209965e-03 2.318795537576079369e-03 2.258917782455682755e-03 3.191597992554306984e-03 3.183021442964673042e-03 3.152011428028345108e-03 3.961878828704357147e-03 4.450112115591764450e-03 4.959600977599620819e-03 6.837676744908094406e-03 1.310053188353776932e-02 1.838688366115093231e-02 9.008057415485382080e-03 2.171235159039497375e-02 9.553330019116401672e-03 8.492538705468177795e-03 6.997206714004278183e-03 5.466532893478870392e-03 4.493332933634519577e-03 3.444329602643847466e-03 1.807832159101963043e-03 0.000000000000000000e+00 0.000000000000000000e+00 
1.124900393187999725e-02 7.908352650701999664e-03 1.507165841758251190e-02 1.440281234681606293e-02 2.849923074245452881e-02 2.781401947140693665e-02 2.891598828136920929e-02 4.410904645919799805e-02 5.705815926194190979e-02 7.097914069890975952e-02 8.296600729227066040e-02 1.050952896475791931e-01 2.324689477682113647e-01 3.093199729919433594e-01 4.622419774532318115e-01 5.957502126693725586e-01 7.423630356788635254e-01 8.468461036682128906e-01 9.124912023544311523e-01 9.437465667724609375e-01 9.669435620307922363e-01 9.822999835014343262e-01 0.000000000000000000e+00 0.000000000000000000e+00 
1.418035477399826050e-03 1.616400899365544319e-03 2.312487689778208733e-03 2.250859048217535019e-03 3.182783490046858788e-03 3.176231868565082550e-03 3.137041581794619560e-03 3.952511586248874664e-03 4.436763934791088104e-03 4.947194829583168030e-03 6.818563211709260941e-03 1.305650454014539719e-02 1.835811510682106018e-02 9.001108817756175995e-03 2.170357108116149902e-02 9.557827375829219818e-03 8.503830991685390472e-03 7.012371439486742020e-03 5.484722089022397995e-03 4.507218953222036362e-03 3.461931366473436356e-03 1.815271563827991486e-03 0.000000000000000000e+00 0.000000000000000000e+00 
1.122453343123197556e-02 7.891151122748851776e-03 1.505826413631439209e-02 1.437644381076097488e-02 2.846197597682476044e-02 2.778675593435764313e-02 2.884300798177719116e-02 4.405371844768524170e-02 5.694461613893508911e-02 7.088110595941543579e-02 8.283511549234390259e-02 1.048118323087692261e-01 2.322016209363937378e-01 3.089995086193084717e-01 4.617449343204498291e-01 5.952374935150146484e-01 7.419658303260803223e-01 8.465638756752014160e-01 9.122772216796875000e-01 9.436191320419311523e-01 9.668158888816833496e-01 9.822469949722290039e-01 0.000000000000000000e+00 0.000000000000000000e+00 
1.416814746335148811e-03 1.614932087250053883e-03 2.312034135684370995e-03 2.249283948913216591e-03 3.181439125910401344e-03 3.174882847815752029e-03 3.133739810436964035e-03 3.950688522309064865e-03 4.433573689311742783e-03 4.944298416376113892e-03 6.814783439040184021e-03 1.304477453231811523e-02 1.835122518241405487e-02 8.999331854283809662e-03 2.170216478407382965e-02 9.559732861816883087e-03 8.508015424013137817e-03 7.018133997917175293e-03 5.491380579769611359e-03 4.513027146458625793e-03 3.469761228188872337e-03 1.818346907384693623e-03 0.000000000000000000e+00 0.000000000000000000e+00 
1.121509913355112076e-02 7.893565110862255096e-03 1.506589632481336594e-02 1.437474042177200317e-02 2.846250869333744049e-02 2.778615057468414307e-02 2.882925793528556824e-02 4.404755309224128723e-02 5.690565332770347595e-02 7.085785269737243652e-02 8.281456679105758667e-02 1.047039031982421875e-01 2.321144640445709229e-01 3.088809251785278320e-01 4.615139663219451904e-01 5.949821472167968750e-01 7.417725324630737305e-01 8.464138507843017578e-01 9.121548533439636230e-01 9.435360431671142578e-01 9.667320251464843750e-01 9.822124242782592773e-01 0.000000000000000000e+00 0.000000000000000000e+00 
1.416490762494504452e-03 1.615521148778498173e-03 2.313139848411083221e-03 2.249475102871656418e-03 3.182195359840989113e-03 3.174982732161879539e-03 3.133562393486499786e-03 3.950900863856077194e-03 4.433003719896078110e-03 4.943935666233301163e-03 6.815155968070030212e-03 1.304157450795173645e-02 1.834987476468086243e-02 8.998863399028778076e-03 2.170252799987792969e-02 9.560827165842056274e-03 8.510183542966842651e-03 7.021455559879541397e-03 5.495126359164714813e-03 4.516834858804941177e-03 3.475163364782929420e-03 1.820381148718297482e-03 0.000000000000000000e+00 0.000000000000000000e+00 
1.120624504983425140e-02 7.896543480455875397e-03 1.507459394633769989e-02 1.437406614422798157e-02 2.846528403460979462e-02 2.778708189725875854e-02 2.881811000406742096e-02 4.404383525252342224e-02 5.687099695205688477e-02 7.083933055400848389e-02 8.279876410961151123e-02 1.046045050024986267e-01 2.320397347211837769e-01 3.087745010852813721e-01 4.612980484962463379e-01 5.947417616844177246e-01 7.415906190872192383e-01 8.462730646133422852e-01 9.120380878448486328e-01 9.434565305709838867e-01 9.666512012481689453e-01 9.821789264678955078e-01 0.000000000000000000e+00 0.000000000000000000e+00 
1.416217302903532982e-03 1.616196823306381702e-03 2.314320532605051994e-03 2.249766141176223755e-03 3.183094784617424011e-03 3.175179706886410713e-03 3.133557736873626709e-03 3.951246850192546844e-03 4.432640038430690765e-03 4.943780135363340378e-03 6.815744563937187195e-03 1.303905248641967773e-02 1.834907010197639465e-02 8.998573757708072662e-03 2.170321531593799591e-02 9.561954997479915619e-03 8.512319065630435944e-03 7.024640217423439026e-03 5.498753394931554794e-03 4.520499147474765778e-03 3.480505431070923805e-03 1.822355785407125950e-03 0.000000000000000000e+00 0.000000000000000000e+00 
1.120660547167062759e-02 7.912549190223217010e-03 1.509667467325925827e-02 1.438891608268022537e-02 2.849366143345832825e-02 2.780616097152233124e-02 2.884579822421073914e-02 4.407196864485740662e-02 5.688517913222312927e-02 7.087098062038421631e-02 8.285393565893173218e-02 1.046225950121879578e-01 2.320891767740249634e-01 3.088082373142242432e-01 4.612690806388854980e-01 5.946825146675109863e-01 7.415561676025390625e-01 8.462255597114562988e-01 9.119902253150939941e-01 9.434066414833068848e-01 9.666001796722412109e-01 9.821580052375793457e-01 0.000000000000000000e+00 0.000000000000000000e+00 
1.416523708030581474e-03 1.618288573808968067e-03 2.316542435437440872e-03 2.251214347779750824e-03 3.185492474585771561e-03 3.176441416144371033e-03 3.135730046778917313e-03 3.952965140342712402e-03 4.434082191437482834e-03 4.945410415530204773e-03 6.819091737270355225e-03 1.304231304675340652e-02 1.835232600569725037e-02 8.999318815767765045e-03 2.170550636947154999e-02 9.562575258314609528e-03 8.513128384947776794e-03 7.026240695267915726e-03 5.500269122421741486e-03 4.522914998233318329e-03 3.484168089926242828e-03 1.823655329644680023e-03 0.000000000000000000e+00 0.000000000000000000e+00 
1.120242569595575333e-02 7.922102697193622589e-03 1.511279772967100143e-02 1.439674384891986847e-02 2.851009182631969452e-02 2.781668119132518768e-02 2.885623835027217865e-02 4.408542439341545105e-02 5.687617138028144836e-02 7.088007777929306030e-02 8.287566900253295898e-02 1.045856624841690063e-01 2.320810109376907349e-01 3.087809085845947266e-01 4.611571133136749268e-01 5.945417881011962891e-01 7.414565682411193848e-01 8.461361527442932129e-01 9.119094014167785645e-01 9.433433413505554199e-01 9.665367007255554199e-01 9.821311235427856445e-01 0.000000000000000000e+00 0.000000000000000000e+00 
1.416532555595040321e-03 1.619669026695191860e-03 2.318279817700386047e-03 2.252142177894711494e-03 3.187193302437663078e-03 3.177199978381395340e-03 3.136950079351663589e-03 3.954068291932344437e-03 4.434649366885423660e-03 4.946234636008739471e-03 6.821137852966785431e-03 1.304287370294332504e-02 1.835367828607559204e-02 8.999621495604515076e-03 2.170719951391220093e-02 9.563439525663852692e-03 8.514512330293655396e-03 7.028537802398204803e-03 5.502826068550348282e-03 4.525829106569290161e-03 3.488606773316860199e-03 1.825253595598042011e-03 0.000000000000000000e+00 0.000000000000000000e+00 
1.114798989146947861e-02 7.863316684961318970e-03 1.505886111408472061e-02 1.432478800415992737e-02 2.840469405055046082e-02 2.773344144225120544e-02 2.867028117179870605e-02 4.393480718135833740e-02 5.661900714039802551e-02 7.063150405883789062e-02 8.254247158765792847e-02 1.039810851216316223e-01 2.314456850290298462e-01 3.080767095088958740e-01 4.601257145404815674e-01 5.935243368148803711e-01 7.406409978866577148e-01 8.455894589424133301e-01 9.114988446235656738e-01 9.431283473968505859e-01 9.663302898406982422e-01 9.820417165756225586e-01 0.000000000000000000e+00 0.000000000000000000e+00 
1.413475605659186840e-03 1.613933593034744263e-03 2.314664656296372414e-03 2.247299766167998314e-03 3.181926207616925240e-03 3.172667697072029114e-03 3.127656644210219383e-03 3.948190249502658844e-03 4.426251165568828583e-03 4.938155878335237503e-03 6.809667218476533890e-03 1.301614474505186081e-02 1.833522878587245941e-02 8.995157666504383087e-03 2.170291915535926819e-02 9.567102417349815369e-03 8.522598072886466980e-03 7.038780953735113144e-03 5.515803117305040359e-03 4.534801468253135681e-03 3.501602448523044586e-03 1.830025226809084415e-03 0.000000000000000000e+00 0.000000000000000000e+00 
1.111175119876861572e-02 7.829703390598297119e-03 1.503023691475391388e-02 1.428132038563489914e-02 2.834251150488853455e-02 2.768334373831748962e-02 2.855288051068782806e-02 4.384205862879753113e-02 5.645327270030975342e-02 7.047358155250549316e-02 8.233755826950073242e-02 1.035805717110633850e-01 2.310331463813781738e-01 3.076149225234985352e-01 4.594210982322692871e-01 5.928167700767517090e-01 7.400725483894348145e-01 8.452079892158508301e-01 9.112109541893005371e-01 9.429714679718017578e-01 9.661819338798522949e-01 9.819765686988830566e-01 0.000000000000000000e+00 0.000000000000000000e+00 
1.411502133123576641e-03 1.610754989087581635e-03 2.312925644218921661e-03 2.244505798444151878e-03 3.179031657055020332e-03 3.169879550114274025e-03 3.121982794255018234e-03 3.944663796573877335e-03 4.421052522957324982e-03 4.933134187012910843e-03 6.802933290600776672e-03 1.299946755170822144e-02 1.832373254001140594e-02 8.992319926619529724e-03 2.170067839324474335e-02 9.569741785526275635e-03 8.528325706720352173e-03 7.046009413897991180e-03 5.524920765310525894e-03 4.541253671050071716e-03 3.511198563501238823e-03 1.833448652178049088e-03 0.000000000000000000e+00 0.000000000000000000e+00 
1.109494082629680634e-02 7.822616957128047943e-03 1.502877473831176758e-02 1.426898501813411713e-02 2.832875400781631470e-02 2.767065726220607758e-02 2.851313725113868713e-02 4.381472617387771606e-02 5.638511851429939270e-02 7.041750848293304443e-02 8.227182179689407349e-02 1.034033522009849548e-01 2.308698147535324097e-01 3.074191510677337646e-01 4.590748548507690430e-01 5.924510955810546875e-01 7.397822141647338867e-01 8.450039029121398926e-01 9.110503196716308594e-01 9.428737163543701172e-01 9.660910964012145996e-01 9.819349646568298340e-01 0.000000000000000000e+00 0.000000000000000000e+00 
1.410706783644855022e-03 1.610318897292017937e-03 2.313235308974981308e-03 2.243954222649335861e-03 3.178895683959126472e-03 3.169181756675243378e-03 3.120442852377891541e-03 3.943913616240024567e-03 4.419380798935890198e-03 4.931617528200149536e-03 6.801465991884469986e-03 1.299361884593963623e-02 1.832001097500324249e-02 8.991358801722526550e-03 2.170079201459884644e-02 9.571248665452003479e-03 8.531411178410053253e-03 7.050105370581150055e-03 5.530036054551601410e-03 4.545256495475769043e-03 3.517408622428774834e-03 1.835645060054957867e-03 0.000000000000000000e+00 0.000000000000000000e+00 
1.108611188828945160e-02 7.826764136552810669e-03 1.503881532698869705e-02 1.426950655877590179e-02 2.833551727235317230e-02 2.767337299883365631e-02 2.850558795034885406e-02 4.381389170885086060e-02 5.635766685009002686e-02 7.040460407733917236e-02 8.226327598094940186e-02 1.033225432038307190e-01 2.308166772127151489e-01 3.073394000530242920e-01 4.588948488235473633e-01 5.922399163246154785e-01 7.396171092987060547e-01 8.448827266693115234e-01 9.109486341476440430e-01 9.428027272224426270e-01 9.660275578498840332e-01 9.819048047065734863e-01 0.000000000000000000e+00 0.000000000000000000e+00 
1.410416560247540474e-03 1.611103303730487823e-03 2.314444165676832199e-03 2.244338160380721092e-03 3.179968101903796196e-03 3.169401083141565323e-03 3.120679641142487526e-03 3.944339696317911148e-03 4.419221077114343643e-03 4.931665025651454926e-03 6.802227813750505447e-03 1.299251802265644073e-02 1.831987313926219940e-02 8.991305716335773468e-03 2.170223742723464966e-02 9.572310373187065125e-03 8.533386513590812683e-03 7.052821572870016098e-03 5.533308256417512894e-03 4.548190627247095108e-03 3.521993989124894142e-03 1.837258925661444664e-03 0.000000000000000000e+00 0.000000000000000000e+00 
1.109485514461994171e-02 7.853846997022628784e-03 1.507109683007001877e-02 1.429705228656530380e-02 2.837925404310226440e-02 2.770861797034740448e-02 2.856566198170185089e-02 4.386480152606964111e-02 5.642106384038925171e-02 7.048134505748748779e-02 8.237806707620620728e-02 1.034389212727546692e-01 2.310064136981964111e-01 3.075059056282043457e-01 4.590943455696105957e-01 5.923880934715270996e-01 7.397397756576538086e-01 8.449645638465881348e-01 9.109959006309509277e-01 9.428107142448425293e-01 9.660289287567138672e-01 9.819087982177734375e-01 0.000000000000000000e+00 0.000000000000000000e+00 
1.411283272318542004e-03 1.614318462088704109e-03 2.317397389560937881e-03 2.246744232252240181e-03 3.183214459568262100e-03 3.171515185385942459e-03 3.124644048511981964e-03 3.947069868445396423e-03 4.422565456479787827e-03 4.935007542371749878e-03 6.807826459407806396e-03 1.300111878663301468e-02 1.832780241966247559e-02 8.993380703032016754e-03 2.170676365494728088e-02 9.572465904057025909e-03 8.532972075045108795e-03 7.052132859826087952e-03 5.531975533813238144e-03 4.548317287117242813e-03 3.522617509588599205e-03 1.837284769862890244e-03 0.000000000000000000e+00 0.000000000000000000e+00 
1.094384025782346725e-02 7.661175448447465897e-03 1.488090213388204575e-02 1.407074276357889175e-02 2.802273631095886230e-02 2.743600495159626007e-02 2.798970043659210205e-02 4.338397830724716187e-02 5.569288879632949829e-02 6.971272081136703491e-02 8.134427666664123535e-02 1.017849966883659363e-01 2.291176766157150269e-01 3.054247200489044189e-01 4.561310410499572754e-01 5.895243287086486816e-01 7.373529076576232910e-01 8.434259891510009766e-01 9.099173545837402344e-01 9.422887563705444336e-01 9.655588865280151367e-01 9.816889762878417969e-01 0.000000000000000000e+00 0.000000000000000000e+00 
1.402541645802557468e-03 1.594135304912924767e-03 2.303320681676268578e-03 2.231020713225007057e-03 3.163221292197704315e-03 3.155178390443325043e-03 3.094020765274763107e-03 3.926815465092658997e-03 4.397187381982803345e-03 4.908785689622163773e-03 6.769225001335144043e-03 1.292984839528799057e-02 1.827196218073368073e-02 8.979497477412223816e-03 2.169037237763404846e-02 9.582771919667720795e-03 8.555823937058448792e-03 7.078507915139198303e-03 5.566405132412910461e-03 4.567631985992193222e-03 3.551948582753539085e-03 1.847980427555739880e-03 0.000000000000000000e+00 0.000000000000000000e+00 
1.094542164355516434e-02 7.679950911551713943e-03 1.490410882979631424e-02 1.408652029931545258e-02 2.805254794657230377e-02 2.745689079165458679e-02 2.802011743187904358e-02 4.341157898306846619e-02 5.571516603231430054e-02 6.974833458662033081e-02 8.140084147453308105e-02 1.018118411302566528e-01 2.291859984397888184e-01 3.054682612419128418e-01 4.561282992362976074e-01 5.894742012023925781e-01 7.373106479644775391e-01 8.433952331542968750e-01 9.098802804946899414e-01 9.422486424446105957e-01 9.655269384384155273e-01 9.816713929176330566e-01 0.000000000000000000e+00 0.000000000000000000e+00 
1.402881927788257599e-03 1.596328453160822392e-03 2.305449917912483215e-03 2.232465427368879318e-03 3.165486268699169159e-03 3.156286431476473808e-03 3.096173983067274094e-03 3.928321879357099533e-03 4.398771096020936966e-03 4.910427611321210861e-03 6.772298831492662430e-03 1.293368823826313019e-02 1.827537268400192261e-02 8.980249986052513123e-03 2.169267274439334869e-02 9.583223611116409302e-03 8.556547574698925018e-03 7.079489063471555710e-03 5.567609798163175583e-03 4.569129087030887604e-03 3.554528579115867615e-03 1.848865067586302757e-03 0.000000000000000000e+00 0.000000000000000000e+00 
1.094128936529159546e-02 7.690044585615396500e-03 1.491914968937635422e-02 1.409340184181928635e-02 2.806997112929821014e-02 2.746731042861938477e-02 2.802974171936511993e-02 4.342226684093475342e-02 5.571123212575912476e-02 6.975688785314559937e-02 8.142001926898956299e-02 1.017815545201301575e-01 2.291871011257171631e-01 3.054461777210235596e-01 4.560334980487823486e-01 5.893376469612121582e-01 7.372005581855773926e-01 8.433167934417724609e-01 9.098101854324340820e-01 9.421917796134948730e-01 9.654833078384399414e-01 9.816462993621826172e-01 0.000000000000000000e+00 0.000000000000000000e+00 
1.402899040840566158e-03 1.597669324837625027e-03 2.306997077539563179e-03 2.233306877315044403e-03 3.167071845382452011e-03 3.156865481287240982e-03 3.097306005656719208e-03 3.929176833480596542e-03 4.399445373564958572e-03 4.911200609058141708e-03 6.774034351110458374e-03 1.293506007641553879e-02 1.827683486044406891e-02 8.980585262179374695e-03 2.169462665915489197e-02 9.584051556885242462e-03 8.558007888495922089e-03 7.081404794007539749e-03 5.569959990680217743e-03 4.571229685097932816e-03 3.557832911610603333e-03 1.850105472840368748e-03 0.000000000000000000e+00 0.000000000000000000e+00 
1.094360742717981339e-02 7.708290126174688339e-03 1.494246255606412888e-02 1.410937029868364334e-02 2.810210548341274261e-02 2.748992666602134705e-02 2.806386724114418030e-02 4.345253854990005493e-02 5.573896318674087524e-02 6.979858130216598511e-02 8.148174732923507690e-02 1.018213108181953430e-01 2.292757630348205566e-01 3.055148422718048096e-01 4.560735225677490234e-01 5.893322229385375977e-01 7.371979951858520508e-01 8.433111310005187988e-01 9.097911119461059570e-01 9.421591758728027344e-01 9.654601812362670898e-01 9.816320538520812988e-01 0.000000000000000000e+00 0.000000000000000000e+00 
1.403316156938672066e-03 1.599942916072905064e-03 2.309161704033613205e-03 2.234802581369876862e-03 3.169529139995574951e-03 3.158189123496413231e-03 3.099799156188964844e-03 3.930882550776004791e-03 4.401304293423891068e-03 4.913155920803546906e-03 6.777395494282245636e-03 1.293966453522443771e-02 1.828095689415931702e-02 8.981650695204734802e-03 2.169758081436157227e-02 9.584477171301841736e-03 8.558545261621475220e-03 7.082113996148109436e-03 5.570720415562391281e-03 4.572525154799222946e-03 3.559880191460251808e-03 1.850850414484739304e-03 0.000000000000000000e+00 0.000000000000000000e+00 
1.095400564372539520e-02 7.738608401268720627e-03 1.497701089829206467e-02 1.413828693330287933e-02 2.815378084778785706e-02 2.752892486751079559e-02 2.813011780381202698e-02 4.350931569933891296e-02 5.580651760101318359e-02 6.988261640071868896e-02 8.160035312175750732e-02 1.019479781389236450e-01 2.294738143682479858e-01 3.056968152523040771e-01 4.562759995460510254e-01 5.894846916198730469e-01 7.373248934745788574e-01 8.433924913406372070e-01 9.098318219184875488e-01 9.421564340591430664e-01 9.654604196548461914e-01 9.816308617591857910e-01 0.000000000000000000e+00 0.000000000000000000e+00 
1.404238748364150524e-03 1.603535609319806099e-03 2.312192460522055626e-03 2.237257547676563263e-03 3.173169679939746857e-03 3.160501830279827118e-03 3.104081144556403160e-03 3.933758009225130081e-03 4.404693376272916794e-03 4.916640929877758026e-03 6.782993208616971970e-03 1.294832117855548859e-02 1.828844100236892700e-02 8.983630686998367310e-03 2.170169912278652191e-02 9.584423154592514038e-03 8.557938039302825928e-03 7.081396412104368210e-03 5.569590721279382706e-03 4.572848323732614517e-03 3.560509765520691872e-03 1.851009554229676723e-03 0.000000000000000000e+00 0.000000000000000000e+00 
1.094608288258314133e-02 7.743434980511665344e-03 1.498665753751993179e-02 1.413923967629671097e-02 2.816263772547245026e-02 2.753275074064731598e-02 2.812595851719379425e-02 4.350823909044265747e-02 5.578466877341270447e-02 6.987309455871582031e-02 8.159059286117553711e-02 1.018809452652931213e-01 2.294299900531768799e-01 3.056285083293914795e-01 4.561111330986022949e-01 5.892879366874694824e-01 7.371622920036315918e-01 8.432798981666564941e-01 9.097388386726379395e-01 9.420861601829528809e-01 9.654091000556945801e-01 9.815996289253234863e-01 0.000000000000000000e+00 0.000000000000000000e+00 
1.404058188199996948e-03 1.604410819709300995e-03 2.313332632184028625e-03 2.237728796899318695e-03 3.174316370859742165e-03 3.160740481689572334e-03 3.104567527770996094e-03 3.934170585125684738e-03 4.404791165143251419e-03 4.916857928037643433e-03 6.783650722354650497e-03 1.294842269271612167e-02 1.828859932720661163e-02 8.983760140836238861e-03 2.170341648161411285e-02 9.585548192262649536e-03 8.560036309063434601e-03 7.083986420184373856e-03 5.572800058871507645e-03 4.575426690280437469e-03 3.564258571714162827e-03 1.852512010373175144e-03 0.000000000000000000e+00 0.000000000000000000e+00 
1.094744540750980377e-02 7.761697284877300262e-03 1.500919461250305176e-02 1.415490545332431793e-02 2.819281071424484253e-02 2.755501121282577515e-02 2.815769985318183899e-02 4.353602230548858643e-02 5.580882728099822998e-02 6.991148740053176880e-02 8.164541423320770264e-02 1.019088700413703918e-01 2.295078933238983154e-01 3.056868314743041992e-01 4.561283290386199951e-01 5.892657041549682617e-01 7.371417880058288574e-01 8.432658314704895020e-01 9.097140431404113770e-01 9.420518279075622559e-01 9.653847813606262207e-01 9.815840721130371094e-01 0.000000000000000000e+00 0.000000000000000000e+00 
1.404407317750155926e-03 1.606660312972962856e-03 2.315413905307650566e-03 2.239214256405830383e-03 3.176677506417036057e-03 3.161992644891142845e-03 3.106944262981414795e-03 3.935773856937885284e-03 4.406534601002931595e-03 4.918699152767658234e-03 6.786695681512355804e-03 1.295273285359144211e-02 1.829227432608604431e-02 8.984807878732681274e-03 2.170613966882228851e-02 9.586048312485218048e-03 8.560775779187679291e-03 7.084838114678859711e-03 5.573763977736234665e-03 4.576754290610551834e-03 3.566323779523372650e-03 1.853295951150357723e-03 0.000000000000000000e+00 0.000000000000000000e+00 
1.093935687094926834e-02 7.766636554151773453e-03 1.501763612031936646e-02 1.415549032390117645e-02 2.820004336535930634e-02 2.755790948867797852e-02 2.815268561244010925e-02 4.353231191635131836e-02 5.578707903623580933e-02 6.990046054124832153e-02 8.163315802812576294e-02 1.018394902348518372e-01 2.294653654098510742e-01 3.056188523769378662e-01 4.559672176837921143e-01 5.890746116638183594e-01 7.369805574417114258e-01 8.431618213653564453e-01 9.096273183822631836e-01 9.419859647750854492e-01 9.653375148773193359e-01 9.815548658370971680e-01 0.000000000000000000e+00 0.000000000000000000e+00 
1.404197537340223789e-03 1.607494079507887363e-03 2.316411351785063744e-03 2.239616820588707924e-03 3.177674720063805580e-03 3.162118839100003242e-03 3.107337281107902527e-03 3.936009947210550308e-03 4.406595136970281601e-03 4.918827209621667862e-03 6.787143182009458542e-03 1.295272633433341980e-02 1.829231344163417816e-02 8.984936401247978210e-03 2.170776203274726868e-02 9.587123058736324310e-03 8.562883362174034119e-03 7.087243255227804184e-03 5.576752591878175735e-03 4.579137545078992844e-03 3.569746389985084534e-03 1.854678383097052574e-03 0.000000000000000000e+00 0.000000000000000000e+00 
1.092487480491399765e-02 7.762548979371786118e-03 1.501705031841993332e-02 1.414591073989868164e-02 2.819287776947021484e-02 2.754842862486839294e-02 2.812404744327068329e-02 4.350922629237174988e-02 5.573588982224464417e-02 6.985756754875183105e-02 8.157765865325927734e-02 1.017132550477981567e-01 2.293449193239212036e-01 3.054741322994232178e-01 4.556975364685058594e-01 5.887808203697204590e-01 7.367359399795532227e-01 8.429996371269226074e-01 9.095008969306945801e-01 9.418980479240417480e-01 9.652767777442932129e-01 9.815158247947692871e-01 0.000000000000000000e+00 0.000000000000000000e+00 
1.403611386194825172e-03 1.607388257980346680e-03 2.316717989742755890e-03 2.239301335066556931e-03 3.177826059982180595e-03 3.161531640216708183e-03 3.106460906565189362e-03 3.935420420020818710e-03 4.405557643622159958e-03 4.917850717902183533e-03 6.785886827856302261e-03 1.295014843344688416e-02 1.828995347023010254e-02 8.984480053186416626e-03 2.170873992145061493e-02 9.588534943759441376e-03 8.565803989768028259e-03 7.090665865689516068e-03 5.581080447882413864e-03 4.582234658300876617e-03 3.573935013264417648e-03 1.856480375863611698e-03 0.000000000000000000e+00 0.000000000000000000e+00 
1.091960910707712173e-02 7.771581411361694336e-03 1.502973958849906921e-02 1.415086071938276291e-02 2.820757217705249786e-02 2.755771763622760773e-02 2.813162468373775482e-02 4.351609945297241211e-02 5.572918802499771118e-02 6.986329704523086548e-02 8.158599585294723511e-02 1.016810312867164612e-01 2.293470501899719238e-01 3.054559528827667236e-01 4.556075632572174072e-01 5.886574983596801758e-01 7.366309165954589844e-01 8.429294824600219727e-01 9.094371199607849121e-01 9.418406486511230469e-01 9.652398228645324707e-01 9.814899563789367676e-01 0.000000000000000000e+00 0.000000000000000000e+00 
1.403573551215231419e-03 1.608672086149454117e-03 2.318017650395631790e-03 2.240011468529701233e-03 3.179272636771202087e-03 3.162046661600470543e-03 3.107549622654914856e-03 3.936134744435548782e-03 4.406165331602096558e-03 4.918585997074842453e-03 6.787090096622705460e-03 1.295181736350059509e-02 1.829129457473754883e-02 8.984994143247604370e-03 2.171086333692073822e-02 9.589368477463722229e-03 8.567437529563903809e-03 7.092539221048355103e-03 5.583401769399642944e-03 4.584330134093761444e-03 3.576697083190083504e-03 1.857700990512967110e-03 0.000000000000000000e+00 0.000000000000000000e+00 
1.091606169939041138e-02 7.782004773616790771e-03 1.504442468285560608e-02 1.415857579559087753e-02 2.822517789900302887e-02 2.756995148956775665e-02 2.814513631165027618e-02 4.352841898798942566e-02 5.572949349880218506e-02 6.987631320953369141e-02 8.160542696714401245e-02 1.016644313931465149e-01 2.293645590543746948e-01 3.054587841033935547e-01 4.555459618568420410e-01 5.885632038116455078e-01 7.365499734878540039e-01 8.428729772567749023e-01 9.093828201293945312e-01 9.417881965637207031e-01 9.652076363563537598e-01 9.814653396606445312e-01 0.000000000000000000e+00 0.000000000000000000e+00 
1.403621863573789597e-03 1.610086299479007721e-03 2.319448394700884819e-03 2.240901812911033630e-03 3.180877538397908211e-03 3.162718145176768303e-03 3.108937991783022881e-03 3.937059547752141953e-03 4.406960681080818176e-03 4.919530358165502548e-03 6.788641680032014847e-03 1.295403577387332916e-02 1.829285919666290283e-02 8.985597640275955200e-03 2.171303704380989075e-02 9.590058587491512299e-03 8.568786084651947021e-03 7.094129920005798340e-03 5.585422739386558533e-03 4.586230032145977020e-03 3.579120850190520287e-03 1.858836621977388859e-03 0.000000000000000000e+00 0.000000000000000000e+00 
1.092393975704908371e-02 7.809863425791263580e-03 1.507562678307294846e-02 1.418472919613122940e-02 2.827118523418903351e-02 2.760664001107215881e-02 2.820548415184020996e-02 4.357906058430671692e-02 5.578839033842086792e-02 6.995271891355514526e-02 8.171076327562332153e-02 1.017722934484481812e-01 2.295485436916351318e-01 3.056320846080780029e-01 4.557324945926666260e-01 5.887076854705810547e-01 7.366697788238525391e-01 8.429498076438903809e-01 9.094210863113403320e-01 9.417839646339416504e-01 9.652087092399597168e-01 9.814621210098266602e-01 0.000000000000000000e+00 0.000000000000000000e+00 
1.404357259161770344e-03 1.613383879885077477e-03 2.322153421118855476e-03 2.243113471195101738e-03 3.184182103723287582e-03 3.164838766679167747e-03 3.112915204837918282e-03 3.939670976251363754e-03 4.409964196383953094e-03 4.922743421047925949e-03 6.793509237468242645e-03 1.296183839440345764e-02 1.829946599900722504e-02 8.987563662230968475e-03 2.171698026359081268e-02 9.589989669620990753e-03 8.568296208977699280e-03 7.093527354300022125e-03 5.584461614489555359e-03 4.586588591337203979e-03 3.579600946977734566e-03 1.859053387306630611e-03 0.000000000000000000e+00 0.000000000000000000e+00 
1.093547232449054718e-02 7.843017578125000000e-03 1.511258259415626526e-02 1.421690639108419418e-02 2.832525037229061127e-02 2.765079587697982788e-02 2.827913872897624969e-02 4.364069923758506775e-02 5.586405098438262939e-02 7.004684954881668091e-02 8.183991163969039917e-02 1.019118428230285645e-01 2.297739535570144653e-01 3.058471679687500000e-01 4.559722244739532471e-01 5.889052152633666992e-01 7.368323206901550293e-01 8.430554866790771484e-01 9.094806909561157227e-01 9.417906403541564941e-01 9.652169942855834961e-01 9.814633727073669434e-01 0.000000000000000000e+00 0.000000000000000000e+00 
1.405278337188065052e-03 1.617207773961126804e-03 2.325257053598761559e-03 2.245725365355610847e-03 3.187923459336161613e-03 3.167323535308241844e-03 3.117572749033570290e-03 3.942725714296102524e-03 4.413529299199581146e-03 4.926520399749279022e-03 6.799191236495971680e-03 1.297102682292461395e-02 1.830712705850601196e-02 8.989810012280941010e-03 2.172102965414524078e-02 9.589698165655136108e-03 8.567355573177337646e-03 7.092389278113842010e-03 5.582782439887523651e-03 4.586544819176197052e-03 3.579640295356512070e-03 1.859057461842894554e-03 0.000000000000000000e+00 0.000000000000000000e+00 
1.104773208498954773e-02 8.027615025639533997e-03 1.529494952410459518e-02 1.441466063261032104e-02 2.861771546304225922e-02 2.790271863341331482e-02 2.874642051756381989e-02 4.402738064527511597e-02 5.642052739858627319e-02 7.066702842712402344e-02 8.268050849437713623e-02 1.030952334403991699e-01 2.313062548637390137e-01 3.074336051940917969e-01 4.580949842929840088e-01 5.909835100173950195e-01 7.385240197181701660e-01 8.441636562347412109e-01 9.102556705474853516e-01 9.421486258506774902e-01 9.654730558395385742e-01 9.816236495971679688e-01 0.000000000000000000e+00 0.000000000000000000e+00 
1.412115641869604588e-03 1.637639012187719345e-03 2.339591039344668388e-03 2.260366221889853477e-03 3.206000663340091705e-03 3.181933192536234856e-03 3.143924288451671600e-03 3.960149828344583511e-03 4.434916190803050995e-03 4.949005320668220520e-03 6.832477170974016190e-03 1.302854996174573898e-02 1.835425756871700287e-02 9.002734906971454620e-03 2.173805050551891327e-02 9.583696722984313965e-03 8.552243001759052277e-03 7.074652705341577530e-03 5.558171775192022324e-03 4.574900027364492416e-03 3.565174527466297150e-03 1.852159504778683186e-03 0.000000000000000000e+00 0.000000000000000000e+00 
1.108999550342559814e-02 8.109798654913902283e-03 1.537754014134407043e-02 1.449847593903541565e-02 2.874267287552356720e-02 2.801110595464706421e-02 2.893858589231967926e-02 4.418626800179481506e-02 5.663872137665748596e-02 7.091872394084930420e-02 8.302289992570877075e-02 1.035504937171936035e-01 2.319189161062240601e-01 3.080591261386871338e-01 4.588651061058044434e-01 5.917349457740783691e-01 7.391221523284912109e-01 8.445497751235961914e-01 9.105282425880432129e-01 9.422534108161926270e-01 9.655522704124450684e-01 9.816701412200927734e-01 0.000000000000000000e+00 0.000000000000000000e+00 
1.414776896126568317e-03 1.646940130740404129e-03 2.346187597140669823e-03 2.266786992549896240e-03 3.214032622054219246e-03 3.188059898093342781e-03 3.155156737193465233e-03 3.967538941651582718e-03 4.443642683327198029e-03 4.958405159413814545e-03 6.846289616078138351e-03 1.305281650274991989e-02 1.837353035807609558e-02 9.008198976516723633e-03 2.174559608101844788e-02 9.581839665770530701e-03 8.547278121113777161e-03 7.068952545523643494e-03 5.549756810069084167e-03 4.571496974676847458e-03 3.560972865670919418e-03 1.850159838795661926e-03 0.000000000000000000e+00 0.000000000000000000e+00 
1.108382828533649445e-02 8.119875565171241760e-03 1.538950204849243164e-02 1.450188271701335907e-02 2.875420451164245605e-02 2.802067250013351440e-02 2.894180826842784882e-02 4.418988525867462158e-02 5.662716552615165710e-02 7.091982662677764893e-02 8.302348107099533081e-02 1.034977361559867859e-01 2.319176346063613892e-01 3.080339729785919189e-01 4.587617218494415283e-01 5.916100740432739258e-01 7.390111088752746582e-01 8.444744348526000977e-01 9.104638695716857910e-01 9.421958923339843750e-01 9.655134677886962891e-01 9.816441535949707031e-01 0.000000000000000000e+00 0.000000000000000000e+00 
1.414635567925870419e-03 1.648363191634416580e-03 2.347321948036551476e-03 2.267366508021950722e-03 3.215316450223326683e-03 3.188517177477478981e-03 3.156101331114768982e-03 3.968070261180400848e-03 4.443971905857324600e-03 4.958951845765113831e-03 6.846874952316284180e-03 1.305335760116577148e-02 1.837405934929847717e-02 9.008701890707015991e-03 2.174748294055461884e-02 9.582594037055969238e-03 8.548951707780361176e-03 7.070933002978563309e-03 5.552121903747320175e-03 4.573635291308164597e-03 3.563802223652601242e-03 1.851357053965330124e-03 0.000000000000000000e+00 0.000000000000000000e+00 
1.107290387153625488e-02 8.122910745441913605e-03 1.539471279829740524e-02 1.449731737375259399e-02 2.875455655157566071e-02 2.802025526762008667e-02 2.892664261162281036e-02 4.417864978313446045e-02 5.659377574920654297e-02 7.089705765247344971e-02 8.299022167921066284e-02 1.033966764807701111e-01 2.318568825721740723e-01 3.079469203948974609e-01 4.585751295089721680e-01 5.913990736007690430e-01 7.388315200805664062e-01 8.443534374237060547e-01 9.103662371635437012e-01 9.421222805976867676e-01 9.654642343521118164e-01 9.816106557846069336e-01 0.000000000000000000e+00 0.000000000000000000e+00 
1.414217636920511723e-03 1.649013604037463665e-03 2.347924048081040382e-03 2.267359290271997452e-03 3.215918550267815590e-03 3.188404254615306854e-03 3.156035905703902245e-03 3.967941273003816605e-03 4.443487152457237244e-03 4.958650097250938416e-03 6.846112664788961411e-03 1.305154804140329361e-02 1.837269775569438934e-02 9.008713066577911377e-03 2.174874953925609589e-02 9.583576582372188568e-03 8.551281876862049103e-03 7.073668763041496277e-03 5.555558018386363983e-03 4.576297476887702942e-03 3.567233681678771973e-03 1.852871151641011238e-03 0.000000000000000000e+00 0.000000000000000000e+00 
1.104384288191795349e-02 8.099199272692203522e-03 1.537321135401725769e-02 1.446267403662204742e-02 2.871155925095081329e-02 2.798150107264518738e-02 2.883879467844963074e-02 4.410767927765846252e-02 5.647270381450653076e-02 7.077892869710922241e-02 8.282345533370971680e-02 1.031046137213706970e-01 2.315647900104522705e-01 3.076130151748657227e-01 4.580544531345367432e-01 5.908573269844055176e-01 7.383788824081420898e-01 8.440572023391723633e-01 9.101429581642150879e-01 9.419859647750854492e-01 9.653708934783935547e-01 9.815491437911987305e-01 0.000000000000000000e+00 0.000000000000000000e+00 
1.412796904332935810e-03 1.646806951612234116e-03 2.346488181501626968e-03 2.265249146148562431e-03 3.213974647223949432e-03 3.186118090525269508e-03 3.152075456455349922e-03 3.965201787650585175e-03 4.439895972609519958e-03 4.955036565661430359e-03 6.840269081294536591e-03 1.304116751998662949e-02 1.836455240845680237e-02 9.006940759718418121e-03 2.174817211925983429e-02 9.585645049810409546e-03 8.556350134313106537e-03 7.079368457198143005e-03 5.563079845160245895e-03 4.581087734550237656e-03 3.573249559849500656e-03 1.855602487921714783e-03 0.000000000000000000e+00 0.000000000000000000e+00 
1.104087848216295242e-02 8.114378899335861206e-03 1.539079565554857254e-02 1.447252463549375534e-02 2.873123437166213989e-02 2.799774706363677979e-02 2.885666489601135254e-02 4.412350431084632874e-02 5.647714808583259583e-02 7.080039381980895996e-02 8.285060524940490723e-02 1.030962988734245300e-01 2.316149920225143433e-01 3.076474368572235107e-01 4.580209851264953613e-01 5.908074378967285156e-01 7.383353710174560547e-01 8.440169692039489746e-01 9.101034402847290039e-01 9.419369101524353027e-01 9.653437733650207520e-01 9.815259575843811035e-01 0.000000000000000000e+00 0.000000000000000000e+00 
1.412827754393219948e-03 1.648834673687815666e-03 2.348005771636962891e-03 2.266276860609650612e-03 3.215702483430504799e-03 3.186985617503523827e-03 3.153798636049032211e-03 3.966246265918016434e-03 4.440746735781431198e-03 4.956269636750221252e-03 6.841758731752634048e-03 1.304354332387447357e-02 1.836644113063812256e-02 9.007842279970645905e-03 2.175034582614898682e-02 9.586131200194358826e-03 8.557411842048168182e-03 7.080795243382453918e-03 5.564713384956121445e-03 4.582859110087156296e-03 3.575314767658710480e-03 1.856629154644906521e-03 0.000000000000000000e+00 0.000000000000000000e+00 
1.107043027877807617e-02 8.176118135452270508e-03 1.545502338558435440e-02 1.453543081879615784e-02 2.882332541048526764e-02 2.808088995516300201e-02 2.899985946714878082e-02 4.424177855253219604e-02 5.663529783487319946e-02 7.098802179098129272e-02 8.310964703559875488e-02 1.034229248762130737e-01 2.320887744426727295e-01 3.081187307834625244e-01 4.585886895656585693e-01 5.913633108139038086e-01 7.387821078300476074e-01 8.442948460578918457e-01 9.102976322174072266e-01 9.420068264007568359e-01 9.653981328010559082e-01 9.815567135810852051e-01 0.000000000000000000e+00 0.000000000000000000e+00 
1.414718222804367542e-03 1.655966974794864655e-03 2.353083575144410133e-03 2.271105302497744560e-03 3.221716033294796944e-03 3.191634779796004295e-03 3.162326756864786148e-03 3.971782512962818146e-03 4.447103943675756454e-03 4.963329527527093887e-03 6.852102465927600861e-03 1.306131668388843536e-02 1.838110573589801788e-02 9.012096561491489410e-03 2.175614237785339355e-02 9.584795683622360229e-03 8.553775027394294739e-03 7.076876703649759293e-03 5.558837670832872391e-03 4.580667242407798767e-03 3.572600893676280975e-03 1.855322625488042831e-03 0.000000000000000000e+00 0.000000000000000000e+00 
1.106824073940515518e-02 8.191551081836223602e-03 1.547273248434066772e-02 1.454509608447551727e-02 2.884132601320743561e-02 2.809811942279338837e-02 2.901758439838886261e-02 4.425645619630813599e-02 5.664171651005744934e-02 7.100933790206909180e-02 8.313672989606857300e-02 1.034134700894355774e-01 2.321435809135437012e-01 3.081498146057128906e-01 4.585587680339813232e-01 5.913188457489013672e-01 7.387381792068481445e-01 8.442584276199340820e-01 9.102638959884643555e-01 9.419628977775573730e-01 9.653730392456054688e-01 9.815360307693481445e-01 0.000000000000000000e+00 0.000000000000000000e+00 
1.414800412021577358e-03 1.658034510910511017e-03 2.354566240683197975e-03 2.272130921483039856e-03 3.223330713808536530e-03 3.192489501088857651e-03 3.164038760587573051e-03 3.972741309553384781e-03 4.447989165782928467e-03 4.964533261954784393e-03 6.853501312434673309e-03 1.306364126503467560e-02 1.838307268917560577e-02 9.012984111905097961e-03 2.175822667777538300e-02 9.585267864167690277e-03 8.554859086871147156e-03 7.078179623931646347e-03 5.560270044952630997e-03 4.582274705171585083e-03 3.574508475139737129e-03 1.856241608038544655e-03 0.000000000000000000e+00 0.000000000000000000e+00 
1.105585694313049316e-02 8.192736655473709106e-03 1.547641027718782425e-02 1.453818380832672119e-02 2.883648127317428589e-02 2.809483930468559265e-02 2.899526432156562805e-02 4.423885419964790344e-02 5.660015717148780823e-02 7.097941637039184570e-02 8.308965712785720825e-02 1.032961905002593994e-01 2.320632040500640869e-01 3.080395162105560303e-01 4.583359956741333008e-01 5.910788774490356445e-01 7.385349869728088379e-01 8.441195487976074219e-01 9.101552963256835938e-01 9.418809413909912109e-01 9.653224349021911621e-01 9.814976453781127930e-01 0.000000000000000000e+00 0.000000000000000000e+00 
1.414314727298915386e-03 1.658569904975593090e-03 2.354967407882213593e-03 2.271987497806549072e-03 3.223591716960072517e-03 3.192164003849029541e-03 3.163593821227550507e-03 3.972289152443408966e-03 4.447183106094598770e-03 4.963948391377925873e-03 6.852073129266500473e-03 1.306105963885784149e-02 1.838098280131816864e-02 9.012815542519092560e-03 2.175912819802761078e-02 9.586337953805923462e-03 8.557525463402271271e-03 7.081183604896068573e-03 5.564130377024412155e-03 4.585132002830505371e-03 3.577900584787130356e-03 1.857924158684909344e-03 0.000000000000000000e+00 0.000000000000000000e+00 
1.103437971323728561e-02 8.180814795196056366e-03 1.546703930944204330e-02 1.451590284705162048e-02 2.881086058914661407e-02 2.807240933179855347e-02 2.893630415201187134e-02 4.419104754924774170e-02 5.651617422699928284e-02 7.090243697166442871e-02 8.297551423311233521e-02 1.030849739909172058e-01 2.318655401468276978e-01 3.078057765960693359e-01 4.579505622386932373e-01 5.906726121902465820e-01 7.381964921951293945e-01 8.438929915428161621e-01 9.099833965301513672e-01 9.417656064033508301e-01 9.652506113052368164e-01 9.814439415931701660e-01 0.000000000000000000e+00 0.000000000000000000e+00 
1.413326011970639229e-03 1.657673274166882038e-03 2.354369731619954109e-03 2.270746510475873947e-03 3.222618717700242996e-03 3.190743969753384590e-03 3.161161439493298531e-03 3.970511723309755325e-03 4.444865509867668152e-03 4.961702041327953339e-03 6.848044693470001221e-03 1.305402908474206924e-02 1.837540417909622192e-02 9.011721238493919373e-03 2.175905182957649231e-02 9.587916545569896698e-03 8.561547845602035522e-03 7.085673976689577103e-03 5.570039153099060059e-03 4.589090123772621155e-03 3.582468722015619278e-03 1.860261545516550541e-03 0.000000000000000000e+00 0.000000000000000000e+00 
1.102885697036981583e-02 8.192123845219612122e-03 1.548084896057844162e-02 1.452040858566761017e-02 2.882083132863044739e-02 2.808354422450065613e-02 2.893926762044429779e-02 4.419457539916038513e-02 5.650724470615386963e-02 7.090677320957183838e-02 8.297632634639739990e-02 1.030375808477401733e-01 2.318768352270126343e-01 3.077891170978546143e-01 4.578590095043182373e-01 5.905645489692687988e-01 7.380993366241455078e-01 8.438220620155334473e-01 9.099257588386535645e-01 9.417072534561157227e-01 9.652171134948730469e-01 9.814158082008361816e-01 0.000000000000000000e+00 0.000000000000000000e+00 
1.413240563124418259e-03 1.659353962168097496e-03 2.355521544814109802e-03 2.271411474794149399e-03 3.223740495741367340e-03 3.191236173734068871e-03 3.162108594551682472e-03 3.970988560467958450e-03 4.445240367203950882e-03 4.962314851582050323e-03 6.848368793725967407e-03 1.305448915809392929e-02 1.837605610489845276e-02 9.012276306748390198e-03 2.176073752343654633e-02 9.588573127985000610e-03 8.563244715332984924e-03 7.087539881467819214e-03 5.572285037487745285e-03 4.591155797243118286e-03 3.584795398637652397e-03 1.861493336036801338e-03 0.000000000000000000e+00 0.000000000000000000e+00 
1.101896353065967560e-02 8.197162300348281860e-03 1.548829022794961929e-02 1.451703161001205444e-02 2.882014401257038116e-02 2.808539196848869324e-02 2.892397530376911163e-02 4.418359324336051941e-02 5.647767335176467896e-02 7.088784128427505493e-02 8.294475078582763672e-02 1.029440760612487793e-01 2.318316400051116943e-01 3.077124059200286865e-01 4.576902389526367188e-01 5.903759002685546875e-01 7.379372715950012207e-01 8.437088131904602051e-01 9.098398685455322266e-01 9.416335821151733398e-01 9.651746153831481934e-01 9.813808798789978027e-01 0.000000000000000000e+00 0.000000000000000000e+00 
1.412909943610429764e-03 1.660339417867362499e-03 2.356168115511536598e-03 2.271517412737011909e-03 3.224210115149617195e-03 3.191193332895636559e-03 3.162056207656860352e-03 3.970818128436803818e-03 4.444867372512817383e-03 4.962094593793153763e-03 6.847403943538665771e-03 1.305276714265346527e-02 1.837499625980854034e-02 9.012367576360702515e-03 2.176183462142944336e-02 9.589466266334056854e-03 8.565590716898441315e-03 7.090101949870586395e-03 5.575428716838359833e-03 4.593732766807079315e-03 3.587621264159679413e-03 1.863026409409940243e-03 0.000000000000000000e+00 0.000000000000000000e+00 
1.101149432361125946e-02 8.205635473132133484e-03 1.549897436052560806e-02 1.451764535158872604e-02 2.882453054189682007e-02 2.809188887476921082e-02 2.891745604574680328e-02 4.418049007654190063e-02 5.645810440182685852e-02 7.088151574134826660e-02 8.292935043573379517e-02 1.028818786144256592e-01 2.318182140588760376e-01 3.076716065406799316e-01 4.575661718845367432e-01 5.902393460273742676e-01 7.378180623054504395e-01 8.436197042465209961e-01 9.097724556922912598e-01 9.415665864944458008e-01 9.651393294334411621e-01 9.813485145568847656e-01 0.000000000000000000e+00 0.000000000000000000e+00 
1.412720768712460995e-03 1.661771559156477451e-03 2.357053570449352264e-03 2.271920442581176758e-03 3.224991960451006889e-03 3.191455267369747162e-03 3.162526991218328476e-03 3.970995079725980759e-03 4.444844555109739304e-03 4.962318576872348785e-03 6.847032811492681503e-03 1.305254641920328140e-02 1.837488636374473572e-02 9.012740105390548706e-03 2.176329679787158966e-02 9.590210393071174622e-03 8.567547425627708435e-03 7.092271931469440460e-03 5.578030832111835480e-03 4.596100654453039169e-03 3.590018488466739655e-03 1.864440273493528366e-03 0.000000000000000000e+00 0.000000000000000000e+00 
1.099566183984279633e-02 8.201994001865386963e-03 1.549705211073160172e-02 1.450345199555158615e-02 2.880911901593208313e-02 2.807938866317272186e-02 2.887661755084991455e-02 4.414832964539527893e-02 5.639780312776565552e-02 7.082913815975189209e-02 8.285003900527954102e-02 1.027275547385215759e-01 2.316914051771163940e-01 3.075085878372192383e-01 4.572795331478118896e-01 5.899338126182556152e-01 7.375615239143371582e-01 8.434433341026306152e-01 9.096435308456420898e-01 9.414660930633544922e-01 9.650834798812866211e-01 9.813009500503540039e-01 0.000000000000000000e+00 0.000000000000000000e+00 
1.412058249115943909e-03 1.661847229115664959e-03 2.356939483433961868e-03 2.271230099722743034e-03 3.224548650905489922e-03 3.190583083778619766e-03 3.161064116284251213e-03 3.969863522797822952e-03 4.443339537829160690e-03 4.960885271430015564e-03 6.844132672995328903e-03 1.304796617478132248e-02 1.837134361267089844e-02 9.012140333652496338e-03 2.176362648606300354e-02 9.591413661837577820e-03 8.570846170186996460e-03 7.095866836607456207e-03 5.582583602517843246e-03 4.599569831043481827e-03 3.593505360186100006e-03 1.866533420979976654e-03 0.000000000000000000e+00 0.000000000000000000e+00 
1.096982695162296295e-02 8.183510974049568176e-03 1.548024453222751617e-02 1.447236817330121994e-02 2.877086214721202850e-02 2.804464101791381836e-02 2.879628352820873260e-02 4.408353194594383240e-02 5.629013106226921082e-02 7.072504609823226929e-02 8.269591629505157471e-02 1.024748906493186951e-01 2.314340472221374512e-01 3.072102665901184082e-01 4.568048119544982910e-01 5.894377231597900391e-01 7.371528148651123047e-01 8.431654572486877441e-01 9.094447493553161621e-01 9.413234591484069824e-01 9.650037288665771484e-01 9.812335968017578125e-01 0.000000000000000000e+00 0.000000000000000000e+00 
1.410849159583449364e-03 1.660313573665916920e-03 2.355701290071010590e-03 2.269370947033166885e-03 3.222750034183263779e-03 3.188460366800427437e-03 3.157463623210787773e-03 3.967322409152984619e-03 4.440166987478733063e-03 4.957634955644607544e-03 6.838381290435791016e-03 1.303901895880699158e-02 1.836408115923404694e-02 9.010547772049903870e-03 2.176286652684211731e-02 9.593229740858078003e-03 8.575729094445705414e-03 7.101197261363267899e-03 5.589444190263748169e-03 4.604486748576164246e-03 3.598282346501946449e-03 1.869548810645937920e-03 0.000000000000000000e+00 0.000000000000000000e+00 
1.096216309815645218e-02 8.192408829927444458e-03 1.549106184393167496e-02 1.447264570742845535e-02 2.877520211040973663e-02 2.804962545633316040e-02 2.878778055310249329e-02 4.407967999577522278e-02 5.626900121569633484e-02 7.071709632873535156e-02 8.267746865749359131e-02 1.024132966995239258e-01 2.314165681600570679e-01 3.071651160717010498e-01 4.566646516323089600e-01 5.892876386642456055e-01 7.370249032974243164e-01 8.430663347244262695e-01 9.093707203865051270e-01 9.412459135055541992e-01 9.649667143821716309e-01 9.811956882476806641e-01 0.000000000000000000e+00 0.000000000000000000e+00 
1.410647062584757805e-03 1.661868882365524769e-03 2.356547163799405098e-03 2.269724383950233459e-03 3.223495092242956161e-03 3.188633127138018608e-03 3.157818689942359924e-03 3.967453725636005402e-03 4.440073389559984207e-03 4.957753233611583710e-03 6.837807595729827881e-03 1.303874235600233078e-02 1.836371794342994690e-02 9.010863490402698517e-03 2.176419645547866821e-02 9.593931958079338074e-03 8.577824570238590240e-03 7.103571668267250061e-03 5.592301022261381149e-03 4.607241135090589523e-03 3.600663272663950920e-03 1.871287589892745018e-03 0.000000000000000000e+00 0.000000000000000000e+00 
1.095420960336923599e-02 8.198939263820648193e-03 1.550029031932353973e-02 1.447111088782548904e-02 2.877650782465934753e-02 2.805333770811557770e-02 2.877641655504703522e-02 4.407181963324546814e-02 5.624509230256080627e-02 7.070347666740417480e-02 8.265376091003417969e-02 1.023384705185890198e-01 2.313950806856155396e-01 3.071070909500122070e-01 4.565163254737854004e-01 5.891280770301818848e-01 7.368862032890319824e-01 8.429641723632812500e-01 9.092987179756164551e-01 9.411717057228088379e-01 9.649301767349243164e-01 9.811593890190124512e-01 0.000000000000000000e+00 0.000000000000000000e+00 
1.410431112162768841e-03 1.663114177063107491e-03 2.357254037633538246e-03 2.269929274916648865e-03 3.224025713279843330e-03 3.188677364960312843e-03 3.157929517328739166e-03 3.967378288507461548e-03 4.439864773303270340e-03 4.957634955644607544e-03 6.836946588009595871e-03 1.303774956613779068e-02 1.836327649652957916e-02 9.011054411530494690e-03 2.176528424024581909e-02 9.594637900590896606e-03 8.579992689192295074e-03 7.105927914381027222e-03 5.595021415501832962e-03 4.609906580299139023e-03 3.602952929213643074e-03 1.872983993962407112e-03 0.000000000000000000e+00 0.000000000000000000e+00 
1.093786582350730896e-02 8.191810920834541321e-03 1.549626328051090240e-02 1.445419434458017349e-02 2.875684201717376709e-02 2.803638949990272522e-02 2.872798219323158264e-02 4.403359442949295044e-02 5.617750063538551331e-02 7.064125686883926392e-02 8.256052434444427490e-02 1.021716594696044922e-01 2.312483489513397217e-01 3.069227337837219238e-01 4.561919569969177246e-01 5.887876152992248535e-01 7.366051673889160156e-01 8.427634835243225098e-01 9.091598391532897949e-01 9.410582184791564941e-01 9.648706912994384766e-01 9.811035394668579102e-01 0.000000000000000000e+00 0.000000000000000000e+00 
1.409723889082670212e-03 1.662825467064976692e-03 2.356934361159801483e-03 2.269018441438674927e-03 3.223264589905738831e-03 3.187519963830709457e-03 3.155965590849518776e-03 3.965953364968299866e-03 4.438037984073162079e-03 4.955735988914966583e-03 6.833348423242568970e-03 1.303243264555931091e-02 1.835908740758895874e-02 9.010220877826213837e-03 2.176506817340850830e-02 9.595865383744239807e-03 8.583534508943557739e-03 7.109909784048795700e-03 5.599920172244310379e-03 4.613896831870079041e-03 3.606395097449421883e-03 1.875641406513750553e-03 0.000000000000000000e+00 0.000000000000000000e+00 
1.093435473740100861e-02 8.205114863812923431e-03 1.551240216940641403e-02 1.445895340293645859e-02 2.876746840775012970e-02 2.804934047162532806e-02 2.873169258236885071e-02 4.403819516301155090e-02 5.617155879735946655e-02 7.064893096685409546e-02 8.256522566080093384e-02 1.021378412842750549e-01 2.312822490930557251e-01 3.069207072257995605e-01 4.561163187026977539e-01 5.887076258659362793e-01 7.365305423736572266e-01 8.426998257637023926e-01 9.091160893440246582e-01 9.409992098808288574e-01 9.648442268371582031e-01 9.810734391212463379e-01 0.000000000000000000e+00 0.000000000000000000e+00 
1.409780816175043583e-03 1.664933748543262482e-03 2.358176046982407570e-03 2.269702963531017303e-03 3.224379150196909904e-03 3.188147908076643944e-03 3.156969789415597916e-03 3.966479562222957611e-03 4.438548814505338669e-03 4.956399556249380112e-03 6.833593826740980148e-03 1.303343381732702255e-02 1.836038753390312195e-02 9.010920301079750061e-03 2.176674455404281616e-02 9.596377611160278320e-03 8.585155941545963287e-03 7.111680693924427032e-03 5.601814482361078262e-03 4.616139456629753113e-03 3.608100349083542824e-03 1.877152826637029648e-03 0.000000000000000000e+00 0.000000000000000000e+00 
1.093251910060644150e-02 8.220419287681579590e-03 1.553082466125488281e-02 1.446604914963245392e-02 2.878059074282646179e-02 2.806532569229602814e-02 2.873976528644561768e-02 4.404684901237487793e-02 5.617233738303184509e-02 7.066304981708526611e-02 8.257914334535598755e-02 1.021166592836380005e-01 2.313392311334609985e-01 3.069361746311187744e-01 4.560687243938446045e-01 5.886550545692443848e-01 7.364752292633056641e-01 8.426507711410522461e-01 9.090836048126220703e-01 9.409464597702026367e-01 9.648206830024719238e-01 9.810468554496765137e-01 0.000000000000000000e+00 0.000000000000000000e+00 
1.409917022101581097e-03 1.667225849814713001e-03 2.359539968892931938e-03 2.270495984703302383e-03 3.225601511076092720e-03 3.188886912539601326e-03 3.158124396577477455e-03 3.967129159718751907e-03 4.439225886017084122e-03 4.957206081598997116e-03 6.834052503108978271e-03 1.303471066057682037e-02 1.836214214563369751e-02 9.011663496494293213e-03 2.176835201680660248e-02 9.596729651093482971e-03 8.586499840021133423e-03 7.113117724657058716e-03 5.603274330496788025e-03 4.618155770003795624e-03 3.609592327848076820e-03 1.878504175692796707e-03 0.000000000000000000e+00 0.000000000000000000e+00 
1.092559844255447388e-02 8.227548561990261078e-03 1.554161682724952698e-02 1.446476764976978302e-02 2.878197282552719116e-02 2.806994691491127014e-02 2.872806414961814880e-02 4.403967410326004028e-02 5.614932999014854431e-02 7.065124809741973877e-02 8.255489915609359741e-02 1.020505949854850769e-01 2.313253432512283325e-01 3.068855702877044678e-01 4.559274017810821533e-01 5.885101556777954102e-01 7.363485097885131836e-01 8.425490260124206543e-01 9.090154170989990234e-01 9.408720731735229492e-01 9.647851586341857910e-01 9.810100793838500977e-01 0.000000000000000000e+00 0.000000000000000000e+00 
1.409761141985654831e-03 1.668643089942634106e-03 2.360318554565310478e-03 2.270700410008430481e-03 3.226098371669650078e-03 3.189013805240392685e-03 3.158214967697858810e-03 3.967098426073789597e-03 4.439020063728094101e-03 4.957074299454689026e-03 6.833048071712255478e-03 1.303398143500089645e-02 1.836180500686168671e-02 9.011890739202499390e-03 2.176932245492935181e-02 9.597391821444034576e-03 8.588566444814205170e-03 7.115463726222515106e-03 5.605940707027912140e-03 4.620933905243873596e-03 3.611675463616847992e-03 1.880375319160521030e-03 0.000000000000000000e+00 0.000000000000000000e+00 
1.091326028108596802e-02 8.226411417126655579e-03 1.554458029568195343e-02 1.445417664945125580e-02 2.877034619450569153e-02 2.806180156767368317e-02 2.869369834661483765e-02 4.401354491710662842e-02 5.609994381666183472e-02 7.060916721820831299e-02 8.248662948608398438e-02 1.019258275628089905e-01 2.312311977148056030e-01 3.067539930343627930e-01 4.556731581687927246e-01 5.882458686828613281e-01 7.361279129981994629e-01 8.423832058906555176e-01 9.089046716690063477e-01 9.407720565795898438e-01 9.647348523139953613e-01 9.809617996215820312e-01 0.000000000000000000e+00 0.000000000000000000e+00 
1.409291755408048630e-03 1.669104443863034248e-03 2.360498532652854919e-03 2.270236611366271973e-03 3.225790802389383316e-03 3.188355360180139542e-03 3.157013095915317535e-03 3.966224379837512970e-03 4.437841940671205521e-03 4.955814685672521591e-03 6.830284837633371353e-03 1.303042564541101456e-02 1.835905015468597412e-02 9.011469781398773193e-03 2.176944911479949951e-02 9.598409757018089294e-03 8.591533638536930084e-03 7.118886336684226990e-03 5.609948188066482544e-03 4.624584689736366272e-03 3.614476416260004044e-03 1.882833312265574932e-03 0.000000000000000000e+00 0.000000000000000000e+00 
1.090081222355365753e-02 8.225352503359317780e-03 1.554750371724367142e-02 1.444315444678068161e-02 2.875873632729053497e-02 2.805239893496036530e-02 2.865858189761638641e-02 4.398689791560173035e-02 5.605127662420272827e-02 7.056619971990585327e-02 8.241599798202514648e-02 1.018010526895523071e-01 2.311415374279022217e-01 3.066231906414031982e-01 4.554242193698883057e-01 5.879863500595092773e-01 7.359096407890319824e-01 8.422196507453918457e-01 9.087966084480285645e-01 9.406730532646179199e-01 9.646843671798706055e-01 9.809145331382751465e-01 0.000000000000000000e+00 0.000000000000000000e+00 
1.408822252415120602e-03 1.669595716521143913e-03 2.360689686611294746e-03 2.269746502861380577e-03 3.225503489375114441e-03 3.187642199918627739e-03 3.155792132019996643e-03 3.965339623391628265e-03 4.436726681888103485e-03 4.954527132213115692e-03 6.827418692409992218e-03 1.302683260291814804e-02 1.835648715496063232e-02 9.011069312691688538e-03 2.176966518163681030e-02 9.599416516721248627e-03 8.594486862421035767e-03 7.122320588678121567e-03 5.613865796476602554e-03 4.628264810889959335e-03 3.617247333750128746e-03 1.885287696495652199e-03 0.000000000000000000e+00 0.000000000000000000e+00 
1.092019304633140564e-02 8.270285092294216156e-03 1.559930108487606049e-02 1.448668818920850754e-02 2.881983667612075806e-02 2.811752073466777802e-02 2.875007316470146179e-02 4.406587406992912292e-02 5.615403875708580017e-02 7.069312036037445068e-02 8.259698748588562012e-02 1.019907668232917786e-01 2.314969301223754883e-01 3.069349825382232666e-01 4.557976126670837402e-01 5.883736610412597656e-01 7.361968755722045898e-01 8.424007892608642578e-01 9.089191555976867676e-01 9.407150149345397949e-01 9.647167921066284180e-01 9.809327125549316406e-01 0.000000000000000000e+00 0.000000000000000000e+00 
1.410189666785299778e-03 1.675406005233526230e-03 2.364596817642450333e-03 2.273140940815210342e-03 3.229622263461351395e-03 3.191297641023993492e-03 3.161566564813256264e-03 3.969113342463970184e-03 4.441114142537117004e-03 4.959401674568653107e-03 6.834251806139945984e-03 1.303752791136503220e-02 1.836694963276386261e-02 9.014119394123554230e-03 2.177408337593078613e-02 9.598379954695701599e-03 8.592462167143821716e-03 7.119817659258842468e-03 5.610321182757616043e-03 4.627129528671503067e-03 3.615840571001172066e-03 1.884534372948110104e-03 0.000000000000000000e+00 0.000000000000000000e+00 
1.089451462030410767e-02 8.247394114732742310e-03 1.557970885187387466e-02 1.445273775607347488e-02 2.877510339021682739e-02 2.807432226836681366e-02 2.865938097238540649e-02 4.399460926651954651e-02 5.604196339845657349e-02 7.057812809944152832e-02 8.242110162973403931e-02 1.017473191022872925e-01 2.312197238206863403e-01 3.066256940364837646e-01 4.553036987781524658e-01 5.878704190254211426e-01 7.357910275459289551e-01 8.421037197113037109e-01 9.087204933166503906e-01 9.405589103698730469e-01 9.646340608596801758e-01 9.808597564697265625e-01 0.000000000000000000e+00 0.000000000000000000e+00 
1.408945652656257153e-03 1.673458493314683437e-03 2.363092731684446335e-03 2.271048491820693016e-03 3.227304434403777122e-03 3.188732778653502464e-03 3.157291095703840256e-03 3.966273739933967590e-03 4.437654744833707809e-03 4.955473821610212326e-03 6.827261764556169510e-03 1.302844658493995667e-02 1.835892163217067719e-02 9.012263268232345581e-03 2.177277021110057831e-02 9.600167162716388702e-03 8.597255684435367584e-03 7.125588133931159973e-03 5.617231596261262894e-03 4.632830619812011719e-03 3.620178671553730965e-03 1.888308674097061157e-03 0.000000000000000000e+00 0.000000000000000000e+00 
6.363253574818372726e-03 3.447000868618488312e-03 8.809104561805725098e-03 8.259668014943599701e-03 1.746567897498607635e-02 1.826305501163005829e-02 1.505099795758724213e-02 2.810564823448657990e-02 3.449144586920738220e-02 4.651875048875808716e-02 5.517407134175300598e-02 6.797479838132858276e-02 1.629630029201507568e-01 2.472231984138488770e-01 3.743231296539306641e-01 5.242823958396911621e-01 6.738724708557128906e-01 8.018949031829833984e-01 8.833021521568298340e-01 9.245136976242065430e-01 9.557757973670959473e-01 9.745732545852661133e-01 0.000000000000000000e+00 0.000000000000000000e+00 
1.078247092664241791e-03 1.106442417949438095e-03 1.773290219716727734e-03 1.743540284223854542e-03 2.536313841119408607e-03 2.596381353214383125e-03 2.325557637959718704e-03 3.171990858390927315e-03 3.488548798486590385e-03 4.076339770108461380e-03 5.709212739020586014e-03 1.086346711963415146e-02 1.594031788408756256e-02 8.419457823038101196e-03 2.105830423533916473e-02 9.797796607017517090e-03 9.164595976471900940e-03 7.818991318345069885e-03 6.263243965804576874e-03 5.163676105439662933e-03 4.025706090033054352e-03 2.182916039600968361e-03 0.000000000000000000e+00 0.000000000000000000e+00 
2.387207001447677612e-02 2.053120173513889313e-02 3.188551589846611023e-02 3.556047379970550537e-02 5.800698325037956238e-02 5.870051309466362000e-02 6.541717797517776489e-02 8.615433424711227417e-02 1.112986057996749878e-01 1.296247839927673340e-01 1.505950391292572021e-01 2.115776687860488892e-01 3.690290153026580811e-01 4.706183075904846191e-01 6.430627107620239258e-01 7.547774910926818848e-01 8.665640354156494141e-01 9.343044161796569824e-01 9.651574492454528809e-01 9.765340089797973633e-01 9.876425862312316895e-01 9.943252801895141602e-01 0.000000000000000000e+00 0.000000000000000000e+00 
2.069766633212566376e-03 2.718704752624034882e-03 3.372487612068653107e-03 3.541184356436133385e-03 4.524799063801765442e-03 4.508959129452705383e-03 4.761866293847560883e-03 5.468867253512144089e-03 6.133705377578735352e-03 6.525176577270030975e-03 9.025417268276214600e-03 1.767180487513542175e-02 2.108758874237537384e-02 9.755683131515979767e-03 2.108100987970829010e-02 8.418976329267024994e-03 6.653824355453252792e-03 4.827573895454406738e-03 3.604403231292963028e-03 2.952726557850837708e-03 2.123225480318069458e-03 1.035143504850566387e-03 0.000000000000000000e+00 0.000000000000000000e+00 
4.379745572805404663e-03 2.315623685717582703e-03 5.557783879339694977e-03 6.332767661660909653e-03 1.315904129296541214e-02 1.518032513558864594e-02 1.259999535977840424e-02 2.298039011657238007e-02 2.933854982256889343e-02 3.781927004456520081e-02 4.979823157191276550e-02 6.313201040029525757e-02 1.414089202880859375e-01 2.423531264066696167e-01 3.931089341640472412e-01 5.409052968025207520e-01 6.913298964500427246e-01 8.216925859451293945e-01 8.943576216697692871e-01 9.372069239616394043e-01 9.617105722427368164e-01 9.818773269653320312e-01 0.000000000000000000e+00 0.000000000000000000e+00 
8.894035709090530872e-04 9.079269366338849068e-04 1.384960836730897427e-03 1.505880500189960003e-03 2.211872721090912819e-03 2.321310574188828468e-03 2.124755643308162689e-03 2.878139028325676918e-03 3.202971769496798515e-03 3.684512106701731682e-03 5.371369887143373489e-03 1.053782831877470016e-02 1.513594854623079300e-02 8.361979387700557709e-03 2.136566303670406342e-02 9.775628335773944855e-03 9.016635827720165253e-03 7.473294157534837723e-03 6.022546906024217606e-03 4.735601134598255157e-03 3.746888134628534317e-03 1.837434596382081509e-03 0.000000000000000000e+00 0.000000000000000000e+00 
4.187564831227064133e-03 2.186386380344629288e-03 5.117164459079504013e-03 5.887772422283887863e-03 1.271817181259393692e-02 1.387905888259410858e-02 1.179680787026882172e-02 2.170152962207794189e-02 2.729298733174800873e-02 3.606948256492614746e-02 4.627691581845283508e-02 6.064441800117492676e-02 1.356205791234970093e-01 2.344003617763519287e-01 3.808920383453369141e-01 5.307611823081970215e-01 6.810781359672546387e-01 8.147218823432922363e-01 8.902435302734375000e-01 9.345777630805969238e-01 9.597955346107482910e-01 9.807754755020141602e-01 0.000000000000000000e+00 0.000000000000000000e+00 
8.706008666194975376e-04 8.957216050475835800e-04 1.322603668086230755e-03 1.432587625458836555e-03 2.170165302231907845e-03 2.198177156969904900e-03 2.053106203675270081e-03 2.794092986732721329e-03 3.094743704423308372e-03 3.595612710341811180e-03 5.173585377633571625e-03 1.034234836697578430e-02 1.488267257809638977e-02 8.256406523287296295e-03 2.120235562324523926e-02 9.772762656211853027e-03 9.094275534152984619e-03 7.583910133689641953e-03 6.124023348093032837e-03 4.818229004740715027e-03 3.828018670901656151e-03 1.883985823951661587e-03 0.000000000000000000e+00 0.000000000000000000e+00 
4.404016770422458649e-03 2.284677000716328621e-03 5.590316839516162872e-03 6.313818972557783127e-03 1.315147988498210907e-02 1.496177632361650467e-02 1.247448008507490158e-02 2.274283580482006073e-02 2.904854156076908112e-02 3.762465715408325195e-02 4.889025539159774780e-02 6.277787685394287109e-02 1.398520767688751221e-01 2.403330057859420776e-01 3.884333372116088867e-01 5.375162363052368164e-01 6.884702444076538086e-01 8.198844790458679199e-01 8.931064605712890625e-01 9.367074370384216309e-01 9.612351655960083008e-01 9.816117286682128906e-01 0.000000000000000000e+00 0.000000000000000000e+00 
8.887372096069157124e-04 9.056829730980098248e-04 1.384622417390346527e-03 1.496176235377788544e-03 2.205637050792574883e-03 2.295030048117041588e-03 2.104805782437324524e-03 2.857625717297196388e-03 3.181037958711385727e-03 3.668451681733131409e-03 5.320215132087469101e-03 1.051505934447050095e-02 1.506207417696714401e-02 8.327216841280460358e-03 2.130014449357986450e-02 9.769654832780361176e-03 9.029448032379150391e-03 7.494898978620767593e-03 6.048274692147970200e-03 4.746593069285154343e-03 3.759605344384908676e-03 1.846701838076114655e-03 0.000000000000000000e+00 0.000000000000000000e+00 
4.650960676372051239e-03 2.412074245512485504e-03 6.035998463630676270e-03 6.667532492429018021e-03 1.359032280743122101e-02 1.590926013886928558e-02 1.320953480899333954e-02 2.378142066299915314e-02 3.089522011578083038e-02 3.919166326522827148e-02 5.135776847600936890e-02 6.490896642208099365e-02 1.443657726049423218e-01 2.460646480321884155e-01 3.956585824489593506e-01 5.439860820770263672e-01 6.955941319465637207e-01 8.248587846755981445e-01 8.958630561828613281e-01 9.386400580406188965e-01 9.626097679138183594e-01 9.822874069213867188e-01 0.000000000000000000e+00 0.000000000000000000e+00 
9.080482413992285728e-04 9.229782735928893089e-04 1.449421979486942291e-03 1.549959531985223293e-03 2.234727144241333008e-03 2.380935940891504288e-03 2.159856958314776421e-03 2.921987557783722878e-03 3.271573456004261971e-03 3.735498990863561630e-03 5.462942179292440414e-03 1.067213807255029678e-02 1.523782685399055481e-02 8.395049721002578735e-03 2.138922922313213348e-02 9.760626591742038727e-03 8.969171904027462006e-03 7.413372863084077835e-03 5.975572858005762100e-03 4.679813515394926071e-03 3.691925201565027237e-03 1.819815137423574924e-03 0.000000000000000000e+00 0.000000000000000000e+00 
4.874960053712129593e-03 2.523487200960516930e-03 6.353442557156085968e-03 6.903784815222024918e-03 1.398413255810737610e-02 1.656831242144107819e-02 1.382467523217201233e-02 2.457609772682189941e-02 3.237289935350418091e-02 4.048266634345054626e-02 5.311932042241096497e-02 6.660528481006622314e-02 1.479995697736740112e-01 2.503607869148254395e-01 4.007755815982818604e-01 5.487726926803588867e-01 7.007071971893310547e-01 8.283287286758422852e-01 8.978328108787536621e-01 9.399904012680053711e-01 9.636025428771972656e-01 9.826912283897399902e-01 0.000000000000000000e+00 0.000000000000000000e+00 
9.262051316909492016e-04 9.404005832038819790e-04 1.494703581556677818e-03 1.584107172675430775e-03 2.257159445434808731e-03 2.440380165353417397e-03 2.205105032771825790e-03 2.971609821543097496e-03 3.345345845445990562e-03 3.785453038290143013e-03 5.564552731812000275e-03 1.079253572970628738e-02 1.536997035145759583e-02 8.443694561719894409e-03 2.145172655582427979e-02 9.749418124556541443e-03 8.926597423851490021e-03 7.360693998634815216e-03 5.923903547227382660e-03 4.634141921997070312e-03 3.638606984168291092e-03 1.804776722565293312e-03 0.000000000000000000e+00 0.000000000000000000e+00 
5.094107706099748611e-03 2.631563460454344749e-03 6.620312575250864029e-03 7.097811903804540634e-03 1.438822131603956223e-02 1.711264252662658691e-02 1.441420242190361023e-02 2.528548426926136017e-02 3.372423723340034485e-02 4.175880178809165955e-02 5.462609231472015381e-02 6.819681823253631592e-02 1.515056341886520386e-01 2.542233467102050781e-01 4.051944613456726074e-01 5.531206727027893066e-01 7.051661014556884766e-01 8.312365412712097168e-01 8.995551466941833496e-01 9.411267638206481934e-01 9.645205140113830566e-01 9.829924106597900391e-01 0.000000000000000000e+00 0.000000000000000000e+00 
9.450624929741024971e-04 9.586125379428267479e-04 1.529946341179311275e-03 1.609854050911962986e-03 2.279788488522171974e-03 2.490589162334799767e-03 2.248462755233049393e-03 3.015862777829170227e-03 3.414839738979935646e-03 3.832222195342183113e-03 5.650100298225879669e-03 1.090459618717432022e-02 1.548942644149065018e-02 8.485403843224048615e-03 2.149985171854496002e-02 9.737254120409488678e-03 8.890592493116855621e-03 7.318330463021993637e-03 5.878326948732137680e-03 4.597062245011329651e-03 3.586268983781337738e-03 1.793916104361414909e-03 0.000000000000000000e+00 0.000000000000000000e+00 
2.192157879471778870e-02 1.997259631752967834e-02 3.180335834622383118e-02 3.409409150481224060e-02 5.682395026087760925e-02 5.368053540587425232e-02 5.914540961384773254e-02 8.077406883239746094e-02 1.056936010718345642e-01 1.237638220191001892e-01 1.425767838954925537e-01 1.963463127613067627e-01 3.512339293956756592e-01 4.564712941646575928e-01 6.245461702346801758e-01 7.447070479393005371e-01 8.619793057441711426e-01 9.312304854393005371e-01 9.645454287528991699e-01 9.774352312088012695e-01 9.891157150268554688e-01 9.950777292251586914e-01 0.000000000000000000e+00 0.000000000000000000e+00 
1.970382407307624817e-03 2.659320132806897163e-03 3.349661827087402344e-03 3.440194763243198395e-03 4.473077133297920227e-03 4.328173585236072540e-03 4.509891849011182785e-03 5.265965592116117477e-03 5.988783668726682663e-03 6.373513955622911453e-03 8.762655779719352722e-03 1.719318330287933350e-02 2.086022682487964630e-02 9.709514677524566650e-03 2.117644622921943665e-02 8.520158939063549042e-03 6.712930742651224136e-03 4.918924532830715179e-03 3.615233348682522774e-03 2.849648240953683853e-03 1.977582229301333427e-03 9.478058200329542160e-04 0.000000000000000000e+00 0.000000000000000000e+00 
1.974726468324661255e-02 1.785242371261119843e-02 2.775957994163036346e-02 2.871521003544330597e-02 5.215235054492950439e-02 4.945492371916770935e-02 5.994844809174537659e-02 7.658345997333526611e-02 9.903061389923095703e-02 1.164250001311302185e-01 1.378860920667648315e-01 1.866631209850311279e-01 3.436630070209503174e-01 4.418549239635467529e-01 6.124504208564758301e-01 7.355915307998657227e-01 8.529624938964843750e-01 9.259839653968811035e-01 9.610831141471862793e-01 9.735956788063049316e-01 9.865216612815856934e-01 9.931746125221252441e-01 0.000000000000000000e+00 0.000000000000000000e+00 
1.874599489383399487e-03 2.491381252184510231e-03 3.140792017802596092e-03 3.151201875880360603e-03 4.278502892702817917e-03 4.113946575671434402e-03 4.546450451016426086e-03 5.181156564503908157e-03 5.793791264295578003e-03 6.196204572916030884e-03 8.651804178953170776e-03 1.676720380783081055e-02 2.074939198791980743e-02 9.692597202956676483e-03 2.136909030377864838e-02 8.617796003818511963e-03 6.894520483911037445e-03 5.096734967082738876e-03 3.772228257730603218e-03 3.102686489000916481e-03 2.236190019175410271e-03 1.138408901169896126e-03 0.000000000000000000e+00 0.000000000000000000e+00 
2.871096134185791016e-02 2.708444185554981232e-02 3.922076895833015442e-02 4.339169710874557495e-02 6.775250285863876343e-02 6.857018172740936279e-02 7.835032045841217041e-02 9.428457915782928467e-02 1.222172230482101440e-01 1.447802186012268066e-01 1.619329601526260376e-01 2.388807684183120728e-01 3.890575766563415527e-01 4.975034296512603760e-01 6.481256484985351562e-01 7.750743627548217773e-01 8.793460726737976074e-01 9.432786107063293457e-01 9.713886976242065430e-01 9.810009598731994629e-01 9.910255670547485352e-01 9.958810806274414062e-01 0.000000000000000000e+00 0.000000000000000000e+00 
2.248779404908418655e-03 3.076919354498386383e-03 3.701347392052412033e-03 3.915070090442895889e-03 4.852599930018186569e-03 4.861873574554920197e-03 5.201890598982572556e-03 5.657108966261148453e-03 6.370810791850090027e-03 6.814443971961736679e-03 9.294637478888034821e-03 1.845366880297660828e-02 2.131650410592556000e-02 9.769136086106300354e-03 2.097015269100666046e-02 8.159883320331573486e-03 6.361725740134716034e-03 4.512126557528972626e-03 3.252797061577439308e-03 2.632944611832499504e-03 1.833919435739517212e-03 8.590816869400441647e-04 0.000000000000000000e+00 0.000000000000000000e+00 
1.616946980357170105e-02 1.310348045080900192e-02 2.245069295167922974e-02 2.198352292180061340e-02 4.422080144286155701e-02 3.905116394162178040e-02 4.776132106781005859e-02 6.543149054050445557e-02 8.513162285089492798e-02 1.007332429289817810e-01 1.180175170302391052e-01 1.597942709922790527e-01 3.112937510013580322e-01 4.027214944362640381e-01 5.789798498153686523e-01 7.067019343376159668e-01 8.329636454582214355e-01 9.133346676826477051e-01 9.557689428329467773e-01 9.698602557182312012e-01 9.849900603294372559e-01 9.925757646560668945e-01 0.000000000000000000e+00 0.000000000000000000e+00 
1.721030916087329388e-03 2.115886891260743141e-03 2.831876976415514946e-03 2.798238070681691170e-03 3.966668155044317245e-03 3.718118881806731224e-03 4.075465723872184753e-03 4.799919668585062027e-03 5.412344820797443390e-03 5.854954011738300323e-03 8.113206364214420319e-03 1.592225953936576843e-02 2.012452669441699982e-02 9.588820859789848328e-03 2.165516279637813568e-02 8.924257010221481323e-03 7.271157111972570419e-03 5.476998165249824524e-03 4.020335152745246887e-03 3.335460089147090912e-03 2.373158233240246773e-03 1.190039562061429024e-03 0.000000000000000000e+00 0.000000000000000000e+00 
1.558767352253198624e-02 1.217329874634742737e-02 2.124642394483089447e-02 2.082358114421367645e-02 4.243613407015800476e-02 3.727310895919799805e-02 4.543075338006019592e-02 6.307473033666610718e-02 8.220679312944412231e-02 9.773177653551101685e-02 1.146730929613113403e-01 1.547771245241165161e-01 3.023967146873474121e-01 3.949330449104309082e-01 5.718443989753723145e-01 7.002640366554260254e-01 8.273999094963073730e-01 9.095452427864074707e-01 9.542585015296936035e-01 9.688385725021362305e-01 9.843476414680480957e-01 9.923710823059082031e-01 0.000000000000000000e+00 0.000000000000000000e+00 
1.691785990260541439e-03 2.045895205810666084e-03 2.747992053627967834e-03 2.730127889662981033e-03 3.891012165695428848e-03 3.643077798187732697e-03 3.983960486948490143e-03 4.713947884738445282e-03 5.326979327946901321e-03 5.775211378931999207e-03 8.004624396562576294e-03 1.571794785559177399e-02 1.993226073682308197e-02 9.556241333484649658e-03 2.170218154788017273e-02 8.985165506601333618e-03 7.371996063739061356e-03 5.588142666965723038e-03 4.084500949829816818e-03 3.399218432605266571e-03 2.426834776997566223e-03 1.208670204505324364e-03 0.000000000000000000e+00 0.000000000000000000e+00 
1.537261530756950378e-02 1.185237895697355270e-02 2.076909877359867096e-02 2.040235884487628937e-02 4.177844151854515076e-02 3.661810234189033508e-02 4.458284378051757812e-02 6.220264732837677002e-02 8.111331611871719360e-02 9.656611084938049316e-02 1.133263558149337769e-01 1.528840512037277222e-01 2.988831698894500732e-01 3.919462859630584717e-01 5.690808296203613281e-01 6.978200674057006836e-01 8.252341747283935547e-01 9.080949425697326660e-01 9.536131620407104492e-01 9.684599637985229492e-01 9.841061234474182129e-01 9.922946095466613770e-01 0.000000000000000000e+00 0.000000000000000000e+00 
1.679762382991611958e-03 2.020779764279723167e-03 2.714703325182199478e-03 2.703634789213538170e-03 3.863233840093016624e-03 3.613221459090709686e-03 3.948057070374488831e-03 4.681706894189119339e-03 5.294716451317071915e-03 5.742705427110195160e-03 7.955451495945453644e-03 1.563480310142040253e-02 1.985795050859451294e-02 9.542725980281829834e-03 2.171995304524898529e-02 9.006516076624393463e-03 7.410991936922073364e-03 5.630683153867721558e-03 4.107685759663581848e-03 3.421068424358963966e-03 2.448395593091845512e-03 1.214516232721507549e-03 0.000000000000000000e+00 0.000000000000000000e+00 
1.523591764271259308e-02 1.165738329291343689e-02 2.046215534210205078e-02 2.013734541833400726e-02 4.137042909860610962e-02 3.620505332946777344e-02 4.404968768358230591e-02 6.165175139904022217e-02 8.042297512292861938e-02 9.581539034843444824e-02 1.124273911118507385e-01 1.516715139150619507e-01 2.966052889823913574e-01 3.900321722030639648e-01 5.672990083694458008e-01 6.962351799011230469e-01 8.238312602043151855e-01 9.071654081344604492e-01 9.531546831130981445e-01 9.682130813598632812e-01 9.839603304862976074e-01 9.922429919242858887e-01 0.000000000000000000e+00 0.000000000000000000e+00 
1.671739853918552399e-03 2.005170332267880440e-03 2.693811897188425064e-03 2.686511492356657982e-03 3.846039064228534698e-03 3.594154957681894302e-03 3.924734890460968018e-03 4.661121871322393417e-03 5.274397786706686020e-03 5.721428431570529938e-03 7.921834476292133331e-03 1.558039244264364243e-02 1.980951428413391113e-02 9.533997625112533569e-03 2.173192799091339111e-02 9.019678458571434021e-03 7.435943931341171265e-03 5.658015143126249313e-03 4.123013932257890701e-03 3.434999380260705948e-03 2.461134688928723335e-03 1.218046178109943867e-03 0.000000000000000000e+00 0.000000000000000000e+00 
1.517041958868503571e-02 1.156938821077346802e-02 2.030943892896175385e-02 2.000904269516468048e-02 4.117856919765472412e-02 3.600889816880226135e-02 4.379563778638839722e-02 6.138578057289123535e-02 8.008980751037597656e-02 9.544266015291213989e-02 1.119765043258666992e-01 1.510791182518005371e-01 2.954709529876708984e-01 3.890702128410339355e-01 5.663796067237854004e-01 6.954245567321777344e-01 8.231137990951538086e-01 9.066809415817260742e-01 9.528986215591430664e-01 9.680843949317932129e-01 9.838865995407104492e-01 9.922142624855041504e-01 0.000000000000000000e+00 0.000000000000000000e+00 
1.667743315920233727e-03 1.997930463403463364e-03 2.683625556528568268e-03 2.678066492080688477e-03 3.837908850982785225e-03 3.584979567676782608e-03 3.913233056664466858e-03 4.651042632758617401e-03 5.264438223093748093e-03 5.710659082978963852e-03 7.904813624918460846e-03 1.555329561233520508e-02 1.978424005210399628e-02 9.529444389045238495e-03 2.173811197280883789e-02 9.025997482240200043e-03 7.448386400938034058e-03 5.672216881066560745e-03 4.131361842155456543e-03 3.442082786932587624e-03 2.467285841703414917e-03 1.219892175868153572e-03 0.000000000000000000e+00 0.000000000000000000e+00 
1.512417942285537720e-02 1.150876935571432114e-02 2.019901201128959656e-02 1.991618610918521881e-02 4.104241356253623962e-02 3.587011247873306274e-02 4.361496120691299438e-02 6.119474023580551147e-02 7.985180616378784180e-02 9.517323970794677734e-02 1.116456910967826843e-01 1.506520211696624756e-01 2.946437299251556396e-01 3.883681297302246094e-01 5.657004117965698242e-01 6.948221921920776367e-01 8.225802779197692871e-01 9.063214659690856934e-01 9.527009725570678711e-01 9.679874181747436523e-01 9.838314652442932129e-01 9.921919703483581543e-01 0.000000000000000000e+00 0.000000000000000000e+00 
1.664884970523416996e-03 1.992897596210241318e-03 2.676442498341202736e-03 2.671936992555856705e-03 3.832157002761960030e-03 3.578530857339501381e-03 3.904966404661536217e-03 4.643794149160385132e-03 5.257332231849431992e-03 5.702865775674581528e-03 7.892396301031112671e-03 1.553360186517238617e-02 1.976566947996616364e-02 9.526119567453861237e-03 2.174281887710094452e-02 9.030612185597419739e-03 7.457588333636522293e-03 5.682804156094789505e-03 4.137844312936067581e-03 3.447396215051412582e-03 2.471744315698742867e-03 1.221300801262259483e-03 0.000000000000000000e+00 0.000000000000000000e+00 
1.505906414240598679e-02 1.142242085188627243e-02 2.005000598728656769e-02 1.978901587426662445e-02 4.085482284426689148e-02 3.567963838577270508e-02 4.336290806531906128e-02 6.093247234821319580e-02 7.952390611171722412e-02 9.480321407318115234e-02 1.111847609281539917e-01 1.500587165355682373e-01 2.935116589069366455e-01 3.874164521694183350e-01 5.647904872894287109e-01 6.940128207206726074e-01 8.218666911125183105e-01 9.058470726013183594e-01 9.524326324462890625e-01 9.678589701652526855e-01 9.837609529495239258e-01 9.921621084213256836e-01 0.000000000000000000e+00 0.000000000000000000e+00 
1.660915440879762173e-03 1.985891489312052727e-03 2.667090855538845062e-03 2.663616323843598366e-03 3.824384417384862900e-03 3.569907508790493011e-03 3.893606364727020264e-03 4.633980803191661835e-03 5.247808061540126801e-03 5.692418664693832397e-03 7.875549606978893280e-03 1.550697255879640579e-02 1.974146068096160889e-02 9.521869011223316193e-03 2.174953371286392212e-02 9.037015028297901154e-03 7.470148615539073944e-03 5.696933250874280930e-03 4.146809689700603485e-03 3.454456571489572525e-03 2.477319445461034775e-03 1.223213388584554195e-03 0.000000000000000000e+00 0.000000000000000000e+00 
1.497806422412395477e-02 1.131458766758441925e-02 1.987361535429954529e-02 1.963542960584163666e-02 4.062855988740921021e-02 3.545054793357849121e-02 4.305282235145568848e-02 6.061342731118202209e-02 7.912954688072204590e-02 9.435492008924484253e-02 1.106192842125892639e-01 1.493359655141830444e-01 2.921555638313293457e-01 3.862862884998321533e-01 5.637227892875671387e-01 6.930517554283142090e-01 8.210262656211853027e-01 9.053009748458862305e-01 9.521082043647766113e-01 9.677076935768127441e-01 9.836800694465637207e-01 9.921259880065917969e-01 0.000000000000000000e+00 0.000000000000000000e+00 
1.655980944633483887e-03 1.977181760594248772e-03 2.656383207067847252e-03 2.653543138876557350e-03 3.815055824816226959e-03 3.559756791219115257e-03 3.879693103954195976e-03 4.622061271220445633e-03 5.236517637968063354e-03 5.679975729435682297e-03 7.855240255594253540e-03 1.547483075410127640e-02 1.971321739256381989e-02 9.516813792288303375e-03 2.175772748887538910e-02 9.044628590345382690e-03 7.485018577426671982e-03 5.713267717510461807e-03 4.158002324402332306e-03 3.462706459686160088e-03 2.483479911461472511e-03 1.225521904416382313e-03 0.000000000000000000e+00 0.000000000000000000e+00 
1.485923305153846741e-02 1.115582697093486786e-02 1.962979696691036224e-02 1.941724121570587158e-02 4.030600190162658691e-02 3.512774780392646790e-02 4.260160028934478760e-02 6.015630066394805908e-02 7.857090979814529419e-02 9.371806681156158447e-02 1.098036319017410278e-01 1.483033746480941772e-01 2.902505397796630859e-01 3.847140967845916748e-01 5.622490644454956055e-01 6.917070150375366211e-01 8.198644518852233887e-01 9.045659899711608887e-01 9.516497254371643066e-01 9.674984216690063477e-01 9.835722446441650391e-01 9.920740127563476562e-01 0.000000000000000000e+00 0.000000000000000000e+00 
1.648735022172331810e-03 1.964405411854386330e-03 2.642029896378517151e-03 2.639066660776734352e-03 3.801809856668114662e-03 3.545753424987196922e-03 3.859462449327111244e-03 4.604942165315151215e-03 5.220698658376932144e-03 5.662640556693077087e-03 7.826458662748336792e-03 1.542903296649456024e-02 1.967440545558929443e-02 9.509526193141937256e-03 2.176918834447860718e-02 9.055164642632007599e-03 7.505710236728191376e-03 5.735212936997413635e-03 4.174572415649890900e-03 3.474050434306263924e-03 2.491267863661050797e-03 1.228891662321984768e-03 0.000000000000000000e+00 0.000000000000000000e+00 
1.339118368923664093e-02 9.567013010382652283e-03 1.745389401912689209e-02 1.701894216239452362e-02 3.694891184568405151e-02 3.197621926665306091e-02 3.747032955288887024e-02 5.498301982879638672e-02 7.275918871164321899e-02 8.706362545490264893e-02 1.007172837853431702e-01 1.367153227329254150e-01 2.703064084053039551e-01 3.666846454143524170e-01 5.465064644813537598e-01 6.760960817337036133e-01 8.073818683624267578e-01 8.969439268112182617e-01 9.466999173164367676e-01 9.651052951812744141e-01 9.821423888206481934e-01 9.914546012878417969e-01 0.000000000000000000e+00 0.000000000000000000e+00 
1.552076428197324276e-03 1.839432283304631710e-03 2.508647739887237549e-03 2.466864883899688721e-03 3.652507439255714417e-03 3.411034354940056801e-03 3.622611053287982941e-03 4.392464645206928253e-03 5.049909930676221848e-03 5.477383732795715332e-03 7.528733462095260620e-03 1.490797381848096848e-02 1.929846778512001038e-02 9.403279051184654236e-03 2.184836380183696747e-02 9.171705693006515503e-03 7.721856236457824707e-03 5.940380506217479706e-03 4.378114826977252960e-03 3.590195439755916595e-03 2.576464088633656502e-03 1.270504319109022617e-03 0.000000000000000000e+00 0.000000000000000000e+00 
1.326041389256715775e-02 9.468118660151958466e-03 1.730629242956638336e-02 1.682404242455959320e-02 3.668513149023056030e-02 3.175912797451019287e-02 3.705834224820137024e-02 5.453505739569664001e-02 7.231596112251281738e-02 8.652215451002120972e-02 1.000251471996307373e-01 1.357580274343490601e-01 2.687824070453643799e-01 3.650516569614410400e-01 5.450242757797241211e-01 6.746870279312133789e-01 8.062754869461059570e-01 8.962240219116210938e-01 9.462791085243225098e-01 9.648599624633789062e-01 9.819797873497009277e-01 9.913848638534545898e-01 0.000000000000000000e+00 0.000000000000000000e+00 
1.542930956929922104e-03 1.831519766710698605e-03 2.498240210115909576e-03 2.452698303386569023e-03 3.638665191829204559e-03 3.401324152946472168e-03 3.602421609684824944e-03 4.372633062303066254e-03 5.035427398979663849e-03 5.460321437567472458e-03 7.506817579269409180e-03 1.486391201615333557e-02 1.926722377538681030e-02 9.392884559929370880e-03 2.184605039656162262e-02 9.181651286780834198e-03 7.738599553704261780e-03 5.957462824881076813e-03 4.394918214529752731e-03 3.599951043725013733e-03 2.587521914392709732e-03 1.274417270906269550e-03 0.000000000000000000e+00 0.000000000000000000e+00 
1.323456875979900360e-02 9.455195628106594086e-03 1.728101819753646851e-02 1.678290218114852905e-02 3.663406148552894592e-02 3.171843290328979492e-02 3.697553277015686035e-02 5.444271862506866455e-02 7.222611457109451294e-02 8.640330284833908081e-02 9.988834708929061890e-02 1.355464756488800049e-01 2.684392035007476807e-01 3.646604418754577637e-01 5.446361303329467773e-01 6.743341088294982910e-01 8.059815764427185059e-01 8.960297107696533203e-01 9.461666941642761230e-01 9.647885560989379883e-01 9.819306731224060059e-01 9.913631081581115723e-01 0.000000000000000000e+00 0.000000000000000000e+00 
1.541029079817235470e-03 1.830387394875288010e-03 2.496416680514812469e-03 2.449625404551625252e-03 3.635775763541460037e-03 3.399383975192904472e-03 3.598000388592481613e-03 4.368415102362632751e-03 5.032226908951997757e-03 5.456375423818826675e-03 7.502380758523941040e-03 1.485297270119190216e-02 1.925952918827533722e-02 9.390118531882762909e-03 2.184442058205604553e-02 9.183991700410842896e-03 7.742788642644882202e-03 5.962012335658073425e-03 4.399277735501527786e-03 3.602699842303991318e-03 2.590932883322238922e-03 1.275638700462877750e-03 0.000000000000000000e+00 0.000000000000000000e+00 
1.320412009954452515e-02 9.438352659344673157e-03 1.725045777857303619e-02 1.673488132655620575e-02 3.657379746437072754e-02 3.167014941573143005e-02 3.687720373272895813e-02 5.433507263660430908e-02 7.212054729461669922e-02 8.626608550548553467e-02 9.972804784774780273e-02 1.353018730878829956e-01 2.680504024028778076e-01 3.642182648181915283e-01 5.441984534263610840e-01 6.739408373832702637e-01 8.056566119194030762e-01 8.958126902580261230e-01 9.460420012474060059e-01 9.647095799446105957e-01 9.818772673606872559e-01 9.913387894630432129e-01 0.000000000000000000e+00 0.000000000000000000e+00 
1.538879238069057465e-03 1.829045126214623451e-03 2.494298387318849564e-03 2.446169499307870865e-03 3.632511012256145477e-03 3.397193271666765213e-03 3.592987079173326492e-03 4.363676998764276505e-03 5.028644576668739319e-03 5.451985169202089310e-03 7.497375831007957458e-03 1.484093349426984787e-02 1.925137080252170563e-02 9.387237019836902618e-03 2.184310927987098694e-02 9.186783805489540100e-03 7.747590541839599609e-03 5.967244505882263184e-03 4.404218401759862900e-03 3.605838399380445480e-03 2.594738965854048729e-03 1.277052331715822220e-03 0.000000000000000000e+00 0.000000000000000000e+00 
1.318635884672403336e-02 9.431081824004650116e-03 1.723409816622734070e-02 1.670452579855918884e-02 3.653871640563011169e-02 3.164266794919967651e-02 3.681875020265579224e-02 5.427055805921554565e-02 7.205762714147567749e-02 8.618163317441940308e-02 9.963446110486984253e-02 1.351473480463027954e-01 2.678058445453643799e-01 3.639316856861114502e-01 5.439050793647766113e-01 6.736797094345092773e-01 8.054339289665222168e-01 8.956648707389831543e-01 9.459572434425354004e-01 9.646533131599426270e-01 9.818384647369384766e-01 9.913210868835449219e-01 0.000000000000000000e+00 0.000000000000000000e+00 
1.537623931653797626e-03 1.828492153435945511e-03 2.493206178769469261e-03 2.444009063765406609e-03 3.630611347034573555e-03 3.395962063223123550e-03 3.589963074773550034e-03 4.360883496701717377e-03 5.026482511311769485e-03 5.449305754154920578e-03 7.494534831494092941e-03 1.483308617025613785e-02 1.924634166061878204e-02 9.385374374687671661e-03 2.184212021529674530e-02 9.188673458993434906e-03 7.750880904495716095e-03 5.970856640487909317e-03 4.407583270221948624e-03 3.608088241890072823e-03 2.597554586827754974e-03 1.278104144148528576e-03 0.000000000000000000e+00 0.000000000000000000e+00 
1.316875591874122620e-02 9.423794224858283997e-03 1.721799001097679138e-02 1.667446456849575043e-02 3.650423511862754822e-02 3.161578625440597534e-02 3.676162660121917725e-02 5.420717597007751465e-02 7.199609279632568359e-02 8.609925210475921631e-02 9.954290091991424561e-02 1.349958777427673340e-01 2.675700187683105469e-01 3.636541366577148438e-01 5.436195731163024902e-01 6.734279394149780273e-01 8.052181005477905273e-01 8.955222368240356445e-01 9.458751678466796875e-01 9.645986557006835938e-01 9.818011522293090820e-01 9.913036823272705078e-01 0.000000000000000000e+00 0.000000000000000000e+00 
1.536401920020580292e-03 1.827958971261978149e-03 2.492147730663418770e-03 2.441902412101626396e-03 3.628781065344810486e-03 3.394784405827522278e-03 3.587067127227783203e-03 4.358195234090089798e-03 5.024401936680078506e-03 5.446744151413440704e-03 7.491811644285917282e-03 1.482552941888570786e-02 1.924162358045578003e-02 9.383634664118289948e-03 2.184125594794750214e-02 9.190543554723262787e-03 7.754110265523195267e-03 5.974394269287586212e-03 4.410859197378158569e-03 3.610316896811127663e-03 2.600315026938915253e-03 1.279152347706258297e-03 0.000000000000000000e+00 0.000000000000000000e+00 
1.315056439489126205e-02 9.415988810360431671e-03 1.720128022134304047e-02 1.664350740611553192e-02 3.646850958466529846e-02 3.158790990710258484e-02 3.670250996947288513e-02 5.414170399308204651e-02 7.193259149789810181e-02 8.601463586091995239e-02 9.944877773523330688e-02 1.348399370908737183e-01 2.673303484916687012e-01 3.633704185485839844e-01 5.433283448219299316e-01 6.731725335121154785e-01 8.049988150596618652e-01 8.953773379325866699e-01 9.457916021347045898e-01 9.645419716835021973e-01 9.817634820938110352e-01 9.912859201431274414e-01 0.000000000000000000e+00 0.000000000000000000e+00 
1.535160816274583340e-03 1.827414613217115402e-03 2.491066930815577507e-03 2.439776668325066566e-03 3.626921679824590683e-03 3.393589286133646965e-03 3.584130899980664253e-03 4.355472512543201447e-03 5.022298078984022141e-03 5.444164853543043137e-03 7.489063777029514313e-03 1.481790654361248016e-02 1.923699118196964264e-02 9.381927549839019775e-03 2.184049598872661591e-02 9.192490950226783752e-03 7.757435552775859833e-03 5.978039465844631195e-03 4.414224531501531601e-03 3.612664295360445976e-03 2.603144384920597076e-03 1.280248514376580715e-03 0.000000000000000000e+00 0.000000000000000000e+00 
1.313621830195188522e-02 9.411238133907318115e-03 1.718901097774505615e-02 1.661815866827964783e-02 3.644103184342384338e-02 3.156641125679016113e-02 3.665535151958465576e-02 5.408950150012969971e-02 7.188222557306289673e-02 8.594599366188049316e-02 9.937550872564315796e-02 1.347121894359588623e-01 2.671367824077606201e-01 3.631364703178405762e-01 5.430815219879150391e-01 6.729600429534912109e-01 8.048115968704223633e-01 8.952540159225463867e-01 9.457200169563293457e-01 9.644922018051147461e-01 9.817301034927368164e-01 9.912702441215515137e-01 0.000000000000000000e+00 0.000000000000000000e+00 
1.534203765913844109e-03 1.827149419113993645e-03 2.490330953150987625e-03 2.438089577481150627e-03 3.625524230301380157e-03 3.392701735720038414e-03 3.581815864890813828e-03 4.353383556008338928e-03 5.020661745220422745e-03 5.442136432975530624e-03 7.487023249268531799e-03 1.481160894036293030e-02 1.923342794179916382e-02 9.380583651363849640e-03 2.183993533253669739e-02 9.194176644086837769e-03 7.760322652757167816e-03 5.981212481856346130e-03 4.417134914547204971e-03 3.614763962104916573e-03 2.605683170258998871e-03 1.281249220483005047e-03 0.000000000000000000e+00 0.000000000000000000e+00 
1.313597708940505981e-02 9.418360888957977295e-03 1.719315350055694580e-02 1.661478355526924133e-02 3.644543513655662537e-02 3.156929090619087219e-02 3.665335848927497864e-02 5.408890545368194580e-02 7.188222557306289673e-02 8.593668788671493530e-02 9.938043355941772461e-02 1.346954703330993652e-01 2.671116888523101807e-01 3.630941510200500488e-01 5.430005788803100586e-01 6.729107499122619629e-01 8.047459125518798828e-01 8.952101469039916992e-01 9.456925988197326660e-01 9.644700884819030762e-01 9.817126989364624023e-01 9.912623167037963867e-01 0.000000000000000000e+00 0.000000000000000000e+00 
1.534218084998428822e-03 1.827895757742226124e-03 2.490810817107558250e-03 2.438008552417159081e-03 3.625801997259259224e-03 3.392888698726892471e-03 3.581691300496459007e-03 4.353579599410295486e-03 5.020728800445795059e-03 5.442042835056781769e-03 7.487494032829999924e-03 1.481020171195268631e-02 1.923325657844543457e-02 9.380498901009559631e-03 2.183993533253669739e-02 9.194782003760337830e-03 7.761468179523944855e-03 5.982543807476758957e-03 4.418325144797563553e-03 3.615730907768011093e-03 2.607060363516211510e-03 1.281817210838198662e-03 0.000000000000000000e+00 0.000000000000000000e+00 
1.311414223164319992e-02 9.407825767993927002e-03 1.717273332178592682e-02 1.657864078879356384e-02 3.640240430831909180e-02 3.153599426150321960e-02 3.658232465386390686e-02 5.401116982102394104e-02 7.180698961019515991e-02 8.583725243806838989e-02 9.926894307136535645e-02 1.345132440328598022e-01 2.668409943580627441e-01 3.627699315547943115e-01 5.426703691482543945e-01 6.726250052452087402e-01 8.045018315315246582e-01 8.950493931770324707e-01 9.455997943878173828e-01 9.644066691398620605e-01 9.816716909408569336e-01 9.912424683570861816e-01 0.000000000000000000e+00 0.000000000000000000e+00 
1.532767666503787041e-03 1.827168511226773262e-03 2.489479724317789078e-03 2.435578033328056335e-03 3.623609431087970734e-03 3.391495440155267715e-03 3.578265896067023277e-03 4.350400995463132858e-03 5.018283147364854813e-03 5.439076572656631470e-03 7.484257686883211136e-03 1.480152830481529236e-02 1.922808401286602020e-02 9.378629736602306366e-03 2.183921262621879578e-02 9.196997620165348053e-03 7.765195332467556000e-03 5.986669566482305527e-03 4.422081634402275085e-03 3.618454094976186752e-03 2.610209630802273750e-03 1.283084275200963020e-03 0.000000000000000000e+00 0.000000000000000000e+00 
1.308487728238105774e-02 9.391662664711475372e-03 1.714423298835754395e-02 1.653214916586875916e-02 3.634490445256233215e-02 3.149145469069480896e-02 3.648882359266281128e-02 5.390924215316772461e-02 7.170733809471130371e-02 8.570859581232070923e-02 9.912151843309402466e-02 1.342804431915283203e-01 2.664932012557983398e-01 3.623611629009246826e-01 5.422590374946594238e-01 6.722686290740966797e-01 8.042024970054626465e-01 8.948519825935363770e-01 9.454859495162963867e-01 9.643294811248779297e-01 9.816230535507202148e-01 9.912184476852416992e-01 0.000000000000000000e+00 0.000000000000000000e+00 
1.530826557427644730e-03 1.825985149480402470e-03 2.487566089257597923e-03 2.432443900033831596e-03 3.620665054768323898e-03 3.389609046280384064e-03 3.573794150725007057e-03 4.346198868006467819e-03 5.015033297240734100e-03 5.435216240584850311e-03 7.479908876121044159e-03 1.479069516062736511e-02 1.922131888568401337e-02 9.376281872391700745e-03 2.183840051293373108e-02 9.199729189276695251e-03 7.769748102873563766e-03 5.991722922772169113e-03 4.426656756550073624e-03 3.621806157752871513e-03 2.613979624584317207e-03 1.284626894630491734e-03 0.000000000000000000e+00 0.000000000000000000e+00 
1.305506285279989243e-02 9.375277906656265259e-03 1.711553707718849182e-02 1.648501493036746979e-02 3.628633916378021240e-02 3.144634887576103210e-02 3.639441356062889099e-02 5.380660295486450195e-02 7.160608470439910889e-02 8.557853102684020996e-02 9.897292405366897583e-02 1.340434849262237549e-01 2.661422491073608398e-01 3.619465231895446777e-01 5.418395996093750000e-01 6.719083786010742188e-01 8.038991093635559082e-01 8.946522474288940430e-01 9.453706145286560059e-01 9.642505645751953125e-01 9.815742373466491699e-01 9.911937713623046875e-01 0.000000000000000000e+00 0.000000000000000000e+00 
1.528866821900010109e-03 1.824790961109101772e-03 2.485636388882994652e-03 2.429288811981678009e-03 3.617665730416774750e-03 3.387710079550743103e-03 3.569301450625061989e-03 4.341987892985343933e-03 5.011721048504114151e-03 5.431330762803554535e-03 7.475542370229959488e-03 1.477967295795679092e-02 1.921449787914752960e-02 9.373943321406841278e-03 2.183756418526172638e-02 9.202501736581325531e-03 7.774366065859794617e-03 5.996857769787311554e-03 4.431276116520166397e-03 3.625276964157819748e-03 2.617818070575594902e-03 1.286233309656381607e-03 0.000000000000000000e+00 0.000000000000000000e+00 
1.302272174507379532e-02 9.357163682579994202e-03 1.708432659506797791e-02 1.643477007746696472e-02 3.622280433773994446e-02 3.139813989400863647e-02 3.629330918192863464e-02 5.369694903492927551e-02 7.149753719568252563e-02 8.544036746025085449e-02 9.881418198347091675e-02 1.337911337614059448e-01 2.657675445079803467e-01 3.615094125270843506e-01 5.413950085639953613e-01 6.715297102928161621e-01 8.035801649093627930e-01 8.944423794746398926e-01 9.452494382858276367e-01 9.641668796539306641e-01 9.815232157707214355e-01 9.911677837371826172e-01 0.000000000000000000e+00 0.000000000000000000e+00 
1.526737818494439125e-03 1.823434955440461636e-03 2.483497606590390205e-03 2.425926737487316132e-03 3.614374669268727303e-03 3.385661635547876358e-03 3.564494661986827850e-03 4.337469115853309631e-03 5.008135456591844559e-03 5.427203141152858734e-03 7.470828946679830551e-03 1.476798020303249359e-02 1.920693926513195038e-02 9.371463209390640259e-03 2.183664031326770782e-02 9.205374866724014282e-03 7.779183797538280487e-03 6.002241745591163635e-03 4.436092451214790344e-03 3.629003418609499931e-03 2.621836960315704346e-03 1.287948805838823318e-03 0.000000000000000000e+00 0.000000000000000000e+00 
1.299273688346147537e-02 9.341006167232990265e-03 1.705596223473548889e-02 1.638801209628582001e-02 3.616372123360633850e-02 3.135398030281066895e-02 3.619929030537605286e-02 5.359522625803947449e-02 7.139727473258972168e-02 8.531149476766586304e-02 9.866812080144882202e-02 1.335549652576446533e-01 2.654205560684204102e-01 3.611020147800445557e-01 5.409746170043945312e-01 6.711774468421936035e-01 8.032810688018798828e-01 8.942462205886840820e-01 9.451361298561096191e-01 9.640873074531555176e-01 9.814757108688354492e-01 9.911430478096008301e-01 0.000000000000000000e+00 0.000000000000000000e+00 
1.524780178442597389e-03 1.822234946303069592e-03 2.481557661667466164e-03 2.422821009531617165e-03 3.611315507441759109e-03 3.383800620213150978e-03 3.560063429176807404e-03 4.333300981670618057e-03 5.004817154258489609e-03 5.423374008387327194e-03 7.466537412256002426e-03 1.475702971220016479e-02 1.919994689524173737e-02 9.369178675115108490e-03 2.183574251830577850e-02 9.208061732351779938e-03 7.783707231283187866e-03 6.007304415106773376e-03 4.440605174750089645e-03 3.632591338828206062e-03 2.625634893774986267e-03 1.289611565880477428e-03 0.000000000000000000e+00 0.000000000000000000e+00 
1.295537129044532776e-02 9.319831617176532745e-03 1.701988838613033295e-02 1.633187569677829742e-02 3.609045967459678650e-02 3.129944577813148499e-02 3.608290851116180420e-02 5.347020924091339111e-02 7.127302139997482300e-02 8.515350520610809326e-02 9.848720580339431763e-02 1.332694292068481445e-01 2.649953067302703857e-01 3.606093227863311768e-01 5.404657125473022461e-01 6.707558035850524902e-01 8.029257655143737793e-01 8.940120935440063477e-01 9.450011849403381348e-01 9.639922976493835449e-01 9.814206957817077637e-01 9.911136627197265625e-01 0.000000000000000000e+00 0.000000000000000000e+00 
1.522336504422128201e-03 1.820616307668387890e-03 2.479052636772394180e-03 2.419104333966970444e-03 3.607510123401880264e-03 3.381481859833002090e-03 3.554608440026640892e-03 4.328149370849132538e-03 5.000679288059473038e-03 5.418662447482347488e-03 7.461159024387598038e-03 1.474393345415592194e-02 1.919108629226684570e-02 9.366403333842754364e-03 2.183467708528041840e-02 9.211243130266666412e-03 7.789052557200193405e-03 6.013308651745319366e-03 4.445947241038084030e-03 3.636925714090466499e-03 2.630037954077124596e-03 1.291602500714361668e-03 0.000000000000000000e+00 0.000000000000000000e+00 
1.292657479643821716e-02 9.305092506110668182e-03 1.699310913681983948e-02 1.628732681274414062e-02 3.603360056877136230e-02 3.125796467065811157e-02 3.599284216761589050e-02 5.337293818593025208e-02 7.117638736963272095e-02 8.502975851297378540e-02 9.834859520196914673e-02 1.330429911613464355e-01 2.646613121032714844e-01 3.602170050144195557e-01 5.400519371032714844e-01 6.704179048538208008e-01 8.026351332664489746e-01 8.938220739364624023e-01 9.448904991149902344e-01 9.639136791229248047e-01 9.813749790191650391e-01 9.910892844200134277e-01 0.000000000000000000e+00 0.000000000000000000e+00 
1.520475721918046474e-03 1.819521305151283741e-03 2.477213041856884956e-03 2.416210714727640152e-03 3.604585304856300354e-03 3.379743313416838646e-03 3.550423076376318932e-03 4.324203822761774063e-03 4.997447133064270020e-03 5.415016785264015198e-03 7.457129657268524170e-03 1.473344303667545319e-02 1.918416284024715424e-02 9.364236146211624146e-03 2.183376438915729523e-02 9.213807992637157440e-03 7.793449331074953079e-03 6.018207874149084091e-03 4.450315609574317932e-03 3.640568582341074944e-03 2.633729483932256699e-03 1.293294946663081646e-03 0.000000000000000000e+00 0.000000000000000000e+00 
